{"type":"FeatureCollection","features":[{"type":"Feature","properties":{"id_backbone":"BB-CD12671ABE05","trecho":"AAI.VS-SJV.CB","cluster":"CAMPINAS","cabo":"F-0122","capacidade":"12","extensao_km":22.882,"confianca":"ALTA","fonte":"OSRM/OpenStreetMap","ponta_a":"AAI.VS","municipio_a":"AGUAI","ponta_b":"SJV.CB","municipio_b":"SAO JOAO DA BOA VISTA"},"geometry":{"type":"LineString","coordinates":[[-46.979491,-22.056201],[-46.979457,-22.060491],[-46.977277,-22.060466],[-46.974131,-22.069346],[-46.974069,-22.069817],[-46.974335,-22.07001],[-46.974635,-22.069963],[-46.974785,-22.069762],[-46.974701,-22.069154],[-46.971419,-22.067958],[-46.914712,-22.036152],[-46.852513,-22.014819],[-46.850457,-22.013978],[-46.844882,-22.012212],[-46.807775,-21.995128],[-46.807319,-21.99509],[-46.807042,-21.995268],[-46.806964,-21.995621],[-46.807168,-21.995846],[-46.807458,-21.99588],[-46.80777,-21.995664],[-46.808956,-21.992841],[-46.809898,-21.991756],[-46.809169,-21.989975],[-46.808981,-21.989887],[-46.809169,-21.989975],[-46.809898,-21.991756],[-46.809104,-21.992984],[-46.809057,-21.994403],[-46.80948,-21.99532],[-46.810531,-21.996232]]}},{"type":"Feature","properties":{"id_backbone":"BB-083A24FE853B","trecho":"AAS.JM-LME.AM","cluster":"CAMPINAS","cabo":"F-0144","capacidade":"36","extensao_km":21.774,"confianca":"ALTA","fonte":"OSRM/OpenStreetMap","ponta_a":"AAS.JM","municipio_a":"ARARAS","ponta_b":"LME.AM","municipio_b":"LEME"},"geometry":{"type":"LineString","coordinates":[[-47.386226,-22.355894],[-47.384887,-22.356012],[-47.385442,-22.360813],[-47.387593,-22.360279],[-47.387874,-22.359978],[-47.388588,-22.359805],[-47.390993,-22.360117],[-47.391767,-22.360058],[-47.393015,-22.359283],[-47.394239,-22.358855],[-47.394712,-22.357863],[-47.394836,-22.355213],[-47.394735,-22.352144],[-47.394078,-22.347541],[-47.392829,-22.343123],[-47.389403,-22.334942],[-47.388919,-22.332339],[-47.393449,-22.286168],[-47.393402,-22.284441],[-47.389738,-22.256128],[-47.389685,-22.254394],[-47.391685,-22.222869],[-47.394897,-22.2057],[-47.394936,-22.204898],[-47.394817,-22.204289],[-47.394913,-22.203502],[-47.394611,-22.203038],[-47.392812,-22.202605],[-47.390631,-22.203143],[-47.388316,-22.194783],[-47.388007,-22.191831],[-47.384212,-22.186929],[-47.384841,-22.185892],[-47.38355,-22.185219]]}},{"type":"Feature","properties":{"id_backbone":"BB-FAC6FC20136D","trecho":"ABS.FN-ARQ.FI","cluster":"RIBEIRAO PRETO","cabo":"F-0213","capacidade":"24","extensao_km":10.729,"confianca":"ALTA","fonte":"OSRM/OpenStreetMap","ponta_a":"ABS.FN","municipio_a":"AMERICO BRASILIENSE","ponta_b":"ARQ.FI","municipio_b":"ARARAQUARA"},"geometry":{"type":"LineString","coordinates":[[-48.104956,-21.726751],[-48.105447,-21.726674],[-48.106636,-21.728282],[-48.108906,-21.730574],[-48.109324,-21.731266],[-48.110704,-21.732762],[-48.110872,-21.733498],[-48.111943,-21.735829],[-48.112486,-21.736677],[-48.112593,-21.737277],[-48.113529,-21.739186],[-48.114255,-21.740076],[-48.115058,-21.740722],[-48.116195,-21.741299],[-48.116874,-21.741333],[-48.11781,-21.741846],[-48.122589,-21.74329],[-48.125,-21.743774],[-48.125554,-21.743677],[-48.125674,-21.743842],[-48.12679,-21.744094],[-48.128546,-21.74498],[-48.128806,-21.744981],[-48.132558,-21.747043],[-48.13498,-21.747373],[-48.13504,-21.747681],[-48.134649,-21.748098],[-48.134542,-21.748472],[-48.134561,-21.74893],[-48.135014,-21.74996],[-48.136768,-21.752668],[-48.138421,-21.755628],[-48.138984,-21.75621],[-48.139313,-21.757028],[-48.143529,-21.76332],[-48.144697,-21.764527],[-48.146141,-21.765219],[-48.147976,-21.765397],[-48.149565,-21.765193],[-48.153531,-21.764252],[-48.156232,-21.76418],[-48.15854,-21.764559],[-48.159884,-21.765027],[-48.162134,-21.766498],[-48.162385,-21.766985],[-48.164073,-21.766866],[-48.164189,-21.768071],[-48.164572,-21.768546],[-48.165086,-21.770811],[-48.169009,-21.778015],[-48.169409,-21.778393],[-48.169577,-21.778301],[-48.172372,-21.775861],[-48.174602,-21.777948],[-48.174391,-21.777909]]}},{"type":"Feature","properties":{"id_backbone":"BB-28F002053BFB","trecho":"ADA.CT-GTA.MF","cluster":"SAO JOSE DOS CAMPOS","cabo":"F-0101","capacidade":"12","extensao_km":6.008,"confianca":"BAIXA","fonte":"OSRM/OpenStreetMap","ponta_a":"ADA.CT","municipio_a":"APARECIDA","ponta_b":"GTA.MF","municipio_b":"GUARATINGUETA"},"geometry":{"type":"LineString","coordinates":[[-45.229491,-22.840321],[-45.23114,-22.841616],[-45.230349,-22.842587],[-45.226373,-22.839763],[-45.226033,-22.839783],[-45.225759,-22.839292],[-45.223753,-22.837549],[-45.221745,-22.834826],[-45.223449,-22.835519],[-45.22376,-22.835379],[-45.22272,-22.83505],[-45.219709,-22.832531],[-45.216424,-22.830389],[-45.215215,-22.829334],[-45.214294,-22.828875],[-45.213326,-22.829879],[-45.21122,-22.82876],[-45.210683,-22.828832],[-45.210434,-22.828414],[-45.20577,-22.826594],[-45.204398,-22.825698],[-45.204028,-22.825146],[-45.203332,-22.823396],[-45.20233,-22.822025],[-45.201178,-22.821597],[-45.199763,-22.82081],[-45.199014,-22.820744],[-45.198306,-22.820281],[-45.19653,-22.819612],[-45.195975,-22.819786],[-45.195675,-22.819332],[-45.195137,-22.819137],[-45.196337,-22.815813]]}},{"type":"Feature","properties":{"id_backbone":"BB-A82F5056FD9F","trecho":"ADD.AD-DRA.RB","cluster":"ARACATUBA","cabo":"F-0239","capacidade":"72","extensao_km":77.745,"confianca":"ALTA","fonte":"OSRM/OpenStreetMap","ponta_a":"ADD.AD","municipio_a":"ANDRADINA","ponta_b":"DRA.RB","municipio_b":"DRACENA"},"geometry":{"type":"LineString","coordinates":[[-51.377084,-20.89848],[-51.377619,-20.898164],[-51.377132,-20.897396],[-51.363482,-20.905396],[-51.364951,-20.907647],[-51.363533,-20.908452],[-51.363517,-20.909088],[-51.363837,-20.910055],[-51.366548,-20.916823],[-51.367611,-20.918643],[-51.368224,-20.920515],[-51.370001,-20.923355],[-51.412463,-20.97604],[-51.414688,-20.979193],[-51.416596,-20.982857],[-51.455152,-21.099167],[-51.462096,-21.119889],[-51.462842,-21.121133],[-51.462807,-21.121833],[-51.463004,-21.122645],[-51.477358,-21.166626],[-51.478152,-21.167597],[-51.478043,-21.168744],[-51.480158,-21.175177],[-51.480737,-21.176376],[-51.480847,-21.177148],[-51.481646,-21.179162],[-51.481808,-21.180266],[-51.492445,-21.21282],[-51.493549,-21.21578],[-51.507266,-21.241078],[-51.508084,-21.24216],[-51.508965,-21.24377],[-51.509771,-21.245651],[-51.587133,-21.38755],[-51.592378,-21.398781],[-51.594092,-21.401181],[-51.60341,-21.410967],[-51.604336,-21.412398],[-51.609076,-21.421856],[-51.609984,-21.423099],[-51.610856,-21.423685],[-51.611111,-21.424077],[-51.611103,-21.42459],[-51.610849,-21.424962],[-51.610503,-21.425154],[-51.609376,-21.425311],[-51.608373,-21.425979],[-51.581164,-21.450998],[-51.576655,-21.45305],[-51.57588,-21.453553],[-51.57369,-21.454327],[-51.556624,-21.461821],[-51.554152,-21.463074],[-51.552915,-21.463459],[-51.535892,-21.470987],[-51.535719,-21.471272],[-51.536543,-21.47425],[-51.533941,-21.474886],[-51.537538,-21.487713],[-51.53271,-21.488922],[-51.532553,-21.488386]]}},{"type":"Feature","properties":{"id_backbone":"BB-F09D867D5B00","trecho":"ADD.AD-MID.NU","cluster":"ARACATUBA","cabo":"F-0207","capacidade":"72","extensao_km":46.047,"confianca":"SEM_REFERENCIA","fonte":"OSRM/OpenStreetMap","ponta_a":"ADD.AD","municipio_a":"ANDRADINA","ponta_b":"MID.NU","municipio_b":"MIRANDOPOLIS"},"geometry":{"type":"LineString","coordinates":[[-51.377084,-20.89848],[-51.377619,-20.898164],[-51.377132,-20.897396],[-51.355741,-20.909846],[-51.353221,-20.90965],[-51.344551,-20.908395],[-51.343559,-20.908445],[-51.3419,-20.910247],[-51.340516,-20.911446],[-51.191888,-21.004967],[-51.185303,-21.008973],[-51.064268,-21.08549],[-51.063933,-21.085971],[-51.06374,-21.087519],[-51.066744,-21.091852],[-51.07684,-21.102916],[-51.082378,-21.109867],[-51.084698,-21.111699],[-51.093463,-21.12451],[-51.094714,-21.125591],[-51.097033,-21.127154],[-51.101673,-21.129328],[-51.100708,-21.131217],[-51.101887,-21.131674],[-51.101854,-21.131894],[-51.103044,-21.132412]]}},{"type":"Feature","properties":{"id_backbone":"BB-2FCBD7C5BF35","trecho":"ADT.EC-MIP.BM","cluster":"ARACATUBA","cabo":"F-0028","capacidade":"6","extensao_km":21.804,"confianca":"ALTA","fonte":"OSRM/OpenStreetMap","ponta_a":"ADT.EC","municipio_a":"ADAMANTINA","ponta_b":"MIP.BM","municipio_b":"MARIAPOLIS"},"geometry":{"type":"LineString","coordinates":[[-51.075335,-21.685244],[-51.075102,-21.685716],[-51.074222,-21.685334],[-51.07257,-21.688708],[-51.071647,-21.688308],[-51.066335,-21.699056],[-51.065652,-21.699542],[-51.063813,-21.699732],[-51.063391,-21.69993],[-51.062959,-21.700458],[-51.062293,-21.702035],[-51.085728,-21.731051],[-51.105198,-21.781103],[-51.105762,-21.782067],[-51.11393,-21.791589],[-51.114637,-21.792281],[-51.115803,-21.792931],[-51.116991,-21.793196],[-51.118292,-21.793135],[-51.129688,-21.788624],[-51.138618,-21.787458],[-51.146082,-21.785906],[-51.147593,-21.785847],[-51.150576,-21.786658],[-51.151768,-21.787263],[-51.158753,-21.794533],[-51.159542,-21.795076],[-51.160597,-21.795227],[-51.16237,-21.794625],[-51.171175,-21.790451],[-51.179652,-21.796551],[-51.179245,-21.797052]]}},{"type":"Feature","properties":{"id_backbone":"BB-5A2409C06347","trecho":"ADT.EC-ADT.RD","cluster":"ARACATUBA","cabo":"F-0008","capacidade":"36","extensao_km":0.604,"confianca":"BAIXA","fonte":"OSRM/OpenStreetMap","ponta_a":"ADT.EC","municipio_a":"ADAMANTINA","ponta_b":"ADT.RD","municipio_b":"ADAMANTINA"},"geometry":{"type":"LineString","coordinates":[[-51.075335,-21.685244],[-51.075505,-21.684901],[-51.077296,-21.685682],[-51.078751,-21.682751]]}},{"type":"Feature","properties":{"id_backbone":"BB-6BE49B362E3D","trecho":"AFS.AL-SXP.SE","cluster":"ARACATUBA","cabo":"F-0101","capacidade":"12","extensao_km":15.935,"confianca":"ALTA","fonte":"OSRM/OpenStreetMap","ponta_a":"AFS.AL","municipio_a":"ALFREDO MARCONDES","ponta_b":"SXP.SE","municipio_b":"SANTO EXPEDITO"},"geometry":{"type":"LineString","coordinates":[[-51.411771,-21.956455],[-51.41126,-21.955036],[-51.411867,-21.953388],[-51.412955,-21.951946],[-51.422583,-21.954248],[-51.424229,-21.954349],[-51.425977,-21.953908],[-51.428759,-21.952181],[-51.429627,-21.951316],[-51.430244,-21.949929],[-51.430201,-21.9481],[-51.429034,-21.937739],[-51.426312,-21.929296],[-51.426312,-21.928492],[-51.426716,-21.926414],[-51.426625,-21.925387],[-51.42595,-21.924008],[-51.423132,-21.920798],[-51.422697,-21.919379],[-51.423959,-21.904342],[-51.423563,-21.902877],[-51.421828,-21.900004],[-51.421527,-21.898447],[-51.421688,-21.897504],[-51.422388,-21.895756],[-51.422582,-21.89482],[-51.422569,-21.893763],[-51.421798,-21.888051],[-51.422537,-21.880768],[-51.423638,-21.877266],[-51.423656,-21.875697],[-51.423334,-21.874831],[-51.421487,-21.871792],[-51.41581,-21.865424],[-51.40842,-21.858346],[-51.404953,-21.85656],[-51.398358,-21.855598],[-51.397447,-21.85559],[-51.397498,-21.854953],[-51.397093,-21.851546],[-51.39528,-21.849828],[-51.394061,-21.849373],[-51.392476,-21.851451]]}},{"type":"Feature","properties":{"id_backbone":"BB-97BDE2CD2EE8","trecho":"AGA.DC-HLBA.HB","cluster":"CAMPINAS","cabo":"F-0260","capacidade":"72","extensao_km":14.672,"confianca":"ALTA","fonte":"OSRM/OpenStreetMap","ponta_a":"AGA.DC","municipio_a":"ARTUR NOGUEIRA","ponta_b":"HLBA.HB","municipio_b":"HOLAMBRA"},"geometry":{"type":"LineString","coordinates":[[-47.17175,-22.57495],[-47.171342,-22.5753],[-47.170649,-22.57462],[-47.159211,-22.584387],[-47.156977,-22.585195],[-47.156485,-22.585514],[-47.155978,-22.58549],[-47.151523,-22.586753],[-47.150019,-22.586923],[-47.14843,-22.586769],[-47.135039,-22.583648],[-47.133555,-22.583706],[-47.132137,-22.584176],[-47.11865,-22.592155],[-47.117423,-22.593225],[-47.116136,-22.593644],[-47.109087,-22.597704],[-47.077139,-22.616671],[-47.076019,-22.617072],[-47.068909,-22.618368],[-47.060437,-22.622191],[-47.060124,-22.622448],[-47.060236,-22.622704],[-47.0628,-22.623209],[-47.063046,-22.6234],[-47.063111,-22.623706],[-47.061473,-22.630711],[-47.059797,-22.630419],[-47.05895,-22.630468]]}},{"type":"Feature","properties":{"id_backbone":"BB-DA7DB85D5A54","trecho":"AGL.BS-SNG.SM","cluster":"CAMPINAS","cabo":"F-0215","capacidade":"6","extensao_km":20.047,"confianca":"MEDIA","fonte":"OSRM/OpenStreetMap","ponta_a":"AGL.BS","municipio_a":"AGUAS DE LINDOIA","ponta_b":"SNG.SM","municipio_b":"SERRA NEGRA"},"geometry":{"type":"LineString","coordinates":[[-46.635197,-22.475595],[-46.635524,-22.475401],[-46.635789,-22.475836],[-46.636349,-22.482867],[-46.63618,-22.483225],[-46.635217,-22.484201],[-46.633474,-22.486743],[-46.633274,-22.488351],[-46.633644,-22.489267],[-46.6349,-22.489897],[-46.635363,-22.490449],[-46.635283,-22.492016],[-46.634805,-22.493257],[-46.635091,-22.494159],[-46.636099,-22.494763],[-46.63606,-22.49602],[-46.635706,-22.497059],[-46.634302,-22.499581],[-46.634232,-22.500022],[-46.634735,-22.501787],[-46.635464,-22.502681],[-46.635185,-22.503657],[-46.635242,-22.50408],[-46.636333,-22.504872],[-46.637011,-22.50735],[-46.638811,-22.510349],[-46.63888,-22.511495],[-46.63864,-22.511675],[-46.637916,-22.511796],[-46.637634,-22.512116],[-46.637953,-22.513408],[-46.639017,-22.514292],[-46.639823,-22.515778],[-46.640729,-22.516369],[-46.641093,-22.517385],[-46.6415,-22.517534],[-46.642452,-22.517379],[-46.642872,-22.517562],[-46.64413,-22.519006],[-46.646337,-22.520691],[-46.647004,-22.521989],[-46.647805,-22.522599],[-46.647885,-22.523066],[-46.647405,-22.524486],[-46.645964,-22.526238],[-46.645541,-22.527132],[-46.646576,-22.530174],[-46.647682,-22.53102],[-46.648168,-22.533085],[-46.649719,-22.533805],[-46.650074,-22.536104],[-46.650733,-22.536803],[-46.650594,-22.537665],[-46.650853,-22.539458],[-46.651821,-22.539771],[-46.653674,-22.541548],[-46.654395,-22.543449],[-46.65505,-22.543828],[-46.656086,-22.545344],[-46.657487,-22.546491],[-46.65838,-22.547687],[-46.659642,-22.548658],[-46.659941,-22.549085],[-46.660494,-22.553215],[-46.663874,-22.559305],[-46.663726,-22.562455],[-46.666318,-22.565314],[-46.6664,-22.565612],[-46.666218,-22.566349],[-46.666343,-22.566794],[-46.667292,-22.567446],[-46.667824,-22.56817],[-46.668657,-22.568834],[-46.668704,-22.571209],[-46.66888,-22.571675],[-46.67175,-22.575327],[-46.672996,-22.577255],[-46.67309,-22.577748],[-46.672779,-22.579675],[-46.673001,-22.581002],[-46.672147,-22.582941],[-46.672706,-22.584209],[-46.673779,-22.584787],[-46.674849,-22.585039],[-46.675141,-22.585341],[-46.675489,-22.586348],[-46.675721,-22.587892],[-46.677494,-22.591044],[-46.677545,-22.592145],[-46.676936,-22.593084],[-46.677217,-22.59415],[-46.677735,-22.594722],[-46.677902,-22.595338],[-46.677876,-22.595866],[-46.677545,-22.596381],[-46.677615,-22.596755],[-46.678644,-22.597115],[-46.680122,-22.597235],[-46.680988,-22.597702],[-46.682946,-22.597808],[-46.684236,-22.597377],[-46.685253,-22.597807],[-46.68607,-22.597691],[-46.687069,-22.598424],[-46.687786,-22.598637],[-46.688244,-22.599241],[-46.689177,-22.599557],[-46.689332,-22.599842],[-46.689143,-22.600771],[-46.68929,-22.60111],[-46.690082,-22.60163],[-46.691067,-22.601982],[-46.69228,-22.603371],[-46.693068,-22.603658],[-46.693556,-22.604404],[-46.694827,-22.604551],[-46.696286,-22.605852],[-46.695861,-22.608068],[-46.696609,-22.609692],[-46.696782,-22.610648],[-46.69746,-22.611699],[-46.696472,-22.613846],[-46.696517,-22.614258],[-46.697111,-22.614757],[-46.698599,-22.613306],[-46.700542,-22.615044]]}},{"type":"Feature","properties":{"id_backbone":"BB-E8B348B79BCC","trecho":"AGLH.AG-FPS.JA","cluster":"RIBEIRAO PRETO","cabo":"F-0251","capacidade":"12","extensao_km":13.693,"confianca":"ALTA","fonte":"OSRM/OpenStreetMap","ponta_a":"AGLH.AG","municipio_a":"FERNANDO PRESTES","ponta_b":"FPS.JA","municipio_b":"FERNANDO PRESTES"},"geometry":{"type":"LineString","coordinates":[[-48.744796,-21.368552],[-48.744178,-21.365536],[-48.693763,-21.316454],[-48.691047,-21.313797],[-48.690693,-21.31325],[-48.690327,-21.311783],[-48.69085,-21.305741],[-48.690763,-21.30423],[-48.688762,-21.297571],[-48.688507,-21.295897],[-48.689177,-21.286745],[-48.68949,-21.277203],[-48.689374,-21.276071],[-48.689572,-21.27518],[-48.689784,-21.270497],[-48.690001,-21.26991],[-48.691146,-21.268521],[-48.688975,-21.266926]]}},{"type":"Feature","properties":{"id_backbone":"BB-31FD876C525C","trecho":"AGS.TM-BRU.VF","cluster":"BAURU","cabo":"F-0165-00","capacidade":"36","extensao_km":24.001,"confianca":"ALTA","fonte":"OSRM/OpenStreetMap","ponta_a":"AGS.TM","municipio_a":"AGUDOS","ponta_b":"BRU.VF","municipio_b":"BAURU"},"geometry":{"type":"LineString","coordinates":[[-48.986922,-22.475375],[-48.989267,-22.475133],[-48.988138,-22.465587],[-48.988546,-22.465663],[-48.988784,-22.46553],[-48.98915,-22.464952],[-48.98994,-22.460016],[-48.989151,-22.455738],[-48.988982,-22.454009],[-48.988553,-22.452244],[-48.988163,-22.449102],[-48.987867,-22.448049],[-48.987927,-22.446992],[-48.987481,-22.444399],[-48.987135,-22.443729],[-48.985964,-22.442403],[-48.985597,-22.442291],[-48.985328,-22.442524],[-48.985309,-22.443064],[-48.985535,-22.44331],[-48.98591,-22.443293],[-48.986319,-22.442891],[-49.04012,-22.363589],[-49.041189,-22.36063],[-49.041284,-22.359754],[-49.041889,-22.357744],[-49.041717,-22.356633],[-49.041884,-22.355895],[-49.042818,-22.354772],[-49.043429,-22.353145],[-49.051721,-22.32528],[-49.057337,-22.326163],[-49.07509,-22.330529],[-49.084003,-22.332241],[-49.084723,-22.332232],[-49.085504,-22.332072],[-49.085725,-22.33185],[-49.08632,-22.331887],[-49.087448,-22.331543],[-49.093917,-22.327687],[-49.096483,-22.32834]]}},{"type":"Feature","properties":{"id_backbone":"BB-9F75B37854A2","trecho":"AGT.AP-AGT.RD","cluster":"CAMPINAS","cabo":"F-0187","capacidade":"24","extensao_km":16.725,"confianca":"BAIXA","fonte":"OSRM/OpenStreetMap","ponta_a":"AGT.AP","municipio_a":"AGUAS DA PRATA","ponta_b":"AGT.RD","municipio_b":"AGUAS DA PRATA"},"geometry":{"type":"LineString","coordinates":[[-46.718306,-21.936587],[-46.717625,-21.936575],[-46.717532,-21.934966],[-46.716383,-21.934905],[-46.716155,-21.934123],[-46.714611,-21.932909],[-46.713193,-21.932784],[-46.712328,-21.932856],[-46.710752,-21.933298],[-46.709545,-21.933826],[-46.708735,-21.934472],[-46.706805,-21.934974],[-46.706062,-21.935497],[-46.705607,-21.936327],[-46.705112,-21.936838],[-46.702453,-21.937576],[-46.701186,-21.937545],[-46.698879,-21.936353],[-46.696954,-21.936506],[-46.696414,-21.936371],[-46.696021,-21.935991],[-46.695919,-21.935471],[-46.696339,-21.932181],[-46.696315,-21.925497],[-46.696618,-21.924797],[-46.698054,-21.923635],[-46.69835,-21.92312],[-46.6984,-21.92157],[-46.697889,-21.920135],[-46.699169,-21.917488],[-46.699308,-21.915042],[-46.699314,-21.912832],[-46.699056,-21.911799],[-46.69856,-21.910841],[-46.696975,-21.909099],[-46.696562,-21.908049],[-46.696575,-21.907011],[-46.697178,-21.90393],[-46.696803,-21.901691],[-46.697444,-21.901285],[-46.697557,-21.9002],[-46.697753,-21.899916],[-46.698622,-21.899197],[-46.700869,-21.898052],[-46.702741,-21.898597],[-46.703876,-21.897886],[-46.704733,-21.898041],[-46.706258,-21.898747],[-46.707632,-21.900626],[-46.710139,-21.900073],[-46.711721,-21.900573],[-46.712255,-21.900566],[-46.713327,-21.900017],[-46.712839,-21.899095],[-46.713679,-21.89849],[-46.714066,-21.897811],[-46.71562,-21.896595],[-46.716887,-21.896557],[-46.717987,-21.895313],[-46.717984,-21.894974],[-46.717263,-21.893473],[-46.717451,-21.892214],[-46.718499,-21.891542],[-46.718835,-21.891134],[-46.719087,-21.890292],[-46.719146,-21.888739],[-46.719588,-21.887759],[-46.720042,-21.887547],[-46.721254,-21.887448],[-46.721495,-21.887099],[-46.721249,-21.886624],[-46.720637,-21.88644],[-46.720278,-21.886084],[-46.719484,-21.885758],[-46.719516,-21.885155],[-46.719151,-21.884108],[-46.719265,-21.883618],[-46.718832,-21.883284],[-46.719649,-21.882897],[-46.71987,-21.882315],[-46.720268,-21.882184],[-46.720252,-21.882054],[-46.71974,-21.881897],[-46.720123,-21.881302],[-46.719764,-21.880737],[-46.719727,-21.880377],[-46.719862,-21.880258],[-46.720398,-21.880345],[-46.720857,-21.880044],[-46.720652,-21.878637],[-46.721025,-21.87794],[-46.720978,-21.877387],[-46.721241,-21.876665],[-46.721131,-21.87655],[-46.720503,-21.876601],[-46.719391,-21.877016],[-46.718556,-21.877189],[-46.718336,-21.877103],[-46.718404,-21.876929],[-46.718894,-21.876772],[-46.719444,-21.876298],[-46.719305,-21.875089],[-46.719528,-21.874183],[-46.719174,-21.873614],[-46.718164,-21.872912],[-46.717538,-21.871995],[-46.717979,-21.871023],[-46.717781,-21.8703],[-46.719182,-21.869601],[-46.719047,-21.869055],[-46.719346,-21.867991],[-46.719975,-21.867438],[-46.721466,-21.867045],[-46.722027,-21.865467],[-46.723017,-21.866106],[-46.724277,-21.867697],[-46.724671,-21.869905],[-46.726669,-21.873232],[-46.727732,-21.873843],[-46.728574,-21.874857],[-46.729527,-21.875313],[-46.731302,-21.875294],[-46.731412,-21.874921],[-46.730969,-21.874025],[-46.731023,-21.87343],[-46.731312,-21.873375],[-46.731904,-21.874089],[-46.732325,-21.874178],[-46.732744,-21.873163]]}},{"type":"Feature","properties":{"id_backbone":"BB-893F954DB077","trecho":"AGVR.AV-SAEU.SU","cluster":"RIBEIRAO PRETO","cabo":"F-0304","capacidade":"36","extensao_km":20.587,"confianca":"ALTA","fonte":"OSRM/OpenStreetMap","ponta_a":"AGVR.AV","municipio_a":"SAO CARLOS","ponta_b":"SAEU.SU","municipio_b":"SAO CARLOS"},"geometry":{"type":"LineString","coordinates":[[-47.893734,-21.897973],[-47.893392,-21.897595],[-47.8928,-21.898055],[-47.889017,-21.893979],[-47.887924,-21.893581],[-47.884674,-21.893003],[-47.881871,-21.891173],[-47.880717,-21.89087],[-47.879456,-21.891079],[-47.868588,-21.895681],[-47.867538,-21.895924],[-47.866368,-21.895801],[-47.86542,-21.895346],[-47.864829,-21.894751],[-47.862026,-21.890796],[-47.855877,-21.886024],[-47.853294,-21.880745],[-47.851192,-21.878575],[-47.845102,-21.869886],[-47.844939,-21.865472],[-47.843678,-21.861688],[-47.84142,-21.851865],[-47.840699,-21.849413],[-47.839935,-21.848011],[-47.840054,-21.840632],[-47.839452,-21.838959],[-47.837681,-21.836101],[-47.837679,-21.833956],[-47.838007,-21.833132],[-47.838986,-21.831578],[-47.839135,-21.831016],[-47.839021,-21.830088],[-47.838421,-21.828362],[-47.836973,-21.826624],[-47.83298,-21.819481],[-47.833208,-21.816807],[-47.832489,-21.814894],[-47.830772,-21.812678],[-47.82981,-21.812096],[-47.827591,-21.809993],[-47.825324,-21.808849],[-47.824978,-21.808363],[-47.824092,-21.803258],[-47.825237,-21.801217],[-47.826894,-21.799109],[-47.82717,-21.798487],[-47.827373,-21.796777],[-47.827356,-21.792717],[-47.827244,-21.792343],[-47.826096,-21.791225],[-47.822741,-21.785584],[-47.819263,-21.782856],[-47.817336,-21.780904],[-47.816488,-21.779747],[-47.810192,-21.776364],[-47.809394,-21.776147],[-47.808728,-21.776161],[-47.798739,-21.778016],[-47.795337,-21.777535],[-47.794572,-21.776893]]}},{"type":"Feature","properties":{"id_backbone":"BB-4E03A5B3E24A","trecho":"AIA.BT-AIA.SJ","cluster":"JUNDIAI","cabo":"F-0550","capacidade":"24","extensao_km":10.265,"confianca":"ALTA","fonte":"OSRM/OpenStreetMap","ponta_a":"AIA.BT","municipio_a":"ATIBAIA","ponta_b":"AIA.SJ","municipio_b":"ATIBAIA"},"geometry":{"type":"LineString","coordinates":[[-46.568199,-23.04635],[-46.567665,-23.046337],[-46.567411,-23.046539],[-46.567142,-23.047167],[-46.567252,-23.048187],[-46.565911,-23.048579],[-46.566169,-23.049984],[-46.566672,-23.050659],[-46.566811,-23.051204],[-46.570902,-23.056356],[-46.571567,-23.058309],[-46.571614,-23.059868],[-46.570447,-23.064983],[-46.569741,-23.066997],[-46.566134,-23.073925],[-46.56594,-23.074841],[-46.566103,-23.075535],[-46.566604,-23.076229],[-46.568851,-23.077583],[-46.569394,-23.078073],[-46.569728,-23.078682],[-46.569878,-23.082926],[-46.572898,-23.091913],[-46.573083,-23.092871],[-46.573019,-23.094388],[-46.572678,-23.095582],[-46.572255,-23.096373],[-46.569193,-23.100849],[-46.569129,-23.101343],[-46.569337,-23.101528],[-46.569625,-23.101527],[-46.570432,-23.101048],[-46.570365,-23.100641],[-46.569794,-23.10046],[-46.556536,-23.099296],[-46.555571,-23.099493],[-46.555515,-23.102964],[-46.556273,-23.105506],[-46.55709,-23.106756],[-46.557782,-23.109205],[-46.557591,-23.110834],[-46.556799,-23.113656]]}},{"type":"Feature","properties":{"id_backbone":"BB-234F98A1B6C9","trecho":"AIA.MR-JIU.CR","cluster":"JUNDIAI","cabo":"F-0458","capacidade":"36","extensao_km":8.82,"confianca":"REJEITADA","fonte":"OSRM/OpenStreetMap","ponta_a":"AIA.MR","municipio_a":"ATIBAIA","ponta_b":"JIU.CR","municipio_b":"JARINU"},"geometry":{"type":"LineString","coordinates":[[-46.627059,-23.163106],[-46.627444,-23.162776],[-46.628498,-23.163215],[-46.629531,-23.163163],[-46.630185,-23.163342],[-46.631347,-23.164466],[-46.631923,-23.164817],[-46.634453,-23.165733],[-46.637041,-23.168139],[-46.637892,-23.16865],[-46.639541,-23.169533],[-46.640387,-23.169759],[-46.642323,-23.169522],[-46.643019,-23.16962],[-46.643702,-23.17002],[-46.64454,-23.171287],[-46.645487,-23.171949],[-46.647694,-23.172429],[-46.651845,-23.172156],[-46.652557,-23.171951],[-46.655146,-23.170624],[-46.655698,-23.170543],[-46.656292,-23.170669],[-46.656704,-23.170895],[-46.657281,-23.171566],[-46.657474,-23.174308],[-46.658063,-23.175116],[-46.663272,-23.178011],[-46.66405,-23.178131],[-46.665323,-23.177768],[-46.666192,-23.177811],[-46.667804,-23.178743],[-46.668306,-23.178884],[-46.668719,-23.178745],[-46.669302,-23.178177],[-46.670336,-23.178028],[-46.670603,-23.1765],[-46.673147,-23.174802],[-46.674669,-23.174879],[-46.675486,-23.17516],[-46.676353,-23.174458],[-46.677657,-23.174047],[-46.678564,-23.174205],[-46.679658,-23.175014],[-46.67987,-23.174429],[-46.680275,-23.173955],[-46.682106,-23.172306],[-46.683055,-23.170361],[-46.684128,-23.16952],[-46.684877,-23.168309],[-46.68675,-23.167226],[-46.687854,-23.165906],[-46.689101,-23.16528],[-46.69025,-23.163615],[-46.69348,-23.16343],[-46.693621,-23.163582],[-46.693659,-23.164302]]}},{"type":"Feature","properties":{"id_backbone":"BB-8647DA2BD561","trecho":"AIA.PR-TEPA.TR","cluster":"JUNDIAI","cabo":"F-0849","capacidade":"36","extensao_km":7.417,"confianca":"BAIXA","fonte":"OSRM/OpenStreetMap","ponta_a":"AIA.PR","municipio_a":"ATIBAIA","ponta_b":"TEPA.TR","municipio_b":"MAIRIPORA"},"geometry":{"type":"LineString","coordinates":[[-46.590952,-23.222762],[-46.591475,-23.223065],[-46.592496,-23.222249],[-46.594591,-23.221374],[-46.59437,-23.217347],[-46.595036,-23.217068],[-46.594593,-23.216007],[-46.594738,-23.215854],[-46.596032,-23.219923],[-46.595955,-23.220524],[-46.598739,-23.228727],[-46.599495,-23.229974],[-46.601787,-23.232565],[-46.602051,-23.233223],[-46.60212,-23.233966],[-46.601742,-23.235152],[-46.599672,-23.237445],[-46.598988,-23.238514],[-46.598587,-23.239334],[-46.597891,-23.241998],[-46.597433,-23.243021],[-46.593712,-23.246793],[-46.59303,-23.247785],[-46.592865,-23.248658],[-46.592955,-23.249473],[-46.593145,-23.249904],[-46.59468,-23.251814],[-46.594865,-23.252607],[-46.594768,-23.253507],[-46.594182,-23.254533],[-46.591287,-23.257546],[-46.591093,-23.257989],[-46.591332,-23.258185],[-46.590889,-23.258784],[-46.587605,-23.26254],[-46.588939,-23.265019]]}},{"type":"Feature","properties":{"id_backbone":"BB-AE35F1798372","trecho":"AIA.SJ-BSS.VA","cluster":"JUNDIAI","cabo":"F-0263","capacidade":"12","extensao_km":13.41,"confianca":"REJEITADA","fonte":"OSRM/OpenStreetMap","ponta_a":"AIA.SJ","municipio_a":"ATIBAIA","ponta_b":"BSS.VA","municipio_b":"BOM JESUS DOS PERDOES"},"geometry":{"type":"LineString","coordinates":[[-46.556799,-23.113656],[-46.55729,-23.1108],[-46.557671,-23.1095],[-46.557648,-23.108945],[-46.556967,-23.106485],[-46.556273,-23.105506],[-46.555394,-23.103177],[-46.554265,-23.101644],[-46.552431,-23.10011],[-46.551771,-23.100094],[-46.551498,-23.09949],[-46.550776,-23.099095],[-46.548874,-23.098638],[-46.544973,-23.098477],[-46.541371,-23.099111],[-46.536797,-23.100545],[-46.520154,-23.106767],[-46.518273,-23.107296],[-46.515458,-23.107641],[-46.509035,-23.107455],[-46.507009,-23.107542],[-46.498928,-23.108962],[-46.495456,-23.110344],[-46.487138,-23.114932],[-46.479931,-23.1172],[-46.477556,-23.118597],[-46.473902,-23.121148],[-46.46357,-23.130032],[-46.462671,-23.131126],[-46.46244,-23.131597],[-46.462595,-23.131945],[-46.46164,-23.132835],[-46.459088,-23.138966],[-46.461284,-23.139509],[-46.461401,-23.139722],[-46.462297,-23.138588],[-46.46289,-23.139012]]}},{"type":"Feature","properties":{"id_backbone":"BB-2180D4EBE03A","trecho":"AJAP.AJ-RCO.AD","cluster":"CAMPINAS","cabo":"F-0090","capacidade":"12","extensao_km":15.385,"confianca":"ALTA","fonte":"OSRM/OpenStreetMap","ponta_a":"AJAP.AJ","municipio_a":"RIO CLARO","ponta_b":"RCO.AD","municipio_b":"RIO CLARO"},"geometry":{"type":"LineString","coordinates":[[-47.548914,-22.281552],[-47.548633,-22.281983],[-47.550646,-22.2832],[-47.549725,-22.285829],[-47.545589,-22.295913],[-47.541516,-22.310824],[-47.541331,-22.312503],[-47.543992,-22.325362],[-47.543992,-22.327182],[-47.544668,-22.332553],[-47.54693,-22.339324],[-47.550464,-22.354173],[-47.550557,-22.35521],[-47.550839,-22.355706],[-47.559937,-22.394598],[-47.560162,-22.394821],[-47.560949,-22.394882],[-47.56316,-22.395576],[-47.563074,-22.396197],[-47.563513,-22.399081],[-47.564693,-22.40126],[-47.564992,-22.402233],[-47.565269,-22.403822],[-47.565236,-22.404756],[-47.564545,-22.406693],[-47.564796,-22.407779],[-47.564961,-22.407776],[-47.565023,-22.407633],[-47.562086,-22.406756],[-47.561455,-22.408459],[-47.56092,-22.408285]]}},{"type":"Feature","properties":{"id_backbone":"BB-B006DDC6F712","trecho":"ALAM.AI-SRP.LV","cluster":"SOROCABA","cabo":"F-0025","capacidade":"12","extensao_km":16.724,"confianca":"ALTA","fonte":"OSRM/OpenStreetMap","ponta_a":"ALAM.AI","municipio_a":"ALAMBARI","ponta_b":"SRP.LV","municipio_b":"SARAPUI"},"geometry":{"type":"LineString","coordinates":[[-47.898889,-23.550068],[-47.895569,-23.549584],[-47.894301,-23.549935],[-47.888731,-23.55484],[-47.887241,-23.557603],[-47.886713,-23.557932],[-47.883293,-23.558284],[-47.882801,-23.557983],[-47.881002,-23.555664],[-47.880643,-23.55558],[-47.880283,-23.55515],[-47.8732,-23.553313],[-47.872363,-23.553265],[-47.850336,-23.559349],[-47.849592,-23.559471],[-47.849067,-23.559353],[-47.847112,-23.560722],[-47.846468,-23.560352],[-47.845803,-23.560417],[-47.845395,-23.560807],[-47.845133,-23.561742],[-47.84477,-23.562169],[-47.84467,-23.562557],[-47.843876,-23.562793],[-47.839382,-23.566609],[-47.838759,-23.567368],[-47.838461,-23.568323],[-47.838292,-23.57134],[-47.837779,-23.573723],[-47.835287,-23.576632],[-47.834723,-23.577159],[-47.834251,-23.577346],[-47.829328,-23.577681],[-47.82851,-23.578221],[-47.826686,-23.58183],[-47.824603,-23.583835],[-47.823793,-23.585426],[-47.823419,-23.591554],[-47.822543,-23.597197],[-47.82323,-23.604385],[-47.823808,-23.607581],[-47.823234,-23.614956],[-47.823979,-23.619289],[-47.824268,-23.619748],[-47.824328,-23.620324],[-47.826222,-23.625192],[-47.825707,-23.634848],[-47.825729,-23.635364],[-47.82629,-23.636747],[-47.826647,-23.642212],[-47.825812,-23.642308],[-47.825245,-23.64256],[-47.825739,-23.642272]]}},{"type":"Feature","properties":{"id_backbone":"BB-A8348CB02741","trecho":"AMH.AO-PSB.KI","cluster":"ARACATUBA","cabo":"F-0205","capacidade":"12","extensao_km":16.341,"confianca":"ALTA","fonte":"OSRM/OpenStreetMap","ponta_a":"AMH.AO","municipio_a":"ALVARES MACHADO","ponta_b":"PSB.KI","municipio_b":"PRESIDENTE BERNARDES"},"geometry":{"type":"LineString","coordinates":[[-51.470119,-22.076492],[-51.469967,-22.077807],[-51.474102,-22.078214],[-51.476019,-22.081577],[-51.474964,-22.082797],[-51.474319,-22.083235],[-51.47367,-22.083963],[-51.474477,-22.085935],[-51.475166,-22.086983],[-51.480419,-22.091765],[-51.481133,-22.091805],[-51.482678,-22.090916],[-51.483816,-22.091009],[-51.522824,-22.065422],[-51.541733,-22.052826],[-51.55883,-22.043246],[-51.559252,-22.042632],[-51.559251,-22.041449],[-51.558575,-22.034113],[-51.558361,-22.033104],[-51.557749,-22.031831],[-51.552199,-22.023143],[-51.551606,-22.021266],[-51.551556,-22.019605],[-51.551794,-22.018266],[-51.55356,-22.013536],[-51.552017,-22.009342],[-51.552183,-22.008823]]}},{"type":"Feature","properties":{"id_backbone":"BB-477E3C768309","trecho":"AMIO.PG-SOC.BT","cluster":"OSASCO","cabo":"F-0256","capacidade":"72","extensao_km":13.313,"confianca":"ALTA","fonte":"OSRM/OpenStreetMap","ponta_a":"AMIO.PG","municipio_a":"ALUMINIO","ponta_b":"SOC.BT","municipio_b":"SOROCABA"},"geometry":{"type":"LineString","coordinates":[[-47.251747,-23.516755],[-47.254568,-23.51733],[-47.255504,-23.517243],[-47.256353,-23.517922],[-47.258208,-23.515577],[-47.260971,-23.51464],[-47.262594,-23.513868],[-47.263499,-23.513688],[-47.264485,-23.513784],[-47.266708,-23.514907],[-47.273955,-23.514234],[-47.274583,-23.513827],[-47.276316,-23.511651],[-47.278039,-23.510488],[-47.278729,-23.508684],[-47.279105,-23.50816],[-47.279736,-23.507776],[-47.281038,-23.507369],[-47.281685,-23.507463],[-47.283844,-23.508998],[-47.289831,-23.50955],[-47.29725,-23.511235],[-47.298952,-23.511867],[-47.301255,-23.512984],[-47.303627,-23.513751],[-47.31141,-23.51541],[-47.31189,-23.51538],[-47.31359,-23.514777],[-47.314471,-23.514733],[-47.318035,-23.516044],[-47.318536,-23.515968],[-47.320988,-23.514905],[-47.324205,-23.514799],[-47.326345,-23.513506],[-47.327849,-23.513061],[-47.331473,-23.512389],[-47.336052,-23.510435],[-47.343516,-23.510749],[-47.349792,-23.511203],[-47.352291,-23.51073],[-47.354655,-23.510563],[-47.35514,-23.510291],[-47.355771,-23.509504],[-47.356157,-23.50937],[-47.356617,-23.509556],[-47.357524,-23.510546],[-47.358395,-23.510941],[-47.358767,-23.510823],[-47.35955,-23.510099],[-47.362293,-23.509045],[-47.367262,-23.507911],[-47.369259,-23.50709],[-47.369648,-23.507703],[-47.36984,-23.507531]]}},{"type":"Feature","properties":{"id_backbone":"BB-3B36F3F5622C","trecho":"AMR.PN-AMR.XN","cluster":"CAMPINAS","cabo":"F-0173","capacidade":"12","extensao_km":9.253,"confianca":"ALTA","fonte":"OSRM/OpenStreetMap","ponta_a":"AMR.PN","municipio_a":"AMERICANA","ponta_b":"AMR.XN","municipio_b":"AMERICANA"},"geometry":{"type":"LineString","coordinates":[[-47.276275,-22.709617],[-47.275908,-22.709147],[-47.276515,-22.708714],[-47.276905,-22.709703],[-47.277052,-22.711954],[-47.278768,-22.714503],[-47.279971,-22.715389],[-47.281095,-22.717449],[-47.282885,-22.724844],[-47.283121,-22.726513],[-47.286471,-22.733475],[-47.2881,-22.732837],[-47.290162,-22.731147],[-47.291024,-22.729865],[-47.291127,-22.728174],[-47.291364,-22.727881],[-47.291755,-22.727749],[-47.311569,-22.732959],[-47.314016,-22.73294],[-47.318841,-22.73185],[-47.319713,-22.731798],[-47.326601,-22.733679],[-47.327963,-22.734386],[-47.328935,-22.734651],[-47.330526,-22.734764],[-47.331537,-22.734459],[-47.331695,-22.73433],[-47.331644,-22.734076],[-47.331285,-22.734121],[-47.330696,-22.734522],[-47.330591,-22.735016],[-47.330122,-22.735157],[-47.329217,-22.73609],[-47.327847,-22.740361],[-47.328215,-22.74049],[-47.328176,-22.740592]]}},{"type":"Feature","properties":{"id_backbone":"BB-C0E65D8A0E67","trecho":"AMR.RD-AMR.XN","cluster":"CAMPINAS","cabo":"F-0028","capacidade":"24","extensao_km":3.943,"confianca":"ALTA","fonte":"OSRM/OpenStreetMap","ponta_a":"AMR.RD","municipio_a":"AMERICANA","ponta_b":"AMR.XN","municipio_b":"AMERICANA"},"geometry":{"type":"LineString","coordinates":[[-47.354713,-22.744388],[-47.358541,-22.745155],[-47.358756,-22.745294],[-47.358753,-22.745487],[-47.354899,-22.744706],[-47.345357,-22.745342],[-47.343036,-22.74344],[-47.337812,-22.741467],[-47.334529,-22.740019],[-47.328231,-22.739321],[-47.327847,-22.740361],[-47.328215,-22.74049],[-47.328176,-22.740592]]}},{"type":"Feature","properties":{"id_backbone":"BB-89B378219886","trecho":"AMR.SV-LRA.CG","cluster":"CAMPINAS","cabo":"F-0115","capacidade":"18","extensao_km":24.581,"confianca":"BAIXA","fonte":"OSRM/OpenStreetMap","ponta_a":"AMR.SV","municipio_a":"AMERICANA","ponta_b":"LRA.CG","municipio_b":"LIMEIRA"},"geometry":{"type":"LineString","coordinates":[[-47.305473,-22.732339],[-47.305085,-22.732164],[-47.305452,-22.731479],[-47.29185,-22.727806],[-47.291376,-22.727945],[-47.291149,-22.728298],[-47.291268,-22.728655],[-47.291649,-22.728637],[-47.29233,-22.726961],[-47.296364,-22.713973],[-47.297724,-22.711106],[-47.298813,-22.709509],[-47.309195,-22.696991],[-47.310325,-22.695102],[-47.310835,-22.693455],[-47.310995,-22.692182],[-47.310569,-22.684164],[-47.310833,-22.676353],[-47.31122,-22.674463],[-47.311674,-22.673347],[-47.312507,-22.671953],[-47.319135,-22.66225],[-47.323272,-22.654366],[-47.325743,-22.648442],[-47.327956,-22.641528],[-47.328614,-22.6401],[-47.329979,-22.638197],[-47.335082,-22.632259],[-47.336237,-22.630555],[-47.342954,-22.623388],[-47.344968,-22.621741],[-47.353369,-22.612843],[-47.355071,-22.611535],[-47.359503,-22.609108],[-47.360671,-22.607994],[-47.36136,-22.60688],[-47.366465,-22.59359],[-47.366804,-22.592186],[-47.366846,-22.591025],[-47.366651,-22.590368],[-47.366746,-22.590113],[-47.367019,-22.590082],[-47.367237,-22.590335],[-47.367876,-22.590383],[-47.369064,-22.590071],[-47.378617,-22.585935],[-47.382003,-22.584285],[-47.382117,-22.584098],[-47.38257,-22.584018],[-47.384304,-22.583185],[-47.384941,-22.582551],[-47.385371,-22.581261],[-47.386097,-22.581098],[-47.386366,-22.580868],[-47.387994,-22.578339],[-47.38899,-22.575531],[-47.391497,-22.573782],[-47.392188,-22.573561],[-47.39295,-22.572974],[-47.393546,-22.572035],[-47.395006,-22.570907],[-47.395929,-22.568273],[-47.397074,-22.568415],[-47.398509,-22.568168],[-47.399067,-22.567895],[-47.399364,-22.567112],[-47.400318,-22.567375],[-47.40081,-22.567787],[-47.402862,-22.565975]]}},{"type":"Feature","properties":{"id_backbone":"BB-5E77F0B87956","trecho":"AMR.XN-LRA.CG","cluster":"CAMPINAS","cabo":"F-0276","capacidade":"144","extensao_km":26.23,"confianca":"ALTA","fonte":"OSRM/OpenStreetMap","ponta_a":"AMR.XN","municipio_a":"AMERICANA","ponta_b":"LRA.CG","municipio_b":"LIMEIRA"},"geometry":{"type":"LineString","coordinates":[[-47.328176,-22.740592],[-47.327954,-22.741172],[-47.325714,-22.740485],[-47.325507,-22.74025],[-47.325659,-22.739617],[-47.325113,-22.739518],[-47.325226,-22.737853],[-47.325795,-22.737522],[-47.325529,-22.73633],[-47.325843,-22.735386],[-47.326951,-22.734583],[-47.3291,-22.734286],[-47.329408,-22.73401],[-47.329657,-22.733411],[-47.329585,-22.73255],[-47.327495,-22.726999],[-47.327942,-22.725055],[-47.32793,-22.724449],[-47.327637,-22.72387],[-47.326186,-22.722726],[-47.325627,-22.722569],[-47.325444,-22.722349],[-47.326198,-22.719838],[-47.325853,-22.717684],[-47.324836,-22.715529],[-47.324292,-22.715312],[-47.322846,-22.713827],[-47.320487,-22.708261],[-47.320107,-22.706841],[-47.320389,-22.704164],[-47.320165,-22.703092],[-47.319342,-22.702319],[-47.318428,-22.702031],[-47.306683,-22.701737],[-47.306239,-22.701659],[-47.30609,-22.701287],[-47.305568,-22.700938],[-47.305245,-22.700926],[-47.305292,-22.700766],[-47.305735,-22.700618],[-47.306618,-22.699616],[-47.307657,-22.698869],[-47.309195,-22.696991],[-47.310325,-22.695102],[-47.310835,-22.693455],[-47.311003,-22.691606],[-47.310566,-22.684963],[-47.310591,-22.683356],[-47.310833,-22.676353],[-47.311033,-22.675132],[-47.311467,-22.673816],[-47.312507,-22.671953],[-47.319135,-22.66225],[-47.320693,-22.659388],[-47.323736,-22.65339],[-47.325743,-22.648442],[-47.32815,-22.641026],[-47.329381,-22.638945],[-47.335082,-22.632259],[-47.336237,-22.630555],[-47.342954,-22.623388],[-47.344968,-22.621741],[-47.353369,-22.612843],[-47.355071,-22.611535],[-47.359503,-22.609108],[-47.360963,-22.607585],[-47.362542,-22.603879],[-47.366465,-22.59359],[-47.366804,-22.592186],[-47.366718,-22.590145],[-47.366944,-22.590059],[-47.367237,-22.590335],[-47.367876,-22.590383],[-47.369064,-22.590071],[-47.378617,-22.585935],[-47.382003,-22.584285],[-47.382117,-22.584098],[-47.38257,-22.584018],[-47.384304,-22.583185],[-47.384941,-22.582551],[-47.385371,-22.581261],[-47.386097,-22.581098],[-47.386366,-22.580868],[-47.387994,-22.578339],[-47.38899,-22.575531],[-47.391497,-22.573782],[-47.392188,-22.573561],[-47.39295,-22.572974],[-47.393546,-22.572035],[-47.395006,-22.570907],[-47.395929,-22.568273],[-47.397074,-22.568415],[-47.398509,-22.568168],[-47.399067,-22.567895],[-47.399364,-22.567112],[-47.400318,-22.567375],[-47.40081,-22.567787],[-47.402862,-22.565975]]}},{"type":"Feature","properties":{"id_backbone":"BB-82CBD28F2478","trecho":"AMR.XN-AMR.ZA","cluster":"CAMPINAS","cabo":"F-0036","capacidade":"6","extensao_km":7.313,"confianca":"ALTA","fonte":"OSRM/OpenStreetMap","ponta_a":"AMR.XN","municipio_a":"AMERICANA","ponta_b":"AMR.ZA","municipio_b":"AMERICANA"},"geometry":{"type":"LineString","coordinates":[[-47.328176,-22.740592],[-47.327954,-22.741172],[-47.325714,-22.740485],[-47.325507,-22.74025],[-47.325659,-22.739617],[-47.325113,-22.739518],[-47.325226,-22.737853],[-47.325795,-22.737522],[-47.32553,-22.736477],[-47.32572,-22.735589],[-47.326305,-22.73493],[-47.327402,-22.734337],[-47.326544,-22.733762],[-47.319688,-22.731906],[-47.318865,-22.731956],[-47.313093,-22.73323],[-47.312428,-22.733231],[-47.295827,-22.728885],[-47.295657,-22.728492],[-47.293871,-22.727796],[-47.29358,-22.727346],[-47.293396,-22.725524],[-47.294747,-22.720886],[-47.295098,-22.71906],[-47.295883,-22.716812],[-47.295598,-22.715533],[-47.296195,-22.713518],[-47.297037,-22.711728],[-47.297689,-22.710554],[-47.299031,-22.708728],[-47.297546,-22.707644],[-47.297214,-22.708075]]}},{"type":"Feature","properties":{"id_backbone":"BB-7593B5E83C6B","trecho":"AMX.AR-RPO.NO","cluster":"RIBEIRAO PRETO","cabo":"F-0260","capacidade":"24","extensao_km":127.962,"confianca":"MEDIA","fonte":"OSRM/OpenStreetMap","ponta_a":"AMX.AR","municipio_a":"ARAMINA","ponta_b":"RPO.NO","municipio_b":"RIBEIRAO PRETO"},"geometry":{"type":"LineString","coordinates":[[-47.78836,-20.088286],[-47.788635,-20.0882],[-47.788685,-20.088762],[-47.789574,-20.088529],[-47.790218,-20.10194],[-47.791788,-20.116789],[-47.789143,-20.156025],[-47.785617,-20.192453],[-47.785594,-20.195827],[-47.785813,-20.198021],[-47.791263,-20.232366],[-47.791867,-20.234249],[-47.792939,-20.236509],[-47.796354,-20.241439],[-47.7975,-20.243539],[-47.798396,-20.246084],[-47.799561,-20.25126],[-47.800082,-20.25654],[-47.80011,-20.260976],[-47.79792,-20.274026],[-47.79747,-20.279391],[-47.797532,-20.284478],[-47.798122,-20.290447],[-47.805006,-20.332202],[-47.805902,-20.335882],[-47.806743,-20.338102],[-47.807877,-20.340406],[-47.81503,-20.353139],[-47.815782,-20.35485],[-47.816223,-20.356429],[-47.816356,-20.358928],[-47.813782,-20.378647],[-47.81369,-20.380465],[-47.814902,-20.385132],[-47.816593,-20.389421],[-47.833852,-20.430129],[-47.834932,-20.433239],[-47.835364,-20.435317],[-47.835605,-20.437727],[-47.835623,-20.450254],[-47.835946,-20.45401],[-47.843934,-20.488786],[-47.844134,-20.49208],[-47.843862,-20.494335],[-47.843396,-20.496147],[-47.842674,-20.498051],[-47.836527,-20.510464],[-47.836135,-20.512177],[-47.836258,-20.514112],[-47.836653,-20.515437],[-47.838988,-20.52102],[-47.840079,-20.523216],[-47.841373,-20.525296],[-47.857994,-20.547386],[-47.8599,-20.550079],[-47.861133,-20.552235],[-47.88168,-20.59258],[-47.882879,-20.59663],[-47.884279,-20.605542],[-47.88446,-20.608292],[-47.884332,-20.61143],[-47.880427,-20.648321],[-47.880357,-20.651602],[-47.880992,-20.657132],[-47.890135,-20.695173],[-47.891885,-20.701486],[-47.892396,-20.704922],[-47.894149,-20.734967],[-47.890753,-20.785158],[-47.890661,-20.789411],[-47.897942,-20.878658],[-47.897921,-20.881147],[-47.897285,-20.884562],[-47.880041,-20.941403],[-47.823384,-21.054399],[-47.821992,-21.056952],[-47.819122,-21.061248],[-47.803048,-21.081154],[-47.776156,-21.118658],[-47.776158,-21.119067],[-47.776724,-21.120311],[-47.781692,-21.130324],[-47.781995,-21.130493],[-47.782773,-21.13015],[-47.782921,-21.130453],[-47.782675,-21.131663],[-47.782703,-21.132284],[-47.789571,-21.145946],[-47.790276,-21.146182],[-47.790503,-21.146416],[-47.790571,-21.146735],[-47.790281,-21.14719],[-47.790302,-21.147423],[-47.792311,-21.151518],[-47.812554,-21.175232],[-47.810702,-21.176617]]}},{"type":"Feature","properties":{"id_backbone":"BB-8C409697B549","trecho":"ANG.IA-IGA.QB","cluster":"SOROCABA","cabo":"F-0065","capacidade":"24","extensao_km":49.654,"confianca":"ALTA","fonte":"OSRM/OpenStreetMap","ponta_a":"ANG.IA","municipio_a":"ANGATUBA","ponta_b":"IGA.QB","municipio_b":"ITAPETININGA"},"geometry":{"type":"LineString","coordinates":[[-48.414378,-23.490574],[-48.413785,-23.48911],[-48.411055,-23.490086],[-48.409858,-23.489841],[-48.409059,-23.490111],[-48.408192,-23.495198],[-48.408187,-23.496],[-48.407992,-23.496367],[-48.40755,-23.499017],[-48.407311,-23.503741],[-48.405947,-23.507034],[-48.405577,-23.507486],[-48.404046,-23.508225],[-48.401782,-23.511376],[-48.400637,-23.513267],[-48.398652,-23.517621],[-48.397815,-23.518117],[-48.396115,-23.51814],[-48.395623,-23.518686],[-48.396139,-23.521947],[-48.397066,-23.523154],[-48.397088,-23.524659],[-48.3969,-23.525274],[-48.396251,-23.526262],[-48.395607,-23.528028],[-48.394784,-23.528866],[-48.395012,-23.528903],[-48.396835,-23.528048],[-48.398415,-23.52779],[-48.401722,-23.527983],[-48.402498,-23.527757],[-48.403549,-23.527941],[-48.404264,-23.527781],[-48.404284,-23.528759],[-48.4024,-23.528436],[-48.401371,-23.52806],[-48.39783,-23.527989],[-48.396597,-23.528316],[-48.393959,-23.529597],[-48.39154,-23.530045],[-48.390013,-23.530502],[-48.382945,-23.531604],[-48.378274,-23.531159],[-48.377096,-23.530847],[-48.370583,-23.529846],[-48.36886,-23.529768],[-48.367454,-23.529401],[-48.360057,-23.528387],[-48.357398,-23.528358],[-48.353424,-23.529152],[-48.352122,-23.529243],[-48.344772,-23.531885],[-48.341928,-23.533097],[-48.34107,-23.533771],[-48.336555,-23.538849],[-48.333203,-23.541488],[-48.332272,-23.542461],[-48.331398,-23.542993],[-48.330033,-23.543524],[-48.326388,-23.54409],[-48.318129,-23.545792],[-48.310766,-23.545428],[-48.309561,-23.545598],[-48.308068,-23.545525],[-48.299454,-23.54644],[-48.297939,-23.546727],[-48.295515,-23.546772],[-48.28897,-23.54745],[-48.286858,-23.547832],[-48.280468,-23.547088],[-48.278424,-23.546623],[-48.26696,-23.54499],[-48.262706,-23.544659],[-48.259831,-23.544958],[-48.250936,-23.546568],[-48.232778,-23.548806],[-48.230519,-23.548906],[-48.216207,-23.550655],[-48.201742,-23.557459],[-48.190404,-23.565402],[-48.189149,-23.565821],[-48.188079,-23.565934],[-48.183444,-23.565531],[-48.182009,-23.565826],[-48.181011,-23.566277],[-48.179424,-23.567593],[-48.175427,-23.573052],[-48.174533,-23.573996],[-48.167461,-23.57992],[-48.166026,-23.580884],[-48.164279,-23.581712],[-48.157313,-23.584343],[-48.155859,-23.58461],[-48.152947,-23.584657],[-48.146976,-23.583962],[-48.141692,-23.583593],[-48.138273,-23.583147],[-48.119095,-23.581405],[-48.117343,-23.581514],[-48.115981,-23.581966],[-48.114926,-23.582622],[-48.105464,-23.59072],[-48.103876,-23.592265],[-48.098075,-23.600586],[-48.085968,-23.614601],[-48.081775,-23.619197],[-48.081584,-23.619738],[-48.081817,-23.620264],[-48.082424,-23.620517],[-48.083185,-23.620375],[-48.083683,-23.620159],[-48.083868,-23.619895],[-48.08376,-23.619486],[-48.083461,-23.619221],[-48.054233,-23.606724],[-48.054005,-23.606703],[-48.053981,-23.606876],[-48.054422,-23.607112],[-48.054622,-23.607061],[-48.055215,-23.605527],[-48.05575,-23.602617],[-48.05553,-23.601783],[-48.055848,-23.6015],[-48.056007,-23.600943],[-48.055932,-23.597755],[-48.054992,-23.595629],[-48.054415,-23.595147],[-48.054542,-23.594684],[-48.053736,-23.593219],[-48.053664,-23.592374],[-48.050959,-23.591853]]}},{"type":"Feature","properties":{"id_backbone":"BB-EF9A99D06E5D","trecho":"ARC.ES-ARC.XN","cluster":"ARACATUBA","cabo":"F-0002","capacidade":"36","extensao_km":5.143,"confianca":"ALTA","fonte":"OSRM/OpenStreetMap","ponta_a":"ARC.ES","municipio_a":"ARACATUBA","ponta_b":"ARC.XN","municipio_b":"ARACATUBA"},"geometry":{"type":"LineString","coordinates":[[-50.459804,-21.224196],[-50.457309,-21.22174],[-50.44896,-21.229215],[-50.448539,-21.228783],[-50.447567,-21.226918],[-50.447437,-21.225442],[-50.44709,-21.224224],[-50.446731,-21.223583],[-50.445983,-21.222801],[-50.437192,-21.22206],[-50.437092,-21.221863],[-50.437305,-21.221631],[-50.438745,-21.20664],[-50.438307,-21.206596],[-50.438388,-21.205899]]}},{"type":"Feature","properties":{"id_backbone":"BB-EC56C4B464AC","trecho":"ARC.XN-BGU.BC","cluster":"ARACATUBA","cabo":"F-0039","capacidade":"24","extensao_km":16.974,"confianca":"MEDIA","fonte":"OSRM/OpenStreetMap","ponta_a":"ARC.XN","municipio_a":"ARACATUBA","ponta_b":"BGU.BC","municipio_b":"BIRIGUI"},"geometry":{"type":"LineString","coordinates":[[-50.438388,-21.205899],[-50.438415,-21.205672],[-50.436856,-21.20384],[-50.436671,-21.203872],[-50.436154,-21.211637],[-50.436756,-21.211672],[-50.436647,-21.213943],[-50.432348,-21.217499],[-50.431226,-21.218661],[-50.430319,-21.219988],[-50.429878,-21.220843],[-50.429896,-21.221124],[-50.427991,-21.223099],[-50.420711,-21.228867],[-50.410181,-21.234572],[-50.408073,-21.236855],[-50.407459,-21.237776],[-50.406521,-21.238442],[-50.405105,-21.240065],[-50.404634,-21.240967],[-50.403677,-21.241506],[-50.400608,-21.244833],[-50.399629,-21.245627],[-50.398619,-21.246155],[-50.397388,-21.246506],[-50.388269,-21.247667],[-50.387484,-21.248023],[-50.385451,-21.251305],[-50.37793,-21.270432],[-50.377528,-21.271013],[-50.375702,-21.272601],[-50.375229,-21.273224],[-50.370611,-21.283493],[-50.368543,-21.288647],[-50.367667,-21.288684],[-50.366178,-21.288405],[-50.362176,-21.288087],[-50.361428,-21.28826],[-50.361071,-21.288567],[-50.360236,-21.288612],[-50.359726,-21.288983],[-50.359221,-21.288647],[-50.358798,-21.287948],[-50.358378,-21.287729],[-50.344657,-21.286573],[-50.342912,-21.284843],[-50.340978,-21.284189],[-50.340058,-21.284973],[-50.339228,-21.285344],[-50.339368,-21.285839],[-50.338544,-21.286482],[-50.33936,-21.287229],[-50.337819,-21.288614],[-50.338714,-21.289451]]}},{"type":"Feature","properties":{"id_backbone":"BB-719DABD9502F","trecho":"ARC.XN-MIG.MD","cluster":"ARACATUBA","cabo":"F-0207","capacidade":"72","extensao_km":98.741,"confianca":"SEM_REFERENCIA","fonte":"OSRM/OpenStreetMap","ponta_a":"ARC.XN","municipio_a":"ARACATUBA","ponta_b":"MIG.MD","municipio_b":"MURUTINGA DO SUL"},"geometry":{"type":"LineString","coordinates":[[-50.438388,-21.205899],[-50.438415,-21.205672],[-50.439426,-21.205775],[-50.44075,-21.204567],[-50.443581,-21.206463],[-50.444719,-21.20676],[-50.445509,-21.206729],[-50.445763,-21.207167],[-50.446056,-21.207294],[-50.467289,-21.211952],[-50.469786,-21.209709],[-50.471038,-21.208875],[-50.474161,-21.207443],[-50.477051,-21.206752],[-50.478277,-21.206671],[-50.479648,-21.206819],[-50.56601,-21.199634],[-50.5681,-21.199569],[-50.66392,-21.208812],[-50.687074,-21.214401],[-50.689009,-21.214755],[-50.690969,-21.214887],[-50.693255,-21.214769],[-50.760629,-21.206791],[-50.806151,-21.204303],[-50.807777,-21.204463],[-50.810244,-21.205031],[-50.843622,-21.216613],[-50.845394,-21.216941],[-50.847884,-21.217148],[-50.850594,-21.217017],[-50.852673,-21.216643],[-50.888587,-21.204529],[-50.891843,-21.20307],[-50.895171,-21.201151],[-50.902814,-21.195228],[-50.950227,-21.157221],[-51.142247,-21.036074],[-51.185209,-21.00882],[-51.252075,-20.966836],[-51.2528,-20.966244],[-51.252803,-20.965845],[-51.252617,-20.965653],[-51.251811,-20.965659],[-51.251498,-20.966106],[-51.251565,-20.966475],[-51.258666,-20.976249],[-51.277911,-20.989121],[-51.27597,-20.991706],[-51.277335,-20.992603],[-51.277481,-20.993371],[-51.277291,-20.993631]]}},{"type":"Feature","properties":{"id_backbone":"BB-DB41B28C99C1","trecho":"ARD.DR-ARD.IP","cluster":"SOROCABA","cabo":"F-0044","capacidade":"24","extensao_km":5.34,"confianca":"ALTA","fonte":"OSRM/OpenStreetMap","ponta_a":"ARD.DR","municipio_a":"ARACOIABA DA SERRA","ponta_b":"ARD.IP","municipio_b":"ARACOIABA DA SERRA"},"geometry":{"type":"LineString","coordinates":[[-47.609816,-23.507695],[-47.602249,-23.513878],[-47.601041,-23.515075],[-47.600406,-23.515414],[-47.596963,-23.518249],[-47.597023,-23.518773],[-47.598699,-23.519498],[-47.598989,-23.519296],[-47.599042,-23.519067],[-47.598611,-23.518696],[-47.595787,-23.519133],[-47.593419,-23.518939],[-47.577142,-23.514434],[-47.576121,-23.514395],[-47.575314,-23.514818],[-47.574887,-23.514833],[-47.574564,-23.514466],[-47.5747,-23.513162],[-47.574424,-23.512313],[-47.574637,-23.511717],[-47.574475,-23.510943],[-47.57421,-23.510876],[-47.574218,-23.510758],[-47.573797,-23.511038],[-47.573304,-23.510848],[-47.573044,-23.511237]]}},{"type":"Feature","properties":{"id_backbone":"BB-3A0B68EC9FA5","trecho":"AREM.AG-PPJ.PJ","cluster":"OSASCO","cabo":"F-1399","capacidade":"36","extensao_km":10.907,"confianca":"REJEITADA","fonte":"OSRM/OpenStreetMap","ponta_a":"AREM.AG","municipio_a":"ARACARIGUAMA","ponta_b":"PPJ.PJ","municipio_b":"PIRAPORA DO BOM JESUS"},"geometry":{"type":"LineString","coordinates":[[-47.0624,-23.437498],[-47.06223,-23.437496],[-47.062216,-23.436687],[-47.060091,-23.43533],[-47.059245,-23.434427],[-47.058675,-23.434188],[-47.057736,-23.4343],[-47.05692,-23.434206],[-47.056591,-23.43464],[-47.055824,-23.434756],[-47.055266,-23.435679],[-47.05427,-23.43666],[-47.053122,-23.436673],[-47.050747,-23.436221],[-47.05001,-23.4365],[-47.049001,-23.437456],[-47.048402,-23.437696],[-47.048292,-23.438584],[-47.047588,-23.43925],[-47.046834,-23.440846],[-47.045996,-23.441702],[-47.045846,-23.442491],[-47.045953,-23.443091],[-47.045554,-23.444033],[-47.045769,-23.444242],[-47.044924,-23.444386],[-47.042884,-23.444151],[-47.042408,-23.443904],[-47.041172,-23.44175],[-47.040006,-23.437702],[-47.038705,-23.43513],[-47.038254,-23.434693],[-47.037356,-23.434358],[-47.036401,-23.433691],[-47.034907,-23.431478],[-47.03368,-23.431294],[-47.033492,-23.431022],[-47.033383,-23.42996],[-47.032365,-23.429515],[-47.032165,-23.429219],[-47.032275,-23.428501],[-47.032986,-23.427878],[-47.033125,-23.426145],[-47.031787,-23.424861],[-47.030788,-23.422555],[-47.030711,-23.421592],[-47.030835,-23.420632],[-47.031344,-23.41934],[-47.031202,-23.418759],[-47.029478,-23.41741],[-47.027565,-23.415595],[-47.024851,-23.41533],[-47.023491,-23.415544],[-47.022729,-23.415258],[-47.02177,-23.415701],[-47.02133,-23.415622],[-47.019497,-23.414207],[-47.01781,-23.414169],[-47.017448,-23.41399],[-47.016734,-23.413361],[-47.016297,-23.412389],[-47.015344,-23.41156],[-47.013923,-23.411299],[-47.012746,-23.411643],[-47.012166,-23.411543],[-47.010284,-23.4101],[-47.009016,-23.409774],[-47.008279,-23.409244],[-47.007489,-23.409132],[-47.007314,-23.408829],[-47.007241,-23.406045],[-47.006704,-23.404806],[-47.006188,-23.404536],[-47.004236,-23.404429],[-47.004027,-23.403514],[-47.003531,-23.402751],[-47.003697,-23.401902],[-47.004328,-23.401068],[-47.004325,-23.400238],[-47.003895,-23.399476],[-47.004621,-23.398869],[-47.00463,-23.39775],[-47.005165,-23.397652]]}},{"type":"Feature","properties":{"id_backbone":"BB-E548A72B9160","trecho":"ARO.AC-PDA.AP","cluster":"CAMPINAS","cabo":"F-0019","capacidade":"12","extensao_km":7.522,"confianca":"SEM_REFERENCIA","fonte":"OSRM/OpenStreetMap","ponta_a":"ARO.AC","municipio_a":"AMPARO","ponta_b":"PDA.AP","municipio_b":"PEDREIRA"},"geometry":{"type":"LineString","coordinates":[[-46.844536,-22.721357],[-46.843949,-22.721066],[-46.843955,-22.720842],[-46.844197,-22.720821],[-46.844413,-22.721144],[-46.846038,-22.722347],[-46.850452,-22.723581],[-46.851423,-22.724037],[-46.851993,-22.724671],[-46.852476,-22.726311],[-46.853718,-22.728381],[-46.855733,-22.730229],[-46.857056,-22.731836],[-46.857443,-22.732081],[-46.858135,-22.732106],[-46.860793,-22.731283],[-46.861435,-22.731268],[-46.862126,-22.731639],[-46.863301,-22.733333],[-46.863803,-22.733732],[-46.865614,-22.734235],[-46.868397,-22.734447],[-46.872748,-22.735094],[-46.873327,-22.735047],[-46.876768,-22.733754],[-46.877727,-22.733576],[-46.880872,-22.734475],[-46.881995,-22.734538],[-46.882416,-22.734335],[-46.883219,-22.733368],[-46.885341,-22.732711],[-46.885537,-22.732866],[-46.885488,-22.733368],[-46.885752,-22.733897],[-46.886573,-22.735014],[-46.889326,-22.737368],[-46.889956,-22.737695],[-46.890983,-22.737825],[-46.89321,-22.737371],[-46.895008,-22.737523],[-46.899276,-22.74122],[-46.900347,-22.741566],[-46.899852,-22.742659],[-46.901133,-22.743431]]}},{"type":"Feature","properties":{"id_backbone":"BB-EBE11C434450","trecho":"ARO.LR-MEG.LG","cluster":"CAMPINAS","cabo":"F-0189","capacidade":"12","extensao_km":12.84,"confianca":"SEM_REFERENCIA","fonte":"OSRM/OpenStreetMap","ponta_a":"ARO.LR","municipio_a":"AMPARO","ponta_b":"MEG.LG","municipio_b":"MONTE ALEGRE DO SUL"},"geometry":{"type":"LineString","coordinates":[[-46.762104,-22.70051],[-46.76221,-22.699776],[-46.761143,-22.699512],[-46.757885,-22.699691],[-46.756707,-22.700055],[-46.756319,-22.698537],[-46.755907,-22.693958],[-46.755831,-22.690834],[-46.75573,-22.690448],[-46.755058,-22.689488],[-46.754534,-22.689264],[-46.752645,-22.689081],[-46.750325,-22.687935],[-46.749343,-22.686778],[-46.748719,-22.686567],[-46.747891,-22.686821],[-46.746897,-22.687658],[-46.74594,-22.687888],[-46.744727,-22.68796],[-46.742822,-22.687437],[-46.741871,-22.687366],[-46.741445,-22.687172],[-46.740916,-22.686617],[-46.740912,-22.684187],[-46.740676,-22.683957],[-46.739621,-22.684449],[-46.738561,-22.685645],[-46.736939,-22.685995],[-46.735866,-22.687081],[-46.734349,-22.687288],[-46.732886,-22.688237],[-46.731255,-22.688788],[-46.728361,-22.691944],[-46.727968,-22.692163],[-46.727434,-22.692259],[-46.725085,-22.691798],[-46.72388,-22.692018],[-46.722012,-22.693084],[-46.71811,-22.694898],[-46.717659,-22.695317],[-46.716483,-22.697061],[-46.715874,-22.697469],[-46.715066,-22.697615],[-46.713209,-22.697252],[-46.712068,-22.697238],[-46.708868,-22.698007],[-46.708151,-22.698555],[-46.706875,-22.700977],[-46.706415,-22.701445],[-46.702631,-22.702168],[-46.701105,-22.701972],[-46.699504,-22.701319],[-46.691987,-22.698975],[-46.690987,-22.698429],[-46.690626,-22.697935],[-46.69021,-22.696262],[-46.689856,-22.695522],[-46.68864,-22.694362],[-46.688357,-22.693894],[-46.687775,-22.690899],[-46.687309,-22.69019],[-46.686656,-22.689679],[-46.686086,-22.689463],[-46.685188,-22.689411],[-46.682279,-22.690088],[-46.680491,-22.689375],[-46.679914,-22.688714],[-46.679258,-22.687407],[-46.679461,-22.687312],[-46.680339,-22.68549],[-46.680715,-22.684035],[-46.679965,-22.680882],[-46.679536,-22.679878],[-46.679088,-22.680431]]}},{"type":"Feature","properties":{"id_backbone":"BB-9C260DFA8C13","trecho":"ARO.TP-SPO.PP","cluster":"CAMPINAS","cabo":"F-0685","capacidade":"24","extensao_km":145.832,"confianca":"SEM_REFERENCIA","fonte":"OSRM/OpenStreetMap","ponta_a":"ARO.TP","municipio_a":"AMPARO","ponta_b":"SPO.PP","municipio_b":"SAO PAULO"},"geometry":{"type":"LineString","coordinates":[[-46.721518,-22.695646],[-46.721437,-22.695366],[-46.721852,-22.695451],[-46.722478,-22.693808],[-46.722229,-22.693233],[-46.722012,-22.693084],[-46.721148,-22.693395],[-46.721593,-22.693024],[-46.72457,-22.691822],[-46.725165,-22.691801],[-46.727434,-22.692259],[-46.728181,-22.692061],[-46.731255,-22.688788],[-46.732886,-22.688237],[-46.734349,-22.687288],[-46.735866,-22.687081],[-46.737137,-22.685888],[-46.738561,-22.685645],[-46.739621,-22.684449],[-46.740746,-22.683858],[-46.741234,-22.68321],[-46.741322,-22.683385],[-46.740943,-22.686327],[-46.741071,-22.686764],[-46.741397,-22.687007],[-46.742205,-22.687154],[-46.743985,-22.68782],[-46.745107,-22.687958],[-46.746649,-22.687773],[-46.747891,-22.686821],[-46.748719,-22.686567],[-46.749343,-22.686778],[-46.750325,-22.687935],[-46.752645,-22.689081],[-46.754534,-22.689264],[-46.755058,-22.689488],[-46.75573,-22.690448],[-46.755831,-22.690834],[-46.755907,-22.693958],[-46.756245,-22.696645],[-46.756682,-22.697498],[-46.757686,-22.698213],[-46.758384,-22.698355],[-46.759442,-22.697594],[-46.760901,-22.696882],[-46.763621,-22.696543],[-46.765026,-22.696819],[-46.766628,-22.697943],[-46.767915,-22.698477],[-46.768936,-22.698684],[-46.769762,-22.69924],[-46.769922,-22.699402],[-46.769831,-22.699682],[-46.769983,-22.700168],[-46.771295,-22.701404],[-46.773016,-22.705157],[-46.774476,-22.706358],[-46.775103,-22.707186],[-46.772971,-22.707896],[-46.773402,-22.708562],[-46.771432,-22.710885],[-46.771574,-22.713229],[-46.772073,-22.715],[-46.772309,-22.715244],[-46.772507,-22.716644],[-46.771388,-22.720067],[-46.770498,-22.720873],[-46.770474,-22.721846],[-46.769971,-22.722253],[-46.769144,-22.723879],[-46.76802,-22.725297],[-46.767703,-22.726364],[-46.7679,-22.727813],[-46.767417,-22.728768],[-46.76691,-22.729164],[-46.764922,-22.728821],[-46.764521,-22.729274],[-46.764561,-22.729644],[-46.765228,-22.730375],[-46.764673,-22.731016],[-46.76454,-22.731455],[-46.764857,-22.732868],[-46.764887,-22.733741],[-46.765438,-22.734613],[-46.7649,-22.736024],[-46.764453,-22.7365],[-46.762157,-22.736856],[-46.760658,-22.738436],[-46.760154,-22.738543],[-46.758796,-22.738406],[-46.757899,-22.739658],[-46.757946,-22.74021],[-46.758578,-22.741411],[-46.759537,-22.742406],[-46.761864,-22.74355],[-46.761997,-22.744735],[-46.762272,-22.744987],[-46.763251,-22.745366],[-46.763417,-22.745939],[-46.763089,-22.74743],[-46.762046,-22.749401],[-46.761151,-22.754491],[-46.760479,-22.755359],[-46.757912,-22.756664],[-46.757734,-22.757126],[-46.758047,-22.75801],[-46.757994,-22.758431],[-46.757741,-22.758668],[-46.756507,-22.759018],[-46.756365,-22.760021],[-46.755249,-22.760439],[-46.754675,-22.760905],[-46.754534,-22.761939],[-46.754959,-22.762905],[-46.756112,-22.762919],[-46.756892,-22.763567],[-46.757478,-22.765555],[-46.757761,-22.765928],[-46.758072,-22.766057],[-46.760406,-22.766056],[-46.762467,-22.766968],[-46.762952,-22.767429],[-46.764398,-22.773549],[-46.76388,-22.776266],[-46.764742,-22.77763],[-46.764667,-22.777885],[-46.764059,-22.778375],[-46.762759,-22.778619],[-46.762242,-22.778973],[-46.762132,-22.779409],[-46.762556,-22.780615],[-46.762199,-22.781257],[-46.761668,-22.781716],[-46.761247,-22.781789],[-46.760233,-22.781623],[-46.759356,-22.780887],[-46.758753,-22.780792],[-46.757329,-22.781117],[-46.75418,-22.782626],[-46.753668,-22.783097],[-46.753273,-22.783787],[-46.753327,-22.785368],[-46.752993,-22.785734],[-46.751975,-22.7863],[-46.751723,-22.786776],[-46.751841,-22.787428],[-46.752824,-22.788651],[-46.75408,-22.788778],[-46.754759,-22.78934],[-46.755778,-22.789346],[-46.756474,-22.789995],[-46.756944,-22.790005],[-46.75816,-22.788793],[-46.758642,-22.788788],[-46.759556,-22.78992],[-46.759718,-22.791139],[-46.760553,-22.791603],[-46.76077,-22.79194],[-46.760639,-22.792983],[-46.760948,-22.79377],[-46.760887,-22.79401],[-46.760342,-22.794535],[-46.760181,-22.795476],[-46.759936,-22.795974],[-46.759925,-22.798119],[-46.758662,-22.798946],[-46.758192,-22.799935],[-46.757914,-22.801393],[-46.755962,-22.802881],[-46.755132,-22.804237],[-46.755763,-22.810675],[-46.75516,-22.813545],[-46.755171,-22.814434],[-46.757234,-22.819139],[-46.757795,-22.819669],[-46.759266,-22.820493],[-46.760579,-22.821881],[-46.761897,-22.822502],[-46.76344,-22.826191],[-46.763786,-22.826371],[-46.765434,-22.826411],[-46.766441,-22.826624],[-46.767644,-22.827945],[-46.769046,-22.831364],[-46.769123,-22.832819],[-46.768972,-22.834834],[-46.769751,-22.835686],[-46.770599,-22.83697],[-46.771281,-22.838779],[-46.772481,-22.83971],[-46.773133,-22.840785],[-46.774155,-22.841649],[-46.775001,-22.842637],[-46.777195,-22.844527],[-46.777884,-22.845512],[-46.784629,-22.852775],[-46.784643,-22.85391],[-46.784416,-22.854593],[-46.784329,-22.856073],[-46.783986,-22.856893],[-46.784045,-22.857165],[-46.784901,-22.857829],[-46.785943,-22.857761],[-46.786309,-22.857875],[-46.78683,-22.858303],[-46.787839,-22.858753],[-46.788465,-22.859518],[-46.788524,-22.861228],[-46.789125,-22.862202],[-46.793973,-22.87817],[-46.794007,-22.879045],[-46.793056,-22.883678],[-46.791712,-22.884642],[-46.79133,-22.885339],[-46.7917,-22.892946],[-46.791566,-22.893663],[-46.791102,-22.894346],[-46.790428,-22.894758],[-46.789817,-22.894849],[-46.788352,-22.894606],[-46.787577,-22.894912],[-46.787248,-22.895438],[-46.786725,-22.899064],[-46.78581,-22.900244],[-46.784558,-22.901151],[-46.784246,-22.902362],[-46.783528,-22.903375],[-46.783696,-22.903947],[-46.784291,-22.904863],[-46.784774,-22.906534],[-46.784651,-22.906946],[-46.783809,-22.90791],[-46.783754,-22.908536],[-46.784215,-22.910552],[-46.785809,-22.914631],[-46.785689,-22.915374],[-46.784585,-22.917768],[-46.783633,-22.919149],[-46.783889,-22.920813],[-46.784264,-22.921038],[-46.785455,-22.92107],[-46.787613,-22.922181],[-46.789584,-22.924712],[-46.789996,-22.925697],[-46.790519,-22.925926],[-46.791863,-22.926004],[-46.792145,-22.926246],[-46.792115,-22.92664],[-46.791681,-22.927366],[-46.791957,-22.929198],[-46.79149,-22.933294],[-46.791715,-22.933998],[-46.792019,-22.934393],[-46.793829,-22.935531],[-46.795503,-22.936006],[-46.79972,-22.938072],[-46.801665,-22.938595],[-46.803624,-22.940019],[-46.807167,-22.94132],[-46.810146,-22.942954],[-46.810454,-22.943333],[-46.811412,-22.946275],[-46.811732,-22.946635],[-46.815245,-22.948048],[-46.818253,-22.950274],[-46.818634,-22.950831],[-46.819525,-22.953262],[-46.820537,-22.954489],[-46.820957,-22.955691],[-46.820983,-22.957887],[-46.82244,-22.959392],[-46.823068,-22.961893],[-46.823548,-22.963092],[-46.823642,-22.96413],[-46.82328,-22.967651],[-46.823487,-22.969131],[-46.823292,-22.970032],[-46.823359,-22.970813],[-46.823633,-22.971368],[-46.825162,-22.972944],[-46.828597,-22.974639],[-46.835225,-22.975728],[-46.836044,-22.97611],[-46.837125,-22.977646],[-46.836972,-22.978167],[-46.835839,-22.979185],[-46.835596,-22.97981],[-46.836433,-22.982908],[-46.837215,-22.983421],[-46.839436,-22.983567],[-46.839988,-22.983805],[-46.842554,-22.986482],[-46.843868,-22.987066],[-46.845413,-22.988832],[-46.846214,-22.989094],[-46.846284,-22.989946],[-46.847028,-22.991165],[-46.847283,-22.991444],[-46.848521,-22.992065],[-46.850113,-22.99508],[-46.850388,-22.996023],[-46.848792,-22.998595],[-46.848104,-23.001884],[-46.84786,-23.002108],[-46.846962,-23.002393],[-46.844737,-23.004855],[-46.844314,-23.004983],[-46.844673,-23.006048],[-46.843955,-23.007779],[-46.844181,-23.008671],[-46.844106,-23.009756],[-46.843376,-23.014065],[-46.842671,-23.016127],[-46.842697,-23.018056],[-46.84242,-23.022264],[-46.841892,-23.022994],[-46.841764,-23.023439],[-46.841158,-23.023683],[-46.840222,-23.024597],[-46.83992,-23.025142],[-46.839704,-23.026091],[-46.839739,-23.026478],[-46.840072,-23.027067],[-46.841331,-23.027852],[-46.841756,-23.028552],[-46.841945,-23.029477],[-46.841754,-23.030973],[-46.842368,-23.033282],[-46.842612,-23.034873],[-46.843034,-23.035742],[-46.844158,-23.037185],[-46.844439,-23.03785],[-46.844225,-23.0414],[-46.845148,-23.049348],[-46.845058,-23.052277],[-46.845585,-23.054329],[-46.845223,-23.055298],[-46.841381,-23.06096],[-46.840763,-23.062151],[-46.839092,-23.071458],[-46.839238,-23.072481],[-46.840424,-23.075291],[-46.841351,-23.076793],[-46.844072,-23.07989],[-46.846689,-23.084792],[-46.847431,-23.090092],[-46.848129,-23.093678],[-46.847817,-23.094947],[-46.846067,-23.098305],[-46.845814,-23.099457],[-46.845853,-23.100213],[-46.846281,-23.101542],[-46.848625,-23.105434],[-46.849193,-23.107957],[-46.850704,-23.112715],[-46.853191,-23.115202],[-46.854206,-23.115835],[-46.858866,-23.117873],[-46.862365,-23.118964],[-46.865216,-23.120768],[-46.868524,-23.120993],[-46.869375,-23.121182],[-46.870846,-23.122326],[-46.872055,-23.122988],[-46.872676,-23.123635],[-46.873221,-23.125179],[-46.873981,-23.126639],[-46.874596,-23.131013],[-46.874499,-23.13178],[-46.873889,-23.133367],[-46.873508,-23.135053],[-46.873314,-23.13689],[-46.873253,-23.140465],[-46.873631,-23.143698],[-46.874134,-23.144964],[-46.87788,-23.152109],[-46.878336,-23.152883],[-46.878968,-23.153444],[-46.879763,-23.15376],[-46.891951,-23.156311],[-46.90196,-23.160726],[-46.908826,-23.163042],[-46.915911,-23.167476],[-46.923689,-23.170805],[-46.925887,-23.17293],[-46.927101,-23.173588],[-46.927927,-23.173664],[-46.939113,-23.171999],[-46.940525,-23.171543],[-46.940829,-23.171155],[-46.940696,-23.170765],[-46.940265,-23.170663],[-46.939181,-23.171559],[-46.937894,-23.173541],[-46.93634,-23.176613],[-46.926847,-23.204445],[-46.925688,-23.207003],[-46.92482,-23.208481],[-46.922826,-23.211152],[-46.921386,-23.21268],[-46.919627,-23.21423],[-46.892515,-23.234565],[-46.883587,-23.24226],[-46.879788,-23.246828],[-46.878705,-23.247921],[-46.872003,-23.253399],[-46.870863,-23.254498],[-46.869718,-23.256227],[-46.868064,-23.260366],[-46.866861,-23.262072],[-46.865683,-23.263106],[-46.858965,-23.267589],[-46.85752,-23.269079],[-46.855096,-23.272292],[-46.850626,-23.276007],[-46.849455,-23.277275],[-46.848927,-23.278322],[-46.848714,-23.279129],[-46.847781,-23.287154],[-46.847448,-23.288818],[-46.846914,-23.290007],[-46.846276,-23.290792],[-46.843111,-23.293621],[-46.842042,-23.294994],[-46.841535,-23.296446],[-46.84094,-23.30132],[-46.840215,-23.303107],[-46.839027,-23.304554],[-46.834229,-23.309284],[-46.832725,-23.310192],[-46.82639,-23.312619],[-46.825262,-23.313567],[-46.824323,-23.314919],[-46.82385,-23.31676],[-46.823757,-23.323105],[-46.823133,-23.334069],[-46.822735,-23.335723],[-46.822119,-23.337296],[-46.821361,-23.338706],[-46.820264,-23.340195],[-46.813127,-23.347347],[-46.809922,-23.34962],[-46.808954,-23.35008],[-46.806996,-23.350637],[-46.799581,-23.351513],[-46.798086,-23.351902],[-46.796131,-23.352838],[-46.792056,-23.355918],[-46.79098,-23.356353],[-46.788038,-23.357127],[-46.786515,-23.357964],[-46.785643,-23.358811],[-46.784873,-23.360075],[-46.784098,-23.363283],[-46.783481,-23.364711],[-46.778353,-23.373257],[-46.777047,-23.374651],[-46.771744,-23.379078],[-46.770564,-23.380471],[-46.769877,-23.381993],[-46.769512,-23.383755],[-46.769247,-23.389798],[-46.768073,-23.400023],[-46.767857,-23.407409],[-46.767455,-23.410494],[-46.767009,-23.412081],[-46.766012,-23.414458],[-46.761712,-23.421868],[-46.761227,-23.423047],[-46.760391,-23.434023],[-46.759954,-23.435363],[-46.757014,-23.441285],[-46.756607,-23.442406],[-46.752368,-23.462548],[-46.751968,-23.4638],[-46.748353,-23.472176],[-46.747505,-23.473494],[-46.74594,-23.474735],[-46.741206,-23.476907],[-46.739972,-23.47793],[-46.738979,-23.47916],[-46.738121,-23.481203],[-46.737219,-23.487515],[-46.73619,-23.489735],[-46.734947,-23.491461],[-46.731988,-23.494461],[-46.727977,-23.500045],[-46.72343,-23.505208],[-46.72222,-23.506797],[-46.721642,-23.507769],[-46.721464,-23.508384],[-46.721565,-23.509252],[-46.722065,-23.510171],[-46.723159,-23.511747],[-46.724154,-23.512719],[-46.728234,-23.515102],[-46.731847,-23.516902],[-46.733693,-23.517328],[-46.740863,-23.517103],[-46.742997,-23.517178],[-46.744854,-23.517715],[-46.746357,-23.518715],[-46.74758,-23.52027],[-46.749671,-23.524689],[-46.750243,-23.526328],[-46.750459,-23.527608],[-46.750469,-23.529792],[-46.75016,-23.532046],[-46.749676,-23.533084],[-46.748546,-23.534319],[-46.737231,-23.544367],[-46.735224,-23.545893],[-46.732829,-23.548292],[-46.731251,-23.549545],[-46.708917,-23.560548],[-46.707113,-23.56184],[-46.706213,-23.562852],[-46.705469,-23.564115],[-46.702992,-23.570488],[-46.700886,-23.573286],[-46.697622,-23.576392],[-46.693174,-23.583883],[-46.692296,-23.586335],[-46.692439,-23.5877],[-46.692873,-23.58786],[-46.693031,-23.58751],[-46.692843,-23.586946],[-46.690423,-23.586785],[-46.689849,-23.586524],[-46.684306,-23.581158],[-46.683451,-23.580514],[-46.681891,-23.580454],[-46.679904,-23.580641],[-46.678467,-23.580365],[-46.673284,-23.577305],[-46.671834,-23.577137],[-46.671059,-23.576888],[-46.667131,-23.574062],[-46.661822,-23.579066],[-46.661106,-23.580167],[-46.657522,-23.582072],[-46.655654,-23.585228],[-46.652995,-23.587616],[-46.650886,-23.592378],[-46.650743,-23.593426],[-46.651207,-23.598863],[-46.652227,-23.600017],[-46.65359,-23.600809]]}},{"type":"Feature","properties":{"id_backbone":"BB-54825F5A546F","trecho":"ARQ.AD-ARQ.VX","cluster":"RIBEIRAO PRETO","cabo":"F-0417","capacidade":"36","extensao_km":3.343,"confianca":"MEDIA","fonte":"OSRM/OpenStreetMap","ponta_a":"ARQ.AD","municipio_a":"ARARAQUARA","ponta_b":"ARQ.VX","municipio_b":"ARARAQUARA"},"geometry":{"type":"LineString","coordinates":[[-48.175642,-21.792387],[-48.175333,-21.793647],[-48.171754,-21.792855],[-48.17169,-21.79341],[-48.16383,-21.791474],[-48.162115,-21.791441],[-48.158971,-21.783911],[-48.156328,-21.78332],[-48.150995,-21.782647]]}},{"type":"Feature","properties":{"id_backbone":"BB-C361550D17D7","trecho":"ARQ.FI-BRU.VF","cluster":"RIBEIRAO PRETO","cabo":"F-0133-00","capacidade":"36","extensao_km":136.017,"confianca":"ALTA","fonte":"OSRM/OpenStreetMap","ponta_a":"ARQ.FI","municipio_a":"ARARAQUARA","ponta_b":"BRU.VF","municipio_b":"BAURU"},"geometry":{"type":"LineString","coordinates":[[-48.174391,-21.777909],[-48.172355,-21.776],[-48.169479,-21.778506],[-48.16974,-21.779218],[-48.171454,-21.781757],[-48.172311,-21.784638],[-48.172429,-21.792744],[-48.172747,-21.793301],[-48.172588,-21.793699],[-48.172609,-21.794968],[-48.17283,-21.796498],[-48.173067,-21.797099],[-48.173301,-21.8006],[-48.173115,-21.803552],[-48.176568,-21.804486],[-48.176419,-21.80535],[-48.176837,-21.80705],[-48.177075,-21.807458],[-48.177034,-21.8082],[-48.177672,-21.811672],[-48.17789,-21.812213],[-48.177888,-21.812919],[-48.178422,-21.815781],[-48.178828,-21.816599],[-48.179932,-21.8174],[-48.18032,-21.818353],[-48.180851,-21.818492],[-48.18397,-21.81772],[-48.185624,-21.817476],[-48.202854,-21.816847],[-48.205671,-21.817077],[-48.207075,-21.817466],[-48.20865,-21.818147],[-48.210311,-21.819124],[-48.266569,-21.857958],[-48.269913,-21.860412],[-48.273799,-21.864049],[-48.27659,-21.86734],[-48.364351,-21.975324],[-48.37471,-21.988018],[-48.375702,-21.98884],[-48.376166,-21.98983],[-48.381361,-21.996758],[-48.401504,-22.024948],[-48.402155,-22.025678],[-48.403946,-22.028393],[-48.448217,-22.090192],[-48.449516,-22.091945],[-48.451268,-22.093583],[-48.452124,-22.094716],[-48.453009,-22.096775],[-48.454788,-22.099467],[-48.455383,-22.100903],[-48.455584,-22.102594],[-48.455477,-22.115079],[-48.455727,-22.117371],[-48.456134,-22.11908],[-48.456864,-22.120493],[-48.457074,-22.122195],[-48.462139,-22.138538],[-48.463258,-22.140832],[-48.46642,-22.145553],[-48.471387,-22.152732],[-48.472709,-22.154132],[-48.4733,-22.155529],[-48.475293,-22.158707],[-48.478035,-22.165909],[-48.47903,-22.167852],[-48.485981,-22.175992],[-48.490295,-22.180774],[-48.493158,-22.182558],[-48.500549,-22.186429],[-48.501608,-22.187117],[-48.502796,-22.188249],[-48.528099,-22.227822],[-48.530093,-22.2302],[-48.533833,-22.233241],[-48.535371,-22.234866],[-48.567735,-22.280312],[-48.568455,-22.281075],[-48.569635,-22.281922],[-48.571153,-22.282601],[-48.576245,-22.284361],[-48.577059,-22.284894],[-48.577565,-22.285506],[-48.577909,-22.286373],[-48.577938,-22.287157],[-48.576357,-22.298102],[-48.576064,-22.301447],[-48.576256,-22.302156],[-48.576708,-22.30252],[-48.586266,-22.303282],[-48.603545,-22.304337],[-48.694256,-22.309521],[-48.707454,-22.310379],[-48.710319,-22.310741],[-48.714463,-22.311808],[-48.718483,-22.313461],[-48.721497,-22.31525],[-48.730431,-22.321958],[-48.734134,-22.324475],[-48.739058,-22.326924],[-48.743843,-22.328455],[-48.788215,-22.336002],[-48.828361,-22.342607],[-48.837116,-22.343388],[-48.841193,-22.343434],[-48.847234,-22.343188],[-48.855029,-22.342263],[-48.971049,-22.321142],[-48.997216,-22.316495],[-48.998951,-22.316389],[-49.000751,-22.316989],[-49.002175,-22.318188],[-49.035872,-22.356449],[-49.036826,-22.357151],[-49.039254,-22.359952],[-49.040038,-22.360306],[-49.040918,-22.360063],[-49.041427,-22.359248],[-49.041908,-22.357614],[-49.041717,-22.356633],[-49.041884,-22.355895],[-49.042818,-22.354772],[-49.043429,-22.353145],[-49.051721,-22.32528],[-49.057337,-22.326163],[-49.07509,-22.330529],[-49.084003,-22.332241],[-49.084723,-22.332232],[-49.085504,-22.332072],[-49.085725,-22.33185],[-49.08632,-22.331887],[-49.087448,-22.331543],[-49.093917,-22.327687],[-49.096483,-22.32834]]}},{"type":"Feature","properties":{"id_backbone":"BB-242B6BFE3A42","trecho":"ARQ.FI-ARQ.RD","cluster":"RIBEIRAO PRETO","cabo":"F-0203","capacidade":"36","extensao_km":14.047,"confianca":"BAIXA","fonte":"OSRM/OpenStreetMap","ponta_a":"ARQ.FI","municipio_a":"ARARAQUARA","ponta_b":"ARQ.RD","municipio_b":"ARARAQUARA"},"geometry":{"type":"LineString","coordinates":[[-48.174391,-21.777909],[-48.172289,-21.775932],[-48.174048,-21.774257],[-48.173981,-21.774034],[-48.17171,-21.771835],[-48.171092,-21.771513],[-48.171249,-21.770992],[-48.170996,-21.769962],[-48.171107,-21.769128],[-48.177108,-21.759247],[-48.180935,-21.756334],[-48.189698,-21.730909],[-48.198854,-21.715509],[-48.19898,-21.715083],[-48.199255,-21.714839],[-48.201487,-21.711125],[-48.208261,-21.708104],[-48.218839,-21.700715],[-48.222106,-21.700501],[-48.222948,-21.700211],[-48.223731,-21.699519],[-48.224684,-21.698246],[-48.223832,-21.699806],[-48.224863,-21.701632],[-48.235214,-21.705816],[-48.230103,-21.713944]]}},{"type":"Feature","properties":{"id_backbone":"BB-ADE9BBE1594E","trecho":"ARQ.FI-IBE.SI","cluster":"RIBEIRAO PRETO","cabo":"F-0230","capacidade":"72","extensao_km":30.871,"confianca":"SEM_REFERENCIA","fonte":"OSRM/OpenStreetMap","ponta_a":"ARQ.FI","municipio_a":"ARARAQUARA","ponta_b":"IBE.SI","municipio_b":"IBATE"},"geometry":{"type":"LineString","coordinates":[[-48.174391,-21.777909],[-48.172355,-21.776],[-48.169479,-21.778506],[-48.16974,-21.779218],[-48.171454,-21.781757],[-48.172311,-21.784638],[-48.172429,-21.792744],[-48.172747,-21.793301],[-48.172588,-21.793699],[-48.172609,-21.794968],[-48.17283,-21.796498],[-48.173067,-21.797099],[-48.173301,-21.8006],[-48.173115,-21.803552],[-48.176568,-21.804486],[-48.176419,-21.80535],[-48.176837,-21.80705],[-48.177075,-21.807458],[-48.177034,-21.8082],[-48.177672,-21.811672],[-48.17789,-21.812213],[-48.177888,-21.812919],[-48.178422,-21.815781],[-48.178828,-21.816599],[-48.179733,-21.817166],[-48.180021,-21.817537],[-48.180191,-21.81807],[-48.179969,-21.818501],[-48.178853,-21.819326],[-48.177634,-21.819649],[-48.174114,-21.821768],[-48.145313,-21.842441],[-48.140445,-21.845705],[-48.100061,-21.874787],[-48.097935,-21.875869],[-48.093674,-21.876714],[-48.091908,-21.877514],[-48.090906,-21.878355],[-48.088516,-21.881294],[-48.087068,-21.8826],[-47.996859,-21.947748],[-47.996426,-21.948352],[-47.996604,-21.949024],[-47.999632,-21.950966],[-47.997036,-21.956167],[-47.997954,-21.956553],[-47.998652,-21.955121]]}},{"type":"Feature","properties":{"id_backbone":"BB-2648FAE30402","trecho":"ARQ.JI-ARQ.VX","cluster":"RIBEIRAO PRETO","cabo":"TR#1955","capacidade":"24 F","extensao_km":5.307,"confianca":"ALTA","fonte":"OSRM/OpenStreetMap","ponta_a":"ARQ.JI","municipio_a":"ARARAQUARA","ponta_b":"ARQ.VX","municipio_b":"ARARAQUARA"},"geometry":{"type":"LineString","coordinates":[[-48.158989,-21.751946],[-48.159393,-21.752096],[-48.159588,-21.752577],[-48.157842,-21.754191],[-48.158313,-21.754686],[-48.160297,-21.758004],[-48.160761,-21.762492],[-48.162018,-21.766265],[-48.162478,-21.767003],[-48.165354,-21.766748],[-48.165521,-21.768368],[-48.16442,-21.768615],[-48.163736,-21.768474],[-48.161585,-21.768719],[-48.160987,-21.769062],[-48.160501,-21.769779],[-48.159354,-21.776043],[-48.159517,-21.776873],[-48.15911,-21.777697],[-48.158297,-21.783024],[-48.158351,-21.783677],[-48.150995,-21.782647]]}},{"type":"Feature","properties":{"id_backbone":"BB-81B0D6430769","trecho":"ARQ.VX-RNO.RN","cluster":"RIBEIRAO PRETO","cabo":"F-0202","capacidade":"36","extensao_km":29.744,"confianca":"SEM_REFERENCIA","fonte":"OSRM/OpenStreetMap","ponta_a":"ARQ.VX","municipio_a":"ARARAQUARA","ponta_b":"RNO.RN","municipio_b":"RINCAO"},"geometry":{"type":"LineString","coordinates":[[-48.150995,-21.782647],[-48.151901,-21.782707],[-48.152328,-21.780034],[-48.144254,-21.775654],[-48.143053,-21.774776],[-48.14052,-21.771814],[-48.140572,-21.771302],[-48.140169,-21.768457],[-48.138955,-21.766071],[-48.137843,-21.765457],[-48.135234,-21.764715],[-48.134772,-21.76487],[-48.134558,-21.76479],[-48.134543,-21.764576],[-48.13568,-21.762496],[-48.135469,-21.761778],[-48.134662,-21.761233],[-48.122394,-21.755382],[-48.120721,-21.75474],[-48.120098,-21.754955],[-48.119718,-21.754908],[-48.119339,-21.754664],[-48.118767,-21.753704],[-48.116571,-21.752629],[-48.111918,-21.751491],[-48.110062,-21.750523],[-48.108707,-21.749391],[-48.104774,-21.740065],[-48.104143,-21.737424],[-48.10356,-21.732042],[-48.102839,-21.732102],[-48.102611,-21.729989],[-48.102788,-21.729832],[-48.102724,-21.729084],[-48.101872,-21.729164],[-48.101543,-21.72937],[-48.101284,-21.729208],[-48.101359,-21.728192],[-48.100858,-21.724268],[-48.100531,-21.723571],[-48.100564,-21.723043],[-48.100272,-21.722162],[-48.099065,-21.719481],[-48.097015,-21.716592],[-48.080506,-21.69832],[-48.079997,-21.69754],[-48.079653,-21.696142],[-48.079879,-21.694747],[-48.080324,-21.693959],[-48.082191,-21.691694],[-48.082549,-21.69085],[-48.082519,-21.689787],[-48.082006,-21.688663],[-48.079771,-21.686416],[-48.077895,-21.685226],[-48.077258,-21.68406],[-48.067688,-21.675075],[-48.066151,-21.673405],[-48.064727,-21.671502],[-48.032648,-21.614361],[-48.031753,-21.613813],[-48.031943,-21.613305],[-48.033,-21.61277],[-48.056546,-21.591103],[-48.057307,-21.590636],[-48.058803,-21.590105],[-48.065015,-21.589552],[-48.06558,-21.589225],[-48.067507,-21.587272],[-48.069546,-21.587424],[-48.069619,-21.586777],[-48.070274,-21.586854],[-48.070335,-21.586464]]}},{"type":"Feature","properties":{"id_backbone":"BB-A0CC513148A8","trecho":"ASI.RP-PTK.JS","cluster":"ARACATUBA","cabo":"F-0125","capacidade":"72","extensao_km":23.599,"confianca":"ALTA","fonte":"OSRM/OpenStreetMap","ponta_a":"ASI.RP","municipio_a":"ASSIS","ponta_b":"PTK.JS","municipio_b":"PLATINA"},"geometry":{"type":"LineString","coordinates":[[-50.415723,-22.656001],[-50.415736,-22.653039],[-50.413052,-22.652581],[-50.412929,-22.651627],[-50.412203,-22.650823],[-50.411255,-22.650101],[-50.408749,-22.64672],[-50.408387,-22.646518],[-50.407045,-22.644597],[-50.405876,-22.643163],[-50.405522,-22.642956],[-50.405414,-22.642568],[-50.404022,-22.640771],[-50.403656,-22.639892],[-50.402805,-22.639448],[-50.402471,-22.639459],[-50.399804,-22.640777],[-50.388493,-22.646522],[-50.388022,-22.647186],[-50.386739,-22.64786],[-50.386306,-22.648348],[-50.385599,-22.647641],[-50.385088,-22.64761],[-50.384991,-22.647179],[-50.383503,-22.646074],[-50.382761,-22.645762],[-50.381767,-22.645597],[-50.327562,-22.640659],[-50.253772,-22.633416],[-50.221034,-22.630006],[-50.210568,-22.629194],[-50.209586,-22.629631],[-50.205673,-22.632466],[-50.204314,-22.63079]]}},{"type":"Feature","properties":{"id_backbone":"BB-46C43C7A2032","trecho":"ASI.RP-PGP.PG","cluster":"ARACATUBA","cabo":"F-0209","capacidade":"72","extensao_km":34.702,"confianca":"MEDIA","fonte":"OSRM/OpenStreetMap","ponta_a":"ASI.RP","municipio_a":"ASSIS","ponta_b":"PGP.PG","municipio_b":"PARAGUACU PAULISTA"},"geometry":{"type":"LineString","coordinates":[[-50.415723,-22.656001],[-50.415727,-22.654075],[-50.417078,-22.654078],[-50.418407,-22.64556],[-50.418415,-22.644193],[-50.41857,-22.643906],[-50.419351,-22.638847],[-50.419168,-22.638252],[-50.419507,-22.637735],[-50.41923,-22.636783],[-50.418951,-22.636699],[-50.418627,-22.636879],[-50.418634,-22.637336],[-50.419234,-22.637542],[-50.431947,-22.636724],[-50.432867,-22.636372],[-50.516056,-22.573278],[-50.518525,-22.57117],[-50.519733,-22.569889],[-50.52106,-22.56843],[-50.522913,-22.565904],[-50.54467,-22.527753],[-50.544996,-22.526414],[-50.545536,-22.526039],[-50.54599,-22.525444],[-50.555471,-22.50867],[-50.575798,-22.465818],[-50.582409,-22.447851],[-50.582975,-22.445502],[-50.581787,-22.44166],[-50.574814,-22.415942],[-50.577436,-22.415338],[-50.576972,-22.413694],[-50.577544,-22.413559]]}},{"type":"Feature","properties":{"id_backbone":"BB-3DFC551BBEB3","trecho":"ASO.AA-SPD.VA","cluster":"CAMPINAS","cabo":"F-0166","capacidade":"12","extensao_km":8.28,"confianca":"ALTA","fonte":"OSRM/OpenStreetMap","ponta_a":"ASO.AA","municipio_a":"AGUAS DE SAO PEDRO","ponta_b":"SPD.VA","municipio_b":"SAO PEDRO"},"geometry":{"type":"LineString","coordinates":[[-47.874193,-22.599098],[-47.874482,-22.598787],[-47.87401,-22.597754],[-47.873445,-22.59709],[-47.872511,-22.596599],[-47.871109,-22.596368],[-47.871329,-22.595752],[-47.871742,-22.595271],[-47.873141,-22.59458],[-47.875217,-22.594322],[-47.876895,-22.592802],[-47.880162,-22.591539],[-47.880669,-22.591],[-47.88157,-22.589016],[-47.882047,-22.588625],[-47.886862,-22.588177],[-47.887529,-22.587978],[-47.89376,-22.581577],[-47.902261,-22.56698],[-47.904876,-22.559952],[-47.905355,-22.559008],[-47.905733,-22.558593],[-47.907677,-22.557891],[-47.910406,-22.557685],[-47.910179,-22.55574],[-47.910574,-22.554288],[-47.910391,-22.552689],[-47.914205,-22.552544],[-47.914178,-22.549864],[-47.913186,-22.549883],[-47.913193,-22.550005]]}},{"type":"Feature","properties":{"id_backbone":"BB-C0381C803E83","trecho":"ASO.ERB-PAA.PI","cluster":"CAMPINAS","cabo":"TR-0230","capacidade":"14","extensao_km":31.101,"confianca":"SEM_REFERENCIA","fonte":"OSRM/OpenStreetMap","ponta_a":"ASO.ERB","municipio_a":"AGUAS DE SAO PEDRO","ponta_b":"PAA.PI","municipio_b":"PIRACICABA"},"geometry":{"type":"LineString","coordinates":[[-47.871061,-22.597908],[-47.871333,-22.597416],[-47.870978,-22.596768],[-47.871109,-22.596368],[-47.872667,-22.596653],[-47.873645,-22.597277],[-47.874762,-22.599364],[-47.874353,-22.5998],[-47.873869,-22.600868],[-47.87352,-22.60109],[-47.872386,-22.601211],[-47.871111,-22.601699],[-47.870031,-22.60184],[-47.868961,-22.602216],[-47.866634,-22.602594],[-47.866112,-22.603022],[-47.865542,-22.604472],[-47.865254,-22.604806],[-47.860967,-22.60666],[-47.860186,-22.607166],[-47.853782,-22.613183],[-47.850414,-22.618499],[-47.850081,-22.619757],[-47.849407,-22.620236],[-47.848721,-22.621197],[-47.848027,-22.621842],[-47.846895,-22.62251],[-47.833037,-22.627897],[-47.826549,-22.631934],[-47.812631,-22.645825],[-47.811355,-22.646936],[-47.809838,-22.647587],[-47.798026,-22.650772],[-47.79665,-22.651426],[-47.789273,-22.655835],[-47.786373,-22.658423],[-47.769581,-22.674926],[-47.76819,-22.6759],[-47.767034,-22.676418],[-47.765602,-22.676777],[-47.763142,-22.676746],[-47.761004,-22.676082],[-47.756668,-22.673761],[-47.755221,-22.673366],[-47.753273,-22.673297],[-47.70109,-22.680408],[-47.687375,-22.683043],[-47.674067,-22.685778],[-47.672123,-22.686302],[-47.669457,-22.687646],[-47.6673,-22.689441],[-47.65944,-22.699343],[-47.65818,-22.70121],[-47.657716,-22.702834],[-47.65563,-22.704989],[-47.654945,-22.705066],[-47.65435,-22.704111],[-47.653606,-22.703691],[-47.648669,-22.702918],[-47.648192,-22.703049],[-47.647062,-22.706477],[-47.646313,-22.70714],[-47.645623,-22.70855],[-47.645843,-22.709507],[-47.646571,-22.71075],[-47.647613,-22.713382],[-47.647633,-22.713725],[-47.646333,-22.714797],[-47.646752,-22.715555],[-47.646365,-22.716396],[-47.646618,-22.718073],[-47.646857,-22.718633],[-47.647507,-22.718981],[-47.647596,-22.7192],[-47.647389,-22.719461],[-47.646491,-22.719884],[-47.647077,-22.72101],[-47.647489,-22.720817]]}},{"type":"Feature","properties":{"id_backbone":"BB-A0EB687EA00D","trecho":"AUF.JB-GSG.NG","cluster":"SAO JOSE DO RIO PRETO","cabo":"F-0032","capacidade":"36","extensao_km":24.389,"confianca":"BAIXA","fonte":"OSRM/OpenStreetMap","ponta_a":"AUF.JB","municipio_a":"AURIFLAMA","ponta_b":"GSG.NG","municipio_b":"GENERAL SALGADO"},"geometry":{"type":"LineString","coordinates":[[-50.55287,-20.685732],[-50.552745,-20.686642],[-50.550635,-20.686382],[-50.550417,-20.686507],[-50.548766,-20.685176],[-50.548377,-20.683751],[-50.548328,-20.682757],[-50.548706,-20.680969],[-50.553892,-20.665163],[-50.554094,-20.663935],[-50.554083,-20.662799],[-50.553946,-20.662388],[-50.553611,-20.662127],[-50.551362,-20.662289],[-50.547929,-20.66208],[-50.544175,-20.661448],[-50.54301,-20.661414],[-50.538332,-20.660626],[-50.537448,-20.660345],[-50.512516,-20.656282],[-50.471791,-20.6517],[-50.464487,-20.651661],[-50.460853,-20.651739],[-50.459213,-20.651952],[-50.455774,-20.651975],[-50.454234,-20.651797],[-50.432928,-20.651919],[-50.371125,-20.642673],[-50.368958,-20.642571],[-50.364807,-20.642065],[-50.363519,-20.644937],[-50.363296,-20.646492],[-50.360613,-20.646233],[-50.360175,-20.649882],[-50.360865,-20.649962]]}},{"type":"Feature","properties":{"id_backbone":"BB-115B3D7D5B8D","trecho":"AVI.MQ-TIBI.TB","cluster":"BAURU","cabo":"F-0151-01","capacidade":"12","extensao_km":26.536,"confianca":"ALTA","fonte":"OSRM/OpenStreetMap","ponta_a":"AVI.MQ","municipio_a":"AVAI","ponta_b":"TIBI.TB","municipio_b":"BAURU"},"geometry":{"type":"LineString","coordinates":[[-49.332317,-22.156075],[-49.332928,-22.154299],[-49.32779,-22.152792],[-49.326271,-22.15229],[-49.325588,-22.151902],[-49.317274,-22.143391],[-49.30645,-22.120965],[-49.306245,-22.120617],[-49.305841,-22.1206],[-49.304551,-22.121183],[-49.303358,-22.121961],[-49.200845,-22.195159],[-49.199056,-22.195972],[-49.197783,-22.196274],[-49.191019,-22.196444],[-49.190142,-22.196677],[-49.188661,-22.197534],[-49.187603,-22.198758],[-49.184168,-22.204293],[-49.183678,-22.205601],[-49.183714,-22.206546],[-49.19109,-22.212678],[-49.195451,-22.215795],[-49.201149,-22.22108],[-49.202873,-22.2238],[-49.208996,-22.228195],[-49.210295,-22.229556],[-49.211946,-22.231814],[-49.214382,-22.234098],[-49.215232,-22.234538],[-49.216165,-22.234687],[-49.220863,-22.234074],[-49.221245,-22.236266]]}},{"type":"Feature","properties":{"id_backbone":"BB-FB5D3F3A130D","trecho":"AVR.SC-ITY.IT","cluster":"BAURU","cabo":"F-0125-01","capacidade":"12","extensao_km":43.762,"confianca":"ALTA","fonte":"OSRM/OpenStreetMap","ponta_a":"AVR.SC","municipio_a":"AVARE","ponta_b":"ITY.IT","municipio_b":"ITAI"},"geometry":{"type":"LineString","coordinates":[[-48.920016,-23.10005],[-48.920126,-23.100578],[-48.919161,-23.100771],[-48.918973,-23.099865],[-48.939615,-23.09597],[-48.940256,-23.095733],[-48.940487,-23.095871],[-48.940217,-23.096787],[-48.939374,-23.097156],[-48.939257,-23.097441],[-48.940833,-23.109583],[-48.941031,-23.113156],[-48.940505,-23.115215],[-48.938489,-23.119694],[-48.938169,-23.121667],[-48.938292,-23.122902],[-48.938955,-23.125383],[-48.939189,-23.127381],[-48.940574,-23.133599],[-48.948475,-23.159455],[-48.94934,-23.161508],[-48.956427,-23.17472],[-48.956944,-23.175931],[-48.981387,-23.246557],[-48.982254,-23.248509],[-48.983184,-23.249727],[-48.983999,-23.250483],[-49.024935,-23.279147],[-49.02876,-23.283151],[-49.063602,-23.32123],[-49.066669,-23.324603],[-49.067835,-23.326267],[-49.074822,-23.340685],[-49.075445,-23.342555],[-49.076861,-23.3485],[-49.077467,-23.349894],[-49.080423,-23.355311],[-49.084386,-23.369723],[-49.084935,-23.371078],[-49.085815,-23.372482],[-49.086843,-23.373623],[-49.092622,-23.378141],[-49.093642,-23.379502],[-49.094416,-23.381386],[-49.094601,-23.382556],[-49.09457,-23.38389],[-49.09185,-23.407372],[-49.091862,-23.411896],[-49.092199,-23.412832],[-49.092843,-23.413805],[-49.091986,-23.415569],[-49.092164,-23.418594],[-49.091107,-23.418635]]}},{"type":"Feature","properties":{"id_backbone":"BB-1D3CCCB22502","trecho":"AVR.SC-BTU.JP","cluster":"BAURU","cabo":"F-0140-00","capacidade":"36","extensao_km":77.507,"confianca":"ALTA","fonte":"OSRM/OpenStreetMap","ponta_a":"AVR.SC","municipio_a":"AVARE","ponta_b":"BTU.JP","municipio_b":"BOTUCATU"},"geometry":{"type":"LineString","coordinates":[[-48.920016,-23.10005],[-48.920126,-23.100578],[-48.919161,-23.100771],[-48.918973,-23.099865],[-48.937807,-23.096273],[-48.937891,-23.096034],[-48.937703,-23.09534],[-48.938557,-23.094643],[-48.93847,-23.093691],[-48.938052,-23.092175],[-48.936623,-23.08916],[-48.928219,-23.077454],[-48.926936,-23.076114],[-48.925245,-23.074772],[-48.90989,-23.06449],[-48.894618,-23.054556],[-48.891522,-23.052422],[-48.890106,-23.051192],[-48.825362,-22.983409],[-48.823013,-22.981153],[-48.821066,-22.978562],[-48.815417,-22.970278],[-48.813663,-22.968125],[-48.812945,-22.967503],[-48.811666,-22.966843],[-48.80846,-22.966385],[-48.805037,-22.966194],[-48.803117,-22.966616],[-48.798813,-22.968777],[-48.782626,-22.977758],[-48.770316,-22.984039],[-48.755575,-22.990998],[-48.746612,-22.994941],[-48.735164,-22.999655],[-48.72248,-23.004481],[-48.714127,-23.007447],[-48.646744,-23.029915],[-48.63834,-23.03288],[-48.629231,-23.036444],[-48.580986,-23.05696],[-48.573976,-23.059783],[-48.566934,-23.062373],[-48.560399,-23.064517],[-48.531319,-23.073749],[-48.530403,-23.074237],[-48.530195,-23.074636],[-48.530398,-23.075134],[-48.531007,-23.075465],[-48.531903,-23.075483],[-48.532524,-23.075071],[-48.532786,-23.07449],[-48.532602,-23.073597],[-48.498137,-22.99126],[-48.491062,-22.974701],[-48.478365,-22.944053],[-48.474408,-22.935192],[-48.471921,-22.930512],[-48.469488,-22.926385],[-48.46662,-22.922015],[-48.463784,-22.918122],[-48.451482,-22.902709],[-48.449336,-22.900338],[-48.449204,-22.899956],[-48.446747,-22.896938],[-48.445435,-22.89688],[-48.444718,-22.889044],[-48.435391,-22.88978],[-48.4354,-22.889371],[-48.436035,-22.888069]]}},{"type":"Feature","properties":{"id_backbone":"BB-C891E952E1FA","trecho":"AYS.JC-QUZ.ME","cluster":"SAO JOSE DOS CAMPOS","cabo":"TR-1442","capacidade":"36","extensao_km":14.137,"confianca":"REJEITADA","fonte":"OSRM/OpenStreetMap","ponta_a":"AYS.JC","municipio_a":"AREIAS","ponta_b":"QUZ.ME","municipio_b":"QUELUZ"},"geometry":{"type":"LineString","coordinates":[[-44.697828,-22.578878],[-44.697951,-22.579605],[-44.699225,-22.579506],[-44.698557,-22.581118],[-44.70219,-22.582556],[-44.702826,-22.58378],[-44.703145,-22.584077],[-44.704618,-22.584438],[-44.705831,-22.585294],[-44.706821,-22.585544],[-44.710258,-22.584972],[-44.711181,-22.585186],[-44.711394,-22.585421],[-44.711496,-22.586659],[-44.712081,-22.587319],[-44.712322,-22.587911],[-44.712593,-22.588044],[-44.715078,-22.586921],[-44.717299,-22.586396],[-44.718678,-22.585544],[-44.719308,-22.584894],[-44.720608,-22.584391],[-44.721158,-22.584001],[-44.72161,-22.58305],[-44.721298,-22.581866],[-44.721941,-22.580222],[-44.724382,-22.57859],[-44.725433,-22.577277],[-44.726265,-22.576715],[-44.726781,-22.57582],[-44.727496,-22.575177],[-44.729314,-22.574602],[-44.729751,-22.573792],[-44.729526,-22.57246],[-44.729633,-22.572064],[-44.73058,-22.571729],[-44.730905,-22.571061],[-44.731707,-22.570526],[-44.731967,-22.569887],[-44.73341,-22.568713],[-44.734075,-22.56848],[-44.735979,-22.568435],[-44.736967,-22.569364],[-44.737136,-22.57001],[-44.737331,-22.570137],[-44.738112,-22.569835],[-44.738788,-22.569292],[-44.738978,-22.568819],[-44.738334,-22.567182],[-44.738436,-22.56607],[-44.73893,-22.565245],[-44.740789,-22.563821],[-44.741414,-22.563766],[-44.742816,-22.564049],[-44.744182,-22.563774],[-44.744863,-22.563806],[-44.745753,-22.564443],[-44.748084,-22.565374],[-44.749965,-22.565386],[-44.753856,-22.564279],[-44.755552,-22.564309],[-44.757416,-22.56395],[-44.759492,-22.5623],[-44.760473,-22.561715],[-44.762904,-22.560831],[-44.763319,-22.560876],[-44.763515,-22.561213],[-44.763418,-22.561728],[-44.762863,-22.562298],[-44.762831,-22.562607],[-44.763807,-22.563578],[-44.764003,-22.564071],[-44.764322,-22.564334],[-44.764856,-22.564393],[-44.766423,-22.564034],[-44.768681,-22.563065],[-44.770588,-22.562446],[-44.770829,-22.56207],[-44.770969,-22.560603],[-44.771403,-22.559273],[-44.77179,-22.558602],[-44.772857,-22.557482],[-44.774536,-22.556435],[-44.775295,-22.555706],[-44.776054,-22.555516],[-44.777318,-22.554795],[-44.778063,-22.553881],[-44.778273,-22.553327],[-44.778078,-22.552635],[-44.778188,-22.551512],[-44.777703,-22.550752],[-44.777647,-22.550391],[-44.778128,-22.548634],[-44.778151,-22.547996],[-44.777821,-22.547136],[-44.77726,-22.546488],[-44.777137,-22.545768],[-44.777402,-22.545199],[-44.7773,-22.544654],[-44.776893,-22.544219],[-44.775676,-22.54422],[-44.775619,-22.543919],[-44.776005,-22.543176],[-44.775427,-22.542037],[-44.774064,-22.540795],[-44.772706,-22.54044],[-44.772629,-22.540015],[-44.773019,-22.539193],[-44.772217,-22.538588]]}},{"type":"Feature","properties":{"id_backbone":"BB-887571512256","trecho":"BAS.PV-BAS.RD","cluster":"BAURU","cabo":"F-0321-00","capacidade":"24","extensao_km":3.479,"confianca":"MEDIA","fonte":"OSRM/OpenStreetMap","ponta_a":"BAS.PV","municipio_a":"BASTOS","ponta_b":"BAS.RD","municipio_b":"BASTOS"},"geometry":{"type":"LineString","coordinates":[[-50.733394,-21.918902],[-50.733949,-21.920422],[-50.731417,-21.921239],[-50.731124,-21.920437],[-50.725291,-21.922312],[-50.724758,-21.922669],[-50.724186,-21.922695],[-50.72143,-21.9235],[-50.718764,-21.92357],[-50.718295,-21.923348],[-50.717663,-21.923315],[-50.716767,-21.923808],[-50.715909,-21.924868],[-50.715074,-21.925081],[-50.714194,-21.924747],[-50.713783,-21.924328],[-50.713505,-21.923713],[-50.713723,-21.921411],[-50.713638,-21.920239],[-50.712291,-21.916385],[-50.712473,-21.91604]]}},{"type":"Feature","properties":{"id_backbone":"BB-241A3E49D9EA","trecho":"BAT.RD-FAC.PM","cluster":"RIBEIRAO PRETO","cabo":null,"capacidade":"2","extensao_km":56.371,"confianca":"MEDIA","fonte":"OSRM/OpenStreetMap","ponta_a":"BAT.RD","municipio_a":"BATATAIS","ponta_b":"FAC.PM","municipio_b":"FRANCA"},"geometry":{"type":"LineString","coordinates":[[-47.638729,-20.893501],[-47.637345,-20.894708],[-47.636067,-20.895573],[-47.634275,-20.896476],[-47.632374,-20.897155],[-47.629122,-20.897686],[-47.618942,-20.898126],[-47.618101,-20.898382],[-47.617945,-20.898727],[-47.618017,-20.899008],[-47.618293,-20.89926],[-47.618649,-20.89932],[-47.619045,-20.899117],[-47.619189,-20.898826],[-47.618973,-20.887754],[-47.618564,-20.885329],[-47.617429,-20.882692],[-47.61615,-20.880936],[-47.614411,-20.879312],[-47.607906,-20.875137],[-47.60222,-20.870936],[-47.601129,-20.869653],[-47.600476,-20.868183],[-47.600329,-20.866421],[-47.601592,-20.839029],[-47.601088,-20.83561],[-47.600428,-20.833684],[-47.599728,-20.832251],[-47.598478,-20.830486],[-47.59688,-20.828759],[-47.536286,-20.766368],[-47.534489,-20.764273],[-47.533466,-20.762711],[-47.532633,-20.761039],[-47.531968,-20.759076],[-47.531635,-20.757546],[-47.531405,-20.754763],[-47.531101,-20.740008],[-47.530695,-20.73832],[-47.529982,-20.736785],[-47.528977,-20.73536],[-47.52769,-20.734087],[-47.517798,-20.726531],[-47.512327,-20.722602],[-47.510558,-20.721076],[-47.509157,-20.71966],[-47.508131,-20.718323],[-47.507132,-20.716649],[-47.506356,-20.71496],[-47.50116,-20.700866],[-47.499984,-20.697193],[-47.497284,-20.689761],[-47.496773,-20.687372],[-47.49389,-20.661853],[-47.493489,-20.659811],[-47.492659,-20.658056],[-47.49145,-20.656393],[-47.467225,-20.632329],[-47.458246,-20.618834],[-47.45365,-20.608417],[-47.452911,-20.607278],[-47.450797,-20.605455],[-47.447193,-20.603681],[-47.445582,-20.602295],[-47.444647,-20.600973],[-47.44345,-20.598008],[-47.442281,-20.596035],[-47.435523,-20.587332],[-47.433931,-20.585691],[-47.43028,-20.583301],[-47.429199,-20.582344],[-47.42835,-20.581303],[-47.427655,-20.580032],[-47.42272,-20.567868],[-47.421743,-20.566336],[-47.420711,-20.565318],[-47.419263,-20.564368],[-47.411201,-20.560846],[-47.410092,-20.560055],[-47.409251,-20.559023],[-47.408793,-20.557982],[-47.40862,-20.556839],[-47.408767,-20.555615],[-47.409229,-20.554559],[-47.423249,-20.537392],[-47.423936,-20.53611],[-47.424283,-20.534917],[-47.424332,-20.532782],[-47.423565,-20.530507],[-47.410169,-20.505763],[-47.408339,-20.502933],[-47.407605,-20.501507],[-47.401754,-20.503725]]}},{"type":"Feature","properties":{"id_backbone":"BB-753CFB9D5076","trecho":"BBO.JR-NHT.NH","cluster":"RIBEIRAO PRETO","cabo":"F - 0419","capacidade":"36","extensao_km":27.469,"confianca":"ALTA","fonte":"OSRM/OpenStreetMap","ponta_a":"BBO.JR","municipio_a":"BORBOREMA","ponta_b":"NHT.NH","municipio_b":"NOVO HORIZONTE"},"geometry":{"type":"LineString","coordinates":[[-49.072488,-21.621044],[-49.074707,-21.62063],[-49.072749,-21.612054],[-49.072581,-21.60997],[-49.075218,-21.597204],[-49.074908,-21.596804],[-49.073584,-21.596528],[-49.073334,-21.596609],[-49.073285,-21.596826],[-49.073429,-21.596983],[-49.07506,-21.597385],[-49.103121,-21.602587],[-49.104604,-21.602635],[-49.105822,-21.602454],[-49.108436,-21.601655],[-49.109799,-21.600778],[-49.220505,-21.48839],[-49.22087,-21.486953],[-49.222429,-21.486428],[-49.229642,-21.479091],[-49.23005,-21.478462],[-49.230066,-21.478117],[-49.225816,-21.472444],[-49.22883,-21.470041],[-49.225816,-21.466452],[-49.223815,-21.46784]]}},{"type":"Feature","properties":{"id_backbone":"BB-8B7A1E80AC6C","trecho":"BDO.JM-PVAS.PA","cluster":"SAO JOSE DO RIO PRETO","cabo":"F-0011","capacidade":"12","extensao_km":13.413,"confianca":"ALTA","fonte":"OSRM/OpenStreetMap","ponta_a":"BDO.JM","municipio_a":"BEBEDOURO","ponta_b":"PVAS.PA","municipio_b":"BEBEDOURO"},"geometry":{"type":"LineString","coordinates":[[-48.477539,-20.948737],[-48.47773,-20.948933],[-48.474905,-20.951261],[-48.47699,-20.953424],[-48.47889,-20.956396],[-48.474392,-20.960125],[-48.476732,-20.963738],[-48.476876,-20.964283],[-48.476601,-20.965031],[-48.474617,-20.967625],[-48.474312,-20.968259],[-48.474183,-20.970351],[-48.473781,-20.971917],[-48.473791,-20.972424],[-48.473637,-20.972487],[-48.473897,-20.977584],[-48.474237,-20.979576],[-48.474542,-20.980258],[-48.48271,-20.989486],[-48.483152,-20.991516],[-48.484271,-20.994198],[-48.484081,-20.996501],[-48.484385,-21.003319],[-48.484228,-21.004017],[-48.483318,-21.00568],[-48.478884,-21.022756],[-48.477477,-21.024592],[-48.474245,-21.029495],[-48.473618,-21.031064],[-48.472954,-21.037284],[-48.472919,-21.039003],[-48.472008,-21.041377],[-48.471534,-21.043874],[-48.472499,-21.047006],[-48.472985,-21.047716],[-48.47381,-21.04815],[-48.476995,-21.048625],[-48.477578,-21.048986],[-48.477986,-21.049572],[-48.478125,-21.05042],[-48.477946,-21.051072],[-48.476566,-21.053359],[-48.47637,-21.053236],[-48.475945,-21.053681]]}},{"type":"Feature","properties":{"id_backbone":"BB-767D3EA87A0E","trecho":"BDO.JM-IBTV.ID","cluster":"SAO JOSE DO RIO PRETO","cabo":"F-0232","capacidade":"72","extensao_km":22.455,"confianca":"SEM_REFERENCIA","fonte":"OSRM/OpenStreetMap","ponta_a":"BDO.JM","municipio_a":"BEBEDOURO","ponta_b":"IBTV.ID","municipio_b":"PITANGUEIRAS"},"geometry":{"type":"LineString","coordinates":[[-48.477539,-20.948737],[-48.47773,-20.948933],[-48.474854,-20.951296],[-48.474212,-20.950646],[-48.473954,-20.95061],[-48.473818,-20.950257],[-48.473214,-20.94977],[-48.472145,-20.948365],[-48.471801,-20.94824],[-48.471674,-20.947811],[-48.470979,-20.947075],[-48.466666,-20.945902],[-48.466269,-20.945992],[-48.466051,-20.945885],[-48.466041,-20.945693],[-48.466294,-20.94545],[-48.467312,-20.941146],[-48.467276,-20.940614],[-48.466793,-20.940308],[-48.455474,-20.937249],[-48.454306,-20.937123],[-48.453466,-20.936741],[-48.450714,-20.935986],[-48.450354,-20.936225],[-48.45047,-20.936616],[-48.450803,-20.936653],[-48.451065,-20.936371],[-48.451685,-20.934321],[-48.451514,-20.93377],[-48.451127,-20.933381],[-48.45067,-20.933099],[-48.450218,-20.93306],[-48.441522,-20.935311],[-48.319586,-20.968918],[-48.318603,-20.969671],[-48.318062,-20.971048],[-48.322254,-20.988756],[-48.322899,-20.990594],[-48.324288,-20.992694],[-48.326671,-20.99496],[-48.328556,-20.996101],[-48.32739,-20.998039]]}},{"type":"Feature","properties":{"id_backbone":"BB-D65E510B536E","trecho":"BEP.BE-GAPE.VD","cluster":"RIBEIRAO PRETO","cabo":"F-0403","capacidade":"36","extensao_km":30.486,"confianca":"ALTA","fonte":"OSRM/OpenStreetMap","ponta_a":"BEP.BE","municipio_a":"BOA ESPERANCA DO SUL","ponta_b":"GAPE.VD","municipio_b":"GAVIAO PEIXOTO"},"geometry":{"type":"LineString","coordinates":[[-48.386791,-21.990985],[-48.386762,-21.991319],[-48.385787,-21.991265],[-48.385917,-21.989509],[-48.376178,-21.988929],[-48.375673,-21.989308],[-48.375343,-21.989194],[-48.374664,-21.987957],[-48.341092,-21.946642],[-48.336571,-21.941402],[-48.336591,-21.941201],[-48.338196,-21.940983],[-48.398113,-21.919503],[-48.399906,-21.918727],[-48.401379,-21.917613],[-48.40165,-21.917058],[-48.401792,-21.915452],[-48.401752,-21.912898],[-48.401372,-21.910396],[-48.401608,-21.908922],[-48.402126,-21.907123],[-48.402395,-21.906583],[-48.405746,-21.902261],[-48.409296,-21.898016],[-48.415113,-21.894519],[-48.420702,-21.889174],[-48.421326,-21.888887],[-48.424165,-21.888434],[-48.424901,-21.887846],[-48.425146,-21.886953],[-48.424757,-21.878917],[-48.429187,-21.878332],[-48.429857,-21.878074],[-48.430713,-21.877475],[-48.431252,-21.877403],[-48.437379,-21.87973],[-48.442124,-21.881005],[-48.44234,-21.88095],[-48.442996,-21.880028],[-48.444795,-21.878156],[-48.453046,-21.870749],[-48.454068,-21.869316],[-48.455464,-21.865487],[-48.456229,-21.864587],[-48.457685,-21.863488],[-48.460033,-21.862259],[-48.463069,-21.860984],[-48.464234,-21.860697],[-48.468224,-21.860273],[-48.4708,-21.859609],[-48.473318,-21.85758],[-48.476076,-21.856328],[-48.479386,-21.855072],[-48.488294,-21.850936],[-48.489352,-21.850769],[-48.491648,-21.850768],[-48.492366,-21.850517],[-48.49273,-21.849944],[-48.493523,-21.846855],[-48.493466,-21.846169],[-48.492908,-21.844249],[-48.493234,-21.843728],[-48.493887,-21.841114],[-48.495154,-21.841436],[-48.4954,-21.840574]]}},{"type":"Feature","properties":{"id_backbone":"BB-324648CAE69B","trecho":"BFE.BF-PDW.PD","cluster":"BAURU","cabo":"F-0228","capacidade":"36","extensao_km":31.81,"confianca":"ALTA","fonte":"OSRM/OpenStreetMap","ponta_a":"BFE.BF","municipio_a":"BOFETE","ponta_b":"PDW.PD","municipio_b":"PARDINHO"},"geometry":{"type":"LineString","coordinates":[[-48.259135,-23.101425],[-48.259476,-23.101015],[-48.261625,-23.102584],[-48.263548,-23.100387],[-48.263593,-23.100155],[-48.262371,-23.099431],[-48.262496,-23.099247],[-48.265703,-23.101409],[-48.267741,-23.103285],[-48.268764,-23.104501],[-48.283566,-23.131293],[-48.284366,-23.133613],[-48.284888,-23.134569],[-48.284935,-23.135598],[-48.289011,-23.148846],[-48.289811,-23.150717],[-48.290703,-23.152275],[-48.298778,-23.164519],[-48.306466,-23.179858],[-48.307268,-23.180469],[-48.308456,-23.180362],[-48.311029,-23.179344],[-48.314316,-23.177759],[-48.336042,-23.166559],[-48.339983,-23.164807],[-48.343422,-23.163604],[-48.348398,-23.162306],[-48.369186,-23.158467],[-48.374013,-23.157239],[-48.394307,-23.149468],[-48.39727,-23.148079],[-48.397671,-23.147435],[-48.398502,-23.147486],[-48.399729,-23.147064],[-48.400169,-23.1461],[-48.400814,-23.145518],[-48.400928,-23.145126],[-48.400763,-23.14322],[-48.401308,-23.142307],[-48.401307,-23.141983],[-48.400682,-23.141228],[-48.399689,-23.140778],[-48.399227,-23.140275],[-48.398379,-23.138209],[-48.398362,-23.136971],[-48.397383,-23.135722],[-48.397478,-23.132653],[-48.398032,-23.131396],[-48.398199,-23.130003],[-48.398418,-23.129679],[-48.399824,-23.128714],[-48.400288,-23.127932],[-48.398758,-23.124841],[-48.397403,-23.123212],[-48.396814,-23.121841],[-48.39508,-23.119496],[-48.395508,-23.118846],[-48.397018,-23.117352],[-48.397242,-23.116395],[-48.398401,-23.114056],[-48.400151,-23.1132],[-48.401777,-23.113155],[-48.40208,-23.112921],[-48.401997,-23.112664],[-48.400629,-23.11144],[-48.400898,-23.111113],[-48.40234,-23.111619],[-48.402563,-23.111466],[-48.401705,-23.110957],[-48.401543,-23.110625],[-48.401221,-23.109045],[-48.401326,-23.1077],[-48.400731,-23.106238],[-48.400523,-23.105901],[-48.39993,-23.105486],[-48.399271,-23.104467],[-48.398295,-23.103702],[-48.39587,-23.101041],[-48.393574,-23.099372],[-48.388268,-23.093309],[-48.387938,-23.092243],[-48.386965,-23.090791],[-48.385603,-23.089915],[-48.375311,-23.084899],[-48.375174,-23.084511],[-48.375446,-23.081473],[-48.37045,-23.082727],[-48.369967,-23.081362]]}},{"type":"Feature","properties":{"id_backbone":"BB-555F86CCA3F7","trecho":"BGP.SC-TUIT.TU","cluster":"JUNDIAI","cabo":"TR-1051","capacidade":"36","extensao_km":26.113,"confianca":"ALTA","fonte":"OSRM/OpenStreetMap","ponta_a":"BGP.SC","municipio_a":"BRAGANCA PAULISTA","ponta_b":"TUIT.TU","municipio_b":"TUIUTI"},"geometry":{"type":"LineString","coordinates":[[-46.5421,-22.957089],[-46.541556,-22.957063],[-46.541922,-22.95538],[-46.544258,-22.955388],[-46.546371,-22.955736],[-46.546992,-22.954244],[-46.547189,-22.953219],[-46.548158,-22.952944],[-46.549089,-22.952456],[-46.554732,-22.949151],[-46.556324,-22.948493],[-46.556755,-22.948003],[-46.556898,-22.946573],[-46.556274,-22.944158],[-46.556613,-22.935461],[-46.556506,-22.934774],[-46.557132,-22.934177],[-46.557632,-22.932513],[-46.558095,-22.931727],[-46.558361,-22.929113],[-46.559159,-22.926878],[-46.559697,-22.926478],[-46.561842,-22.92568],[-46.564886,-22.924869],[-46.566031,-22.924036],[-46.566542,-22.923189],[-46.566695,-22.922561],[-46.566449,-22.920755],[-46.566535,-22.92028],[-46.567163,-22.919952],[-46.568688,-22.920309],[-46.569169,-22.919958],[-46.570401,-22.918013],[-46.571279,-22.917271],[-46.57553,-22.911193],[-46.57719,-22.908614],[-46.578402,-22.906104],[-46.580417,-22.904323],[-46.583185,-22.902923],[-46.585124,-22.901533],[-46.587295,-22.901037],[-46.594458,-22.898222],[-46.596623,-22.89647],[-46.602137,-22.89435],[-46.60401,-22.893462],[-46.605556,-22.891447],[-46.608389,-22.886207],[-46.609336,-22.878544],[-46.610308,-22.876368],[-46.611074,-22.875728],[-46.613987,-22.874148],[-46.619393,-22.872164],[-46.622365,-22.871443],[-46.622926,-22.871147],[-46.624009,-22.870143],[-46.625329,-22.866376],[-46.625652,-22.865835],[-46.628665,-22.863985],[-46.629535,-22.862785],[-46.629959,-22.862444],[-46.632491,-22.861558],[-46.633095,-22.861192],[-46.633586,-22.860485],[-46.634147,-22.858796],[-46.635175,-22.857695],[-46.636961,-22.85628],[-46.63662,-22.853998],[-46.637112,-22.851659],[-46.637514,-22.851275],[-46.640054,-22.850067],[-46.640906,-22.849136],[-46.641924,-22.848632],[-46.642062,-22.847959],[-46.641545,-22.846828],[-46.641815,-22.84629],[-46.643826,-22.845695],[-46.644471,-22.845208],[-46.645263,-22.842566],[-46.646546,-22.840468],[-46.647043,-22.838264],[-46.647251,-22.837921],[-46.648168,-22.837286],[-46.648767,-22.837189],[-46.654811,-22.83797],[-46.661255,-22.83777],[-46.664171,-22.838198],[-46.671919,-22.834099],[-46.674296,-22.833834],[-46.674737,-22.833549],[-46.67586,-22.831988],[-46.675564,-22.829507],[-46.67567,-22.828175],[-46.675926,-22.827254],[-46.677334,-22.824468],[-46.678259,-22.823515],[-46.679189,-22.822967],[-46.683552,-22.821354],[-46.68498,-22.820639],[-46.686038,-22.819633],[-46.687311,-22.817416],[-46.687965,-22.81685],[-46.690231,-22.815519],[-46.691508,-22.813929],[-46.69161,-22.814007],[-46.691005,-22.814854],[-46.691027,-22.815073],[-46.695244,-22.816854],[-46.695891,-22.815268]]}},{"type":"Feature","properties":{"id_backbone":"BB-2F7BF3093D2A","trecho":"BGU.BC-COW.CD","cluster":"ARACATUBA","cabo":"F-0046","capacidade":"24","extensao_km":13.163,"confianca":"ALTA","fonte":"OSRM/OpenStreetMap","ponta_a":"BGU.BC","municipio_a":"BIRIGUI","ponta_b":"COW.CD","municipio_b":"COROADOS"},"geometry":{"type":"LineString","coordinates":[[-50.338714,-21.289451],[-50.342953,-21.289713],[-50.341823,-21.30191],[-50.342035,-21.301935],[-50.342543,-21.304893],[-50.341466,-21.322861],[-50.341748,-21.325261],[-50.342035,-21.325636],[-50.342343,-21.325508],[-50.342756,-21.324484],[-50.342532,-21.324166],[-50.342109,-21.324316],[-50.341365,-21.324967],[-50.30755,-21.355175],[-50.305287,-21.356698],[-50.292917,-21.363353],[-50.292497,-21.363806],[-50.292723,-21.364053],[-50.293688,-21.364009],[-50.293827,-21.363821],[-50.293674,-21.363425],[-50.284573,-21.353592]]}},{"type":"Feature","properties":{"id_backbone":"BB-26FA8165A53D","trecho":"BGU.BC-BRAL.BA","cluster":"ARACATUBA","cabo":"F-0136","capacidade":"36","extensao_km":26.337,"confianca":"ALTA","fonte":"OSRM/OpenStreetMap","ponta_a":"BGU.BC","municipio_a":"BIRIGUI","ponta_b":"BRAL.BA","municipio_b":"BREJO ALEGRE"},"geometry":{"type":"LineString","coordinates":[[-50.338714,-21.289451],[-50.340094,-21.289441],[-50.339339,-21.288639],[-50.341857,-21.28637],[-50.342001,-21.284525],[-50.340817,-21.284186],[-50.340768,-21.284057],[-50.341502,-21.284062],[-50.342123,-21.283755],[-50.343307,-21.282426],[-50.343405,-21.281802],[-50.342625,-21.279541],[-50.34211,-21.275578],[-50.342227,-21.273039],[-50.341495,-21.270877],[-50.339346,-21.268429],[-50.335913,-21.265096],[-50.333845,-21.262858],[-50.283547,-21.193913],[-50.282074,-21.192041],[-50.279482,-21.189732],[-50.274126,-21.186413],[-50.217589,-21.152974],[-50.215861,-21.151603],[-50.214544,-21.149977],[-50.213548,-21.148035],[-50.212981,-21.146252],[-50.212808,-21.146154],[-50.21257,-21.146148],[-50.187748,-21.162738],[-50.187173,-21.163421],[-50.18642,-21.163673],[-50.182623,-21.166177],[-50.183952,-21.167957]]}},{"type":"Feature","properties":{"id_backbone":"BB-7917828A2453","trecho":"BNB.CG-RUB.RI","cluster":"ARACATUBA","cabo":"F-0133","capacidade":"36","extensao_km":12.404,"confianca":"ALTA","fonte":"OSRM/OpenStreetMap","ponta_a":"BNB.CG","municipio_a":"BENTO DE ABREU","ponta_b":"RUB.RI","municipio_b":"RUBIACEA"},"geometry":{"type":"LineString","coordinates":[[-50.811945,-21.271738],[-50.814922,-21.2787],[-50.803701,-21.283777],[-50.797225,-21.290136],[-50.791642,-21.294082],[-50.790635,-21.294552],[-50.790008,-21.294682],[-50.788503,-21.294608],[-50.779329,-21.29384],[-50.777529,-21.293508],[-50.776623,-21.292893],[-50.774752,-21.291084],[-50.767488,-21.283755],[-50.765947,-21.281888],[-50.765543,-21.28245],[-50.765327,-21.282421],[-50.761234,-21.281422],[-50.760793,-21.281447],[-50.760205,-21.281183],[-50.756054,-21.280194],[-50.752875,-21.282963],[-50.750955,-21.284196],[-50.745893,-21.284911],[-50.744717,-21.285323],[-50.744131,-21.285826],[-50.743643,-21.286581],[-50.743321,-21.289731],[-50.742872,-21.291254],[-50.742034,-21.292679],[-50.740905,-21.293944],[-50.735373,-21.298666],[-50.733687,-21.299422],[-50.73367,-21.299836],[-50.728763,-21.299912],[-50.727424,-21.30123],[-50.7276,-21.301571],[-50.7279,-21.30157]]}},{"type":"Feature","properties":{"id_backbone":"BB-739E97E756EE","trecho":"BNS.MF-SCP.MB","cluster":"BAURU","cabo":"F-0331-00","capacidade":"18","extensao_km":22.713,"confianca":"ALTA","fonte":"OSRM/OpenStreetMap","ponta_a":"BNS.MF","municipio_a":"BERNARDINO DE CAMPOS","ponta_b":"SCP.MB","municipio_b":"SANTA CRUZ DO RIO PARDO"},"geometry":{"type":"LineString","coordinates":[[-49.47527,-23.012962],[-49.475217,-23.012644],[-49.474789,-23.012709],[-49.474649,-23.011803],[-49.491303,-23.009294],[-49.492187,-23.008916],[-49.492495,-23.008676],[-49.494187,-23.004968],[-49.496048,-23.00219],[-49.498516,-22.997349],[-49.499042,-22.995591],[-49.499428,-22.994959],[-49.507002,-22.985647],[-49.517732,-22.981073],[-49.51815,-22.980776],[-49.518492,-22.980383],[-49.518772,-22.979502],[-49.519179,-22.975029],[-49.51947,-22.974297],[-49.522333,-22.971651],[-49.527462,-22.964904],[-49.528717,-22.963778],[-49.532526,-22.961239],[-49.534503,-22.958095],[-49.535019,-22.955803],[-49.535937,-22.954573],[-49.540519,-22.951775],[-49.541473,-22.950898],[-49.54173,-22.950311],[-49.542607,-22.945114],[-49.544687,-22.936314],[-49.545102,-22.935371],[-49.545845,-22.934619],[-49.549731,-22.932265],[-49.558982,-22.92751],[-49.56662,-22.926762],[-49.568206,-22.926421],[-49.593498,-22.916567],[-49.612962,-22.910248],[-49.616496,-22.909213],[-49.618915,-22.909106],[-49.619923,-22.908515],[-49.62112,-22.909548],[-49.621527,-22.909269],[-49.623306,-22.90902],[-49.624542,-22.909524],[-49.624884,-22.909519],[-49.626286,-22.908152],[-49.624987,-22.907205],[-49.62494,-22.906856],[-49.625391,-22.906342],[-49.62467,-22.905771],[-49.628883,-22.9011],[-49.628125,-22.900507],[-49.627474,-22.901215],[-49.627649,-22.901344]]}},{"type":"Feature","properties":{"id_backbone":"BB-A1169D5D3BDA","trecho":"BOC.FP-BOC.RD","cluster":"BAURU","cabo":"F-0121-00","capacidade":"12","extensao_km":2.775,"confianca":"ALTA","fonte":"OSRM/OpenStreetMap","ponta_a":"BOC.FP","municipio_a":"BOCAINA","ponta_b":"BOC.RD","municipio_b":"BOCAINA"},"geometry":{"type":"LineString","coordinates":[[-48.520465,-22.136239],[-48.519132,-22.136825],[-48.522914,-22.144269],[-48.525576,-22.143083],[-48.526212,-22.144405],[-48.527184,-22.14512],[-48.532279,-22.146849],[-48.532819,-22.147471],[-48.534415,-22.150562],[-48.535181,-22.150213]]}},{"type":"Feature","properties":{"id_backbone":"BB-C6E63BBD10A8","trecho":"BOSZ.BZ-MLB.VA","cluster":"SAO JOSE DOS CAMPOS","cabo":"F-0147.01","capacidade":"12","extensao_km":10.728,"confianca":"BAIXA","fonte":"OSRM/OpenStreetMap","ponta_a":"BOSZ.BZ","municipio_a":"MONTEIRO LOBATO","ponta_b":"MLB.VA","municipio_b":"MONTEIRO LOBATO"},"geometry":{"type":"LineString","coordinates":[[-45.836399,-22.894201],[-45.83779,-22.895466],[-45.838166,-22.895629],[-45.838358,-22.895415],[-45.838885,-22.896001],[-45.840874,-22.897437],[-45.839996,-22.898575],[-45.839459,-22.898837],[-45.839109,-22.899908],[-45.838513,-22.900536],[-45.837971,-22.900837],[-45.836869,-22.900631],[-45.836505,-22.900992],[-45.836328,-22.90156],[-45.836132,-22.902524],[-45.836346,-22.902962],[-45.836364,-22.903767],[-45.835923,-22.905082],[-45.835459,-22.905762],[-45.835605,-22.907267],[-45.835777,-22.907742],[-45.836343,-22.908399],[-45.836721,-22.909618],[-45.837268,-22.910311],[-45.837412,-22.911177],[-45.836421,-22.913385],[-45.835331,-22.914354],[-45.83443,-22.916546],[-45.834335,-22.917566],[-45.833851,-22.918049],[-45.83273,-22.918485],[-45.83194,-22.919878],[-45.831171,-22.920145],[-45.830234,-22.921163],[-45.829376,-22.922279],[-45.829033,-22.923475],[-45.826949,-22.925681],[-45.828755,-22.928234],[-45.830665,-22.933545],[-45.832335,-22.935753],[-45.832611,-22.936804],[-45.833497,-22.938409],[-45.833601,-22.939657],[-45.83386,-22.940511],[-45.834459,-22.941061],[-45.835762,-22.941705],[-45.837391,-22.943518],[-45.837579,-22.943998],[-45.83717,-22.945555],[-45.83729,-22.946528],[-45.837649,-22.946942],[-45.838617,-22.947362],[-45.838911,-22.947759],[-45.838357,-22.950601],[-45.837496,-22.952411],[-45.837547,-22.952694],[-45.838181,-22.953259],[-45.839236,-22.955464],[-45.838363,-22.955911],[-45.8391,-22.957843],[-45.836788,-22.958576],[-45.836035,-22.95921],[-45.835252,-22.959589],[-45.833847,-22.959884],[-45.833104,-22.95848],[-45.833087,-22.958013],[-45.833444,-22.95737],[-45.833362,-22.956259],[-45.831872,-22.955347],[-45.831866,-22.954754],[-45.83082,-22.953497],[-45.830682,-22.953045],[-45.8309,-22.95281],[-45.831354,-22.952902],[-45.833853,-22.953799],[-45.835448,-22.953705]]}},{"type":"Feature","properties":{"id_backbone":"BB-00172F10BCA6","trecho":"BRAS.BT-FND.GS","cluster":"SAO JOSE DO RIO PRETO","cabo":"TR 1558","capacidade":"24 F","extensao_km":19.355,"confianca":"ALTA","fonte":"OSRM/OpenStreetMap","ponta_a":"BRAS.BT","municipio_a":"FERNANDOPOLIS","ponta_b":"FND.GS","municipio_b":"FERNANDOPOLIS"},"geometry":{"type":"LineString","coordinates":[[-50.316939,-20.137389],[-50.312364,-20.136784],[-50.311794,-20.13694],[-50.306132,-20.155397],[-50.305574,-20.156928],[-50.304553,-20.159003],[-50.302623,-20.161741],[-50.288851,-20.176436],[-50.287571,-20.178095],[-50.286107,-20.180749],[-50.285509,-20.182179],[-50.284794,-20.184833],[-50.274748,-20.235314],[-50.274235,-20.237076],[-50.269999,-20.248701],[-50.26917,-20.250278],[-50.267518,-20.252048],[-50.262141,-20.256219],[-50.261405,-20.257186],[-50.260765,-20.258684],[-50.260606,-20.260441],[-50.260907,-20.261924],[-50.261497,-20.263117],[-50.263638,-20.266083],[-50.264256,-20.268201],[-50.264521,-20.272026],[-50.264554,-20.273664],[-50.264418,-20.27423],[-50.263794,-20.275008],[-50.248553,-20.283053],[-50.249029,-20.283866],[-50.24961,-20.283553]]}},{"type":"Feature","properties":{"id_backbone":"BB-8EFF93CA893B","trecho":"BRE.AL-OCO.RO","cluster":"OSASCO","cabo":"F-0812","capacidade":"72","extensao_km":9.686,"confianca":"ALTA","fonte":"OSRM/OpenStreetMap","ponta_a":"BRE.AL","municipio_a":"BARUERI","ponta_b":"OCO.RO","municipio_b":"OSASCO"},"geometry":{"type":"LineString","coordinates":[[-46.847109,-23.500915],[-46.847875,-23.500862],[-46.848119,-23.499016],[-46.848028,-23.498744],[-46.846761,-23.498655],[-46.845643,-23.499081],[-46.843911,-23.500096],[-46.838362,-23.501438],[-46.838778,-23.506076],[-46.838518,-23.506724],[-46.838052,-23.507016],[-46.833169,-23.507455],[-46.829041,-23.508208],[-46.823274,-23.509003],[-46.819635,-23.509929],[-46.812169,-23.510589],[-46.807568,-23.511267],[-46.803808,-23.512153],[-46.80073,-23.51311],[-46.791772,-23.516617],[-46.788452,-23.518289],[-46.788419,-23.519025],[-46.789048,-23.519668],[-46.789712,-23.521145],[-46.788244,-23.52077],[-46.788282,-23.516625],[-46.784269,-23.51663],[-46.783868,-23.515288],[-46.783336,-23.514175],[-46.782083,-23.512711],[-46.780398,-23.51242],[-46.779158,-23.512559],[-46.778586,-23.51279],[-46.778922,-23.513486],[-46.778429,-23.513768]]}},{"type":"Feature","properties":{"id_backbone":"BB-0C6AED07EEAB","trecho":"BRE.AL-BRE.BA","cluster":"OSASCO","cabo":"F-0431","capacidade":"36","extensao_km":4.539,"confianca":"MEDIA","fonte":"OSRM/OpenStreetMap","ponta_a":"BRE.AL","municipio_a":"BARUERI","ponta_b":"BRE.BA","municipio_b":"BARUERI"},"geometry":{"type":"LineString","coordinates":[[-46.847109,-23.500915],[-46.847875,-23.500862],[-46.848119,-23.499016],[-46.848284,-23.4988],[-46.848382,-23.499248],[-46.847932,-23.502534],[-46.848058,-23.502614],[-46.856626,-23.501892],[-46.861587,-23.502843],[-46.861873,-23.502755],[-46.861986,-23.502488],[-46.86159,-23.5021],[-46.861318,-23.502147],[-46.861101,-23.50252],[-46.860785,-23.504557],[-46.860848,-23.504988],[-46.861232,-23.505483],[-46.863437,-23.5061],[-46.86482,-23.506994],[-46.86978,-23.508536],[-46.870482,-23.50891],[-46.871088,-23.508733],[-46.871654,-23.509668],[-46.87401,-23.510861],[-46.874915,-23.510805],[-46.875298,-23.510057],[-46.875255,-23.509319],[-46.875522,-23.508675]]}},{"type":"Feature","properties":{"id_backbone":"BB-26CF3D22F481","trecho":"BRE.AL-SPB.VIV","cluster":"OSASCO","cabo":null,"capacidade":null,"extensao_km":6.944,"confianca":"ALTA","fonte":"OSRM/OpenStreetMap","ponta_a":"BRE.AL","municipio_a":"BARUERI","ponta_b":"SPB.VIV","municipio_b":"SANTANA DE PARNAIBA"},"geometry":{"type":"LineString","coordinates":[[-46.847109,-23.500915],[-46.847875,-23.500862],[-46.848119,-23.499016],[-46.848011,-23.498637],[-46.848234,-23.498206],[-46.84898,-23.49231],[-46.84917,-23.492221],[-46.849371,-23.492374],[-46.8513,-23.492627],[-46.852136,-23.492648],[-46.852501,-23.492477],[-46.853347,-23.491328],[-46.853695,-23.490182],[-46.854045,-23.489574],[-46.855937,-23.48696],[-46.857697,-23.48514],[-46.858118,-23.484468],[-46.858297,-23.483796],[-46.858289,-23.482877],[-46.858028,-23.481319],[-46.857978,-23.47964],[-46.85766,-23.478897],[-46.858008,-23.478167],[-46.858165,-23.476897],[-46.858599,-23.47611],[-46.859226,-23.475522],[-46.860042,-23.475129],[-46.86174,-23.474724],[-46.862388,-23.474763],[-46.865181,-23.474363],[-46.867368,-23.473761],[-46.868808,-23.473058],[-46.869893,-23.47232],[-46.870636,-23.471443],[-46.870662,-23.471142],[-46.870341,-23.470405],[-46.868458,-23.469261],[-46.867328,-23.466712],[-46.865505,-23.465873],[-46.864886,-23.464896],[-46.863754,-23.46432],[-46.863463,-23.463695],[-46.863031,-23.463422],[-46.860847,-23.463257],[-46.858932,-23.464057],[-46.859184,-23.464589],[-46.85895,-23.465651],[-46.858954,-23.467223],[-46.858583,-23.467434]]}},{"type":"Feature","properties":{"id_backbone":"BB-6F1338F8A087","trecho":"BRE.BA-JAD.JA","cluster":"OSASCO","cabo":"F-0563","capacidade":"18","extensao_km":5.295,"confianca":"ALTA","fonte":"OSRM/OpenStreetMap","ponta_a":"BRE.BA","municipio_a":"BARUERI","ponta_b":"JAD.JA","municipio_b":"JANDIRA"},"geometry":{"type":"LineString","coordinates":[[-46.875522,-23.508675],[-46.875691,-23.507928],[-46.878931,-23.509293],[-46.878677,-23.510155],[-46.877984,-23.511121],[-46.880011,-23.511167],[-46.881789,-23.510691],[-46.885229,-23.509437],[-46.885965,-23.509341],[-46.888435,-23.509386],[-46.888832,-23.50952],[-46.890311,-23.510625],[-46.890599,-23.510665],[-46.890965,-23.510432],[-46.890382,-23.511436],[-46.889266,-23.512195],[-46.888863,-23.512998],[-46.889805,-23.518017],[-46.89012,-23.518885],[-46.892479,-23.521565],[-46.893765,-23.524776],[-46.894531,-23.525789],[-46.896086,-23.526651],[-46.896777,-23.526814],[-46.897468,-23.526778],[-46.898734,-23.526408],[-46.899825,-23.526506],[-46.903395,-23.528573],[-46.903409,-23.528703],[-46.901815,-23.5278],[-46.901614,-23.528071]]}},{"type":"Feature","properties":{"id_backbone":"BB-81A7A5960BDA","trecho":"BRE.TIC-CIV.VD","cluster":"OSASCO","cabo":"F-1144","capacidade":"72","extensao_km":6.435,"confianca":"MEDIA","fonte":"OSRM/OpenStreetMap","ponta_a":"BRE.TIC","municipio_a":"BARUERI","ponta_b":"CIV.VD","municipio_b":"CARAPICUIBA"},"geometry":{"type":"LineString","coordinates":[[-46.843559,-23.503104],[-46.842875,-23.500362],[-46.832321,-23.502934],[-46.833558,-23.511289],[-46.83651,-23.516509],[-46.836989,-23.518077],[-46.837376,-23.518295],[-46.837796,-23.517952],[-46.837692,-23.517756],[-46.837465,-23.517726],[-46.836833,-23.518098],[-46.836819,-23.518351],[-46.83714,-23.518747],[-46.836829,-23.519338],[-46.837306,-23.52045],[-46.837275,-23.520738],[-46.835865,-23.521274],[-46.835304,-23.523656],[-46.835694,-23.525356],[-46.835048,-23.527579],[-46.835441,-23.528579],[-46.835437,-23.529595],[-46.835969,-23.530848],[-46.836434,-23.531244],[-46.83632,-23.532098],[-46.836488,-23.533944],[-46.836054,-23.534918],[-46.834418,-23.543217]]}},{"type":"Feature","properties":{"id_backbone":"BB-C88D24950353","trecho":"BRH.GV-JAL.SS","cluster":"RIBEIRAO PRETO","cabo":"F-0255","capacidade":"24","extensao_km":19.313,"confianca":"ALTA","fonte":"OSRM/OpenStreetMap","ponta_a":"BRH.GV","municipio_a":"BARRINHA","ponta_b":"JAL.SS","municipio_b":"JABOTICABAL"},"geometry":{"type":"LineString","coordinates":[[-48.163891,-21.195456],[-48.162245,-21.195776],[-48.163217,-21.200285],[-48.178,-21.204271],[-48.20191,-21.208629],[-48.203561,-21.209114],[-48.205145,-21.209881],[-48.218658,-21.217794],[-48.220219,-21.218901],[-48.240915,-21.234664],[-48.242909,-21.236531],[-48.246423,-21.240673],[-48.249667,-21.24348],[-48.272186,-21.25529],[-48.280906,-21.260681],[-48.282487,-21.261084],[-48.283239,-21.260559],[-48.289715,-21.260347],[-48.290895,-21.260012],[-48.291267,-21.259724],[-48.291467,-21.259783],[-48.29332,-21.258688],[-48.294626,-21.258207],[-48.298071,-21.258357],[-48.299437,-21.257535],[-48.300307,-21.256551],[-48.300686,-21.255687],[-48.301212,-21.255212],[-48.30455,-21.253867],[-48.306063,-21.254022],[-48.306728,-21.254396],[-48.307772,-21.25469],[-48.310455,-21.256237],[-48.310633,-21.255765],[-48.310974,-21.255937],[-48.314258,-21.254664],[-48.316641,-21.253451],[-48.317839,-21.255101]]}},{"type":"Feature","properties":{"id_backbone":"BB-41BD25A2B87F","trecho":"BRH.GV-RPO.OE","cluster":"RIBEIRAO PRETO","cabo":null,"capacidade":"72","extensao_km":40.075,"confianca":"SEM_REFERENCIA","fonte":"OSRM/OpenStreetMap","ponta_a":"BRH.GV","municipio_a":"BARRINHA","ponta_b":"RPO.OE","municipio_b":"RIBEIRAO PRETO"},"geometry":{"type":"LineString","coordinates":[[-48.163891,-21.195456],[-48.16137,-21.195946],[-48.161992,-21.198708],[-48.161806,-21.198923],[-48.161709,-21.199506],[-48.161212,-21.199511],[-48.160757,-21.200173],[-48.160493,-21.200209],[-48.160243,-21.199579],[-48.158312,-21.198366],[-48.139701,-21.188195],[-48.138355,-21.187194],[-48.124801,-21.175471],[-48.123143,-21.174476],[-48.121157,-21.173909],[-48.116794,-21.1739],[-48.114756,-21.174383],[-48.112976,-21.175498],[-48.110016,-21.178646],[-48.10801,-21.179655],[-48.106497,-21.1799],[-48.097427,-21.180123],[-48.095393,-21.179781],[-48.071992,-21.173123],[-48.060647,-21.172787],[-47.961094,-21.160763],[-47.959263,-21.160828],[-47.92045,-21.167281],[-47.900101,-21.166704],[-47.880636,-21.165912],[-47.877345,-21.165937],[-47.86952,-21.167741],[-47.868228,-21.168192],[-47.856389,-21.175],[-47.855,-21.175638],[-47.853168,-21.176043],[-47.846237,-21.176695],[-47.842973,-21.177683],[-47.840989,-21.178523],[-47.840852,-21.178114],[-47.845386,-21.17667],[-47.846775,-21.176394],[-47.845695,-21.173366],[-47.843852,-21.172951],[-47.844022,-21.172328],[-47.843622,-21.170646],[-47.843902,-21.169861],[-47.846307,-21.168876],[-47.846534,-21.16852],[-47.846537,-21.168086],[-47.842166,-21.161239],[-47.838891,-21.1577],[-47.837998,-21.157448],[-47.837551,-21.157786],[-47.838067,-21.158375],[-47.837604,-21.158718],[-47.835395,-21.156211],[-47.834027,-21.157329]]}},{"type":"Feature","properties":{"id_backbone":"BB-7E99BB37231B","trecho":"BRJE.JC-CVA.CM","cluster":"JUNDIAI","cabo":null,"capacidade":"72","extensao_km":12.96,"confianca":"BAIXA","fonte":"OSRM/OpenStreetMap","ponta_a":"BRJE.JC","municipio_a":"CABREUVA","ponta_b":"CVA.CM","municipio_b":"CABREUVA"},"geometry":{"type":"LineString","coordinates":[[-47.0603,-23.245099],[-47.060453,-23.245116],[-47.060514,-23.244448],[-47.060223,-23.244324],[-47.060157,-23.244124],[-47.060483,-23.243991],[-47.066277,-23.245699],[-47.068825,-23.246094],[-47.070721,-23.246945],[-47.097794,-23.254372],[-47.100074,-23.255166],[-47.103002,-23.256471],[-47.115072,-23.262307],[-47.115669,-23.262445],[-47.116925,-23.262241],[-47.117614,-23.262663],[-47.117622,-23.262942],[-47.117102,-23.263464],[-47.117153,-23.263969],[-47.116513,-23.264376],[-47.115322,-23.266585],[-47.114814,-23.268605],[-47.114767,-23.270155],[-47.114959,-23.271197],[-47.115256,-23.272068],[-47.116275,-23.27396],[-47.117598,-23.275721],[-47.11898,-23.278253],[-47.120994,-23.280314],[-47.123788,-23.282571],[-47.126547,-23.283561],[-47.128225,-23.284436],[-47.129622,-23.284346],[-47.130313,-23.284589],[-47.1306,-23.284928],[-47.131756,-23.287486],[-47.132748,-23.288031],[-47.132946,-23.288301],[-47.132624,-23.289428],[-47.132922,-23.290403],[-47.132936,-23.291365],[-47.132607,-23.292897],[-47.13247,-23.294534],[-47.130209,-23.298927],[-47.129905,-23.299155],[-47.128963,-23.299202],[-47.128471,-23.299463],[-47.128267,-23.29981],[-47.128148,-23.300697],[-47.128774,-23.303353],[-47.129722,-23.304585],[-47.13069,-23.305393],[-47.131794,-23.307905],[-47.132274,-23.307749],[-47.132661,-23.308502],[-47.13284,-23.308503]]}},{"type":"Feature","properties":{"id_backbone":"BB-6A98533DD563","trecho":"BRJE.JC-SLO.ST","cluster":"JUNDIAI","cabo":"F-0865","capacidade":"72","extensao_km":32.078,"confianca":"SEM_REFERENCIA","fonte":"OSRM/OpenStreetMap","ponta_a":"BRJE.JC","municipio_a":"CABREUVA","ponta_b":"SLO.ST","municipio_b":"SALTO"},"geometry":{"type":"LineString","coordinates":[[-47.0603,-23.245099],[-47.060453,-23.245116],[-47.060514,-23.244448],[-47.060223,-23.244324],[-47.060157,-23.244124],[-47.060483,-23.243991],[-47.066277,-23.245699],[-47.068825,-23.246094],[-47.070721,-23.246945],[-47.099012,-23.254755],[-47.103002,-23.256471],[-47.116724,-23.263117],[-47.117878,-23.263556],[-47.119041,-23.263788],[-47.121276,-23.2637],[-47.123178,-23.263206],[-47.131827,-23.25832],[-47.136752,-23.255723],[-47.138069,-23.255266],[-47.139441,-23.255083],[-47.145787,-23.255589],[-47.150481,-23.255666],[-47.156298,-23.256937],[-47.159898,-23.256856],[-47.1671,-23.257765],[-47.179496,-23.257419],[-47.180351,-23.257661],[-47.181254,-23.258206],[-47.183072,-23.260451],[-47.183962,-23.261067],[-47.187826,-23.262101],[-47.188919,-23.2622],[-47.191062,-23.2613],[-47.194811,-23.260793],[-47.20809,-23.255728],[-47.209116,-23.255098],[-47.211756,-23.252662],[-47.212881,-23.252048],[-47.214219,-23.251777],[-47.216773,-23.251829],[-47.217852,-23.251619],[-47.221377,-23.249573],[-47.222163,-23.249297],[-47.223219,-23.249175],[-47.224459,-23.249383],[-47.233718,-23.252628],[-47.239421,-23.254889],[-47.241517,-23.256234],[-47.242225,-23.256529],[-47.243477,-23.256722],[-47.245879,-23.256416],[-47.24704,-23.256564],[-47.248201,-23.257144],[-47.249668,-23.258341],[-47.250841,-23.258766],[-47.251811,-23.258824],[-47.254076,-23.258481],[-47.255498,-23.25874],[-47.261321,-23.261462],[-47.263895,-23.263508],[-47.264899,-23.263894],[-47.266448,-23.264014],[-47.267853,-23.263644],[-47.269217,-23.262612],[-47.272484,-23.256646],[-47.273059,-23.2558],[-47.273839,-23.255088],[-47.275584,-23.254327],[-47.27995,-23.253643],[-47.281148,-23.252864],[-47.281731,-23.252136],[-47.282101,-23.251004],[-47.282705,-23.243789],[-47.283107,-23.241442],[-47.283731,-23.239587],[-47.285943,-23.234303],[-47.287061,-23.23282],[-47.288317,-23.231962],[-47.289664,-23.23147],[-47.302794,-23.230983],[-47.3034,-23.230739],[-47.30409,-23.229967],[-47.30426,-23.229546],[-47.304227,-23.229038],[-47.302609,-23.225661],[-47.301856,-23.224781],[-47.301566,-23.223696],[-47.301004,-23.222453],[-47.299929,-23.220156],[-47.299016,-23.218748],[-47.298679,-23.217474],[-47.29643,-23.212804],[-47.295579,-23.213782],[-47.295054,-23.215175],[-47.293641,-23.215838],[-47.294202,-23.217242],[-47.294133,-23.217794],[-47.293723,-23.218201]]}},{"type":"Feature","properties":{"id_backbone":"BB-AA4E4DB5B2B0","trecho":"BRPA.BP-CACU.RD","cluster":"SAO JOSE DOS CAMPOS","cabo":"F-S/N","capacidade":"12","extensao_km":41.371,"confianca":"REJEITADA","fonte":"OSRM/OpenStreetMap","ponta_a":"BRPA.BP","municipio_a":"CUNHA","ponta_b":"CACU.RD","municipio_b":"CUNHA"},"geometry":{"type":"LineString","coordinates":[[-45.043875,-22.994552],[-45.044038,-22.995572],[-45.044976,-22.997705],[-45.044944,-22.998713],[-45.042939,-23.000008],[-45.040872,-23.003041],[-45.040477,-23.004186],[-45.040669,-23.005469],[-45.040522,-23.006124],[-45.040109,-23.006507],[-45.038706,-23.007231],[-45.036807,-23.007564],[-45.036132,-23.008159],[-45.035538,-23.00921],[-45.034899,-23.00962],[-45.031242,-23.010373],[-45.029177,-23.01004],[-45.028147,-23.010084],[-45.027558,-23.010276],[-45.027104,-23.010626],[-45.026681,-23.01127],[-45.025192,-23.016866],[-45.024676,-23.017558],[-45.022783,-23.019138],[-45.022257,-23.019964],[-45.022075,-23.021123],[-45.0226,-23.022863],[-45.022662,-23.024174],[-45.022238,-23.025823],[-45.020801,-23.029861],[-45.020261,-23.030607],[-45.014255,-23.035892],[-45.014103,-23.036704],[-45.014546,-23.037838],[-45.014575,-23.03833],[-45.014232,-23.04028],[-45.014033,-23.04069],[-45.011385,-23.043456],[-45.010631,-23.043965],[-45.009728,-23.044233],[-45.00694,-23.044289],[-45.0059,-23.044685],[-45.005073,-23.045337],[-45.000655,-23.05148],[-44.99934,-23.05403],[-44.998908,-23.054401],[-44.99676,-23.055538],[-44.996183,-23.056165],[-44.995984,-23.057032],[-44.995942,-23.059513],[-44.995467,-23.060215],[-44.994793,-23.060558],[-44.993815,-23.06048],[-44.990199,-23.058288],[-44.98904,-23.057782],[-44.981556,-23.056534],[-44.979431,-23.056404],[-44.976866,-23.055698],[-44.975962,-23.055763],[-44.974943,-23.056441],[-44.973903,-23.058428],[-44.973087,-23.059421],[-44.96995,-23.061357],[-44.969009,-23.061771],[-44.968926,-23.061602],[-44.969191,-23.061486],[-44.969176,-23.061209],[-44.968474,-23.060991],[-44.967651,-23.06084],[-44.965193,-23.060888],[-44.964213,-23.061241],[-44.962809,-23.062184],[-44.96192,-23.063184],[-44.960688,-23.065034],[-44.960624,-23.065385],[-44.960257,-23.065459],[-44.960005,-23.065241],[-44.959814,-23.065309],[-44.958187,-23.067687],[-44.958038,-23.0699],[-44.957669,-23.071755],[-44.956944,-23.07239],[-44.956629,-23.072952],[-44.955713,-23.07306],[-44.955378,-23.073924],[-44.952302,-23.073047],[-44.951472,-23.07255],[-44.950351,-23.071467],[-44.950133,-23.071085],[-44.950104,-23.070531],[-44.950592,-23.069906],[-44.950729,-23.069437],[-44.950665,-23.068732],[-44.950364,-23.068502],[-44.950163,-23.067476],[-44.949555,-23.066832],[-44.947576,-23.065759],[-44.947368,-23.06521],[-44.947344,-23.064313],[-44.946744,-23.063664],[-44.946478,-23.063025],[-44.946317,-23.061361],[-44.944237,-23.059465],[-44.94431,-23.05633],[-44.943594,-23.055068],[-44.943074,-23.055078],[-44.942754,-23.054841],[-44.943187,-23.053627],[-44.943195,-23.05287],[-44.941638,-23.050898],[-44.941166,-23.049932],[-44.941054,-23.049047],[-44.94172,-23.048445],[-44.940733,-23.04539],[-44.940967,-23.044752],[-44.940592,-23.04425],[-44.940671,-23.043706],[-44.940466,-23.043446],[-44.939595,-23.043058],[-44.937081,-23.042369],[-44.936064,-23.040924],[-44.933687,-23.040211],[-44.932339,-23.039406],[-44.931651,-23.039195],[-44.93125,-23.038884],[-44.930548,-23.037795],[-44.929099,-23.036913],[-44.927672,-23.036634],[-44.926867,-23.036644],[-44.926249,-23.036077],[-44.924894,-23.035291],[-44.9236,-23.035157],[-44.922403,-23.034516],[-44.920505,-23.034246],[-44.919018,-23.033017],[-44.917448,-23.032332],[-44.916841,-23.031596],[-44.916365,-23.031489],[-44.915205,-23.031597],[-44.912997,-23.030493],[-44.911651,-23.029573],[-44.910091,-23.029659],[-44.909093,-23.029542],[-44.907357,-23.029772],[-44.904085,-23.029324],[-44.903622,-23.029535],[-44.902769,-23.029234],[-44.902256,-23.029477],[-44.902275,-23.03061],[-44.902081,-23.030782],[-44.901403,-23.03029],[-44.900817,-23.030771],[-44.89974,-23.030139],[-44.899206,-23.030192],[-44.897794,-23.029645],[-44.897619,-23.029403],[-44.897747,-23.028799],[-44.897593,-23.028522],[-44.895321,-23.028277],[-44.894592,-23.026717],[-44.891947,-23.025552],[-44.891438,-23.025611],[-44.890965,-23.025295],[-44.890322,-23.024604],[-44.889914,-23.023083],[-44.889292,-23.022491],[-44.887593,-23.022253],[-44.88751,-23.021929],[-44.88787,-23.021456],[-44.88799,-23.020854],[-44.887284,-23.019542],[-44.886954,-23.017927],[-44.886991,-23.017399],[-44.886781,-23.017131],[-44.885868,-23.016984],[-44.885553,-23.016767],[-44.885086,-23.015677],[-44.884599,-23.015222],[-44.884346,-23.01444],[-44.883705,-23.014046],[-44.883498,-23.012162],[-44.882983,-23.011828],[-44.880172,-23.009101],[-44.879628,-23.007794],[-44.87918,-23.007174],[-44.878434,-23.006654],[-44.877756,-23.006686],[-44.876575,-23.006229],[-44.876219,-23.005842],[-44.876028,-23.005049],[-44.876419,-23.004555],[-44.876116,-23.003632],[-44.877517,-23.002326],[-44.87819,-23.000891],[-44.878702,-23.000543],[-44.878619,-22.999296],[-44.878877,-22.998592],[-44.877082,-22.997718],[-44.876066,-22.99677],[-44.874835,-22.996188],[-44.873843,-22.995957],[-44.873294,-22.995484],[-44.871005,-22.994847],[-44.868859,-22.993642],[-44.868376,-22.99363],[-44.867223,-22.994039],[-44.866884,-22.993763],[-44.865739,-22.993439],[-44.864516,-22.992373],[-44.863614,-22.992353],[-44.862234,-22.991837],[-44.861397,-22.991996],[-44.860882,-22.99164],[-44.860496,-22.990988],[-44.859387,-22.990141],[-44.858958,-22.989528],[-44.858271,-22.989212],[-44.857856,-22.987235],[-44.857993,-22.986585],[-44.857449,-22.985872],[-44.856569,-22.985674],[-44.855911,-22.984452],[-44.855739,-22.98378],[-44.855732,-22.982494],[-44.855496,-22.981427],[-44.855753,-22.980933],[-44.855289,-22.980066],[-44.855289,-22.97975],[-44.855997,-22.978624],[-44.856104,-22.978091],[-44.855954,-22.977537],[-44.855096,-22.976076],[-44.854345,-22.975246],[-44.854388,-22.974791],[-44.853873,-22.974535],[-44.853486,-22.973725],[-44.853444,-22.972618],[-44.853057,-22.971966],[-44.853122,-22.971097],[-44.852771,-22.970285],[-44.853007,-22.969337],[-44.852585,-22.968272],[-44.852642,-22.965899],[-44.852406,-22.965445],[-44.851791,-22.965131],[-44.851312,-22.965306],[-44.850333,-22.966099],[-44.84984,-22.966198],[-44.848007,-22.966057],[-44.846578,-22.965328],[-44.845269,-22.964992],[-44.844209,-22.964319],[-44.843072,-22.964615],[-44.842643,-22.964536],[-44.842214,-22.963805],[-44.840377,-22.962088],[-44.839862,-22.961851],[-44.837235,-22.96177],[-44.835785,-22.962325],[-44.83509,-22.962066],[-44.833103,-22.962108],[-44.832558,-22.961632],[-44.831944,-22.960053],[-44.830197,-22.958806],[-44.828781,-22.958016],[-44.828468,-22.957149],[-44.828532,-22.954659],[-44.829455,-22.954343],[-44.829511,-22.954084],[-44.829004,-22.95296],[-44.829047,-22.952525],[-44.829777,-22.952071],[-44.829811,-22.951772],[-44.829275,-22.951239],[-44.828725,-22.948435],[-44.828395,-22.947702],[-44.826408,-22.944937],[-44.825657,-22.944325],[-44.825262,-22.94375],[-44.824262,-22.943238],[-44.823618,-22.941855],[-44.823588,-22.940351],[-44.822438,-22.939029],[-44.822279,-22.938197],[-44.823447,-22.936302],[-44.824348,-22.935749],[-44.824575,-22.935154],[-44.824455,-22.934346],[-44.824107,-22.933924]]}},{"type":"Feature","properties":{"id_backbone":"BB-4807D411B264","trecho":"BRS.BR-CLN.AN","cluster":"SAO JOSE DO RIO PRETO","cabo":"F-0006","capacidade":"12","extensao_km":20.915,"confianca":"ALTA","fonte":"OSRM/OpenStreetMap","ponta_a":"BRS.BR","municipio_a":"BARRETOS","ponta_b":"CLN.AN","municipio_b":"COLINA"},"geometry":{"type":"LineString","coordinates":[[-48.567812,-20.558866],[-48.564937,-20.563137],[-48.577709,-20.570624],[-48.582024,-20.573318],[-48.582884,-20.57371],[-48.583633,-20.574312],[-48.584001,-20.574373],[-48.584077,-20.57454],[-48.583708,-20.574816],[-48.58261,-20.576515],[-48.560651,-20.634611],[-48.560011,-20.63581],[-48.559058,-20.637001],[-48.556578,-20.639004],[-48.555723,-20.639903],[-48.554595,-20.641839],[-48.52822,-20.711886],[-48.528285,-20.712341],[-48.528693,-20.712737],[-48.540326,-20.717017],[-48.539564,-20.718725]]}},{"type":"Feature","properties":{"id_backbone":"BB-62EE5E0F3B4E","trecho":"BRS.BR-BRS.RD","cluster":"SAO JOSE DO RIO PRETO","cabo":"F-0004","capacidade":"24","extensao_km":2.652,"confianca":"ALTA","fonte":"OSRM/OpenStreetMap","ponta_a":"BRS.BR","municipio_a":"BARRETOS","ponta_b":"BRS.RD","municipio_b":"BARRETOS"},"geometry":{"type":"LineString","coordinates":[[-48.567812,-20.558866],[-48.567008,-20.560061],[-48.572744,-20.563414],[-48.573573,-20.563926],[-48.573614,-20.564096],[-48.578547,-20.562988],[-48.580456,-20.5622],[-48.585041,-20.559522],[-48.585361,-20.55913],[-48.584963,-20.558892],[-48.586095,-20.557231],[-48.585844,-20.557083]]}},{"type":"Feature","properties":{"id_backbone":"BB-7F50B9182D90","trecho":"BRT.BT-JAU.AG","cluster":"BAURU","cabo":"F-0155-00","capacidade":"36","extensao_km":51.826,"confianca":"BAIXA","fonte":"OSRM/OpenStreetMap","ponta_a":"BRT.BT","municipio_a":"BROTAS","ponta_b":"JAU.AG","municipio_b":"JAU"},"geometry":{"type":"LineString","coordinates":[[-48.124812,-22.28637],[-48.127424,-22.286004],[-48.126566,-22.28055],[-48.13232,-22.279675],[-48.133052,-22.279391],[-48.133224,-22.279233],[-48.134249,-22.275419],[-48.141489,-22.272215],[-48.14401,-22.27094],[-48.147281,-22.267562],[-48.147845,-22.267686],[-48.150385,-22.267234],[-48.150247,-22.266077],[-48.149442,-22.266066],[-48.149029,-22.266255],[-48.149084,-22.266601],[-48.149794,-22.266613],[-48.181243,-22.261732],[-48.183518,-22.261532],[-48.185121,-22.261676],[-48.186676,-22.262077],[-48.199135,-22.266821],[-48.202366,-22.267323],[-48.205413,-22.267214],[-48.234,-22.262389],[-48.237002,-22.261558],[-48.239589,-22.260184],[-48.241132,-22.258942],[-48.243869,-22.255814],[-48.250031,-22.249963],[-48.256953,-22.24469],[-48.258392,-22.243922],[-48.259946,-22.243438],[-48.262326,-22.243309],[-48.26426,-22.243668],[-48.27235,-22.247576],[-48.274248,-22.248243],[-48.276871,-22.248593],[-48.28698,-22.248913],[-48.289552,-22.248568],[-48.295057,-22.246409],[-48.29875,-22.245424],[-48.320966,-22.243387],[-48.322974,-22.2436],[-48.324806,-22.244126],[-48.335395,-22.248956],[-48.33795,-22.249649],[-48.339034,-22.249623],[-48.346447,-22.24861],[-48.348475,-22.247576],[-48.349882,-22.247477],[-48.351235,-22.246918],[-48.352065,-22.247],[-48.352622,-22.247325],[-48.353542,-22.248394],[-48.354136,-22.248745],[-48.358283,-22.24944],[-48.359752,-22.25008],[-48.360321,-22.250568],[-48.364622,-22.255851],[-48.366007,-22.257099],[-48.368036,-22.258425],[-48.384189,-22.266173],[-48.388665,-22.267565],[-48.393225,-22.268275],[-48.396878,-22.268389],[-48.399628,-22.268191],[-48.418258,-22.265711],[-48.422172,-22.265349],[-48.442234,-22.265546],[-48.446373,-22.266061],[-48.46893,-22.270865],[-48.472055,-22.2711],[-48.515434,-22.265501],[-48.516087,-22.265302],[-48.516137,-22.265069],[-48.515955,-22.264896],[-48.514109,-22.265197],[-48.513793,-22.265642],[-48.513945,-22.266292],[-48.514568,-22.280105],[-48.514832,-22.280461],[-48.520015,-22.280351],[-48.520997,-22.280612],[-48.524566,-22.282445],[-48.529433,-22.285896],[-48.535781,-22.286255],[-48.536199,-22.286392],[-48.539777,-22.288629],[-48.540003,-22.288598],[-48.540181,-22.288879],[-48.544109,-22.291292],[-48.544563,-22.291757],[-48.544549,-22.292083],[-48.546443,-22.295254],[-48.547596,-22.296236],[-48.54816,-22.295983],[-48.549293,-22.294649],[-48.550708,-22.295117],[-48.551836,-22.295207],[-48.552435,-22.295559],[-48.552926,-22.29489],[-48.555365,-22.296423],[-48.556911,-22.294357],[-48.556349,-22.294008]]}},{"type":"Feature","properties":{"id_backbone":"BB-73CC587B66A2","trecho":"BRU.AC-JAU.AG","cluster":"BAURU","cabo":"F-0155-00","capacidade":"36","extensao_km":57.757,"confianca":"BAIXA","fonte":"OSRM/OpenStreetMap","ponta_a":"BRU.AC","municipio_a":"BAURU","ponta_b":"JAU.AG","municipio_b":"JAU"},"geometry":{"type":"LineString","coordinates":[[-49.067312,-22.328003],[-49.067411,-22.327657],[-49.068397,-22.327903],[-49.068126,-22.328863],[-49.05733,-22.326236],[-49.05241,-22.325367],[-49.04788,-22.339937],[-49.047938,-22.340578],[-49.048459,-22.340648],[-49.048701,-22.340403],[-49.048707,-22.340065],[-49.048108,-22.339676],[-49.044612,-22.338905],[-49.043763,-22.338553],[-49.040811,-22.337881],[-49.032569,-22.335515],[-49.031025,-22.335436],[-49.029058,-22.336909],[-49.028803,-22.337341],[-49.028369,-22.337442],[-49.023994,-22.3408],[-49.023774,-22.341464],[-49.023063,-22.341521],[-49.022569,-22.341865],[-49.0226,-22.342222],[-49.022372,-22.342338],[-49.022162,-22.342099],[-49.022348,-22.341681],[-49.020459,-22.339202],[-49.001715,-22.317928],[-49.000364,-22.316918],[-48.999506,-22.316609],[-48.998313,-22.316461],[-48.853125,-22.342714],[-48.846943,-22.343377],[-48.843079,-22.343554],[-48.835965,-22.343486],[-48.828068,-22.342704],[-48.771715,-22.333366],[-48.743859,-22.328589],[-48.740185,-22.327491],[-48.738004,-22.326624],[-48.734853,-22.325013],[-48.730379,-22.322036],[-48.721477,-22.315432],[-48.718963,-22.313892],[-48.714814,-22.312056],[-48.7117,-22.311183],[-48.709386,-22.310721],[-48.69532,-22.309696],[-48.615729,-22.305187],[-48.578193,-22.302828],[-48.57687,-22.302859],[-48.575745,-22.303305],[-48.574841,-22.302764],[-48.572354,-22.302638],[-48.569416,-22.301314],[-48.567843,-22.300385],[-48.567325,-22.30088],[-48.556349,-22.294008]]}},{"type":"Feature","properties":{"id_backbone":"BB-0D4CB3FAA96E","trecho":"BRU.AC-BRU.RD","cluster":"BAURU","cabo":"F-0103-00","capacidade":"36","extensao_km":5.159,"confianca":"ALTA","fonte":"OSRM/OpenStreetMap","ponta_a":"BRU.AC","municipio_a":"BAURU","ponta_b":"BRU.RD","municipio_b":"BAURU"},"geometry":{"type":"LineString","coordinates":[[-49.067312,-22.328003],[-49.067411,-22.327657],[-49.069395,-22.328141],[-49.070905,-22.322762],[-49.07391,-22.323485],[-49.075599,-22.318171],[-49.075574,-22.317493],[-49.075941,-22.316988],[-49.085152,-22.313048],[-49.09208,-22.31039],[-49.091909,-22.308549],[-49.092128,-22.308435],[-49.092137,-22.308151],[-49.091775,-22.307541],[-49.099023,-22.302692],[-49.099816,-22.302215],[-49.100045,-22.302505]]}},{"type":"Feature","properties":{"id_backbone":"BB-44D174A30B22","trecho":"BRU.AC-PDR.PN","cluster":"BAURU","cabo":"F-0155","capacidade":"36","extensao_km":35.12,"confianca":"SEM_REFERENCIA","fonte":"OSRM/OpenStreetMap","ponta_a":"BRU.AC","municipio_a":"BAURU","ponta_b":"PDR.PN","municipio_b":"PEDERNEIRAS"},"geometry":{"type":"LineString","coordinates":[[-49.067312,-22.328003],[-49.067411,-22.327657],[-49.068397,-22.327903],[-49.068126,-22.328863],[-49.05733,-22.326236],[-49.05241,-22.325367],[-49.04788,-22.339937],[-49.047938,-22.340578],[-49.048459,-22.340648],[-49.048701,-22.340403],[-49.048707,-22.340065],[-49.048108,-22.339676],[-49.044612,-22.338905],[-49.043763,-22.338553],[-49.040811,-22.337881],[-49.032569,-22.335515],[-49.031025,-22.335436],[-49.029058,-22.336909],[-49.028803,-22.337341],[-49.028369,-22.337442],[-49.023994,-22.3408],[-49.023774,-22.341464],[-49.023063,-22.341521],[-49.022569,-22.341865],[-49.0226,-22.342222],[-49.022372,-22.342338],[-49.022162,-22.342099],[-49.022348,-22.341681],[-49.020459,-22.339202],[-49.001715,-22.317928],[-49.00073,-22.317116],[-48.999897,-22.316722],[-48.998006,-22.316482],[-48.873236,-22.339145],[-48.853125,-22.342714],[-48.850564,-22.343022],[-48.846943,-22.343377],[-48.839971,-22.343591],[-48.835965,-22.343486],[-48.83051,-22.343019],[-48.800948,-22.338153],[-48.795575,-22.337595],[-48.795378,-22.337896],[-48.794885,-22.339943],[-48.794063,-22.344039],[-48.779631,-22.348259],[-48.778478,-22.349064],[-48.776011,-22.352669],[-48.776823,-22.353175],[-48.776679,-22.353388]]}},{"type":"Feature","properties":{"id_backbone":"BB-1B1C321D0B02","trecho":"BRU.CE-BRU.NH","cluster":"BAURU","cabo":null,"capacidade":"12","extensao_km":1.431,"confianca":"SEM_REFERENCIA","fonte":"OSRM/OpenStreetMap","ponta_a":"BRU.CE","municipio_a":"BAURU","ponta_b":"BRU.NH","municipio_b":"BAURU"},"geometry":{"type":"LineString","coordinates":[[-49.074394,-22.32212],[-49.075303,-22.322346],[-49.074877,-22.323813],[-49.070888,-22.322847],[-49.071557,-22.320427],[-49.068586,-22.319752],[-49.068341,-22.320627],[-49.068799,-22.320742]]}},{"type":"Feature","properties":{"id_backbone":"BB-6AE8E3BECBC6","trecho":"BRU.IN-BRU.VF","cluster":"BAURU","cabo":"F-1650","capacidade":"24","extensao_km":2.938,"confianca":"ALTA","fonte":"OSRM/OpenStreetMap","ponta_a":"BRU.IN","municipio_a":"BAURU","ponta_b":"BRU.VF","municipio_b":"BAURU"},"geometry":{"type":"LineString","coordinates":[[-49.094747,-22.343818],[-49.094017,-22.343656],[-49.093556,-22.342165],[-49.09022,-22.338447],[-49.086275,-22.332497],[-49.086104,-22.332273],[-49.085732,-22.332235],[-49.085592,-22.332005],[-49.085725,-22.33185],[-49.08632,-22.331887],[-49.087448,-22.331543],[-49.093917,-22.327687],[-49.096483,-22.32834]]}},{"type":"Feature","properties":{"id_backbone":"BB-71A3E8D123A7","trecho":"BRU.VF-GAR.RB","cluster":"BAURU","cabo":"F-0137-00","capacidade":"36","extensao_km":69.628,"confianca":"ALTA","fonte":"OSRM/OpenStreetMap","ponta_a":"BRU.VF","municipio_a":"BAURU","ponta_b":"GAR.RB","municipio_b":"GARCA"},"geometry":{"type":"LineString","coordinates":[[-49.096483,-22.32834],[-49.095236,-22.328009],[-49.09755,-22.326595],[-49.100206,-22.325461],[-49.107163,-22.32823],[-49.107528,-22.328242],[-49.108027,-22.327967],[-49.10926,-22.328025],[-49.118981,-22.327048],[-49.120617,-22.326636],[-49.122423,-22.325641],[-49.125253,-22.323019],[-49.126176,-22.322345],[-49.136564,-22.316928],[-49.137363,-22.316203],[-49.137854,-22.315148],[-49.138444,-22.314863],[-49.138716,-22.314936],[-49.139238,-22.315596],[-49.139621,-22.315767],[-49.144093,-22.315641],[-49.147041,-22.316281],[-49.197374,-22.337565],[-49.217284,-22.345839],[-49.218789,-22.346318],[-49.221057,-22.346605],[-49.279826,-22.350199],[-49.2816,-22.349879],[-49.28309,-22.348979],[-49.302377,-22.327747],[-49.303694,-22.326856],[-49.305099,-22.326402],[-49.321052,-22.326134],[-49.322973,-22.326696],[-49.340487,-22.33362],[-49.341305,-22.334183],[-49.342627,-22.335559],[-49.343768,-22.336092],[-49.375301,-22.339279],[-49.376569,-22.339096],[-49.377802,-22.338432],[-49.393354,-22.325817],[-49.3956,-22.324659],[-49.397832,-22.324192],[-49.424398,-22.32479],[-49.455859,-22.330489],[-49.457503,-22.330579],[-49.459513,-22.330372],[-49.475022,-22.326066],[-49.475522,-22.325723],[-49.476172,-22.324861],[-49.476351,-22.323102],[-49.476675,-22.322264],[-49.478244,-22.320526],[-49.479277,-22.319979],[-49.490937,-22.318486],[-49.491603,-22.318268],[-49.492158,-22.317836],[-49.492638,-22.316943],[-49.496096,-22.305066],[-49.496473,-22.295186],[-49.496047,-22.293593],[-49.492038,-22.287227],[-49.49175,-22.286162],[-49.491889,-22.284883],[-49.492677,-22.28356],[-49.509824,-22.268312],[-49.510995,-22.267458],[-49.591088,-22.236299],[-49.592789,-22.235801],[-49.596414,-22.235369],[-49.598539,-22.2354],[-49.60063,-22.235633],[-49.627393,-22.241306],[-49.628554,-22.241374],[-49.631687,-22.240931],[-49.642581,-22.237695],[-49.643137,-22.237345],[-49.643659,-22.236597],[-49.643769,-22.235481],[-49.644093,-22.234802],[-49.649137,-22.227747],[-49.650698,-22.225668],[-49.651529,-22.224838],[-49.653596,-22.221967],[-49.653733,-22.214898],[-49.655462,-22.213228],[-49.654856,-22.209778],[-49.654602,-22.209814]]}},{"type":"Feature","properties":{"id_backbone":"BB-6B37098846A7","trecho":"BTA.FP-TUB.SG","cluster":"ARACATUBA","cabo":"F-0019","capacidade":"6","extensao_km":21.297,"confianca":"BAIXA","fonte":"OSRM/OpenStreetMap","ponta_a":"BTA.FP","municipio_a":"BURITAMA","ponta_b":"TUB.SG","municipio_b":"TURIUBA"},"geometry":{"type":"LineString","coordinates":[[-50.150928,-21.06435],[-50.152042,-21.067651],[-50.163939,-21.064022],[-50.16558,-21.063261],[-50.166882,-21.062061],[-50.178947,-21.044684],[-50.179898,-21.043784],[-50.186668,-21.039358],[-50.187019,-21.038899],[-50.186972,-21.038579],[-50.177873,-21.026137],[-50.176119,-21.023248],[-50.138119,-20.946083],[-50.136605,-20.943811],[-50.135956,-20.941763],[-50.1347,-20.939283],[-50.1344,-20.939094],[-50.13393,-20.939184],[-50.114774,-20.947509],[-50.11296,-20.947894],[-50.110746,-20.947624],[-50.110338,-20.947696],[-50.109494,-20.9511],[-50.105715,-20.950252]]}},{"type":"Feature","properties":{"id_backbone":"BB-381B53F3D79E","trecho":"BTU.JP-SOC.CR","cluster":"BAURU","cabo":"F-0139-00","capacidade":"36","extensao_km":158.851,"confianca":"ALTA","fonte":"OSRM/OpenStreetMap","ponta_a":"BTU.JP","municipio_a":"BOTUCATU","ponta_b":"SOC.CR","municipio_b":"SOROCABA"},"geometry":{"type":"LineString","coordinates":[[-48.436035,-22.888069],[-48.435379,-22.889509],[-48.43556,-22.892468],[-48.445062,-22.891866],[-48.445507,-22.896815],[-48.446607,-22.896777],[-48.446869,-22.896932],[-48.449261,-22.899895],[-48.449608,-22.900089],[-48.449734,-22.900437],[-48.463715,-22.917762],[-48.468787,-22.924858],[-48.472991,-22.931858],[-48.475346,-22.93645],[-48.477791,-22.941966],[-48.491348,-22.974702],[-48.498261,-22.990851],[-48.532866,-23.073514],[-48.533392,-23.074382],[-48.533933,-23.074679],[-48.534321,-23.0747],[-48.535243,-23.07421],[-48.535629,-23.073511],[-48.535661,-23.073123],[-48.535161,-23.072689],[-48.534081,-23.072873],[-48.528423,-23.07468],[-48.524661,-23.076385],[-48.522743,-23.077554],[-48.51512,-23.082937],[-48.507753,-23.088555],[-48.506361,-23.090609],[-48.505824,-23.092616],[-48.505976,-23.094889],[-48.507219,-23.098299],[-48.507454,-23.09947],[-48.507353,-23.101499],[-48.506584,-23.103616],[-48.505088,-23.105555],[-48.49947,-23.111594],[-48.495605,-23.114885],[-48.493636,-23.116226],[-48.46412,-23.132654],[-48.460393,-23.134201],[-48.456975,-23.135139],[-48.449504,-23.136812],[-48.408071,-23.145421],[-48.402809,-23.146878],[-48.397544,-23.14863],[-48.377499,-23.15642],[-48.373101,-23.157901],[-48.368311,-23.159022],[-48.347183,-23.162953],[-48.341545,-23.164626],[-48.336329,-23.166848],[-48.314926,-23.177883],[-48.307932,-23.181178],[-48.260686,-23.200551],[-48.258792,-23.200936],[-48.257166,-23.200942],[-48.25554,-23.20073],[-48.254078,-23.200311],[-48.252111,-23.199287],[-48.24595,-23.194902],[-48.243869,-23.194074],[-48.241416,-23.19365],[-48.239641,-23.193683],[-48.231806,-23.194415],[-48.226427,-23.195484],[-48.221806,-23.196919],[-48.218979,-23.198074],[-48.216058,-23.199544],[-48.210997,-23.202697],[-48.207649,-23.205375],[-48.205045,-23.207841],[-48.200637,-23.212506],[-48.198288,-23.214462],[-48.196029,-23.216016],[-48.184678,-23.22265],[-48.181717,-23.224251],[-48.179405,-23.225212],[-48.16394,-23.23035],[-48.161364,-23.23084],[-48.146076,-23.23293],[-48.089761,-23.245552],[-48.083291,-23.246277],[-48.051837,-23.246099],[-48.045793,-23.24622],[-47.860666,-23.259376],[-47.854879,-23.259903],[-47.852812,-23.260345],[-47.850468,-23.261075],[-47.842802,-23.263995],[-47.84082,-23.26493],[-47.838443,-23.266484],[-47.828754,-23.273996],[-47.824998,-23.276214],[-47.811361,-23.281655],[-47.807511,-23.282799],[-47.803394,-23.283373],[-47.784653,-23.283861],[-47.779681,-23.284322],[-47.726684,-23.293859],[-47.722098,-23.294551],[-47.71184,-23.295755],[-47.708021,-23.295754],[-47.695219,-23.294447],[-47.693076,-23.29445],[-47.690422,-23.294748],[-47.664419,-23.301762],[-47.661038,-23.303002],[-47.657394,-23.304902],[-47.64,-23.31628],[-47.636996,-23.317477],[-47.634731,-23.317816],[-47.583874,-23.320213],[-47.581024,-23.320623],[-47.578159,-23.321444],[-47.533084,-23.342672],[-47.53219,-23.34326],[-47.529508,-23.345854],[-47.529393,-23.346348],[-47.529428,-23.348797],[-47.529807,-23.351495],[-47.530533,-23.353589],[-47.533857,-23.360796],[-47.534323,-23.362857],[-47.534344,-23.365078],[-47.534008,-23.366795],[-47.533152,-23.369117],[-47.531686,-23.371168],[-47.530024,-23.37251],[-47.519193,-23.37992],[-47.517937,-23.381261],[-47.517196,-23.382343],[-47.516709,-23.383273],[-47.516234,-23.384858],[-47.515882,-23.394037],[-47.516084,-23.398599],[-47.516405,-23.39983],[-47.519968,-23.406939],[-47.520521,-23.408568],[-47.520712,-23.410063],[-47.520657,-23.416959],[-47.520808,-23.417903],[-47.520552,-23.419315],[-47.51922,-23.422149],[-47.517378,-23.427166],[-47.515932,-23.433364],[-47.515987,-23.434013],[-47.516722,-23.434916],[-47.516835,-23.435625],[-47.516176,-23.438035],[-47.516032,-23.439181],[-47.515556,-23.440145],[-47.515195,-23.441407],[-47.514432,-23.444933],[-47.513707,-23.449296],[-47.513958,-23.450287],[-47.513823,-23.450543],[-47.512742,-23.451161],[-47.510973,-23.452652],[-47.509842,-23.453051],[-47.507675,-23.453443],[-47.505943,-23.454576],[-47.498032,-23.463131],[-47.497711,-23.46365],[-47.497201,-23.464017],[-47.495061,-23.466339],[-47.49453,-23.467243],[-47.493471,-23.468089],[-47.482793,-23.479729],[-47.478943,-23.481284],[-47.48031,-23.483273],[-47.48224,-23.486662],[-47.481181,-23.487239],[-47.480736,-23.487801],[-47.481855,-23.489433],[-47.481811,-23.489817],[-47.481522,-23.490201],[-47.482365,-23.491134],[-47.482801,-23.491305],[-47.486038,-23.491291],[-47.486231,-23.491497],[-47.481571,-23.49574],[-47.481434,-23.496024],[-47.481449,-23.496448],[-47.482,-23.497305],[-47.48248,-23.498977],[-47.481848,-23.50139],[-47.481935,-23.50241],[-47.481704,-23.503041],[-47.482334,-23.503463],[-47.481756,-23.505413],[-47.4846,-23.507796],[-47.488469,-23.510371],[-47.488749,-23.510838],[-47.489228,-23.514193],[-47.488655,-23.51089]]}},{"type":"Feature","properties":{"id_backbone":"BB-A444DBB6D405","trecho":"BTV.AB-CQO.RF","cluster":"SOROCABA","cabo":"F-0062","capacidade":"24","extensao_km":20.536,"confianca":"ALTA","fonte":"OSRM/OpenStreetMap","ponta_a":"BTV.AB","municipio_a":"BOITUVA","ponta_b":"CQO.RF","municipio_b":"CERQUILHO"},"geometry":{"type":"LineString","coordinates":[[-47.6715,-23.2846],[-47.669824,-23.284149],[-47.669591,-23.284862],[-47.671476,-23.28536],[-47.672565,-23.281537],[-47.673106,-23.281637],[-47.67324,-23.273162],[-47.672694,-23.270381],[-47.671711,-23.26888],[-47.670301,-23.267664],[-47.670314,-23.267301],[-47.670587,-23.267142],[-47.673383,-23.267769],[-47.683254,-23.271689],[-47.683195,-23.271529],[-47.6818,-23.270919],[-47.681651,-23.270706],[-47.682338,-23.265344],[-47.682059,-23.264497],[-47.680627,-23.262384],[-47.680506,-23.261378],[-47.68068,-23.260364],[-47.681257,-23.258342],[-47.682074,-23.257052],[-47.684919,-23.254144],[-47.687282,-23.252611],[-47.688591,-23.251527],[-47.689737,-23.250183],[-47.690696,-23.248384],[-47.691018,-23.247487],[-47.691756,-23.243838],[-47.691668,-23.242132],[-47.690748,-23.239545],[-47.690556,-23.238556],[-47.690537,-23.238108],[-47.691017,-23.236862],[-47.692616,-23.235549],[-47.69668,-23.230982],[-47.699042,-23.229247],[-47.700126,-23.227741],[-47.701883,-23.22676],[-47.702818,-23.225833],[-47.704546,-23.222951],[-47.704845,-23.222067],[-47.705034,-23.220629],[-47.706164,-23.218229],[-47.706757,-23.217428],[-47.710178,-23.21421],[-47.711056,-23.210358],[-47.713696,-23.206172],[-47.716083,-23.203259],[-47.717818,-23.202383],[-47.718792,-23.201699],[-47.725489,-23.194319],[-47.7258,-23.194413],[-47.727006,-23.195786],[-47.727726,-23.197321],[-47.727999,-23.197609],[-47.732066,-23.1973],[-47.732723,-23.196826],[-47.733984,-23.194085],[-47.736349,-23.191429],[-47.736948,-23.189975],[-47.737087,-23.189203],[-47.7366,-23.183308],[-47.736233,-23.182713],[-47.737469,-23.180747],[-47.738063,-23.177783],[-47.739871,-23.176155],[-47.740217,-23.175647],[-47.742011,-23.169417],[-47.74748,-23.16886],[-47.746438,-23.161925],[-47.745938,-23.161517],[-47.744624,-23.161679],[-47.744456,-23.160606]]}},{"type":"Feature","properties":{"id_backbone":"BB-28FAC336E8E5","trecho":"BUN.SS-CTY.RJ","cluster":"ARACATUBA","cabo":"F-0034","capacidade":"6","extensao_km":21.959,"confianca":"ALTA","fonte":"OSRM/OpenStreetMap","ponta_a":"BUN.SS","municipio_a":"BRAUNA","ponta_b":"CTY.RJ","municipio_b":"CLEMENTINA"},"geometry":{"type":"LineString","coordinates":[[-50.315399,-21.498044],[-50.314903,-21.498323],[-50.315839,-21.49981],[-50.311373,-21.502301],[-50.310449,-21.503022],[-50.298812,-21.51748],[-50.298708,-21.518124],[-50.299433,-21.518697],[-50.313949,-21.524741],[-50.316128,-21.526234],[-50.340785,-21.555412],[-50.341691,-21.556295],[-50.342957,-21.557091],[-50.344107,-21.557544],[-50.345295,-21.557795],[-50.364824,-21.559778],[-50.43819,-21.569584],[-50.441278,-21.570378],[-50.444275,-21.571733],[-50.444843,-21.571404],[-50.452692,-21.559601],[-50.452122,-21.559243],[-50.450837,-21.557893]]}},{"type":"Feature","properties":{"id_backbone":"BB-869AF1CAD63E","trecho":"CAAO.CT-COA.CI","cluster":"OSASCO","cabo":"F-0888","capacidade":"36","extensao_km":16.495,"confianca":"ALTA","fonte":"OSRM/OpenStreetMap","ponta_a":"CAAO.CT","municipio_a":"COTIA","ponta_b":"COA.CI","municipio_b":"COTIA"},"geometry":{"type":"LineString","coordinates":[[-47.023086,-23.684242],[-47.022925,-23.684534],[-47.021887,-23.684411],[-47.0218,-23.684822],[-47.021656,-23.684827],[-47.021233,-23.684353],[-47.020002,-23.683867],[-47.015413,-23.67896],[-47.014898,-23.67765],[-47.014753,-23.676799],[-47.014972,-23.67497],[-47.014746,-23.672551],[-47.014331,-23.671997],[-47.012964,-23.670939],[-47.0125,-23.670754],[-47.012161,-23.670328],[-47.010446,-23.669003],[-47.009831,-23.668286],[-47.008847,-23.666384],[-47.007735,-23.662014],[-47.006826,-23.660877],[-47.00581,-23.660006],[-47.003924,-23.65986],[-47.00261,-23.659401],[-47.001971,-23.659113],[-47.00072,-23.658022],[-46.998488,-23.657278],[-46.997729,-23.65673],[-46.996712,-23.655525],[-46.996371,-23.654783],[-46.995934,-23.652603],[-46.995735,-23.64936],[-46.994315,-23.647807],[-46.99362,-23.646463],[-46.991736,-23.644485],[-46.990897,-23.642715],[-46.989833,-23.641781],[-46.9894,-23.641127],[-46.98925,-23.640281],[-46.989382,-23.639148],[-46.989259,-23.636102],[-46.988667,-23.634412],[-46.987578,-23.632619],[-46.987318,-23.631017],[-46.986963,-23.629982],[-46.985785,-23.628073],[-46.984157,-23.626909],[-46.982745,-23.626541],[-46.979121,-23.62502],[-46.975395,-23.621006],[-46.973641,-23.618307],[-46.972038,-23.616563],[-46.971295,-23.615311],[-46.968988,-23.615524],[-46.967745,-23.615969],[-46.967433,-23.615858],[-46.966686,-23.615164],[-46.966036,-23.615032],[-46.963221,-23.615615],[-46.962644,-23.615388],[-46.961815,-23.614367],[-46.961333,-23.614057],[-46.958586,-23.613884],[-46.956593,-23.612278],[-46.955165,-23.610378],[-46.954459,-23.609791],[-46.95083,-23.608043],[-46.939491,-23.602018],[-46.938674,-23.601744],[-46.935773,-23.601885],[-46.932359,-23.602526],[-46.930325,-23.602673],[-46.926662,-23.60215],[-46.921776,-23.603529],[-46.918513,-23.603529],[-46.915533,-23.603262],[-46.915507,-23.603518]]}},{"type":"Feature","properties":{"id_backbone":"BB-CDDE351561E2","trecho":"CAG.JZ-TBA.GO","cluster":"SAO JOSE DO RIO PRETO","cabo":"F-0134","capacidade":"36","extensao_km":10.568,"confianca":"ALTA","fonte":"OSRM/OpenStreetMap","ponta_a":"CAG.JZ","municipio_a":"CATIGUA","ponta_b":"TBA.GO","municipio_b":"TABAPUA"},"geometry":{"type":"LineString","coordinates":[[-49.057618,-21.050891],[-49.057241,-21.050572],[-49.057894,-21.04989],[-49.055047,-21.04767],[-49.056431,-21.046775],[-49.056607,-21.046411],[-49.053373,-21.043575],[-49.052524,-21.042359],[-49.05213,-21.041388],[-49.042434,-20.997925],[-49.038034,-20.97933],[-49.037556,-20.97824],[-49.034744,-20.973776],[-49.033608,-20.970564],[-49.032974,-20.969789],[-49.033078,-20.969106],[-49.031841,-20.965413],[-49.0303,-20.9627]]}},{"type":"Feature","properties":{"id_backbone":"BB-36173331FF03","trecho":"CAS.AL-CAS.TQ","cluster":"CAMPINAS","cabo":"F-0003","capacidade":"12","extensao_km":5.183,"confianca":"ALTA","fonte":"OSRM/OpenStreetMap","ponta_a":"CAS.AL","municipio_a":"CAMPINAS","ponta_b":"CAS.TQ","municipio_b":"CAMPINAS"},"geometry":{"type":"LineString","coordinates":[[-47.02841,-22.823773],[-47.029323,-22.824003],[-47.02999,-22.824456],[-47.031302,-22.824779],[-47.032081,-22.82533],[-47.032691,-22.825265],[-47.034708,-22.824578],[-47.035463,-22.824847],[-47.034283,-22.826621],[-47.033854,-22.826988],[-47.033873,-22.827494],[-47.034343,-22.827969],[-47.03337,-22.82944],[-47.03299,-22.830489],[-47.032861,-22.831924],[-47.03333,-22.8342],[-47.037333,-22.842318],[-47.038963,-22.844711],[-47.040451,-22.846069],[-47.041448,-22.847522],[-47.044324,-22.855106],[-47.044597,-22.85621],[-47.044756,-22.856291],[-47.046143,-22.855954],[-47.045565,-22.85367],[-47.044899,-22.853813]]}},{"type":"Feature","properties":{"id_backbone":"BB-CE5162D7D093","trecho":"CAS.BD-CAS.MD","cluster":"CAMPINAS","cabo":"F-0248","capacidade":"72","extensao_km":11.353,"confianca":"ALTA","fonte":"OSRM/OpenStreetMap","ponta_a":"CAS.BD","municipio_a":"CAMPINAS","ponta_b":"CAS.MD","municipio_b":"CAMPINAS"},"geometry":{"type":"LineString","coordinates":[[-47.070406,-22.799328],[-47.070326,-22.798904],[-47.071444,-22.798259],[-47.072143,-22.797346],[-47.072376,-22.796417],[-47.074699,-22.791056],[-47.063031,-22.78225],[-47.061436,-22.783938],[-47.061134,-22.784027],[-47.050801,-22.782326],[-47.044304,-22.786777],[-47.040083,-22.791295],[-47.039385,-22.791776],[-47.038484,-22.792707],[-47.035084,-22.796508],[-47.032704,-22.797748],[-47.03258,-22.79852],[-47.03284,-22.802127],[-47.033361,-22.806797],[-47.034255,-22.809892],[-47.03514,-22.811984],[-47.034575,-22.812101],[-47.034271,-22.810329],[-47.033013,-22.80598],[-47.03189,-22.793211],[-47.031292,-22.790292],[-47.030355,-22.788084],[-47.029843,-22.787638],[-47.029532,-22.787666],[-47.028052,-22.788481],[-47.02792,-22.78874],[-47.026825,-22.789462]]}},{"type":"Feature","properties":{"id_backbone":"BB-A8AE6BD9BE90","trecho":"CAS.BG-PLA.DS","cluster":"CAMPINAS","cabo":"F-0129","capacidade":"24","extensao_km":11.737,"confianca":"ALTA","fonte":"OSRM/OpenStreetMap","ponta_a":"CAS.BG","municipio_a":"CAMPINAS","ponta_b":"PLA.DS","municipio_b":"PAULINIA"},"geometry":{"type":"LineString","coordinates":[[-47.077057,-22.824569],[-47.076689,-22.825012],[-47.078245,-22.824809],[-47.078808,-22.824189],[-47.07869,-22.824094],[-47.078831,-22.823844],[-47.079611,-22.824566],[-47.07998,-22.824699],[-47.079592,-22.826079],[-47.080366,-22.826316],[-47.080716,-22.826724],[-47.082752,-22.824317],[-47.087123,-22.822131],[-47.089092,-22.82044],[-47.09221,-22.819298],[-47.100342,-22.817134],[-47.111853,-22.810503],[-47.117493,-22.807653],[-47.123241,-22.805456],[-47.129058,-22.801871],[-47.130259,-22.800844],[-47.133757,-22.797093],[-47.134057,-22.796227],[-47.133982,-22.795],[-47.134234,-22.794446],[-47.134712,-22.794168],[-47.136288,-22.794154],[-47.136741,-22.793961],[-47.139341,-22.791217],[-47.139786,-22.790061],[-47.139692,-22.788558],[-47.139514,-22.788239],[-47.139743,-22.787018],[-47.141296,-22.784239],[-47.145514,-22.774196],[-47.145414,-22.773647],[-47.145963,-22.773236],[-47.146942,-22.771068],[-47.147025,-22.770411],[-47.147448,-22.770293],[-47.147855,-22.770735],[-47.148616,-22.771106],[-47.14963,-22.768747],[-47.151791,-22.769541],[-47.152685,-22.767472]]}},{"type":"Feature","properties":{"id_backbone":"BB-5B64F5350D61","trecho":"CAS.BV-CAS.NA","cluster":"CAMPINAS","cabo":"F-0005","capacidade":"72","extensao_km":5.189,"confianca":"BAIXA","fonte":"OSRM/OpenStreetMap","ponta_a":"CAS.BV","municipio_a":"CAMPINAS","ponta_b":"CAS.NA","municipio_b":"CAMPINAS"},"geometry":{"type":"LineString","coordinates":[[-47.123765,-22.884257],[-47.124232,-22.88381],[-47.124448,-22.883831],[-47.124543,-22.884014],[-47.12629,-22.882994],[-47.127114,-22.884263],[-47.127285,-22.884244],[-47.127391,-22.883982],[-47.128612,-22.885759],[-47.130658,-22.884572],[-47.132445,-22.884312],[-47.135388,-22.88428],[-47.136718,-22.883161],[-47.137815,-22.883106],[-47.138903,-22.878926],[-47.139546,-22.876025],[-47.139571,-22.875276],[-47.139912,-22.874962],[-47.140877,-22.870604],[-47.141006,-22.870463],[-47.142864,-22.870903],[-47.143834,-22.870691],[-47.145146,-22.869209],[-47.145248,-22.867968],[-47.148988,-22.869401],[-47.149963,-22.867083],[-47.150555,-22.863631],[-47.149878,-22.862671],[-47.149764,-22.862734],[-47.149895,-22.862954],[-47.149762,-22.863044]]}},{"type":"Feature","properties":{"id_backbone":"BB-C749C1815FA4","trecho":"CAS.CB-CAS.JO","cluster":"CAMPINAS","cabo":"F-0131","capacidade":"72","extensao_km":5.728,"confianca":"ALTA","fonte":"OSRM/OpenStreetMap","ponta_a":"CAS.CB","municipio_a":"CAMPINAS","ponta_b":"CAS.JO","municipio_b":"CAMPINAS"},"geometry":{"type":"LineString","coordinates":[[-47.041063,-22.894883],[-47.041309,-22.894439],[-47.04076,-22.893825],[-47.040782,-22.893086],[-47.040875,-22.893732],[-47.041996,-22.894946],[-47.043427,-22.898409],[-47.043759,-22.898491],[-47.043866,-22.898791],[-47.043341,-22.899171],[-47.040321,-22.905972],[-47.040357,-22.906384],[-47.039992,-22.907474],[-47.039364,-22.908416],[-47.039446,-22.90968],[-47.038859,-22.911238],[-47.039065,-22.911387],[-47.039003,-22.911656],[-47.040007,-22.912746],[-47.040079,-22.912559],[-47.043122,-22.914383],[-47.042591,-22.915024],[-47.03976,-22.924221],[-47.038451,-22.924917],[-47.038254,-22.925165],[-47.037775,-22.928141],[-47.037431,-22.928447],[-47.037043,-22.929171],[-47.03688,-22.930159],[-47.03709,-22.930517],[-47.037734,-22.930589],[-47.037955,-22.930791],[-47.039369,-22.931204],[-47.041112,-22.931672],[-47.041667,-22.931532],[-47.041968,-22.931926],[-47.042683,-22.932133],[-47.042536,-22.932182]]}},{"type":"Feature","properties":{"id_backbone":"BB-EB2E018B5BD2","trecho":"CAS.CB-CAS.CT","cluster":"CAMPINAS","cabo":"F-0272","capacidade":"144","extensao_km":6.452,"confianca":"ALTA","fonte":"OSRM/OpenStreetMap","ponta_a":"CAS.CB","municipio_a":"CAMPINAS","ponta_b":"CAS.CT","municipio_b":"CAMPINAS"},"geometry":{"type":"LineString","coordinates":[[-47.041063,-22.894883],[-47.041309,-22.894439],[-47.04076,-22.893825],[-47.040782,-22.893086],[-47.040977,-22.893913],[-47.041996,-22.894946],[-47.043427,-22.898409],[-47.043759,-22.898491],[-47.043867,-22.898682],[-47.04375,-22.898981],[-47.043341,-22.899171],[-47.042569,-22.900901],[-47.044539,-22.901886],[-47.045592,-22.901963],[-47.048782,-22.903265],[-47.048945,-22.903136],[-47.04875,-22.901742],[-47.048937,-22.901246],[-47.049729,-22.901196],[-47.050578,-22.900582],[-47.051203,-22.900476],[-47.054765,-22.901906],[-47.055164,-22.901249],[-47.059329,-22.902052],[-47.062174,-22.903309],[-47.062923,-22.90179],[-47.063513,-22.901034],[-47.066218,-22.900566],[-47.066451,-22.899884],[-47.068513,-22.899764],[-47.072094,-22.898934],[-47.075553,-22.89257],[-47.077078,-22.893139],[-47.077596,-22.893087],[-47.078574,-22.892654],[-47.079269,-22.892076],[-47.080011,-22.892707],[-47.080588,-22.892963],[-47.081163,-22.893017],[-47.08135,-22.892646],[-47.081209,-22.892562]]}},{"type":"Feature","properties":{"id_backbone":"BB-9549F228BAFA","trecho":"CAS.CE-JAI.GC","cluster":"CAMPINAS","cabo":"TR#1143","capacidade":"18","extensao_km":43.393,"confianca":"REJEITADA","fonte":"OSRM/OpenStreetMap","ponta_a":"CAS.CE","municipio_a":"CAMPINAS","ponta_b":"JAI.GC","municipio_b":"JUNDIAI"},"geometry":{"type":"LineString","coordinates":[[-47.061994,-22.903653],[-47.062174,-22.903309],[-47.066314,-22.9052],[-47.069588,-22.906899],[-47.069626,-22.907561],[-47.069029,-22.908132],[-47.068921,-22.908451],[-47.069825,-22.911658],[-47.070529,-22.91259],[-47.072999,-22.913704],[-47.073278,-22.914053],[-47.073241,-22.914539],[-47.072853,-22.915202],[-47.072243,-22.91564],[-47.070415,-22.916329],[-47.070371,-22.91665],[-47.078186,-22.922051],[-47.081611,-22.925229],[-47.083035,-22.927514],[-47.083569,-22.927804],[-47.083137,-22.928022],[-47.08299,-22.927754],[-47.082647,-22.927676],[-47.079322,-22.929551],[-47.07321,-22.933405],[-47.071771,-22.934559],[-47.070527,-22.936075],[-47.045221,-22.980448],[-47.027958,-23.005348],[-47.02448,-23.010908],[-47.023244,-23.013344],[-47.021114,-23.016409],[-47.013946,-23.027573],[-47.011579,-23.031647],[-47.00976,-23.036479],[-47.008469,-23.039168],[-47.001631,-23.050079],[-46.99702,-23.057065],[-46.979066,-23.080949],[-46.95852,-23.112134],[-46.957256,-23.114286],[-46.955962,-23.117142],[-46.955361,-23.118729],[-46.953743,-23.124356],[-46.952758,-23.126979],[-46.950534,-23.130458],[-46.943941,-23.1373],[-46.941048,-23.141089],[-46.93965,-23.143688],[-46.933996,-23.156966],[-46.92935,-23.164835],[-46.927253,-23.167833],[-46.926143,-23.169114],[-46.924163,-23.170982],[-46.913225,-23.179572],[-46.911844,-23.180813],[-46.910426,-23.182376],[-46.909064,-23.184214],[-46.907278,-23.187623],[-46.905391,-23.192784],[-46.905496,-23.193358],[-46.905796,-23.193484],[-46.906143,-23.193397],[-46.906412,-23.193105],[-46.906436,-23.192819],[-46.905959,-23.192105],[-46.902987,-23.191143],[-46.899174,-23.190995],[-46.898497,-23.190834],[-46.890838,-23.190298],[-46.89008,-23.190117],[-46.88906,-23.189593],[-46.888042,-23.190899],[-46.886311,-23.189986],[-46.885009,-23.191895],[-46.884393,-23.192443],[-46.883647,-23.192489],[-46.88127,-23.195511],[-46.880624,-23.195543],[-46.878774,-23.194419],[-46.87791,-23.195622],[-46.877331,-23.196137],[-46.875302,-23.197254],[-46.875668,-23.197677]]}},{"type":"Feature","properties":{"id_backbone":"BB-E067DA51C9E3","trecho":"CAS.CE-CAS.SB","cluster":"CAMPINAS","cabo":null,"capacidade":"72","extensao_km":3.579,"confianca":"BAIXA","fonte":"OSRM/OpenStreetMap","ponta_a":"CAS.CE","municipio_a":"CAMPINAS","ponta_b":"CAS.SB","municipio_b":"CAMPINAS"},"geometry":{"type":"LineString","coordinates":[[-47.061994,-22.903653],[-47.062174,-22.903309],[-47.066314,-22.9052],[-47.069588,-22.906899],[-47.069626,-22.907561],[-47.069029,-22.908132],[-47.068921,-22.908451],[-47.069825,-22.911658],[-47.070529,-22.91259],[-47.072999,-22.913704],[-47.073278,-22.914053],[-47.073241,-22.914539],[-47.072853,-22.915202],[-47.072243,-22.91564],[-47.070415,-22.916329],[-47.070371,-22.91665],[-47.076385,-22.920812],[-47.07482,-22.922748],[-47.075292,-22.923067],[-47.075821,-22.922379]]}},{"type":"Feature","properties":{"id_backbone":"BB-B0F50548C36A","trecho":"CAS.CE-CAS.CL","cluster":"CAMPINAS","cabo":"F-0087","capacidade":"36","extensao_km":6.108,"confianca":"MEDIA","fonte":"OSRM/OpenStreetMap","ponta_a":"CAS.CE","municipio_a":"CAMPINAS","ponta_b":"CAS.CL","municipio_b":"CAMPINAS"},"geometry":{"type":"LineString","coordinates":[[-47.061994,-22.903653],[-47.062174,-22.903309],[-47.066314,-22.9052],[-47.069588,-22.906899],[-47.069626,-22.907561],[-47.069029,-22.908132],[-47.068921,-22.908451],[-47.069825,-22.911658],[-47.070529,-22.91259],[-47.072999,-22.913704],[-47.073278,-22.914053],[-47.073241,-22.914539],[-47.072853,-22.915202],[-47.072243,-22.91564],[-47.070415,-22.916329],[-47.070371,-22.91665],[-47.078186,-22.922051],[-47.081746,-22.925384],[-47.083417,-22.928213],[-47.083942,-22.928782],[-47.085548,-22.929817],[-47.086306,-22.93],[-47.089355,-22.930449],[-47.094493,-22.930581],[-47.096171,-22.929793],[-47.097563,-22.928896],[-47.096051,-22.926962]]}},{"type":"Feature","properties":{"id_backbone":"BB-76A28E5F043A","trecho":"CAS.CL-CAS.DL","cluster":"CAMPINAS","cabo":"F-0009","capacidade":"12","extensao_km":12.429,"confianca":"ALTA","fonte":"OSRM/OpenStreetMap","ponta_a":"CAS.CL","municipio_a":"CAMPINAS","ponta_b":"CAS.DL","municipio_b":"CAMPINAS"},"geometry":{"type":"LineString","coordinates":[[-47.096051,-22.926962],[-47.098289,-22.929821],[-47.099632,-22.930027],[-47.099916,-22.929935],[-47.100176,-22.929569],[-47.100678,-22.929516],[-47.10687,-22.926756],[-47.107862,-22.926724],[-47.110727,-22.927588],[-47.115501,-22.927855],[-47.116606,-22.927141],[-47.118046,-22.927031],[-47.118602,-22.926522],[-47.118878,-22.926538],[-47.120635,-22.925413],[-47.121308,-22.925206],[-47.122659,-22.925542],[-47.123755,-22.926329],[-47.124831,-22.925583],[-47.124186,-22.924591],[-47.124329,-22.924322],[-47.124636,-22.924286],[-47.125306,-22.925373],[-47.129416,-22.930636],[-47.131224,-22.933632],[-47.132036,-22.934275],[-47.132643,-22.934516],[-47.139055,-22.93549],[-47.140604,-22.936148],[-47.141707,-22.937304],[-47.142015,-22.938121],[-47.142677,-22.941175],[-47.142971,-22.941607],[-47.143454,-22.941889],[-47.144554,-22.942027],[-47.146717,-22.941381],[-47.148257,-22.941357],[-47.15035,-22.940762],[-47.162256,-22.936005],[-47.163691,-22.935933],[-47.164454,-22.936302],[-47.165862,-22.938153],[-47.168106,-22.93916],[-47.170087,-22.940689],[-47.171121,-22.941284],[-47.176398,-22.942785],[-47.177776,-22.942807],[-47.181574,-22.94198],[-47.18213,-22.942129],[-47.185247,-22.944253],[-47.18572,-22.944739],[-47.186783,-22.947097],[-47.186989,-22.950368],[-47.187797,-22.950988],[-47.188557,-22.951088],[-47.188756,-22.950606],[-47.187985,-22.950317],[-47.187947,-22.950169]]}},{"type":"Feature","properties":{"id_backbone":"BB-3CFAA092CE39","trecho":"CAS.CT-SUM.AR","cluster":"CAMPINAS","cabo":"F-0287","capacidade":"72","extensao_km":25.153,"confianca":"ALTA","fonte":"OSRM/OpenStreetMap","ponta_a":"CAS.CT","municipio_a":"CAMPINAS","ponta_b":"SUM.AR","municipio_b":"SUMARE"},"geometry":{"type":"LineString","coordinates":[[-47.081209,-22.892562],[-47.081208,-22.892243],[-47.081475,-22.892158],[-47.08168,-22.892467],[-47.087332,-22.893924],[-47.088532,-22.89382],[-47.090292,-22.892997],[-47.091214,-22.893095],[-47.092762,-22.893784],[-47.094454,-22.894162],[-47.095825,-22.895038],[-47.096557,-22.896055],[-47.098002,-22.896185],[-47.104756,-22.898365],[-47.105439,-22.89839],[-47.106255,-22.898174],[-47.107147,-22.897654],[-47.108169,-22.896626],[-47.110054,-22.896122],[-47.110346,-22.895812],[-47.110857,-22.894562],[-47.11339,-22.886623],[-47.114619,-22.88401],[-47.116267,-22.881618],[-47.117845,-22.879758],[-47.119841,-22.877872],[-47.13198,-22.867395],[-47.133982,-22.865333],[-47.13613,-22.863903],[-47.150303,-22.855808],[-47.160489,-22.849306],[-47.162601,-22.847772],[-47.164318,-22.846191],[-47.178359,-22.831382],[-47.180495,-22.829553],[-47.18255,-22.828118],[-47.187412,-22.825289],[-47.196667,-22.820363],[-47.198419,-22.81928],[-47.205636,-22.815551],[-47.207995,-22.814154],[-47.213188,-22.810065],[-47.217831,-22.805275],[-47.219503,-22.803321],[-47.224073,-22.805279],[-47.224785,-22.806206],[-47.227466,-22.807859],[-47.228977,-22.809428],[-47.235919,-22.813174],[-47.24745,-22.817733],[-47.249768,-22.8183],[-47.261376,-22.819855],[-47.262167,-22.819664],[-47.262253,-22.819112],[-47.262924,-22.81901],[-47.263883,-22.817692],[-47.264276,-22.817689],[-47.266148,-22.818745],[-47.267219,-22.817782],[-47.268725,-22.816898],[-47.270418,-22.817967],[-47.269093,-22.819663],[-47.269625,-22.82]]}},{"type":"Feature","properties":{"id_backbone":"BB-5C3B516B78B2","trecho":"CAS.CT-SLO.ST","cluster":"CAMPINAS","cabo":"F-0451","capacidade":"36","extensao_km":48.823,"confianca":"SEM_REFERENCIA","fonte":"OSRM/OpenStreetMap","ponta_a":"CAS.CT","municipio_a":"CAMPINAS","ponta_b":"SLO.ST","municipio_b":"SALTO"},"geometry":{"type":"LineString","coordinates":[[-47.081209,-22.892562],[-47.081159,-22.892323],[-47.080796,-22.892017],[-47.080053,-22.892786],[-47.077953,-22.890942],[-47.077188,-22.891354],[-47.076296,-22.891277],[-47.071816,-22.899442],[-47.071775,-22.899803],[-47.072549,-22.901087],[-47.071766,-22.901455],[-47.069036,-22.906474],[-47.069588,-22.906899],[-47.069691,-22.90721],[-47.069626,-22.907561],[-47.069029,-22.908132],[-47.068921,-22.908451],[-47.069616,-22.911054],[-47.070063,-22.912068],[-47.070529,-22.91259],[-47.073113,-22.913772],[-47.073264,-22.914432],[-47.073024,-22.914992],[-47.072364,-22.915578],[-47.066272,-22.917915],[-47.065792,-22.918359],[-47.065775,-22.919085],[-47.066134,-22.920997],[-47.06776,-22.926016],[-47.070553,-22.93056],[-47.071036,-22.93116],[-47.071955,-22.93187],[-47.073225,-22.93258],[-47.07498,-22.933247],[-47.079705,-22.934053],[-47.081918,-22.934865],[-47.084075,-22.936329],[-47.08562,-22.938153],[-47.089142,-22.945202],[-47.093085,-22.953654],[-47.095368,-22.958031],[-47.098612,-22.963333],[-47.100606,-22.967367],[-47.101739,-22.970534],[-47.104803,-22.980798],[-47.105369,-22.98224],[-47.107251,-22.988898],[-47.108002,-22.989963],[-47.109993,-22.99135],[-47.110435,-22.992256],[-47.110553,-22.993139],[-47.109854,-22.996004],[-47.109929,-22.997164],[-47.111391,-23.001294],[-47.113162,-23.005345],[-47.114721,-23.008492],[-47.118971,-23.016162],[-47.133925,-23.034388],[-47.13465,-23.036119],[-47.136013,-23.042566],[-47.136679,-23.044226],[-47.137772,-23.046143],[-47.139075,-23.047737],[-47.142921,-23.051537],[-47.153501,-23.061781],[-47.155211,-23.063265],[-47.15671,-23.064915],[-47.180161,-23.087634],[-47.194683,-23.099323],[-47.216553,-23.116588],[-47.247014,-23.14105],[-47.248564,-23.142502],[-47.264035,-23.161735],[-47.265212,-23.163669],[-47.267505,-23.168332],[-47.272365,-23.176148],[-47.274085,-23.177701],[-47.274739,-23.177903],[-47.276361,-23.178011],[-47.277006,-23.178347],[-47.277405,-23.178803],[-47.277631,-23.179747],[-47.276605,-23.181883],[-47.276541,-23.182576],[-47.276773,-23.183132],[-47.280466,-23.189269],[-47.283797,-23.19259],[-47.286344,-23.195721],[-47.287745,-23.199448],[-47.294184,-23.208072],[-47.294154,-23.209468],[-47.295728,-23.210673],[-47.296316,-23.212029],[-47.296676,-23.212412],[-47.296626,-23.212886],[-47.297671,-23.215315],[-47.299658,-23.219223],[-47.299385,-23.21938],[-47.299051,-23.218821],[-47.298679,-23.217474],[-47.29643,-23.212804],[-47.295579,-23.213782],[-47.295054,-23.215175],[-47.293641,-23.215838],[-47.294202,-23.217242],[-47.294133,-23.217794],[-47.293723,-23.218201]]}},{"type":"Feature","properties":{"id_backbone":"BB-503880A85E81","trecho":"CAS.CT-CAS.TQ","cluster":"CAMPINAS","cabo":"F-0128","capacidade":"36","extensao_km":7.685,"confianca":"REJEITADA","fonte":"OSRM/OpenStreetMap","ponta_a":"CAS.CT","municipio_a":"CAMPINAS","ponta_b":"CAS.TQ","municipio_b":"CAMPINAS"},"geometry":{"type":"LineString","coordinates":[[-47.081209,-22.892562],[-47.081159,-22.892323],[-47.080796,-22.892017],[-47.080053,-22.892786],[-47.077953,-22.890942],[-47.077386,-22.8913],[-47.076796,-22.891385],[-47.076231,-22.89125],[-47.075744,-22.890896],[-47.075431,-22.890255],[-47.075488,-22.889618],[-47.07582,-22.889114],[-47.07655,-22.888637],[-47.07247,-22.881592],[-47.072086,-22.881146],[-47.07163,-22.881026],[-47.065365,-22.882116],[-47.064616,-22.882479],[-47.064235,-22.882334],[-47.064188,-22.881928],[-47.063656,-22.880949],[-47.062932,-22.88016],[-47.062973,-22.87982],[-47.063313,-22.879438],[-47.063255,-22.879182],[-47.060717,-22.87574],[-47.060445,-22.875135],[-47.060633,-22.874281],[-47.062212,-22.873115],[-47.062219,-22.87273],[-47.055063,-22.866164],[-47.054713,-22.866304],[-47.054454,-22.866178],[-47.054362,-22.865948],[-47.054496,-22.865673],[-47.053377,-22.864549],[-47.052536,-22.864103],[-47.052828,-22.854518],[-47.046143,-22.855954],[-47.045565,-22.85367],[-47.044899,-22.853813]]}},{"type":"Feature","properties":{"id_backbone":"BB-2C40E5889340","trecho":"CAS.CT-SOC.AS","cluster":"CAMPINAS","cabo":"F-0451","capacidade":"36","extensao_km":88.444,"confianca":"SEM_REFERENCIA","fonte":"OSRM/OpenStreetMap","ponta_a":"CAS.CT","municipio_a":"CAMPINAS","ponta_b":"SOC.AS","municipio_b":"SOROCABA"},"geometry":{"type":"LineString","coordinates":[[-47.081209,-22.892562],[-47.081159,-22.892323],[-47.080796,-22.892017],[-47.080053,-22.892786],[-47.077953,-22.890942],[-47.077188,-22.891354],[-47.076296,-22.891277],[-47.071816,-22.899442],[-47.071775,-22.899803],[-47.072549,-22.901087],[-47.071766,-22.901455],[-47.069036,-22.906474],[-47.069588,-22.906899],[-47.069691,-22.90721],[-47.069626,-22.907561],[-47.069029,-22.908132],[-47.068921,-22.908451],[-47.069616,-22.911054],[-47.070063,-22.912068],[-47.070529,-22.91259],[-47.073113,-22.913772],[-47.073264,-22.914432],[-47.073024,-22.914992],[-47.072364,-22.915578],[-47.066272,-22.917915],[-47.065792,-22.918359],[-47.065775,-22.919085],[-47.066134,-22.920997],[-47.06776,-22.926016],[-47.070553,-22.93056],[-47.071036,-22.93116],[-47.071955,-22.93187],[-47.073225,-22.93258],[-47.07498,-22.933247],[-47.079705,-22.934053],[-47.081918,-22.934865],[-47.084075,-22.936329],[-47.08562,-22.938153],[-47.089142,-22.945202],[-47.093085,-22.953654],[-47.095368,-22.958031],[-47.098612,-22.963333],[-47.100606,-22.967367],[-47.101739,-22.970534],[-47.104803,-22.980798],[-47.105369,-22.98224],[-47.107251,-22.988898],[-47.108002,-22.989963],[-47.109993,-22.99135],[-47.110435,-22.992256],[-47.110553,-22.993139],[-47.109854,-22.996004],[-47.109929,-22.997164],[-47.111391,-23.001294],[-47.113162,-23.005345],[-47.114721,-23.008492],[-47.118971,-23.016162],[-47.133925,-23.034388],[-47.13465,-23.036119],[-47.136013,-23.042566],[-47.137082,-23.045014],[-47.138076,-23.046578],[-47.142921,-23.051537],[-47.153501,-23.061781],[-47.155211,-23.063265],[-47.15671,-23.064915],[-47.180161,-23.087634],[-47.194683,-23.099323],[-47.215418,-23.115679],[-47.24804,-23.141947],[-47.256088,-23.151724],[-47.264035,-23.161735],[-47.265212,-23.163669],[-47.267505,-23.168332],[-47.272365,-23.176148],[-47.273762,-23.177753],[-47.275621,-23.178925],[-47.278108,-23.179609],[-47.295751,-23.179186],[-47.29844,-23.179443],[-47.300895,-23.180087],[-47.303455,-23.181255],[-47.311252,-23.186049],[-47.316526,-23.189512],[-47.320506,-23.19278],[-47.323033,-23.194092],[-47.32376,-23.194817],[-47.324148,-23.195483],[-47.324447,-23.196529],[-47.324389,-23.197787],[-47.316241,-23.235568],[-47.315852,-23.238235],[-47.315879,-23.240575],[-47.316154,-23.242538],[-47.316693,-23.244567],[-47.323255,-23.260096],[-47.324388,-23.263421],[-47.330804,-23.29348],[-47.332169,-23.300678],[-47.332151,-23.303917],[-47.331617,-23.307217],[-47.324705,-23.332085],[-47.324325,-23.335187],[-47.324325,-23.336678],[-47.325656,-23.354881],[-47.327709,-23.38109],[-47.328225,-23.383582],[-47.328829,-23.385315],[-47.338475,-23.406298],[-47.339576,-23.408388],[-47.340928,-23.410417],[-47.344088,-23.414079],[-47.346947,-23.416498],[-47.409286,-23.460298],[-47.419341,-23.466547],[-47.441584,-23.479024],[-47.441832,-23.479393],[-47.441688,-23.479885],[-47.439832,-23.480331],[-47.43931,-23.481379],[-47.438377,-23.486202],[-47.438571,-23.487403],[-47.439287,-23.488842],[-47.440513,-23.489824],[-47.443323,-23.491253],[-47.444167,-23.491904],[-47.450031,-23.495374],[-47.450455,-23.495749],[-47.451043,-23.497087],[-47.451267,-23.497233],[-47.45179,-23.497361],[-47.452667,-23.496928],[-47.454251,-23.496702],[-47.455243,-23.496256],[-47.455352,-23.496404],[-47.454965,-23.497249],[-47.457861,-23.497763]]}},{"type":"Feature","properties":{"id_backbone":"BB-4E700A163FD7","trecho":"CAS.JE-MNB.MG","cluster":"CAMPINAS","cabo":"Tronco 31 - Rede externa","capacidade":"36","extensao_km":35.121,"confianca":"BAIXA","fonte":"OSRM/OpenStreetMap","ponta_a":"CAS.JE","municipio_a":"CAMPINAS","ponta_b":"MNB.MG","municipio_b":"MORUNGABA"},"geometry":{"type":"LineString","coordinates":[[-46.944129,-22.888531],[-46.944344,-22.888346],[-46.944708,-22.888479],[-46.944725,-22.888229],[-46.945294,-22.889364],[-46.945763,-22.891775],[-46.947651,-22.894419],[-46.948921,-22.897293],[-46.951172,-22.900389],[-46.951397,-22.901313],[-46.951207,-22.903453],[-46.951664,-22.904699],[-46.952131,-22.905256],[-46.954129,-22.90662],[-46.954775,-22.907401],[-46.955288,-22.909582],[-46.956155,-22.911293],[-46.956507,-22.911661],[-46.956297,-22.912176],[-46.95637,-22.91299],[-46.958743,-22.915946],[-46.959818,-22.916822],[-46.959878,-22.91725],[-46.959656,-22.917249],[-46.959321,-22.916921],[-46.956687,-22.913527],[-46.95532,-22.912806],[-46.954762,-22.912305],[-46.953798,-22.912032],[-46.952788,-22.911968],[-46.951398,-22.912421],[-46.950386,-22.913256],[-46.948811,-22.915378],[-46.946,-22.917509],[-46.943239,-22.920656],[-46.942562,-22.92228],[-46.942012,-22.926825],[-46.941633,-22.927719],[-46.94099,-22.928637],[-46.93942,-22.929841],[-46.934615,-22.932235],[-46.93328,-22.932702],[-46.930859,-22.932943],[-46.922221,-22.931997],[-46.920075,-22.931367],[-46.914068,-22.928795],[-46.912517,-22.928469],[-46.910912,-22.928422],[-46.909291,-22.928691],[-46.90223,-22.930924],[-46.900895,-22.93185],[-46.899593,-22.933403],[-46.898654,-22.934257],[-46.897395,-22.934994],[-46.896212,-22.935397],[-46.894251,-22.935617],[-46.886211,-22.935138],[-46.884959,-22.935304],[-46.883706,-22.93573],[-46.882149,-22.936738],[-46.870841,-22.946969],[-46.861796,-22.952763],[-46.860104,-22.954102],[-46.85744,-22.955427],[-46.848838,-22.960813],[-46.846445,-22.962497],[-46.843683,-22.965261],[-46.836564,-22.973782],[-46.833635,-22.975901],[-46.833492,-22.976184],[-46.833565,-22.97645],[-46.834115,-22.976658],[-46.835158,-22.976517],[-46.835353,-22.976284],[-46.835338,-22.975983],[-46.834463,-22.975607],[-46.828597,-22.974639],[-46.825162,-22.972944],[-46.824522,-22.972411],[-46.823448,-22.971066],[-46.823107,-22.968484],[-46.823462,-22.964242],[-46.822556,-22.959712],[-46.822332,-22.959229],[-46.820983,-22.957887],[-46.820861,-22.9553],[-46.820488,-22.954381],[-46.819525,-22.953262],[-46.818634,-22.950831],[-46.818253,-22.950274],[-46.815245,-22.948048],[-46.811732,-22.946635],[-46.811412,-22.946275],[-46.810454,-22.943333],[-46.810146,-22.942954],[-46.807167,-22.94132],[-46.803624,-22.940019],[-46.801665,-22.938595],[-46.79972,-22.938072],[-46.795503,-22.936006],[-46.793829,-22.935531],[-46.792019,-22.934393],[-46.791715,-22.933998],[-46.79149,-22.933294],[-46.791957,-22.929198],[-46.791681,-22.927366],[-46.792115,-22.92664],[-46.792145,-22.926246],[-46.791863,-22.926004],[-46.790519,-22.925926],[-46.789996,-22.925697],[-46.789584,-22.924712],[-46.787613,-22.922181],[-46.785691,-22.921157],[-46.784264,-22.921038],[-46.783787,-22.920616],[-46.783633,-22.919149],[-46.784585,-22.917768],[-46.785689,-22.915374],[-46.785809,-22.914631],[-46.784215,-22.910552],[-46.783754,-22.908536],[-46.783809,-22.90791],[-46.784651,-22.906946],[-46.784774,-22.906534],[-46.784562,-22.905862],[-46.783788,-22.904584],[-46.783475,-22.903754],[-46.783452,-22.903251],[-46.784558,-22.901151],[-46.78581,-22.900244],[-46.786725,-22.899064],[-46.787248,-22.895438],[-46.787577,-22.894912],[-46.788352,-22.894606],[-46.789817,-22.894849],[-46.790428,-22.894758],[-46.791102,-22.894346],[-46.791566,-22.893663],[-46.7917,-22.892946],[-46.79133,-22.885339],[-46.791712,-22.884642],[-46.793056,-22.883678],[-46.793564,-22.880887],[-46.792611,-22.880741]]}},{"type":"Feature","properties":{"id_backbone":"BB-D39AC6918157","trecho":"CAS.NA-PLA.DS","cluster":"CAMPINAS","cabo":"F-0290","capacidade":"72","extensao_km":17.638,"confianca":"MEDIA","fonte":"OSRM/OpenStreetMap","ponta_a":"CAS.NA","municipio_a":"CAMPINAS","ponta_b":"PLA.DS","municipio_b":"PAULINIA"},"geometry":{"type":"LineString","coordinates":[[-47.149762,-22.863044],[-47.149895,-22.862954],[-47.149764,-22.862734],[-47.149878,-22.862671],[-47.148554,-22.860635],[-47.148327,-22.860513],[-47.148075,-22.860628],[-47.147967,-22.86047],[-47.148267,-22.860237],[-47.148751,-22.860328],[-47.151583,-22.857973],[-47.151653,-22.857813],[-47.150995,-22.856878],[-47.151805,-22.85637],[-47.151345,-22.85575],[-47.150355,-22.856148],[-47.148058,-22.857452],[-47.145879,-22.859399],[-47.1452,-22.85936],[-47.144219,-22.85862],[-47.143745,-22.858611],[-47.143679,-22.859195],[-47.14386,-22.859397],[-47.144832,-22.859043],[-47.154242,-22.853343],[-47.160489,-22.849306],[-47.162601,-22.847772],[-47.165879,-22.8446],[-47.178359,-22.831382],[-47.179389,-22.830448],[-47.18255,-22.828118],[-47.187412,-22.825289],[-47.194999,-22.821228],[-47.19571,-22.820614],[-47.195928,-22.819992],[-47.195893,-22.819167],[-47.194253,-22.813949],[-47.193745,-22.812982],[-47.192947,-22.812047],[-47.19174,-22.811161],[-47.185761,-22.808708],[-47.181621,-22.807196],[-47.179678,-22.806248],[-47.178694,-22.805596],[-47.178091,-22.805015],[-47.176588,-22.802201],[-47.175073,-22.800437],[-47.174885,-22.79907],[-47.172962,-22.795608],[-47.172585,-22.795612],[-47.172292,-22.795392],[-47.172214,-22.79511],[-47.172426,-22.794727],[-47.172379,-22.794467],[-47.170428,-22.7909],[-47.169827,-22.790188],[-47.167715,-22.788738],[-47.166752,-22.788694],[-47.166285,-22.787822],[-47.159168,-22.783301],[-47.158718,-22.783106],[-47.15787,-22.783072],[-47.157424,-22.782176],[-47.155415,-22.781166],[-47.154499,-22.780392],[-47.153809,-22.778565],[-47.152742,-22.773886],[-47.152045,-22.772875],[-47.150657,-22.772204],[-47.15072,-22.772027],[-47.152484,-22.771018],[-47.153083,-22.769984],[-47.151791,-22.769541],[-47.152685,-22.767472]]}},{"type":"Feature","properties":{"id_backbone":"BB-AA4E2605D0E6","trecho":"CAS.OV-CAS.SL","cluster":"CAMPINAS","cabo":"F-0196","capacidade":"36","extensao_km":3.784,"confianca":"ALTA","fonte":"OSRM/OpenStreetMap","ponta_a":"CAS.OV","municipio_a":"CAMPINAS","ponta_b":"CAS.SL","municipio_b":"CAMPINAS"},"geometry":{"type":"LineString","coordinates":[[-47.132041,-22.966024],[-47.132613,-22.96579],[-47.133961,-22.964745],[-47.132812,-22.963476],[-47.131596,-22.962755],[-47.129423,-22.961999],[-47.126937,-22.960885],[-47.125364,-22.959624],[-47.124435,-22.959123],[-47.120944,-22.957925],[-47.119149,-22.957526],[-47.117625,-22.956097],[-47.114844,-22.954442],[-47.11425,-22.953559],[-47.113816,-22.953142],[-47.113535,-22.953104],[-47.112307,-22.951741],[-47.110212,-22.949132],[-47.110508,-22.949101],[-47.113056,-22.952029]]}},{"type":"Feature","properties":{"id_backbone":"BB-53749664D0FE","trecho":"CAS.VC-CAS.VT","cluster":"CAMPINAS","cabo":"F-0180","capacidade":"36","extensao_km":12.399,"confianca":"MEDIA","fonte":"OSRM/OpenStreetMap","ponta_a":"CAS.VC","municipio_a":"CAMPINAS","ponta_b":"CAS.VT","municipio_b":"CAMPINAS"},"geometry":{"type":"LineString","coordinates":[[-47.10934,-23.001761],[-47.110545,-23.001316],[-47.111945,-23.004411],[-47.11206,-23.004203],[-47.107038,-22.988826],[-47.101012,-22.968692],[-47.100194,-22.966683],[-47.098393,-22.963202],[-47.094183,-22.95615],[-47.086701,-22.9404],[-47.084958,-22.937385],[-47.083774,-22.936187],[-47.0828,-22.935484],[-47.080715,-22.934461],[-47.079107,-22.934028],[-47.075451,-22.933488],[-47.072804,-22.932498],[-47.070936,-22.931211],[-47.069381,-22.929465],[-47.067149,-22.933481],[-47.066728,-22.936391],[-47.06701,-22.936617],[-47.066979,-22.936955],[-47.066749,-22.937118],[-47.06637,-22.937047],[-47.059274,-22.941473],[-47.059241,-22.941903],[-47.059435,-22.942177],[-47.058711,-22.942615]]}},{"type":"Feature","properties":{"id_backbone":"BB-669F497B8BEE","trecho":"CBC.RI-MOC.RB","cluster":"CAMPINAS","cabo":"F-0153","capacidade":"24","extensao_km":38.412,"confianca":"ALTA","fonte":"OSRM/OpenStreetMap","ponta_a":"CBC.RI","municipio_a":"CASA BRANCA","ponta_b":"MOC.RB","municipio_b":"MOCOCA"},"geometry":{"type":"LineString","coordinates":[[-47.081398,-21.775136],[-47.082014,-21.775954],[-47.086833,-21.771784],[-47.084888,-21.770063],[-47.088849,-21.767267],[-47.086491,-21.764959],[-47.085699,-21.763944],[-47.085808,-21.763066],[-47.085237,-21.760919],[-47.079546,-21.75693],[-47.078863,-21.756228],[-47.077221,-21.75393],[-47.074297,-21.751878],[-47.073,-21.750494],[-47.072753,-21.749269],[-47.072289,-21.748959],[-47.071365,-21.748831],[-47.07125,-21.74854],[-47.072108,-21.746747],[-47.073541,-21.736313],[-47.074239,-21.733352],[-47.075087,-21.731219],[-47.085214,-21.709869],[-47.08566,-21.708307],[-47.085789,-21.707237],[-47.085795,-21.70616],[-47.085535,-21.704563],[-47.084722,-21.702559],[-47.083795,-21.701226],[-47.053722,-21.667227],[-47.052618,-21.665651],[-47.051773,-21.663769],[-47.0506,-21.65765],[-47.02814,-21.524052],[-47.027557,-21.521941],[-47.026856,-21.520182],[-47.010672,-21.488823],[-47.009852,-21.486935],[-47.009548,-21.486687],[-47.009641,-21.486306],[-47.008747,-21.482868],[-47.008849,-21.482471],[-47.008369,-21.477292],[-47.008116,-21.476687],[-47.008247,-21.476208],[-47.007817,-21.472328],[-47.007312,-21.472385],[-47.00727,-21.472068],[-47.003222,-21.467077],[-47.001882,-21.467939],[-47.001273,-21.467092],[-47.00214,-21.466473]]}},{"type":"Feature","properties":{"id_backbone":"BB-F4787571D77F","trecho":"CBP.CP-PIA.RG","cluster":"BAURU","cabo":"F-0225","capacidade":"36","extensao_km":31.983,"confianca":"ALTA","fonte":"OSRM/OpenStreetMap","ponta_a":"CBP.CP","municipio_a":"CABRALIA PAULISTA","ponta_b":"PIA.RG","municipio_b":"PIRATININGA"},"geometry":{"type":"LineString","coordinates":[[-49.33693,-22.453661],[-49.335589,-22.458901],[-49.336865,-22.459217],[-49.337511,-22.460158],[-49.33797,-22.460418],[-49.337979,-22.460644],[-49.337076,-22.460996],[-49.33493,-22.46237],[-49.333908,-22.463123],[-49.333116,-22.46397],[-49.303594,-22.509292],[-49.303431,-22.509832],[-49.303512,-22.510998],[-49.302535,-22.512159],[-49.302631,-22.512519],[-49.302908,-22.512672],[-49.303278,-22.512594],[-49.303449,-22.51237],[-49.303412,-22.512033],[-49.303161,-22.5118],[-49.243012,-22.487852],[-49.241723,-22.486892],[-49.24089,-22.485852],[-49.239756,-22.483002],[-49.239155,-22.482022],[-49.238404,-22.481301],[-49.237357,-22.480711],[-49.23629,-22.480436],[-49.222479,-22.479276],[-49.220477,-22.478697],[-49.21872,-22.477612],[-49.210752,-22.469222],[-49.209762,-22.468399],[-49.208476,-22.467628],[-49.134942,-22.435532],[-49.133968,-22.434757],[-49.133338,-22.433823],[-49.131683,-22.428943],[-49.131041,-22.427913],[-49.130389,-22.427426],[-49.123818,-22.424067],[-49.122857,-22.423667],[-49.122595,-22.423722],[-49.122491,-22.42395],[-49.122981,-22.424267],[-49.12358,-22.424221],[-49.123804,-22.424638],[-49.124319,-22.424965],[-49.124711,-22.424835],[-49.125009,-22.424351],[-49.124943,-22.42395],[-49.125514,-22.423313],[-49.129292,-22.411604],[-49.129809,-22.410412],[-49.133084,-22.411829]]}},{"type":"Feature","properties":{"id_backbone":"BB-7004BDCDB4CD","trecho":"CDM.HV-FRCA.FC","cluster":"ARACATUBA","cabo":"F-0101","capacidade":"12","extensao_km":19.192,"confianca":"ALTA","fonte":"OSRM/OpenStreetMap","ponta_a":"CDM.HV","municipio_a":"CANDIDO MOTA","ponta_b":"FRCA.FC","municipio_b":"CANDIDO MOTA"},"geometry":{"type":"LineString","coordinates":[[-50.38821,-22.743477],[-50.388388,-22.743367],[-50.391048,-22.747001],[-50.394089,-22.751355],[-50.395892,-22.754254],[-50.396949,-22.755264],[-50.397738,-22.757403],[-50.404817,-22.768983],[-50.443716,-22.826231],[-50.446851,-22.830829],[-50.447736,-22.831803],[-50.448514,-22.832221],[-50.449026,-22.832838],[-50.450947,-22.833814],[-50.452726,-22.834162],[-50.499888,-22.836772],[-50.502449,-22.837468],[-50.51148,-22.841932],[-50.513508,-22.842485],[-50.516302,-22.84277],[-50.51639,-22.842422],[-50.517772,-22.840306],[-50.517986,-22.840422]]}},{"type":"Feature","properties":{"id_backbone":"BB-1AB0F08E3B05","trecho":"CDP.GK-LRA.CG","cluster":"CAMPINAS","cabo":"F-0115","capacidade":"18","extensao_km":14.792,"confianca":"SEM_REFERENCIA","fonte":"OSRM/OpenStreetMap","ponta_a":"CDP.GK","municipio_a":"CORDEIROPOLIS","ponta_b":"LRA.CG","municipio_b":"LIMEIRA"},"geometry":{"type":"LineString","coordinates":[[-47.454155,-22.483004],[-47.454149,-22.48268],[-47.458702,-22.482565],[-47.458801,-22.483888],[-47.4593,-22.485184],[-47.461236,-22.484416],[-47.461572,-22.484432],[-47.463031,-22.486995],[-47.463834,-22.487825],[-47.464651,-22.489507],[-47.465022,-22.490749],[-47.465283,-22.494576],[-47.465104,-22.495375],[-47.458532,-22.507476],[-47.457531,-22.508782],[-47.4507,-22.515744],[-47.447771,-22.518452],[-47.443169,-22.523489],[-47.441067,-22.525162],[-47.435607,-22.52868],[-47.431019,-22.533056],[-47.429747,-22.534682],[-47.427529,-22.539616],[-47.427029,-22.540393],[-47.426867,-22.541098],[-47.426469,-22.541601],[-47.425788,-22.541933],[-47.422156,-22.544973],[-47.422131,-22.545562],[-47.421703,-22.545568],[-47.420849,-22.545177],[-47.420266,-22.545096],[-47.417486,-22.545445],[-47.416327,-22.545212],[-47.415674,-22.5449],[-47.414222,-22.544772],[-47.413145,-22.544359],[-47.411743,-22.543204],[-47.410385,-22.542793],[-47.409186,-22.542922],[-47.406919,-22.543562],[-47.404746,-22.543576],[-47.405739,-22.548958],[-47.405512,-22.549243],[-47.40321,-22.5506],[-47.402493,-22.551185],[-47.400529,-22.554974],[-47.399468,-22.558706],[-47.398051,-22.561113],[-47.397479,-22.560763],[-47.396919,-22.561479],[-47.40237,-22.566436],[-47.402862,-22.565975]]}},{"type":"Feature","properties":{"id_backbone":"BB-FE98EA953EFC","trecho":"CEG.AV-CEG.RD","cluster":"SOROCABA","cabo":"F-0117","capacidade":"12","extensao_km":0.427,"confianca":"REJEITADA","fonte":"OSRM/OpenStreetMap","ponta_a":"CEG.AV","municipio_a":"CESARIO LANGE","ponta_b":"CEG.RD","municipio_b":"CESARIO LANGE"},"geometry":{"type":"LineString","coordinates":[[-47.957982,-23.225756],[-47.95765,-23.225429],[-47.954952,-23.227755]]}},{"type":"Feature","properties":{"id_backbone":"BB-BF38A36F7357","trecho":"CER.JL-MAR.PP","cluster":"JUNDIAI","cabo":"F-0864","capacidade":"144","extensao_km":14.704,"confianca":"REJEITADA","fonte":"OSRM/OpenStreetMap","ponta_a":"CER.JL","municipio_a":"CAIEIRAS","ponta_b":"MAR.PP","municipio_b":"MAIRIPORA"},"geometry":{"type":"LineString","coordinates":[[-46.711987,-23.394157],[-46.7122,-23.39228],[-46.709706,-23.392383],[-46.709118,-23.391878],[-46.708747,-23.390372],[-46.707969,-23.390098],[-46.707509,-23.390213],[-46.707006,-23.390122],[-46.706517,-23.389512],[-46.706235,-23.389396],[-46.705213,-23.389565],[-46.703668,-23.387635],[-46.703097,-23.3876],[-46.702797,-23.387389],[-46.703175,-23.386814],[-46.703181,-23.386182],[-46.702912,-23.385641],[-46.703,-23.384985],[-46.702529,-23.3847],[-46.701351,-23.384627],[-46.699914,-23.383631],[-46.699126,-23.381829],[-46.699263,-23.379997],[-46.699918,-23.378966],[-46.700022,-23.377379],[-46.699082,-23.374989],[-46.697574,-23.37458],[-46.695791,-23.373503],[-46.693111,-23.373231],[-46.691297,-23.372632],[-46.689374,-23.372372],[-46.688337,-23.37134],[-46.68632,-23.370435],[-46.684831,-23.370138],[-46.684083,-23.369796],[-46.682628,-23.36819],[-46.681732,-23.368424],[-46.679569,-23.367815],[-46.677762,-23.367697],[-46.676027,-23.366745],[-46.671078,-23.364985],[-46.670639,-23.365307],[-46.669923,-23.366449],[-46.670008,-23.367632],[-46.669442,-23.368709],[-46.6694,-23.369658],[-46.669025,-23.369891],[-46.667092,-23.369557],[-46.666889,-23.369888],[-46.667339,-23.372928],[-46.667116,-23.37371],[-46.666674,-23.374326],[-46.666043,-23.374777],[-46.664131,-23.375426],[-46.663458,-23.375241],[-46.661638,-23.373684],[-46.660722,-23.374119],[-46.660989,-23.374483],[-46.66108,-23.375297],[-46.661432,-23.376234],[-46.662335,-23.376782],[-46.663612,-23.378617],[-46.664167,-23.378957],[-46.665339,-23.379145],[-46.665746,-23.379421],[-46.665735,-23.380003],[-46.664964,-23.380982],[-46.664771,-23.381598],[-46.66561,-23.383589],[-46.665145,-23.384938],[-46.665444,-23.385816],[-46.665335,-23.386563],[-46.666303,-23.387725],[-46.665766,-23.388482],[-46.665727,-23.389665],[-46.664979,-23.390784],[-46.663611,-23.391742],[-46.662451,-23.393309],[-46.66176,-23.393933],[-46.660458,-23.393963],[-46.65961,-23.394237],[-46.659015,-23.393945],[-46.657702,-23.392304],[-46.656345,-23.39133],[-46.656377,-23.389551],[-46.654599,-23.389832],[-46.653615,-23.390385],[-46.653052,-23.391715],[-46.653129,-23.392611],[-46.650673,-23.394207],[-46.650245,-23.395652],[-46.648518,-23.395179],[-46.647748,-23.394283],[-46.643968,-23.393244],[-46.643522,-23.392448],[-46.641806,-23.391617],[-46.639812,-23.390238],[-46.639618,-23.390196],[-46.638472,-23.391754],[-46.638107,-23.39178]]}},{"type":"Feature","properties":{"id_backbone":"BB-1A69C1F449D8","trecho":"CFL.AC-CFL.ERB","cluster":"BAURU","cabo":"F-0317-00","capacidade":"12","extensao_km":1.806,"confianca":"BAIXA","fonte":"OSRM/OpenStreetMap","ponta_a":"CFL.AC","municipio_a":"CAFELANDIA","ponta_b":"CFL.ERB","municipio_b":"CAFELANDIA"},"geometry":{"type":"LineString","coordinates":[[-49.605533,-21.803243],[-49.605805,-21.80319],[-49.605644,-21.802426],[-49.605896,-21.802028],[-49.614747,-21.800313],[-49.615445,-21.803533],[-49.616593,-21.803308],[-49.617021,-21.805258]]}},{"type":"Feature","properties":{"id_backbone":"BB-B5E10581237F","trecho":"CGT.AA-SST.BA","cluster":"SAO JOSE DOS CAMPOS","cabo":"F-0103","capacidade":"36","extensao_km":34.955,"confianca":"ALTA","fonte":"OSRM/OpenStreetMap","ponta_a":"CGT.AA","municipio_a":"CARAGUATATUBA","ponta_b":"SST.BA","municipio_b":"SAO SEBASTIAO"},"geometry":{"type":"LineString","coordinates":[[-45.411679,-23.623811],[-45.412058,-23.624279],[-45.412619,-23.623697],[-45.41542,-23.622944],[-45.417939,-23.623152],[-45.419276,-23.623464],[-45.421091,-23.625121],[-45.424617,-23.625571],[-45.427523,-23.622001],[-45.429822,-23.619686],[-45.430519,-23.618597],[-45.430683,-23.61748],[-45.431795,-23.616995],[-45.431907,-23.616779],[-45.431796,-23.616523],[-45.431569,-23.616432],[-45.431291,-23.616566],[-45.430782,-23.618393],[-45.430201,-23.619448],[-45.430159,-23.620023],[-45.430375,-23.620606],[-45.433486,-23.62343],[-45.437692,-23.627728],[-45.447403,-23.641728],[-45.451197,-23.645918],[-45.452897,-23.649359],[-45.467065,-23.669754],[-45.469865,-23.673945],[-45.47024,-23.675066],[-45.470195,-23.676022],[-45.469696,-23.677108],[-45.465012,-23.682324],[-45.464403,-23.683217],[-45.460925,-23.693597],[-45.460941,-23.694576],[-45.461253,-23.695453],[-45.466983,-23.703351],[-45.467703,-23.704721],[-45.468089,-23.705981],[-45.468231,-23.707369],[-45.468029,-23.709163],[-45.466318,-23.716128],[-45.465532,-23.717833],[-45.464931,-23.718508],[-45.464083,-23.719118],[-45.46,-23.720712],[-45.458298,-23.721938],[-45.455578,-23.725899],[-45.453672,-23.729448],[-45.453056,-23.730064],[-45.452124,-23.730575],[-45.451223,-23.730775],[-45.450473,-23.730743],[-45.448004,-23.72992],[-45.446023,-23.729732],[-45.443594,-23.729269],[-45.441427,-23.729281],[-45.438792,-23.728379],[-45.435835,-23.727125],[-45.433564,-23.726756],[-45.432458,-23.726864],[-45.430669,-23.727367],[-45.429383,-23.727959],[-45.428443,-23.728842],[-45.427052,-23.73157],[-45.426667,-23.732522],[-45.426057,-23.735553],[-45.425823,-23.737593],[-45.422142,-23.758285],[-45.421,-23.761651],[-45.4207,-23.764176],[-45.420711,-23.767187],[-45.419759,-23.770825],[-45.419456,-23.772716],[-45.41941,-23.774634],[-45.420543,-23.791446],[-45.420664,-23.79482],[-45.420466,-23.796481],[-45.419935,-23.79804],[-45.419131,-23.799418],[-45.417212,-23.801614],[-45.415439,-23.80335],[-45.414072,-23.806585],[-45.413716,-23.807027],[-45.413061,-23.807559],[-45.408419,-23.809482],[-45.408012,-23.810037],[-45.408047,-23.810585],[-45.409158,-23.812013],[-45.409178,-23.812717],[-45.409433,-23.813591],[-45.409262,-23.817664],[-45.408757,-23.817889],[-45.409174,-23.819654],[-45.409641,-23.820345],[-45.411275,-23.821336],[-45.412521,-23.823],[-45.412783,-23.823029],[-45.41381,-23.822155],[-45.415335,-23.821339],[-45.415825,-23.821413],[-45.416319,-23.8219],[-45.41704,-23.822217],[-45.417346,-23.82275],[-45.417834,-23.823024],[-45.418229,-23.822861],[-45.418508,-23.822136],[-45.419308,-23.821713],[-45.419765,-23.821709],[-45.42098,-23.822112],[-45.421304,-23.823159],[-45.422541,-23.824147],[-45.423588,-23.824149],[-45.424101,-23.824708],[-45.425046,-23.824521],[-45.425146,-23.825861],[-45.425417,-23.826142],[-45.425815,-23.826218],[-45.426812,-23.825865],[-45.42789,-23.824816],[-45.428356,-23.82406],[-45.428708,-23.823879],[-45.429899,-23.824181],[-45.43196,-23.824108],[-45.432377,-23.823891],[-45.432602,-23.823291],[-45.433627,-23.82295],[-45.433808,-23.823009],[-45.43379,-23.823558],[-45.4356,-23.823579]]}},{"type":"Feature","properties":{"id_backbone":"BB-1B07B35D3C8F","trecho":"CGT.AA-PRB.DC","cluster":"SAO JOSE DOS CAMPOS","cabo":null,"capacidade":null,"extensao_km":57.021,"confianca":"SEM_REFERENCIA","fonte":"OSRM/OpenStreetMap","ponta_a":"CGT.AA","municipio_a":"CARAGUATATUBA","ponta_b":"PRB.DC","municipio_b":"PARAIBUNA"},"geometry":{"type":"LineString","coordinates":[[-45.411679,-23.623811],[-45.412058,-23.624279],[-45.412619,-23.623697],[-45.41542,-23.622944],[-45.417939,-23.623152],[-45.419276,-23.623464],[-45.421091,-23.625121],[-45.424617,-23.625571],[-45.427523,-23.622001],[-45.429822,-23.619686],[-45.430519,-23.618597],[-45.430683,-23.61748],[-45.431795,-23.616995],[-45.431902,-23.616685],[-45.431739,-23.616484],[-45.431488,-23.616439],[-45.431249,-23.616646],[-45.430782,-23.618393],[-45.430201,-23.619448],[-45.430159,-23.620023],[-45.430375,-23.620606],[-45.433486,-23.62343],[-45.437692,-23.627728],[-45.447403,-23.641728],[-45.451197,-23.645918],[-45.452897,-23.649359],[-45.455058,-23.652448],[-45.456046,-23.653602],[-45.456673,-23.654046],[-45.457146,-23.654129],[-45.458131,-23.654031],[-45.458764,-23.653659],[-45.459093,-23.65317],[-45.459216,-23.652345],[-45.459251,-23.646003],[-45.459576,-23.643191],[-45.460691,-23.638809],[-45.463743,-23.630646],[-45.464001,-23.629034],[-45.463915,-23.626439],[-45.463679,-23.625476],[-45.463164,-23.624434],[-45.460804,-23.62176],[-45.450633,-23.612952],[-45.448701,-23.610514],[-45.447886,-23.609197],[-45.447258,-23.607034],[-45.447404,-23.604673],[-45.44827,-23.601799],[-45.449729,-23.599829],[-45.450653,-23.59902],[-45.452078,-23.598069],[-45.453925,-23.597171],[-45.467231,-23.59246],[-45.469182,-23.591283],[-45.470617,-23.589577],[-45.471108,-23.58778],[-45.470729,-23.585929],[-45.469569,-23.584167],[-45.467669,-23.583032],[-45.466425,-23.582671],[-45.464872,-23.582766],[-45.462949,-23.58332],[-45.461658,-23.584274],[-45.460835,-23.585224],[-45.458204,-23.591162],[-45.457154,-23.592873],[-45.456376,-23.593816],[-45.455053,-23.594576],[-45.453875,-23.594942],[-45.452688,-23.595093],[-45.451766,-23.594934],[-45.450085,-23.594192],[-45.449128,-23.593456],[-45.448539,-23.592634],[-45.447987,-23.590896],[-45.447973,-23.590163],[-45.448606,-23.588772],[-45.45,-23.586873],[-45.451279,-23.584486],[-45.452434,-23.580175],[-45.453191,-23.578747],[-45.454087,-23.577519],[-45.455967,-23.575828],[-45.457376,-23.574991],[-45.459056,-23.574389],[-45.461127,-23.57405],[-45.464259,-23.574369],[-45.47635,-23.579072],[-45.478501,-23.579272],[-45.481316,-23.578777],[-45.482836,-23.577952],[-45.486067,-23.575332],[-45.48809,-23.573015],[-45.489275,-23.571918],[-45.494843,-23.567995],[-45.496112,-23.567466],[-45.499824,-23.566526],[-45.505953,-23.56363],[-45.512299,-23.5615],[-45.513186,-23.560758],[-45.515203,-23.557944],[-45.516142,-23.557286],[-45.517163,-23.557013],[-45.520796,-23.556791],[-45.522094,-23.556207],[-45.522457,-23.555775],[-45.523524,-23.553692],[-45.524788,-23.550177],[-45.52574,-23.548228],[-45.52681,-23.544096],[-45.527145,-23.543641],[-45.528745,-23.542334],[-45.529571,-23.540055],[-45.530354,-23.539121],[-45.534206,-23.535965],[-45.535208,-23.535431],[-45.537676,-23.535005],[-45.538216,-23.534629],[-45.538653,-23.533939],[-45.538813,-23.532658],[-45.538329,-23.529297],[-45.538551,-23.526669],[-45.537212,-23.523567],[-45.536925,-23.522526],[-45.537143,-23.521492],[-45.538869,-23.518646],[-45.539765,-23.517898],[-45.542379,-23.516588],[-45.544867,-23.513443],[-45.545896,-23.5128],[-45.546939,-23.51259],[-45.554532,-23.512625],[-45.555982,-23.512152],[-45.557003,-23.511055],[-45.557617,-23.509076],[-45.558106,-23.508332],[-45.55889,-23.507819],[-45.56055,-23.507331],[-45.561374,-23.506873],[-45.561815,-23.506346],[-45.562861,-23.504404],[-45.567686,-23.500142],[-45.570573,-23.497676],[-45.572818,-23.496814],[-45.573392,-23.496404],[-45.573843,-23.495727],[-45.574006,-23.49493],[-45.573373,-23.492104],[-45.573336,-23.491364],[-45.573515,-23.49069],[-45.574518,-23.488664],[-45.57432,-23.486269],[-45.576383,-23.481017],[-45.577359,-23.479807],[-45.578601,-23.479191],[-45.579584,-23.479071],[-45.583222,-23.479409],[-45.584351,-23.479],[-45.585116,-23.47834],[-45.585453,-23.477685],[-45.585561,-23.476963],[-45.584748,-23.471299],[-45.584718,-23.469957],[-45.584983,-23.468653],[-45.58539,-23.46773],[-45.592948,-23.456468],[-45.594323,-23.45519],[-45.597588,-23.452883],[-45.599147,-23.452117],[-45.601707,-23.451229],[-45.602424,-23.450747],[-45.603121,-23.449711],[-45.604285,-23.445801],[-45.605325,-23.44452],[-45.606181,-23.443996],[-45.60869,-23.443336],[-45.610019,-23.442649],[-45.610881,-23.44179],[-45.612316,-23.439415],[-45.613169,-23.438709],[-45.614243,-23.438333],[-45.617021,-23.438164],[-45.618225,-23.43765],[-45.621273,-23.434481],[-45.626093,-23.430813],[-45.62908,-23.427033],[-45.630609,-23.426048],[-45.634533,-23.424392],[-45.636338,-23.422956],[-45.638652,-23.419357],[-45.639588,-23.414876],[-45.640307,-23.413306],[-45.641373,-23.412087],[-45.643382,-23.410464],[-45.648212,-23.407139],[-45.649167,-23.406158],[-45.649915,-23.404828],[-45.651946,-23.398719],[-45.653463,-23.395941],[-45.654486,-23.393696],[-45.655436,-23.393555],[-45.656404,-23.393197],[-45.659431,-23.389425],[-45.661644,-23.387072],[-45.661789,-23.386752],[-45.661691,-23.386163]]}},{"type":"Feature","properties":{"id_backbone":"BB-19583873F0AA","trecho":"CHL.NJ-MMM.RD","cluster":"CAMPINAS","cabo":"F-0111","capacidade":"12","extensao_km":28.79,"confianca":"SEM_REFERENCIA","fonte":"OSRM/OpenStreetMap","ponta_a":"CHL.NJ","municipio_a":"CONCHAL","ponta_b":"MMM.RD","municipio_b":"MOGI MIRIM"},"geometry":{"type":"LineString","coordinates":[[-47.1747,-22.333319],[-47.173299,-22.334813],[-47.172778,-22.334393],[-47.170895,-22.336884],[-47.169939,-22.338244],[-47.169959,-22.338595],[-47.169532,-22.33872],[-47.163507,-22.346945],[-47.163519,-22.347253],[-47.163999,-22.347449],[-47.163963,-22.347648],[-47.15968,-22.346685],[-47.158588,-22.346868],[-47.15785,-22.346345],[-47.157099,-22.346077],[-47.153208,-22.345293],[-47.151815,-22.34523],[-47.151026,-22.345258],[-47.140027,-22.347836],[-47.138803,-22.348325],[-47.136935,-22.349359],[-47.123183,-22.357136],[-47.121666,-22.358127],[-47.109099,-22.371882],[-47.101889,-22.377574],[-47.100475,-22.378924],[-47.099242,-22.380843],[-47.098458,-22.38308],[-47.096508,-22.393055],[-47.094274,-22.397345],[-47.093668,-22.398017],[-47.0866,-22.403545],[-47.073722,-22.416115],[-47.072918,-22.416809],[-47.071907,-22.417351],[-47.070258,-22.41774],[-47.056171,-22.417994],[-47.055272,-22.418131],[-47.0545,-22.41845],[-47.051819,-22.420223],[-47.050797,-22.420732],[-47.035111,-22.424353],[-47.033875,-22.424838],[-47.032598,-22.425933],[-47.030127,-22.430213],[-47.029412,-22.430896],[-47.028464,-22.431353],[-47.016677,-22.432413],[-47.015392,-22.432581],[-47.014205,-22.432963],[-47.012573,-22.434138],[-47.005356,-22.443383],[-47.004262,-22.445145],[-47.004359,-22.445668],[-47.004825,-22.445843],[-47.005176,-22.445667],[-47.005298,-22.445319],[-47.005186,-22.445027],[-47.004768,-22.444705],[-46.992252,-22.439447],[-46.99063,-22.43905],[-46.984626,-22.438215],[-46.98449,-22.438534],[-46.984899,-22.438914],[-46.985305,-22.438951],[-46.985587,-22.438422],[-46.985452,-22.43624],[-46.98512,-22.434651],[-46.980858,-22.422599],[-46.980542,-22.42242],[-46.976397,-22.426001]]}},{"type":"Feature","properties":{"id_backbone":"BB-D4D8EFDAAB9C","trecho":"CHP.CD-LNA.VA","cluster":"SAO JOSE DOS CAMPOS","cabo":"F-0102","capacidade":"36","extensao_km":17.232,"confianca":"ALTA","fonte":"OSRM/OpenStreetMap","ponta_a":"CHP.CD","municipio_a":"CACHOEIRA PAULISTA","ponta_b":"LNA.VA","municipio_b":"LORENA"},"geometry":{"type":"LineString","coordinates":[[-45.009702,-22.666261],[-45.008403,-22.665302],[-45.007155,-22.666956],[-45.003984,-22.67034],[-45.003888,-22.670716],[-45.003721,-22.670707],[-45.000962,-22.674407],[-45.001523,-22.676511],[-45.002095,-22.677198],[-45.090461,-22.740251],[-45.09254,-22.7408],[-45.093053,-22.740772],[-45.093744,-22.740403],[-45.094605,-22.739408],[-45.098301,-22.733459],[-45.09868,-22.732447],[-45.098999,-22.731933],[-45.09938,-22.731672],[-45.099398,-22.732239],[-45.099546,-22.732426],[-45.101277,-22.732442],[-45.103169,-22.733825],[-45.106165,-22.734996],[-45.107838,-22.734859],[-45.113232,-22.73351],[-45.117538,-22.733537],[-45.11838,-22.733992],[-45.119888,-22.735446],[-45.120119,-22.735245],[-45.119783,-22.734565]]}},{"type":"Feature","properties":{"id_backbone":"BB-09FCC3C643BF","trecho":"CHQ.CH-IEN.AT","cluster":"CAMPINAS","cabo":"F-0159","capacidade":"6","extensao_km":13.641,"confianca":"SEM_REFERENCIA","fonte":"OSRM/OpenStreetMap","ponta_a":"CHQ.CH","municipio_a":"CHARQUEADA","ponta_b":"IEN.AT","municipio_b":"IPEUNA"},"geometry":{"type":"LineString","coordinates":[[-47.773382,-22.514959],[-47.772816,-22.513959],[-47.772036,-22.514803],[-47.768908,-22.519332],[-47.767642,-22.521306],[-47.767319,-22.522596],[-47.766982,-22.522748],[-47.766782,-22.522552],[-47.76675,-22.52211],[-47.766147,-22.521761],[-47.765972,-22.521159],[-47.764749,-22.519991],[-47.756652,-22.513987],[-47.755565,-22.513082],[-47.754595,-22.511926],[-47.753504,-22.509927],[-47.753062,-22.50832],[-47.752942,-22.506694],[-47.753163,-22.503161],[-47.752879,-22.501227],[-47.752251,-22.499951],[-47.753384,-22.496337],[-47.754948,-22.494191],[-47.754999,-22.490967],[-47.754592,-22.490604],[-47.750828,-22.488679],[-47.749806,-22.48791],[-47.748843,-22.486881],[-47.746801,-22.483722],[-47.743987,-22.480871],[-47.74252,-22.479598],[-47.734696,-22.475382],[-47.733268,-22.474379],[-47.731589,-22.472879],[-47.729657,-22.470142],[-47.725787,-22.462526],[-47.723794,-22.459437],[-47.722094,-22.457363],[-47.71557,-22.450546],[-47.718888,-22.448744],[-47.719336,-22.448248],[-47.71934,-22.447591],[-47.718431,-22.444636],[-47.717944,-22.443814],[-47.71716,-22.439704],[-47.717687,-22.438998],[-47.720526,-22.437041],[-47.720391,-22.436876]]}},{"type":"Feature","properties":{"id_backbone":"BB-77F81E76BF56","trecho":"CIV.AD-TBS.TA","cluster":"OSASCO","cabo":"F-1031","capacidade":"72","extensao_km":13.169,"confianca":"BAIXA","fonte":"OSRM/OpenStreetMap","ponta_a":"CIV.AD","municipio_a":"CARAPICUIBA","ponta_b":"TBS.TA","municipio_b":"TABOAO DA SERRA"},"geometry":{"type":"LineString","coordinates":[[-46.832442,-23.562789],[-46.832957,-23.563283],[-46.83178,-23.563531],[-46.831619,-23.563894],[-46.832652,-23.565256],[-46.832697,-23.565513],[-46.831699,-23.566102],[-46.831093,-23.566938],[-46.832002,-23.56746],[-46.834368,-23.571531],[-46.834426,-23.572382],[-46.834087,-23.572684],[-46.83522,-23.575121],[-46.835558,-23.576861],[-46.838606,-23.57993],[-46.838927,-23.580836],[-46.838792,-23.581664],[-46.838912,-23.583255],[-46.837576,-23.584301],[-46.836432,-23.586652],[-46.835291,-23.58692],[-46.83346,-23.58693],[-46.831016,-23.588972],[-46.830047,-23.589139],[-46.829912,-23.589268],[-46.829948,-23.589929],[-46.829458,-23.590417],[-46.828053,-23.590877],[-46.827329,-23.590978],[-46.823508,-23.590747],[-46.821149,-23.591459],[-46.819749,-23.591457],[-46.818256,-23.590882],[-46.816541,-23.589474],[-46.815595,-23.58927],[-46.814906,-23.589506],[-46.812117,-23.591464],[-46.810652,-23.592075],[-46.808405,-23.592709],[-46.804484,-23.593107],[-46.802922,-23.592992],[-46.800924,-23.5923],[-46.797901,-23.590956],[-46.793467,-23.588364],[-46.793274,-23.588373],[-46.793177,-23.588461],[-46.793721,-23.58879],[-46.792739,-23.590799],[-46.789519,-23.592833],[-46.78847,-23.595095],[-46.788675,-23.596088],[-46.788561,-23.596558],[-46.78786,-23.597137],[-46.785989,-23.5963],[-46.785329,-23.596354],[-46.784951,-23.597278],[-46.785205,-23.597928],[-46.784654,-23.598732],[-46.785273,-23.598939],[-46.784411,-23.599977],[-46.783098,-23.602348],[-46.7812,-23.603197],[-46.77963,-23.603313],[-46.781205,-23.605996],[-46.780831,-23.607563],[-46.780424,-23.608094],[-46.780867,-23.608446],[-46.779439,-23.610008],[-46.779021,-23.610241],[-46.779473,-23.610752],[-46.780142,-23.610173],[-46.780083,-23.611228],[-46.779477,-23.61155],[-46.779691,-23.611722],[-46.780268,-23.611611],[-46.779775,-23.612708],[-46.779784,-23.613014],[-46.777376,-23.612405],[-46.774956,-23.611353],[-46.774784,-23.611919],[-46.774465,-23.611797],[-46.774336,-23.612088]]}},{"type":"Feature","properties":{"id_backbone":"BB-356AE35A7122","trecho":"CIV.AT-JASI.JS","cluster":"OSASCO","cabo":"F-0999","capacidade":"72","extensao_km":6.892,"confianca":"BAIXA","fonte":"OSRM/OpenStreetMap","ponta_a":"CIV.AT","municipio_a":"CARAPICUIBA","ponta_b":"JASI.JS","municipio_b":"BARUERI"},"geometry":{"type":"LineString","coordinates":[[-46.851015,-23.527518],[-46.851176,-23.527387],[-46.850859,-23.526906],[-46.852773,-23.525758],[-46.854744,-23.522145],[-46.854914,-23.520914],[-46.856396,-23.519861],[-46.855889,-23.519344],[-46.855845,-23.519044],[-46.863541,-23.518545],[-46.864788,-23.51829],[-46.866926,-23.517256],[-46.867678,-23.516693],[-46.869397,-23.514012],[-46.869529,-23.514219],[-46.869028,-23.514755],[-46.867858,-23.51666],[-46.867835,-23.517132],[-46.869031,-23.518317],[-46.869511,-23.519374],[-46.870574,-23.520264],[-46.871147,-23.521757],[-46.87249,-23.523123],[-46.873123,-23.523391],[-46.873916,-23.523439],[-46.876382,-23.522959],[-46.87695,-23.523107],[-46.878206,-23.523794],[-46.87836,-23.524263],[-46.878106,-23.525224],[-46.878123,-23.526068],[-46.879355,-23.527841],[-46.879255,-23.529711],[-46.880155,-23.530882],[-46.880769,-23.533304],[-46.883969,-23.532852],[-46.885785,-23.531572],[-46.886217,-23.530726],[-46.886703,-23.531188],[-46.887102,-23.531906],[-46.887619,-23.532299],[-46.887879,-23.53228],[-46.888129,-23.532004],[-46.888482,-23.532011],[-46.888252,-23.531577]]}},{"type":"Feature","properties":{"id_backbone":"BB-5EF354626B2A","trecho":"CIV.VD-OCO.OS","cluster":"OSASCO","cabo":"F-0122","capacidade":"36","extensao_km":7.401,"confianca":"BAIXA","fonte":"OSRM/OpenStreetMap","ponta_a":"CIV.VD","municipio_a":"CARAPICUIBA","ponta_b":"OCO.OS","municipio_b":"OSASCO"},"geometry":{"type":"LineString","coordinates":[[-46.834418,-23.543217],[-46.835036,-23.540194],[-46.831517,-23.540174],[-46.829973,-23.539279],[-46.829404,-23.539336],[-46.827864,-23.540415],[-46.826966,-23.539468],[-46.825736,-23.538036],[-46.826255,-23.537728],[-46.826305,-23.536257],[-46.821746,-23.531701],[-46.821015,-23.530757],[-46.820258,-23.529063],[-46.820528,-23.528232],[-46.820216,-23.527256],[-46.818491,-23.525107],[-46.818015,-23.524868],[-46.81594,-23.524568],[-46.811828,-23.524576],[-46.809434,-23.523449],[-46.808065,-23.523212],[-46.80582,-23.52348],[-46.799831,-23.52634],[-46.794485,-23.52688],[-46.792602,-23.526653],[-46.790585,-23.52579],[-46.789763,-23.525723],[-46.789303,-23.525908],[-46.788848,-23.526404],[-46.787789,-23.529441],[-46.787515,-23.529551],[-46.784667,-23.529173],[-46.783951,-23.529902],[-46.785249,-23.530696]]}},{"type":"Feature","properties":{"id_backbone":"BB-CE7F4E5EB735","trecho":"CIV.VD-CIV.VI","cluster":"OSASCO","cabo":"F-0283","capacidade":"12","extensao_km":11.36,"confianca":"REJEITADA","fonte":"OSRM/OpenStreetMap","ponta_a":"CIV.VD","municipio_a":"CARAPICUIBA","ponta_b":"CIV.VI","municipio_b":"CARAPICUIBA"},"geometry":{"type":"LineString","coordinates":[[-46.834418,-23.543217],[-46.834856,-23.541164],[-46.837514,-23.541767],[-46.839053,-23.540331],[-46.840181,-23.540313],[-46.841652,-23.54119],[-46.842909,-23.540864],[-46.844767,-23.538545],[-46.845144,-23.539059],[-46.846063,-23.538535],[-46.846573,-23.538598],[-46.846572,-23.539296],[-46.847484,-23.540074],[-46.848125,-23.541669],[-46.849111,-23.542538],[-46.853945,-23.540616],[-46.85459,-23.540201],[-46.856708,-23.539713],[-46.858397,-23.538997],[-46.859436,-23.539218],[-46.859313,-23.538035],[-46.860436,-23.538299],[-46.860331,-23.537072],[-46.861096,-23.534421],[-46.861711,-23.534612],[-46.862175,-23.534333],[-46.86326,-23.535381],[-46.864248,-23.535992],[-46.866177,-23.536718],[-46.866402,-23.536491],[-46.866665,-23.536568],[-46.866683,-23.536784],[-46.866097,-23.537464],[-46.865732,-23.538631],[-46.866136,-23.540122],[-46.866602,-23.540669],[-46.868023,-23.541442],[-46.868002,-23.541925],[-46.867394,-23.54306],[-46.867752,-23.544009],[-46.868608,-23.544339],[-46.869286,-23.545513],[-46.870375,-23.546323],[-46.871808,-23.548107],[-46.872333,-23.549052],[-46.871184,-23.548444],[-46.870618,-23.548425],[-46.870083,-23.548646],[-46.867585,-23.548458],[-46.867192,-23.548506],[-46.866306,-23.549301],[-46.866087,-23.549614],[-46.867815,-23.551975],[-46.867992,-23.552019],[-46.867145,-23.553415],[-46.867634,-23.554819],[-46.866064,-23.556363],[-46.864387,-23.554806],[-46.863477,-23.554903],[-46.862277,-23.554678],[-46.861697,-23.553743],[-46.860174,-23.552663],[-46.858571,-23.55294],[-46.856487,-23.55407],[-46.855943,-23.555151],[-46.855755,-23.556526],[-46.856487,-23.556657],[-46.857394,-23.55849],[-46.858438,-23.559188],[-46.858866,-23.560301],[-46.85651,-23.561492],[-46.856079,-23.561259],[-46.855759,-23.561482],[-46.855438,-23.562147],[-46.855427,-23.563771],[-46.853586,-23.566872],[-46.853931,-23.567802]]}},{"type":"Feature","properties":{"id_backbone":"BB-E1BDE2CBB473","trecho":"CKM.SB-TQB.TU","cluster":"BAURU","cabo":"F-0150-00","capacidade":"12","extensao_km":16.811,"confianca":"ALTA","fonte":"OSRM/OpenStreetMap","ponta_a":"CKM.SB","municipio_a":"CORONEL MACEDO","ponta_b":"TQB.TU","municipio_b":"TAQUARITUBA"},"geometry":{"type":"LineString","coordinates":[[-49.305057,-23.632703],[-49.305157,-23.632861],[-49.305048,-23.632952],[-49.305689,-23.63414],[-49.301224,-23.636881],[-49.299431,-23.63864],[-49.294422,-23.642266],[-49.293686,-23.64242],[-49.290263,-23.641428],[-49.289901,-23.641477],[-49.288305,-23.642679],[-49.288335,-23.644243],[-49.288128,-23.644417],[-49.287834,-23.644272],[-49.287593,-23.642991],[-49.282163,-23.63044],[-49.27849,-23.624272],[-49.2766,-23.621545],[-49.275005,-23.618463],[-49.269166,-23.608595],[-49.268805,-23.607531],[-49.268698,-23.606607],[-49.268256,-23.597712],[-49.26805,-23.596568],[-49.267574,-23.59533],[-49.262851,-23.586571],[-49.257827,-23.581233],[-49.256457,-23.580009],[-49.254436,-23.577598],[-49.25354,-23.575843],[-49.249892,-23.561983],[-49.249801,-23.561093],[-49.250167,-23.557731],[-49.250113,-23.556381],[-49.248713,-23.550892],[-49.249446,-23.544418],[-49.249357,-23.54339],[-49.249649,-23.542219],[-49.249548,-23.541453],[-49.249912,-23.540202],[-49.250458,-23.535749],[-49.250416,-23.533148],[-49.248484,-23.533372],[-49.248427,-23.53126],[-49.243801,-23.531352]]}},{"type":"Feature","properties":{"id_backbone":"BB-C6F111497524","trecho":"CMX.FB-CMX.MS","cluster":"JUNDIAI","cabo":null,"capacidade":"42","extensao_km":5.819,"confianca":"REJEITADA","fonte":"OSRM/OpenStreetMap","ponta_a":"CMX.FB","municipio_a":"CAMPO LIMPO PAULISTA","ponta_b":"CMX.MS","municipio_b":"CAMPO LIMPO PAULISTA"},"geometry":{"type":"LineString","coordinates":[[-46.760235,-23.188705],[-46.760106,-23.187929],[-46.760639,-23.188751],[-46.761881,-23.188596],[-46.762273,-23.188682],[-46.762918,-23.189214],[-46.763822,-23.190572],[-46.764556,-23.191015],[-46.764658,-23.191544],[-46.764369,-23.192527],[-46.764404,-23.192984],[-46.766028,-23.194584],[-46.766497,-23.195961],[-46.766708,-23.197585],[-46.766652,-23.198502],[-46.765974,-23.199987],[-46.766919,-23.202099],[-46.767222,-23.20245],[-46.767569,-23.20252],[-46.768583,-23.202142],[-46.769033,-23.202181],[-46.77015,-23.203209],[-46.770604,-23.20401],[-46.771502,-23.204781],[-46.773248,-23.202815],[-46.77428,-23.203029],[-46.776264,-23.202682],[-46.778058,-23.202573],[-46.779368,-23.202852],[-46.779891,-23.202448],[-46.780089,-23.201666],[-46.780572,-23.20124],[-46.781254,-23.200942],[-46.782407,-23.200746],[-46.782983,-23.200231],[-46.783481,-23.200231],[-46.783805,-23.202204],[-46.783274,-23.203496],[-46.783311,-23.20431],[-46.783489,-23.205006],[-46.78392,-23.205677],[-46.784338,-23.208313],[-46.785995,-23.207435],[-46.787153,-23.20653],[-46.787966,-23.20538],[-46.789379,-23.205904],[-46.78929,-23.206177]]}},{"type":"Feature","properties":{"id_backbone":"BB-CF6EAD919EC9","trecho":"CNH.BI-PEY.ST","cluster":"BAURU","cabo":"F-0144-00","capacidade":"12","extensao_km":10.923,"confianca":"ALTA","fonte":"OSRM/OpenStreetMap","ponta_a":"CNH.BI","municipio_a":"CONCHAS","ponta_b":"PEY.ST","municipio_b":"PEREIRAS"},"geometry":{"type":"LineString","coordinates":[[-48.006996,-23.01287],[-48.006791,-23.012312],[-48.003496,-23.013325],[-48.003433,-23.014367],[-48.003051,-23.015065],[-48.000205,-23.017472],[-47.997984,-23.020458],[-47.99789,-23.020884],[-47.998238,-23.021788],[-47.995684,-23.024977],[-47.993068,-23.02613],[-47.992727,-23.026765],[-47.991497,-23.026882],[-47.986891,-23.029069],[-47.981091,-23.034554],[-47.967667,-23.04243],[-47.966679,-23.042941],[-47.963738,-23.043274],[-47.962833,-23.043519],[-47.960317,-23.044879],[-47.959575,-23.045677],[-47.958507,-23.049444],[-47.958433,-23.050291],[-47.958573,-23.050954],[-47.960235,-23.054785],[-47.974312,-23.066875],[-47.974525,-23.067683],[-47.974401,-23.068231],[-47.970662,-23.07511],[-47.970756,-23.07535],[-47.974505,-23.075459]]}},{"type":"Feature","properties":{"id_backbone":"BB-5A670824802C","trecho":"SLD.DC-TTE.AM","cluster":"SAO JOSE DOS CAMPOS","cabo":"F-1060","capacidade":null,"extensao_km":45.483,"confianca":"SEM_REFERENCIA","fonte":"OSRM/OpenStreetMap","ponta_a":"SLD.DC","municipio_a":"SAO LUIZ DO PARAITINGA","ponta_b":"TTE.AM","municipio_b":"TAUBATE"},"geometry":{"type":"LineString","coordinates":[[-45.310963,-23.223263],[-45.310513,-23.223484],[-45.309904,-23.222255],[-45.311032,-23.221681],[-45.310672,-23.220973],[-45.310621,-23.2199],[-45.311085,-23.219918],[-45.311929,-23.220515],[-45.312407,-23.221259],[-45.312621,-23.222544],[-45.313089,-23.22338],[-45.314777,-23.223821],[-45.3163,-23.222309],[-45.31785,-23.221847],[-45.318571,-23.221185],[-45.319646,-23.221412],[-45.319904,-23.221335],[-45.319867,-23.221038],[-45.319284,-23.22058],[-45.319496,-23.21996],[-45.319535,-23.219086],[-45.320565,-23.218392],[-45.320645,-23.217475],[-45.321008,-23.217094],[-45.321504,-23.217059],[-45.321556,-23.21788],[-45.3217,-23.218041],[-45.323316,-23.218144],[-45.324586,-23.218987],[-45.325873,-23.217266],[-45.327135,-23.216022],[-45.328293,-23.213609],[-45.331315,-23.209778],[-45.331949,-23.209316],[-45.334023,-23.209046],[-45.335852,-23.209404],[-45.33642,-23.209054],[-45.33702,-23.208313],[-45.337605,-23.208122],[-45.342715,-23.209203],[-45.344348,-23.209031],[-45.345645,-23.208588],[-45.34609,-23.208259],[-45.346261,-23.207789],[-45.346317,-23.205601],[-45.346565,-23.20513],[-45.347181,-23.20461],[-45.347704,-23.204526],[-45.349016,-23.204931],[-45.350091,-23.206478],[-45.351024,-23.20665],[-45.352362,-23.206274],[-45.353033,-23.205877],[-45.353232,-23.205484],[-45.353416,-23.203478],[-45.353965,-23.202898],[-45.354612,-23.202771],[-45.358274,-23.203214],[-45.360632,-23.202211],[-45.361684,-23.201374],[-45.362299,-23.201172],[-45.362908,-23.201227],[-45.365521,-23.202089],[-45.370081,-23.202848],[-45.371553,-23.202898],[-45.374805,-23.202554],[-45.375614,-23.202684],[-45.376346,-23.203019],[-45.377749,-23.204163],[-45.378031,-23.204629],[-45.37843,-23.206091],[-45.380103,-23.208238],[-45.381083,-23.208581],[-45.383288,-23.208768],[-45.384991,-23.208332],[-45.388201,-23.20651],[-45.388676,-23.20596],[-45.389727,-23.203839],[-45.393848,-23.200777],[-45.39474,-23.199539],[-45.395744,-23.199415],[-45.397443,-23.200176],[-45.397772,-23.200504],[-45.398551,-23.202108],[-45.399392,-23.202703],[-45.399897,-23.202754],[-45.40044,-23.202516],[-45.401134,-23.201643],[-45.401202,-23.199773],[-45.401371,-23.199362],[-45.402871,-23.197995],[-45.404045,-23.197564],[-45.408553,-23.196849],[-45.409073,-23.196986],[-45.411293,-23.19837],[-45.414447,-23.200586],[-45.419611,-23.206044],[-45.420906,-23.207195],[-45.421694,-23.207521],[-45.424221,-23.208039],[-45.426551,-23.207977],[-45.427158,-23.207757],[-45.427513,-23.207414],[-45.427873,-23.205655],[-45.42834,-23.204988],[-45.430028,-23.204087],[-45.430862,-23.204029],[-45.432236,-23.204298],[-45.433037,-23.204029],[-45.433602,-23.2032],[-45.434496,-23.200771],[-45.435036,-23.200031],[-45.437357,-23.198598],[-45.438791,-23.198414],[-45.439318,-23.198062],[-45.439562,-23.197514],[-45.439411,-23.194404],[-45.439653,-23.193803],[-45.440124,-23.193397],[-45.440916,-23.19323],[-45.442448,-23.193575],[-45.445042,-23.195199],[-45.445739,-23.195403],[-45.44883,-23.194521],[-45.450615,-23.19331],[-45.4513,-23.19303],[-45.455565,-23.192818],[-45.457158,-23.192127],[-45.458264,-23.191874],[-45.458674,-23.191548],[-45.460034,-23.188594],[-45.461103,-23.185579],[-45.461674,-23.185039],[-45.462456,-23.18498],[-45.464127,-23.18561],[-45.464646,-23.185664],[-45.466877,-23.185103],[-45.46933,-23.185207],[-45.470234,-23.184933],[-45.470682,-23.184361],[-45.471342,-23.182438],[-45.473359,-23.179694],[-45.474319,-23.177706],[-45.476846,-23.173977],[-45.476982,-23.17341],[-45.476854,-23.171651],[-45.477665,-23.168753],[-45.477801,-23.164805],[-45.478021,-23.164229],[-45.479358,-23.162399],[-45.479532,-23.16114],[-45.479779,-23.160599],[-45.480216,-23.160223],[-45.480706,-23.160057],[-45.483212,-23.160297],[-45.483994,-23.160182],[-45.485791,-23.159079],[-45.486427,-23.158475],[-45.487443,-23.156993],[-45.488399,-23.154535],[-45.489906,-23.151975],[-45.490013,-23.15122],[-45.489876,-23.148038],[-45.490617,-23.146108],[-45.492718,-23.144629],[-45.494323,-23.142072],[-45.494948,-23.141761],[-45.497809,-23.141106],[-45.498684,-23.140673],[-45.500964,-23.139253],[-45.503829,-23.136681],[-45.504035,-23.136374],[-45.504059,-23.135909],[-45.503495,-23.134324],[-45.503459,-23.133566],[-45.505021,-23.130068],[-45.505856,-23.129157],[-45.506679,-23.128544],[-45.5084,-23.128136],[-45.509162,-23.127593],[-45.512883,-23.123618],[-45.515543,-23.119454],[-45.518102,-23.117129],[-45.52051,-23.115372],[-45.521128,-23.11475],[-45.521562,-23.113888],[-45.521769,-23.112768],[-45.521741,-23.112003],[-45.521202,-23.110698],[-45.521453,-23.110048],[-45.52272,-23.109063],[-45.524084,-23.108599],[-45.526988,-23.106892],[-45.529492,-23.104441],[-45.530809,-23.102764],[-45.531293,-23.10149],[-45.531688,-23.10099],[-45.535435,-23.099499],[-45.537234,-23.099788],[-45.537712,-23.099693],[-45.538067,-23.099405],[-45.538338,-23.098254],[-45.539494,-23.096531],[-45.53941,-23.093707],[-45.540579,-23.092591],[-45.542581,-23.089405],[-45.542732,-23.087783],[-45.543242,-23.086786],[-45.543221,-23.08492],[-45.543514,-23.084072],[-45.544156,-23.083544],[-45.545968,-23.083319],[-45.546747,-23.082825],[-45.547017,-23.082336],[-45.54719,-23.081477],[-45.547988,-23.080036],[-45.549886,-23.075736],[-45.552263,-23.072452],[-45.553024,-23.07055],[-45.55544,-23.068994],[-45.556353,-23.067976],[-45.556876,-23.064781],[-45.556615,-23.063919],[-45.555818,-23.06283],[-45.555659,-23.062322],[-45.555628,-23.061349],[-45.556028,-23.060243],[-45.55597,-23.057231],[-45.55467,-23.05162],[-45.555303,-23.04681],[-45.555701,-23.046277],[-45.557068,-23.045363],[-45.557413,-23.044655],[-45.558013,-23.03929],[-45.556925,-23.037228],[-45.556974,-23.033799],[-45.556717,-23.031932],[-45.55403,-23.029913],[-45.560002,-23.024506]]}},{"type":"Feature","properties":{"id_backbone":"BB-D20C5B04B57C","trecho":"NHA.RR-VOT.RP","cluster":"SAO JOSE DO RIO PRETO","cabo":"F-0030","capacidade":"72","extensao_km":35.997,"confianca":"MEDIA","fonte":"OSRM/OpenStreetMap","ponta_a":"NHA.RR","municipio_a":"NHANDEARA","ponta_b":"VOT.RP","municipio_b":"VOTUPORANGA"},"geometry":{"type":"LineString","coordinates":[[-50.037734,-20.694075],[-50.038,-20.69397],[-50.039417,-20.697101],[-50.041886,-20.696115],[-50.042761,-20.698085],[-50.044212,-20.697643],[-50.046143,-20.696747],[-50.057439,-20.690256],[-50.059582,-20.688854],[-50.060208,-20.687735],[-50.06041,-20.685519],[-50.060233,-20.684873],[-50.059301,-20.6831],[-50.051172,-20.668304],[-50.049967,-20.665554],[-50.048781,-20.66166],[-50.038208,-20.6077],[-50.037712,-20.605385],[-50.037182,-20.603737],[-50.037065,-20.602142],[-50.022983,-20.530737],[-50.022211,-20.528447],[-50.022139,-20.526553],[-50.014897,-20.489996],[-50.014421,-20.488325],[-50.012582,-20.47821],[-50.012147,-20.477019],[-50.012005,-20.475234],[-50.010004,-20.465162],[-50.008904,-20.461163],[-50.008524,-20.460061],[-50.007833,-20.458777],[-50.007215,-20.456965],[-50.00358,-20.449969],[-50.002463,-20.448163],[-50.002187,-20.447298],[-50.000539,-20.443881],[-49.999837,-20.441513],[-49.999135,-20.437734],[-49.998628,-20.436348],[-49.998341,-20.436165],[-49.996064,-20.435884],[-49.994943,-20.436426],[-49.99457,-20.43688],[-49.99432,-20.436885],[-49.994193,-20.436249],[-49.993203,-20.434212],[-49.992504,-20.433367],[-49.988416,-20.430487],[-49.983113,-20.427507],[-49.980423,-20.42707],[-49.980059,-20.427211],[-49.979637,-20.426955],[-49.974923,-20.426194],[-49.975783,-20.42112],[-49.972101,-20.420617],[-49.972268,-20.419618],[-49.973169,-20.419735]]}},{"type":"Feature","properties":{"id_backbone":"BB-0179282B2B7A","trecho":"CPJ.AB-CPJ.ER","cluster":"SAO JOSE DOS CAMPOS","cabo":"F-0104","capacidade":"36","extensao_km":3.557,"confianca":"MEDIA","fonte":"OSRM/OpenStreetMap","ponta_a":"CPJ.AB","municipio_a":"CAMPOS DO JORDAO","ponta_b":"CPJ.ER","municipio_b":"CAMPOS DO JORDAO"},"geometry":{"type":"LineString","coordinates":[[-45.591539,-22.738072],[-45.59144,-22.73778],[-45.589973,-22.736362],[-45.587888,-22.73592],[-45.587313,-22.735635],[-45.58575,-22.733983],[-45.584553,-22.733307],[-45.581558,-22.72814],[-45.581279,-22.72686],[-45.58092,-22.726346],[-45.576043,-22.724354],[-45.574093,-22.721856],[-45.568724,-22.718717],[-45.566878,-22.717797]]}},{"type":"Feature","properties":{"id_backbone":"BB-EC69CF9EA987","trecho":"CRO.NR-LVN.CH","cluster":"SAO JOSE DOS CAMPOS","cabo":"F-0103","capacidade":"12","extensao_km":8.235,"confianca":"MEDIA","fonte":"OSRM/OpenStreetMap","ponta_a":"CRO.NR","municipio_a":"CRUZEIRO","ponta_b":"LVN.CH","municipio_b":"LAVRINHAS"},"geometry":{"type":"LineString","coordinates":[[-44.956836,-22.589168],[-44.957059,-22.589075],[-44.95781,-22.589432],[-44.958429,-22.589236],[-44.957395,-22.586464],[-44.957676,-22.584715],[-44.957516,-22.583999],[-44.960773,-22.58291],[-44.960388,-22.581892],[-44.959658,-22.582148],[-44.955583,-22.571563],[-44.955203,-22.571698],[-44.954953,-22.57161],[-44.95435,-22.570593],[-44.953364,-22.567846],[-44.952508,-22.566707],[-44.951658,-22.56599],[-44.949926,-22.565698],[-44.934854,-22.566796],[-44.932718,-22.566738],[-44.930186,-22.566321],[-44.92561,-22.564057],[-44.922774,-22.563038],[-44.920778,-22.562826],[-44.916671,-22.562846],[-44.915221,-22.562466],[-44.908231,-22.565047],[-44.90659,-22.566403]]}},{"type":"Feature","properties":{"id_backbone":"BB-28B7B0A33C51","trecho":"GTA.MF-LNA.VA","cluster":"SAO JOSE DOS CAMPOS","cabo":"F-0105","capacidade":"36","extensao_km":16.548,"confianca":"ALTA","fonte":"OSRM/OpenStreetMap","ponta_a":"GTA.MF","municipio_a":"GUARATINGUETA","ponta_b":"LNA.VA","municipio_b":"LORENA"},"geometry":{"type":"LineString","coordinates":[[-45.196337,-22.815813],[-45.196196,-22.81617],[-45.195835,-22.815894],[-45.195413,-22.816818],[-45.19715,-22.817624],[-45.196396,-22.819567],[-45.195151,-22.820474],[-45.194172,-22.821725],[-45.193385,-22.82225],[-45.192859,-22.82236],[-45.192886,-22.82347],[-45.193036,-22.823732],[-45.192889,-22.82389],[-45.191179,-22.822953],[-45.187602,-22.820544],[-45.184201,-22.819404],[-45.18281,-22.818687],[-45.182036,-22.817881],[-45.171872,-22.804634],[-45.165992,-22.795088],[-45.164631,-22.79364],[-45.108063,-22.752938],[-45.105228,-22.751958],[-45.10468,-22.751911],[-45.104675,-22.751696],[-45.10498,-22.751499],[-45.105558,-22.750534],[-45.10563,-22.750146],[-45.105995,-22.749801],[-45.115653,-22.733637],[-45.116882,-22.733446],[-45.117683,-22.733596],[-45.11838,-22.733992],[-45.119888,-22.735446],[-45.120119,-22.735245],[-45.119783,-22.734565]]}},{"type":"Feature","properties":{"id_backbone":"BB-6073635B282C","trecho":"CPB.CB-SGJ.GR","cluster":"SOROCABA","cabo":"F-0210","capacidade":"72","extensao_km":27.138,"confianca":"ALTA","fonte":"OSRM/OpenStreetMap","ponta_a":"CPB.CB","municipio_a":"CAPAO BONITO","ponta_b":"SGJ.GR","municipio_b":"SAO MIGUEL ARCANJO"},"geometry":{"type":"LineString","coordinates":[[-48.345585,-24.006479],[-48.345619,-24.006041],[-48.345459,-24.005846],[-48.342078,-24.00754],[-48.341492,-24.008138],[-48.34102,-24.007862],[-48.338945,-24.002858],[-48.337603,-24.000917],[-48.33223,-23.993956],[-48.324804,-23.986031],[-48.322749,-23.983627],[-48.316223,-23.967862],[-48.30652,-23.95396],[-48.306067,-23.952639],[-48.305392,-23.944174],[-48.305102,-23.943239],[-48.303096,-23.93901],[-48.302988,-23.937994],[-48.303143,-23.935262],[-48.302939,-23.934441],[-48.302533,-23.933675],[-48.30013,-23.931687],[-48.298461,-23.929615],[-48.297451,-23.928955],[-48.294095,-23.928329],[-48.285406,-23.925003],[-48.282174,-23.923981],[-48.280875,-23.923341],[-48.279239,-23.922264],[-48.275323,-23.920349],[-48.274548,-23.919795],[-48.273899,-23.918964],[-48.273462,-23.917599],[-48.273912,-23.90937],[-48.273832,-23.90818],[-48.273269,-23.907006],[-48.271692,-23.905231],[-48.270705,-23.903132],[-48.269872,-23.902254],[-48.269031,-23.90178],[-48.265455,-23.901035],[-48.263651,-23.90018],[-48.257406,-23.895011],[-48.255921,-23.893094],[-48.253082,-23.888681],[-48.252575,-23.888186],[-48.2497,-23.886284],[-48.249019,-23.885511],[-48.244683,-23.876261],[-48.24351,-23.874946],[-48.233838,-23.866643],[-48.222457,-23.861779],[-48.221519,-23.861199],[-48.220382,-23.860071],[-48.218444,-23.856963],[-48.217039,-23.855336],[-48.209645,-23.849314],[-48.207944,-23.848291],[-48.199053,-23.844767],[-48.197064,-23.844507],[-48.189282,-23.845135],[-48.188556,-23.84545],[-48.183593,-23.845689],[-48.183683,-23.847983]]}},{"type":"Feature","properties":{"id_backbone":"BB-63E1F6047A9F","trecho":"GRAA.GD-IGA.QB","cluster":"SOROCABA","cabo":"F-0208","capacidade":"72","extensao_km":25.765,"confianca":"ALTA","fonte":"OSRM/OpenStreetMap","ponta_a":"GRAA.GD","municipio_a":"ITAPETININGA","ponta_b":"IGA.QB","municipio_b":"ITAPETININGA"},"geometry":{"type":"LineString","coordinates":[[-48.130875,-23.768903],[-48.131146,-23.768845],[-48.131402,-23.769847],[-48.132399,-23.769627],[-48.132841,-23.769077],[-48.132163,-23.767801],[-48.131269,-23.767276],[-48.131523,-23.766715],[-48.130563,-23.764598],[-48.125661,-23.756714],[-48.121555,-23.751851],[-48.116534,-23.749017],[-48.115674,-23.748121],[-48.115307,-23.747345],[-48.115151,-23.746518],[-48.115201,-23.745672],[-48.116541,-23.741705],[-48.116557,-23.737588],[-48.116148,-23.736468],[-48.11464,-23.734728],[-48.11419,-23.733973],[-48.111841,-23.728014],[-48.111785,-23.727099],[-48.112363,-23.723421],[-48.112142,-23.722231],[-48.110811,-23.717965],[-48.110333,-23.710959],[-48.107385,-23.701718],[-48.107417,-23.700703],[-48.107645,-23.700018],[-48.110406,-23.695773],[-48.110712,-23.694767],[-48.11073,-23.693486],[-48.110544,-23.692439],[-48.108853,-23.689743],[-48.108232,-23.688041],[-48.107493,-23.678174],[-48.106197,-23.674292],[-48.105958,-23.672],[-48.105915,-23.669149],[-48.106363,-23.667817],[-48.107082,-23.666891],[-48.108066,-23.666183],[-48.110294,-23.665119],[-48.111928,-23.663406],[-48.112578,-23.662489],[-48.11284,-23.661517],[-48.113378,-23.656819],[-48.113866,-23.654819],[-48.114595,-23.652541],[-48.116052,-23.650167],[-48.11802,-23.642839],[-48.118081,-23.641479],[-48.117682,-23.639906],[-48.11681,-23.638495],[-48.115598,-23.637467],[-48.092976,-23.623327],[-48.054233,-23.606724],[-48.054005,-23.606703],[-48.053981,-23.606876],[-48.054422,-23.607112],[-48.054622,-23.607061],[-48.055215,-23.605527],[-48.05575,-23.602617],[-48.05553,-23.601783],[-48.055848,-23.6015],[-48.056007,-23.600943],[-48.055932,-23.597755],[-48.054992,-23.595629],[-48.054415,-23.595147],[-48.054542,-23.594684],[-48.053736,-23.593219],[-48.053664,-23.592374],[-48.050959,-23.591853]]}},{"type":"Feature","properties":{"id_backbone":"BB-CA13DA5D5D78","trecho":"IBN.GN-IBN.PU","cluster":"SOROCABA","cabo":"F-0051","capacidade":"24","extensao_km":17.618,"confianca":"ALTA","fonte":"OSRM/OpenStreetMap","ponta_a":"IBN.GN","municipio_a":"IBIUNA","ponta_b":"IBN.PU","municipio_b":"IBIUNA"},"geometry":{"type":"LineString","coordinates":[[-47.220811,-23.655558],[-47.220914,-23.656294],[-47.222172,-23.656143],[-47.222215,-23.656318],[-47.223828,-23.656035],[-47.224655,-23.656995],[-47.224846,-23.657347],[-47.225003,-23.658936],[-47.227139,-23.66438],[-47.227192,-23.664962],[-47.226768,-23.666122],[-47.226979,-23.666514],[-47.235717,-23.672553],[-47.23598,-23.672795],[-47.2369,-23.674534],[-47.238599,-23.675747],[-47.239934,-23.677106],[-47.240456,-23.677147],[-47.241962,-23.676723],[-47.242772,-23.676807],[-47.245556,-23.679509],[-47.248213,-23.681523],[-47.250125,-23.683202],[-47.251971,-23.683884],[-47.254362,-23.684007],[-47.257247,-23.683241],[-47.261232,-23.6839],[-47.26267,-23.683644],[-47.265316,-23.683961],[-47.265889,-23.684238],[-47.267137,-23.685795],[-47.267509,-23.68595],[-47.267959,-23.6857],[-47.268073,-23.684863],[-47.268705,-23.683821],[-47.269113,-23.683674],[-47.271244,-23.684425],[-47.272432,-23.685208],[-47.273023,-23.68522],[-47.274356,-23.684665],[-47.275511,-23.683762],[-47.276524,-23.683627],[-47.277788,-23.683126],[-47.280895,-23.682381],[-47.281487,-23.681612],[-47.282069,-23.679902],[-47.283815,-23.677258],[-47.28566,-23.67619],[-47.288825,-23.674748],[-47.28954,-23.674563],[-47.29106,-23.67506],[-47.292247,-23.676313],[-47.293757,-23.676787],[-47.296775,-23.676757],[-47.297969,-23.677701],[-47.298761,-23.677642],[-47.299817,-23.676942],[-47.300639,-23.676961],[-47.302176,-23.676633],[-47.303169,-23.676889],[-47.3038,-23.67687],[-47.305078,-23.676248],[-47.307062,-23.676526],[-47.308056,-23.675984],[-47.309095,-23.675783],[-47.311368,-23.676106],[-47.312139,-23.676046],[-47.313236,-23.675697],[-47.314024,-23.674713],[-47.315676,-23.674364],[-47.318701,-23.675616],[-47.32238,-23.676671],[-47.327306,-23.676753],[-47.32897,-23.67776],[-47.334821,-23.677905],[-47.336297,-23.678386],[-47.337484,-23.678447],[-47.340476,-23.680068],[-47.341039,-23.679396],[-47.343641,-23.678465],[-47.348435,-23.675056],[-47.349443,-23.674597],[-47.350188,-23.674443],[-47.350795,-23.67481],[-47.351337,-23.675421],[-47.351698,-23.67544],[-47.351861,-23.675657],[-47.352321,-23.677474],[-47.352376,-23.678663],[-47.353486,-23.678939],[-47.353376,-23.680374],[-47.353727,-23.681773],[-47.354309,-23.682119],[-47.354781,-23.681795]]}},{"type":"Feature","properties":{"id_backbone":"BB-552EE108B332","trecho":"IBN.GN-MNQ.MQ","cluster":"SOROCABA","cabo":"TR#1664","capacidade":"24 F","extensao_km":16.895,"confianca":"ALTA","fonte":"OSRM/OpenStreetMap","ponta_a":"IBN.GN","municipio_a":"IBIUNA","ponta_b":"MNQ.MQ","municipio_b":"MAIRINQUE"},"geometry":{"type":"LineString","coordinates":[[-47.220811,-23.655558],[-47.220914,-23.656294],[-47.222172,-23.656143],[-47.222215,-23.656318],[-47.223726,-23.656043],[-47.223407,-23.650892],[-47.222413,-23.649772],[-47.223883,-23.648374],[-47.224207,-23.647872],[-47.224112,-23.647104],[-47.22335,-23.646573],[-47.223224,-23.646232],[-47.224811,-23.642842],[-47.22486,-23.642313],[-47.223224,-23.63672],[-47.223423,-23.635476],[-47.223271,-23.635266],[-47.221955,-23.634612],[-47.220928,-23.633497],[-47.221223,-23.632322],[-47.221172,-23.63145],[-47.219845,-23.625928],[-47.220207,-23.624586],[-47.219639,-23.622029],[-47.219981,-23.620369],[-47.219934,-23.619782],[-47.219655,-23.619179],[-47.218668,-23.618411],[-47.218497,-23.617842],[-47.21869,-23.617582],[-47.22,-23.617327],[-47.221449,-23.616727],[-47.223688,-23.615287],[-47.225725,-23.614791],[-47.228299,-23.613283],[-47.228464,-23.613037],[-47.228551,-23.611998],[-47.227345,-23.611113],[-47.227179,-23.60985],[-47.227392,-23.609654],[-47.228755,-23.6096],[-47.229504,-23.609385],[-47.229973,-23.609004],[-47.230171,-23.608463],[-47.230081,-23.607167],[-47.229865,-23.606415],[-47.228405,-23.604329],[-47.227196,-23.603033],[-47.226652,-23.601824],[-47.225196,-23.60096],[-47.224746,-23.600091],[-47.224961,-23.598066],[-47.22546,-23.596486],[-47.225448,-23.594563],[-47.225215,-23.593024],[-47.22485,-23.591854],[-47.223881,-23.590493],[-47.223337,-23.590015],[-47.222575,-23.589642],[-47.220823,-23.589117],[-47.216943,-23.588737],[-47.216439,-23.588364],[-47.215763,-23.587351],[-47.213799,-23.586171],[-47.21175,-23.585886],[-47.210173,-23.585139],[-47.209647,-23.584726],[-47.208692,-23.583123],[-47.207505,-23.581888],[-47.207137,-23.581353],[-47.206983,-23.580356],[-47.20601,-23.5786],[-47.204015,-23.575857],[-47.204086,-23.575459],[-47.204914,-23.574045],[-47.20517,-23.572332],[-47.206944,-23.571284],[-47.207662,-23.570429],[-47.208081,-23.569473],[-47.204824,-23.56427],[-47.200364,-23.55969],[-47.197591,-23.554536],[-47.191943,-23.551965],[-47.190922,-23.551276],[-47.18941,-23.550849],[-47.189434,-23.549961],[-47.18804,-23.550227],[-47.186608,-23.549479],[-47.184939,-23.549475],[-47.184842,-23.547737],[-47.182493,-23.547817]]}},{"type":"Feature","properties":{"id_backbone":"BB-77B9D9AF4262","trecho":"IEO.GC-SOC.EBT","cluster":"SOROCABA","cabo":"F-S/N","capacidade":"12","extensao_km":33.564,"confianca":"SEM_REFERENCIA","fonte":"OSRM/OpenStreetMap","ponta_a":"IEO.GC","municipio_a":"IPERO","ponta_b":"SOC.EBT","municipio_b":"SOROCABA"},"geometry":{"type":"LineString","coordinates":[[-47.68685,-23.349282],[-47.686935,-23.349492],[-47.68999,-23.34843],[-47.689919,-23.350479],[-47.690344,-23.351329],[-47.691582,-23.352588],[-47.694622,-23.354831],[-47.694491,-23.355225],[-47.694303,-23.361391],[-47.693847,-23.362402],[-47.693379,-23.362403],[-47.690615,-23.363168],[-47.689228,-23.363968],[-47.68837,-23.364713],[-47.687616,-23.36577],[-47.68734,-23.36704],[-47.686694,-23.368437],[-47.685251,-23.369909],[-47.684263,-23.371697],[-47.683255,-23.372625],[-47.681565,-23.373806],[-47.680163,-23.376946],[-47.679731,-23.377468],[-47.677236,-23.378763],[-47.67525,-23.379354],[-47.671054,-23.380272],[-47.664218,-23.383092],[-47.662111,-23.383235],[-47.659526,-23.38379],[-47.658512,-23.381814],[-47.658097,-23.379694],[-47.657826,-23.379383],[-47.657358,-23.379262],[-47.653126,-23.380054],[-47.648364,-23.38256],[-47.648148,-23.382506],[-47.647465,-23.381753],[-47.644885,-23.380082],[-47.644463,-23.379969],[-47.640787,-23.381565],[-47.639848,-23.381834],[-47.631953,-23.381598],[-47.628346,-23.382091],[-47.625939,-23.382225],[-47.620764,-23.384104],[-47.619809,-23.384672],[-47.618012,-23.386143],[-47.616049,-23.388842],[-47.614277,-23.390646],[-47.613693,-23.391017],[-47.608899,-23.391919],[-47.604688,-23.392943],[-47.604286,-23.392899],[-47.600442,-23.393683],[-47.59464,-23.396133],[-47.590181,-23.399791],[-47.590011,-23.400158],[-47.589893,-23.401501],[-47.589379,-23.402499],[-47.587194,-23.405164],[-47.585164,-23.406448],[-47.584904,-23.406982],[-47.584834,-23.407614],[-47.584561,-23.408028],[-47.580038,-23.410717],[-47.576175,-23.41241],[-47.575108,-23.413203],[-47.571417,-23.41802],[-47.566822,-23.423297],[-47.565037,-23.425812],[-47.557236,-23.433368],[-47.556506,-23.433786],[-47.554059,-23.434543],[-47.553516,-23.434855],[-47.55299,-23.43489],[-47.547725,-23.436599],[-47.547181,-23.436965],[-47.546272,-23.437218],[-47.544746,-23.438186],[-47.542546,-23.440034],[-47.53955,-23.441651],[-47.529252,-23.441432],[-47.526579,-23.442357],[-47.524571,-23.442331],[-47.522982,-23.442725],[-47.520956,-23.444482],[-47.519861,-23.446142],[-47.518897,-23.447218],[-47.515934,-23.449398],[-47.512742,-23.451161],[-47.510973,-23.452652],[-47.509842,-23.453051],[-47.507675,-23.453443],[-47.505943,-23.454576],[-47.498032,-23.463131],[-47.497711,-23.46365],[-47.497201,-23.464017],[-47.495061,-23.466339],[-47.49453,-23.467243],[-47.493471,-23.468089],[-47.482793,-23.479729],[-47.473644,-23.483374],[-47.475853,-23.487054],[-47.473834,-23.488142],[-47.471915,-23.491139],[-47.463369,-23.495079],[-47.459758,-23.499737]]}},{"type":"Feature","properties":{"id_backbone":"BB-C9D219A1BB00","trecho":"IEO.RC-SOC.CR","cluster":"SOROCABA","cabo":"F-0011","capacidade":"6","extensao_km":20.556,"confianca":"SEM_REFERENCIA","fonte":"OSRM/OpenStreetMap","ponta_a":"IEO.RC","municipio_a":"IPERO","ponta_b":"SOC.CR","municipio_b":"SOROCABA"},"geometry":{"type":"LineString","coordinates":[[-47.599197,-23.427774],[-47.599397,-23.427111],[-47.59771,-23.426207],[-47.597402,-23.425551],[-47.596985,-23.426042],[-47.596528,-23.425953],[-47.596718,-23.425475],[-47.596283,-23.424573],[-47.596164,-23.423604],[-47.594431,-23.42352],[-47.593949,-23.424633],[-47.593628,-23.424909],[-47.592656,-23.425082],[-47.5898,-23.426261],[-47.589521,-23.426626],[-47.589228,-23.427595],[-47.587588,-23.428975],[-47.587003,-23.429171],[-47.585848,-23.42913],[-47.58529,-23.429406],[-47.58502,-23.429784],[-47.585028,-23.430355],[-47.586061,-23.43164],[-47.586091,-23.432153],[-47.585934,-23.432478],[-47.583536,-23.433966],[-47.581834,-23.43463],[-47.581254,-23.435359],[-47.580453,-23.436865],[-47.57945,-23.437321],[-47.578671,-23.437207],[-47.575983,-23.435218],[-47.575036,-23.434761],[-47.568277,-23.434208],[-47.562877,-23.433164],[-47.558148,-23.433472],[-47.556506,-23.433786],[-47.554059,-23.434543],[-47.553516,-23.434855],[-47.55299,-23.43489],[-47.547725,-23.436599],[-47.547181,-23.436965],[-47.547413,-23.440549],[-47.548931,-23.444243],[-47.549836,-23.445843],[-47.55106,-23.447036],[-47.551492,-23.44708],[-47.55174,-23.447586],[-47.5542,-23.448803],[-47.556589,-23.449731],[-47.556234,-23.450493],[-47.549537,-23.457462],[-47.54918,-23.459276],[-47.545082,-23.468259],[-47.544558,-23.472615],[-47.543974,-23.474403],[-47.542993,-23.476092],[-47.541861,-23.477206],[-47.539937,-23.480379],[-47.533969,-23.486178],[-47.533054,-23.486781],[-47.531506,-23.488745],[-47.531433,-23.488991],[-47.532215,-23.492833],[-47.531241,-23.494736],[-47.52992,-23.496451],[-47.528619,-23.497769],[-47.526709,-23.500355],[-47.524619,-23.501933],[-47.523199,-23.502735],[-47.521529,-23.503108],[-47.516015,-23.503128],[-47.515478,-23.503423],[-47.514228,-23.505231],[-47.51352,-23.505491],[-47.512885,-23.505315],[-47.51053,-23.503349],[-47.509797,-23.502937],[-47.507121,-23.505198],[-47.505924,-23.505902],[-47.49659,-23.513679],[-47.489308,-23.515292],[-47.488655,-23.51089]]}},{"type":"Feature","properties":{"id_backbone":"BB-7290F97DB1F9","trecho":"IGA.PT-IGA.RD","cluster":"SOROCABA","cabo":"F-1511","capacidade":"24","extensao_km":4.942,"confianca":"MEDIA","fonte":"OSRM/OpenStreetMap","ponta_a":"IGA.PT","municipio_a":"ITAPETININGA","ponta_b":"IGA.RD","municipio_b":"ITAPETININGA"},"geometry":{"type":"LineString","coordinates":[[-48.030535,-23.578365],[-48.030108,-23.579655],[-48.038153,-23.583306],[-48.047903,-23.585513],[-48.052025,-23.586682],[-48.05675,-23.588136],[-48.05809,-23.589073],[-48.058475,-23.589524],[-48.058773,-23.590397],[-48.059251,-23.590745],[-48.05897,-23.591114],[-48.061095,-23.597735],[-48.061439,-23.598049],[-48.061964,-23.601002],[-48.062212,-23.60363]]}},{"type":"Feature","properties":{"id_backbone":"BB-87151DDD0E1B","trecho":"IOCA.IO-IOCA.WLL","cluster":"SOROCABA","cabo":"F-0197","capacidade":"36","extensao_km":5.491,"confianca":"ALTA","fonte":"OSRM/OpenStreetMap","ponta_a":"IOCA.IO","municipio_a":"ITAOCA","ponta_b":"IOCA.WLL","municipio_b":"ITAOCA"},"geometry":{"type":"LineString","coordinates":[[-48.837623,-24.64211],[-48.836801,-24.642748],[-48.837302,-24.643683],[-48.834901,-24.644584],[-48.833749,-24.644417],[-48.830797,-24.643328],[-48.829121,-24.642964],[-48.827397,-24.6428],[-48.826568,-24.64309],[-48.826057,-24.643514],[-48.825371,-24.644897],[-48.823778,-24.645106],[-48.822904,-24.645029],[-48.822183,-24.645369],[-48.821113,-24.646342],[-48.820431,-24.647834],[-48.819152,-24.648593],[-48.816345,-24.651237],[-48.815713,-24.652356],[-48.813317,-24.653197],[-48.812835,-24.65363],[-48.812637,-24.654038],[-48.812289,-24.653617],[-48.811534,-24.653331],[-48.810879,-24.65274],[-48.810526,-24.652062],[-48.809967,-24.651579],[-48.810313,-24.649175],[-48.810236,-24.64809],[-48.810553,-24.646636],[-48.810103,-24.645902],[-48.809343,-24.643714],[-48.80834,-24.642545],[-48.807079,-24.641938],[-48.807014,-24.641654],[-48.807217,-24.641128],[-48.807128,-24.640579],[-48.806961,-24.640376],[-48.80648,-24.640237],[-48.806193,-24.639484],[-48.807317,-24.638322]]}},{"type":"Feature","properties":{"id_backbone":"BB-E902C5A6F6B9","trecho":"IVA.MP-IVA.RD","cluster":"SOROCABA","cabo":"F-0050","capacidade":"12","extensao_km":3.64,"confianca":"ALTA","fonte":"OSRM/OpenStreetMap","ponta_a":"IVA.MP","municipio_a":"ITAPEVA","ponta_b":"IVA.RD","municipio_b":"ITAPEVA"},"geometry":{"type":"LineString","coordinates":[[-48.877164,-23.981373],[-48.877398,-23.985716],[-48.878751,-23.985668],[-48.878904,-23.985949],[-48.876551,-23.985959],[-48.876879,-23.991075],[-48.877737,-23.995156],[-48.878516,-23.996921],[-48.878746,-23.998754],[-48.878578,-24.00172],[-48.876599,-24.004834],[-48.87676,-24.006234],[-48.877416,-24.007252],[-48.877035,-24.008626],[-48.877163,-24.009617]]}},{"type":"Feature","properties":{"id_backbone":"BB-D21ADDD9C750","trecho":"LBDE.LI-PDD.WO","cluster":"SOROCABA","cabo":"F-0188","capacidade":"36","extensao_km":10.437,"confianca":"ALTA","fonte":"OSRM/OpenStreetMap","ponta_a":"LBDE.LI","municipio_a":"PIEDADE","ponta_b":"PDD.WO","municipio_b":"PIEDADE"},"geometry":{"type":"LineString","coordinates":[[-47.466103,-23.758325],[-47.465375,-23.758457],[-47.460383,-23.760414],[-47.455474,-23.761471],[-47.444961,-23.762165],[-47.444399,-23.762005],[-47.44393,-23.761506],[-47.442715,-23.75937],[-47.441939,-23.756986],[-47.441488,-23.756455],[-47.440659,-23.756248],[-47.438016,-23.756621],[-47.436454,-23.755981],[-47.43621,-23.755587],[-47.43608,-23.753301],[-47.434369,-23.752461],[-47.433061,-23.75231],[-47.431999,-23.751937],[-47.427584,-23.747146],[-47.427322,-23.746166],[-47.427426,-23.744208],[-47.426686,-23.743624],[-47.427751,-23.741586],[-47.432907,-23.73033],[-47.433257,-23.729333],[-47.433242,-23.728795],[-47.429605,-23.725762],[-47.425402,-23.724912],[-47.424863,-23.724545],[-47.424004,-23.723351],[-47.423595,-23.723137],[-47.422658,-23.723132],[-47.421249,-23.72366],[-47.41985,-23.723448],[-47.418836,-23.723852],[-47.416906,-23.723071],[-47.415801,-23.720691],[-47.414408,-23.719791],[-47.414222,-23.719416],[-47.414202,-23.717028],[-47.415925,-23.715171],[-47.415089,-23.713815],[-47.41449,-23.714162],[-47.414414,-23.714047]]}},{"type":"Feature","properties":{"id_backbone":"BB-5B5405552608","trecho":"PDD.VE-PDD.WO","cluster":"SOROCABA","cabo":"F-0200","capacidade":"36","extensao_km":21.687,"confianca":"ALTA","fonte":"OSRM/OpenStreetMap","ponta_a":"PDD.VE","municipio_a":"PIEDADE","ponta_b":"PDD.WO","municipio_b":"PIEDADE"},"geometry":{"type":"LineString","coordinates":[[-47.364311,-23.832959],[-47.365343,-23.833319],[-47.365636,-23.83307],[-47.366252,-23.832968],[-47.367535,-23.833149],[-47.368189,-23.834407],[-47.36855,-23.834725],[-47.368507,-23.83543],[-47.368686,-23.835578],[-47.36938,-23.835503],[-47.369879,-23.835175],[-47.371097,-23.835369],[-47.372433,-23.83583],[-47.373032,-23.835575],[-47.373964,-23.834858],[-47.374852,-23.834551],[-47.375941,-23.834455],[-47.376995,-23.834075],[-47.37755,-23.834198],[-47.377907,-23.834698],[-47.378122,-23.835329],[-47.377985,-23.835832],[-47.378092,-23.835962],[-47.378749,-23.835876],[-47.379247,-23.835238],[-47.3795,-23.835157],[-47.380756,-23.835648],[-47.381045,-23.835459],[-47.380908,-23.83458],[-47.381477,-23.833476],[-47.382553,-23.832718],[-47.383926,-23.832161],[-47.384503,-23.831602],[-47.384934,-23.830839],[-47.385991,-23.830095],[-47.386504,-23.829526],[-47.386646,-23.829026],[-47.386141,-23.828314],[-47.385173,-23.827745],[-47.383266,-23.826248],[-47.383148,-23.825875],[-47.38369,-23.824425],[-47.384784,-23.823066],[-47.384749,-23.822025],[-47.386563,-23.821163],[-47.385846,-23.819748],[-47.384151,-23.818014],[-47.383432,-23.817005],[-47.382625,-23.813118],[-47.381904,-23.811221],[-47.380989,-23.809656],[-47.380619,-23.808181],[-47.380187,-23.807553],[-47.378148,-23.805955],[-47.376947,-23.804218],[-47.37696,-23.803032],[-47.376748,-23.802183],[-47.376893,-23.801442],[-47.377636,-23.799467],[-47.377805,-23.798262],[-47.378961,-23.796816],[-47.378964,-23.796308],[-47.378114,-23.7942],[-47.378183,-23.793793],[-47.379184,-23.792985],[-47.380364,-23.792725],[-47.381206,-23.792651],[-47.382547,-23.792887],[-47.384147,-23.792871],[-47.38549,-23.79311],[-47.387243,-23.792188],[-47.390798,-23.791997],[-47.392705,-23.792126],[-47.395474,-23.791613],[-47.397185,-23.789963],[-47.396943,-23.788718],[-47.397357,-23.786311],[-47.396982,-23.783989],[-47.397293,-23.782857],[-47.398409,-23.781457],[-47.400666,-23.780648],[-47.402905,-23.780409],[-47.405667,-23.778691],[-47.407434,-23.778688],[-47.40859,-23.777687],[-47.410063,-23.776911],[-47.411421,-23.776643],[-47.411522,-23.776164],[-47.411227,-23.775496],[-47.411783,-23.774514],[-47.411758,-23.773028],[-47.411376,-23.771819],[-47.411865,-23.771252],[-47.41267,-23.770858],[-47.412992,-23.770526],[-47.413283,-23.769196],[-47.413998,-23.767574],[-47.414091,-23.766911],[-47.413708,-23.765096],[-47.414073,-23.763046],[-47.414849,-23.762005],[-47.41567,-23.76125],[-47.418588,-23.759716],[-47.420616,-23.757253],[-47.421772,-23.755589],[-47.423884,-23.750133],[-47.432907,-23.73033],[-47.433284,-23.729197],[-47.433105,-23.728601],[-47.429446,-23.725683],[-47.425402,-23.724912],[-47.424863,-23.724545],[-47.424004,-23.723351],[-47.4234,-23.723088],[-47.422392,-23.723192],[-47.421249,-23.72366],[-47.41985,-23.723448],[-47.418836,-23.723852],[-47.416906,-23.723071],[-47.415801,-23.720691],[-47.414408,-23.719791],[-47.414222,-23.719416],[-47.414202,-23.717028],[-47.415925,-23.715171],[-47.415089,-23.713815],[-47.41449,-23.714162],[-47.414414,-23.714047]]}},{"type":"Feature","properties":{"id_backbone":"BB-8B92E5227A54","trecho":"PLL.JM-SPR.JG","cluster":"SOROCABA","cabo":"F-0226","capacidade":"72","extensao_km":26.448,"confianca":"ALTA","fonte":"OSRM/OpenStreetMap","ponta_a":"PLL.JM","municipio_a":"PILAR DO SUL","ponta_b":"SPR.JG","municipio_b":"SALTO DE PIRAPORA"},"geometry":{"type":"LineString","coordinates":[[-47.715782,-23.813601],[-47.716037,-23.813562],[-47.715899,-23.812885],[-47.714336,-23.813189],[-47.714069,-23.812033],[-47.714167,-23.810844],[-47.709452,-23.811902],[-47.709171,-23.81234],[-47.708801,-23.812417],[-47.707631,-23.811064],[-47.704322,-23.80796],[-47.703667,-23.80757],[-47.703622,-23.806818],[-47.701631,-23.801664],[-47.700575,-23.799859],[-47.697022,-23.796343],[-47.69327,-23.793586],[-47.692525,-23.792875],[-47.671936,-23.76757],[-47.671119,-23.766775],[-47.66951,-23.765921],[-47.668004,-23.765716],[-47.662279,-23.76698],[-47.661355,-23.767055],[-47.659908,-23.766767],[-47.658573,-23.765837],[-47.658067,-23.765171],[-47.65772,-23.764277],[-47.657624,-23.762615],[-47.658211,-23.760384],[-47.65963,-23.757735],[-47.659693,-23.756724],[-47.659276,-23.75553],[-47.658616,-23.754773],[-47.658029,-23.754379],[-47.656951,-23.753979],[-47.654761,-23.753558],[-47.653657,-23.752938],[-47.653141,-23.752453],[-47.651787,-23.750431],[-47.650433,-23.74723],[-47.648009,-23.743983],[-47.645268,-23.741242],[-47.644449,-23.737844],[-47.644028,-23.737075],[-47.639759,-23.733285],[-47.639012,-23.732474],[-47.638755,-23.731971],[-47.638551,-23.730851],[-47.639091,-23.726693],[-47.63909,-23.725442],[-47.638443,-23.719833],[-47.638014,-23.713077],[-47.63769,-23.711921],[-47.636998,-23.710715],[-47.636134,-23.709712],[-47.635147,-23.708955],[-47.620623,-23.700545],[-47.607468,-23.692659],[-47.606893,-23.691989],[-47.606531,-23.69104],[-47.606343,-23.684484],[-47.601539,-23.671669],[-47.601052,-23.670839],[-47.600272,-23.670388],[-47.597719,-23.669608],[-47.591171,-23.667153],[-47.584672,-23.664175],[-47.578876,-23.66069],[-47.576689,-23.65864],[-47.573546,-23.654492],[-47.572989,-23.652933],[-47.572554,-23.65294],[-47.572617,-23.651959],[-47.571475,-23.6499],[-47.570454,-23.648787],[-47.57114,-23.64844],[-47.57126,-23.648546]]}},{"type":"Feature","properties":{"id_backbone":"BB-35412BD643F0","trecho":"SGJ.GR-SGJ.MH","cluster":"SOROCABA","cabo":"F-0080","capacidade":"12","extensao_km":21.589,"confianca":"SEM_REFERENCIA","fonte":"OSRM/OpenStreetMap","ponta_a":"SGJ.GR","municipio_a":"SAO MIGUEL ARCANJO","ponta_b":"SGJ.MH","municipio_b":"SAO MIGUEL ARCANJO"},"geometry":{"type":"LineString","coordinates":[[-48.183683,-23.847983],[-48.183647,-23.846973],[-48.180495,-23.847089],[-48.175019,-23.846965],[-48.173617,-23.848193],[-48.171086,-23.851748],[-48.167946,-23.853478],[-48.16596,-23.853985],[-48.164181,-23.85521],[-48.16055,-23.859398],[-48.158895,-23.86106],[-48.147583,-23.86602],[-48.143083,-23.867832],[-48.142226,-23.868069],[-48.140063,-23.868219],[-48.138772,-23.868688],[-48.135894,-23.871796],[-48.130551,-23.875912],[-48.129944,-23.876139],[-48.12988,-23.876465],[-48.128471,-23.876685],[-48.122405,-23.879186],[-48.077843,-23.878664],[-48.073299,-23.879448],[-48.06917,-23.880958],[-48.055366,-23.878446],[-48.054317,-23.878701],[-48.051257,-23.879959],[-48.049257,-23.880562],[-48.045368,-23.882348],[-48.043985,-23.88211],[-48.042652,-23.882191],[-48.040887,-23.883282],[-48.040289,-23.884168],[-48.03966,-23.884496],[-48.039251,-23.884533],[-48.038081,-23.884138],[-48.034855,-23.884204],[-48.031312,-23.885151],[-48.030759,-23.885409],[-48.025127,-23.889507],[-48.023845,-23.889987],[-48.02282,-23.889467],[-48.020999,-23.88802],[-48.019678,-23.88612],[-48.019171,-23.885747],[-48.016254,-23.885846],[-48.01079,-23.882771],[-48.009294,-23.882722],[-48.00803,-23.883047],[-47.999803,-23.880589],[-47.99922,-23.877844],[-48.001316,-23.877203],[-48.000498,-23.877511]]}},{"type":"Feature","properties":{"id_backbone":"BB-BE11754AFE22","trecho":"SOC.AS-SOC.BT","cluster":"SOROCABA","cabo":"F-0005","capacidade":"12","extensao_km":12.11,"confianca":"MEDIA","fonte":"OSRM/OpenStreetMap","ponta_a":"SOC.AS","municipio_a":"SOROCABA","ponta_b":"SOC.BT","municipio_b":"SOROCABA"},"geometry":{"type":"LineString","coordinates":[[-47.457861,-23.497763],[-47.459402,-23.498365],[-47.460331,-23.498968],[-47.458702,-23.501165],[-47.456635,-23.499895],[-47.45414,-23.500439],[-47.452582,-23.501532],[-47.451365,-23.501493],[-47.450229,-23.502434],[-47.448299,-23.50361],[-47.441518,-23.507282],[-47.439711,-23.50871],[-47.43854,-23.508965],[-47.428696,-23.514272],[-47.426331,-23.51536],[-47.425317,-23.516349],[-47.425132,-23.516279],[-47.425112,-23.51607],[-47.425659,-23.515802],[-47.426043,-23.51532],[-47.426131,-23.515034],[-47.426006,-23.514825],[-47.423611,-23.513583],[-47.422004,-23.512376],[-47.420253,-23.510635],[-47.403748,-23.49606],[-47.402524,-23.495296],[-47.401094,-23.494772],[-47.399214,-23.494679],[-47.395296,-23.495051],[-47.392695,-23.494634],[-47.38956,-23.49584],[-47.386442,-23.495537],[-47.381659,-23.496673],[-47.37389,-23.502715],[-47.371187,-23.504555],[-47.370623,-23.505998],[-47.369259,-23.50709],[-47.369648,-23.507703],[-47.36984,-23.507531]]}},{"type":"Feature","properties":{"id_backbone":"BB-699FC4DE55E2","trecho":"SOC.AS-SOC.ED","cluster":"SOROCABA","cabo":"F-0007","capacidade":"12","extensao_km":12.545,"confianca":"ALTA","fonte":"OSRM/OpenStreetMap","ponta_a":"SOC.AS","municipio_a":"SOROCABA","ponta_b":"SOC.ED","municipio_b":"SOROCABA"},"geometry":{"type":"LineString","coordinates":[[-47.457861,-23.497763],[-47.459419,-23.498374],[-47.459923,-23.498329],[-47.462376,-23.495401],[-47.462422,-23.495079],[-47.459336,-23.495002],[-47.458861,-23.494576],[-47.455469,-23.49281],[-47.45374,-23.490194],[-47.450743,-23.491828],[-47.449715,-23.491838],[-47.448878,-23.491447],[-47.445241,-23.487938],[-47.443058,-23.486469],[-47.438948,-23.482639],[-47.439452,-23.480227],[-47.441288,-23.479878],[-47.441489,-23.479564],[-47.441343,-23.479265],[-47.422897,-23.468922],[-47.422496,-23.468919],[-47.422439,-23.469318],[-47.423035,-23.470157],[-47.423246,-23.470257],[-47.423556,-23.470132],[-47.424237,-23.467718],[-47.424256,-23.46612],[-47.42154,-23.460005],[-47.418574,-23.455547],[-47.416805,-23.442276],[-47.416284,-23.440634],[-47.416163,-23.437527],[-47.414755,-23.426914],[-47.412985,-23.423484],[-47.413809,-23.424644],[-47.415675,-23.423953]]}},{"type":"Feature","properties":{"id_backbone":"BB-EEA730614127","trecho":"SOC.CR-SOC.PE","cluster":"SOROCABA","cabo":"F-0003","capacidade":"36","extensao_km":4.749,"confianca":"SEM_REFERENCIA","fonte":"OSRM/OpenStreetMap","ponta_a":"SOC.CR","municipio_a":"SOROCABA","ponta_b":"SOC.PE","municipio_b":"SOROCABA"},"geometry":{"type":"LineString","coordinates":[[-47.488655,-23.51089],[-47.488141,-23.510251],[-47.485119,-23.508306],[-47.481781,-23.50558],[-47.47994,-23.50482],[-47.477898,-23.504455],[-47.472806,-23.504421],[-47.47065,-23.503903],[-47.468062,-23.502958],[-47.467682,-23.502957],[-47.464852,-23.504627],[-47.460136,-23.501655],[-47.459537,-23.50184],[-47.456812,-23.499926],[-47.454546,-23.500312],[-47.453647,-23.500802],[-47.453342,-23.500809],[-47.453637,-23.499711],[-47.454965,-23.497249],[-47.456414,-23.498078]]}},{"type":"Feature","properties":{"id_backbone":"BB-7390954917D4","trecho":"SOC.CR-VPA.VT","cluster":"SOROCABA","cabo":"F-0392","capacidade":"36","extensao_km":59.651,"confianca":"ALTA","fonte":"OSRM/OpenStreetMap","ponta_a":"SOC.CR","municipio_a":"SOROCABA","ponta_b":"VPA.VT","municipio_b":"VARGEM GRANDE PAULISTA"},"geometry":{"type":"LineString","coordinates":[[-47.488655,-23.51089],[-47.488141,-23.510251],[-47.485119,-23.508306],[-47.481781,-23.50558],[-47.480757,-23.505062],[-47.477898,-23.504455],[-47.472806,-23.504421],[-47.47065,-23.503903],[-47.468062,-23.502958],[-47.467682,-23.502957],[-47.464852,-23.504627],[-47.460136,-23.501655],[-47.459537,-23.50184],[-47.456961,-23.499984],[-47.456635,-23.499895],[-47.45414,-23.500439],[-47.452582,-23.501532],[-47.451365,-23.501493],[-47.450229,-23.502434],[-47.448299,-23.50361],[-47.441518,-23.507282],[-47.439711,-23.50871],[-47.43854,-23.508965],[-47.428696,-23.514272],[-47.426331,-23.51536],[-47.425272,-23.516348],[-47.425112,-23.51607],[-47.425659,-23.515802],[-47.426043,-23.51532],[-47.426131,-23.515034],[-47.426006,-23.514825],[-47.423611,-23.513583],[-47.422004,-23.512376],[-47.420253,-23.510635],[-47.403469,-23.495851],[-47.40205,-23.495082],[-47.400664,-23.494707],[-47.399214,-23.494679],[-47.395296,-23.495051],[-47.392695,-23.494634],[-47.38956,-23.49584],[-47.386442,-23.495537],[-47.381659,-23.496673],[-47.375193,-23.50154],[-47.37425,-23.50179],[-47.372813,-23.501763],[-47.371456,-23.502221],[-47.370668,-23.502806],[-47.368934,-23.504829],[-47.368402,-23.505211],[-47.356983,-23.51033],[-47.354622,-23.510755],[-47.352289,-23.510808],[-47.349796,-23.511303],[-47.343477,-23.5108],[-47.33595,-23.510503],[-47.331438,-23.512475],[-47.326541,-23.513525],[-47.324967,-23.514561],[-47.324035,-23.514939],[-47.321164,-23.514925],[-47.318091,-23.516121],[-47.314221,-23.514798],[-47.313533,-23.514872],[-47.311484,-23.515514],[-47.303929,-23.513945],[-47.30239,-23.513537],[-47.297169,-23.511318],[-47.289835,-23.509657],[-47.283927,-23.509113],[-47.281568,-23.507561],[-47.280638,-23.507546],[-47.279274,-23.508204],[-47.278639,-23.509808],[-47.278108,-23.510649],[-47.276444,-23.511728],[-47.274851,-23.513803],[-47.27418,-23.514301],[-47.26657,-23.515041],[-47.264301,-23.513852],[-47.263605,-23.513813],[-47.262202,-23.514138],[-47.26078,-23.514878],[-47.25915,-23.515254],[-47.258348,-23.515644],[-47.253799,-23.521715],[-47.253162,-23.524112],[-47.252094,-23.525781],[-47.251684,-23.52612],[-47.249801,-23.526716],[-47.248408,-23.530094],[-47.24736,-23.530894],[-47.246191,-23.531216],[-47.239752,-23.530424],[-47.229293,-23.530366],[-47.228259,-23.530588],[-47.227672,-23.530905],[-47.225188,-23.532997],[-47.224237,-23.533412],[-47.223534,-23.53339],[-47.221621,-23.532824],[-47.221014,-23.53289],[-47.218809,-23.533755],[-47.218154,-23.533833],[-47.21119,-23.532652],[-47.208306,-23.531506],[-47.205896,-23.531136],[-47.202719,-23.530947],[-47.200386,-23.530146],[-47.199452,-23.530034],[-47.195685,-23.531877],[-47.193356,-23.531972],[-47.191403,-23.532668],[-47.190452,-23.53355],[-47.189923,-23.535118],[-47.189455,-23.535748],[-47.187354,-23.536743],[-47.185611,-23.537986],[-47.183533,-23.538783],[-47.182653,-23.538915],[-47.178829,-23.537816],[-47.176134,-23.535836],[-47.173458,-23.534829],[-47.172632,-23.534801],[-47.170816,-23.53517],[-47.169906,-23.535156],[-47.167253,-23.534142],[-47.166112,-23.533882],[-47.161687,-23.534732],[-47.159027,-23.534561],[-47.156674,-23.533652],[-47.15401,-23.532359],[-47.152382,-23.531361],[-47.150664,-23.531453],[-47.148671,-23.530866],[-47.144583,-23.530521],[-47.144179,-23.530903],[-47.144299,-23.531648],[-47.144195,-23.532042],[-47.142978,-23.532783],[-47.142653,-23.533319],[-47.142193,-23.536368],[-47.141637,-23.538755],[-47.141026,-23.540068],[-47.139345,-23.541308],[-47.13832,-23.542504],[-47.136719,-23.543021],[-47.135646,-23.543792],[-47.134999,-23.544584],[-47.134268,-23.546387],[-47.133572,-23.547477],[-47.132469,-23.548476],[-47.131131,-23.549177],[-47.129303,-23.549546],[-47.127036,-23.549292],[-47.122656,-23.549376],[-47.121552,-23.549628],[-47.12066,-23.55013],[-47.118658,-23.552015],[-47.117177,-23.553103],[-47.114755,-23.555512],[-47.114199,-23.555786],[-47.112785,-23.556043],[-47.111739,-23.556003],[-47.108952,-23.555333],[-47.107698,-23.554522],[-47.106377,-23.55398],[-47.104163,-23.553759],[-47.101408,-23.552607],[-47.096241,-23.552214],[-47.094273,-23.551759],[-47.093603,-23.551891],[-47.091227,-23.553365],[-47.086798,-23.554395],[-47.082209,-23.557132],[-47.081488,-23.557819],[-47.080847,-23.558968],[-47.08035,-23.559506],[-47.078988,-23.560276],[-47.077404,-23.56046],[-47.076615,-23.560769],[-47.075974,-23.56172],[-47.075393,-23.56328],[-47.073868,-23.564883],[-47.073126,-23.567402],[-47.072631,-23.568383],[-47.069463,-23.570527],[-47.064145,-23.57604],[-47.062282,-23.57876],[-47.060704,-23.57978],[-47.060025,-23.582073],[-47.061135,-23.583843],[-47.061237,-23.584312],[-47.060953,-23.584788],[-47.059775,-23.585411],[-47.059547,-23.585755],[-47.059682,-23.586297],[-47.060844,-23.588294],[-47.060987,-23.588996],[-47.060645,-23.589592],[-47.058798,-23.591333],[-47.057389,-23.592211],[-47.056733,-23.593867],[-47.055266,-23.596604],[-47.054686,-23.596775],[-47.053289,-23.596775],[-47.050742,-23.597878],[-47.046202,-23.597942],[-47.04219,-23.598607],[-47.039704,-23.599579],[-47.037625,-23.60017],[-47.036834,-23.600664],[-47.031791,-23.605644],[-47.031,-23.606054],[-47.028456,-23.605999],[-47.024114,-23.605489],[-47.022154,-23.605628],[-47.018673,-23.605486],[-47.015289,-23.606256],[-47.01582,-23.60704],[-47.017052,-23.606404],[-47.021703,-23.606568]]}},{"type":"Feature","properties":{"id_backbone":"BB-184B208AD8AA","trecho":"SPR.JG-SPR.SC","cluster":"SOROCABA","cabo":"F-S/N","capacidade":"24","extensao_km":0.88,"confianca":"SEM_REFERENCIA","fonte":"OSRM/OpenStreetMap","ponta_a":"SPR.JG","municipio_a":"SALTO DE PIRAPORA","ponta_b":"SPR.SC","municipio_b":"SALTO DE PIRAPORA"},"geometry":{"type":"LineString","coordinates":[[-47.57126,-23.648546],[-47.57114,-23.64844],[-47.571312,-23.648171],[-47.57227,-23.648522],[-47.571573,-23.650069],[-47.572476,-23.651714],[-47.5728,-23.6519],[-47.572989,-23.652933],[-47.572554,-23.65294],[-47.572617,-23.651959],[-47.572503,-23.651765]]}},{"type":"Feature","properties":{"id_backbone":"BB-FA162ED1D3E3","trecho":"VOM.AF-VOM.SH","cluster":"SOROCABA","cabo":"F-0013","capacidade":"6","extensao_km":7.67,"confianca":"ALTA","fonte":"OSRM/OpenStreetMap","ponta_a":"VOM.AF","municipio_a":"VOTORANTIM","ponta_b":"VOM.SH","municipio_b":"VOTORANTIM"},"geometry":{"type":"LineString","coordinates":[[-47.448297,-23.542028],[-47.447503,-23.542028],[-47.447511,-23.543952],[-47.448835,-23.546431],[-47.448896,-23.546848],[-47.448717,-23.548039],[-47.448123,-23.548918],[-47.447547,-23.550637],[-47.447022,-23.553142],[-47.446913,-23.554402],[-47.447465,-23.555842],[-47.449206,-23.557909],[-47.449472,-23.558521],[-47.449483,-23.55909],[-47.449065,-23.560397],[-47.448843,-23.562515],[-47.44905,-23.562988],[-47.454538,-23.568735],[-47.456728,-23.572174],[-47.458914,-23.580588],[-47.4589,-23.581569],[-47.458684,-23.582199],[-47.456812,-23.585346],[-47.455452,-23.586808],[-47.45538,-23.587742],[-47.455049,-23.588207],[-47.454514,-23.588182],[-47.453053,-23.587709],[-47.45219,-23.587851],[-47.450775,-23.588368],[-47.450124,-23.58841],[-47.442843,-23.586764],[-47.438149,-23.588531],[-47.437585,-23.589077]]}},{"type":"Feature","properties":{"id_backbone":"BB-EF55AE43C65A","trecho":"CSM.CS-ROSE.RP","cluster":"SAO JOSE DO RIO PRETO","cabo":"TR-0102","capacidade":"12","extensao_km":10.507,"confianca":"BAIXA","fonte":"OSRM/OpenStreetMap","ponta_a":"CSM.CS","municipio_a":"COSMORAMA","ponta_b":"ROSE.RP","municipio_b":"COSMORAMA"},"geometry":{"type":"LineString","coordinates":[[-49.77856,-20.48092],[-49.779457,-20.482446],[-49.780574,-20.481848],[-49.792601,-20.489183],[-49.793342,-20.489234],[-49.793822,-20.489717],[-49.794163,-20.489777],[-49.798233,-20.487502],[-49.805857,-20.482487],[-49.808579,-20.481151],[-49.851247,-20.465283],[-49.854035,-20.463911],[-49.854196,-20.463702],[-49.854104,-20.463263],[-49.854255,-20.463108],[-49.854643,-20.46324],[-49.854576,-20.463848],[-49.854793,-20.464359],[-49.855292,-20.464809],[-49.855244,-20.465014],[-49.854979,-20.465129],[-49.854649,-20.464704],[-49.854385,-20.464637],[-49.851712,-20.465303],[-49.844581,-20.467956]]}},{"type":"Feature","properties":{"id_backbone":"BB-071F946523BF","trecho":"CTD.RB-NOVA.NV","cluster":"SAO JOSE DO RIO PRETO","cabo":"F-0133","capacidade":"36","extensao_km":17.804,"confianca":"MEDIA","fonte":"OSRM/OpenStreetMap","ponta_a":"CTD.RB","municipio_a":"CATANDUVA","ponta_b":"NOVA.NV","municipio_b":"NOVAIS"},"geometry":{"type":"LineString","coordinates":[[-48.971033,-21.136429],[-48.9706,-21.136576],[-48.968894,-21.132078],[-48.966819,-21.1215],[-48.964322,-21.116862],[-48.963661,-21.116127],[-48.962444,-21.112184],[-48.962122,-21.111541],[-48.961542,-21.109199],[-48.961652,-21.108136],[-48.961371,-21.107677],[-48.961521,-21.107209],[-48.961271,-21.105964],[-48.963539,-21.098231],[-48.963916,-21.096778],[-48.964019,-21.095607],[-48.963962,-21.092527],[-48.963769,-21.091109],[-48.96237,-21.086711],[-48.960414,-21.081655],[-48.959317,-21.079398],[-48.951556,-21.06453],[-48.949966,-21.063048],[-48.939613,-21.056783],[-48.938737,-21.055989],[-48.93817,-21.055086],[-48.937818,-21.054067],[-48.937742,-21.052758],[-48.939081,-21.031857],[-48.939065,-21.030682],[-48.93884,-21.02959],[-48.938076,-21.02798],[-48.936824,-21.026594],[-48.925598,-21.018784],[-48.924796,-21.018053],[-48.92418,-21.017134],[-48.923788,-21.016182],[-48.923566,-21.014704],[-48.923243,-21.014187],[-48.923541,-21.013632],[-48.923455,-21.010464],[-48.920598,-21.000469],[-48.920196,-20.997469],[-48.919999,-20.997249],[-48.920206,-20.997182],[-48.920138,-20.994701]]}},{"type":"Feature","properties":{"id_backbone":"BB-BCC97CAB0201","trecho":"DLS.MK-JLS.RC","cluster":"SAO JOSE DO RIO PRETO","cabo":"F-0026","capacidade":"6","extensao_km":26.933,"confianca":"MEDIA","fonte":"OSRM/OpenStreetMap","ponta_a":"DLS.MK","municipio_a":"DOLCINOPOLIS","ponta_b":"JLS.RC","municipio_b":"JALES"},"geometry":{"type":"LineString","coordinates":[[-50.513073,-20.123577],[-50.512718,-20.124155],[-50.509952,-20.122624],[-50.507719,-20.121628],[-50.505941,-20.121265],[-50.503841,-20.121235],[-50.476536,-20.125634],[-50.475987,-20.125795],[-50.475655,-20.126137],[-50.475291,-20.127375],[-50.473458,-20.136554],[-50.473204,-20.139458],[-50.473573,-20.142973],[-50.478345,-20.162315],[-50.478955,-20.166202],[-50.479015,-20.168982],[-50.477146,-20.201919],[-50.47722,-20.203796],[-50.477547,-20.205873],[-50.478456,-20.208756],[-50.480096,-20.211876],[-50.50116,-20.242217],[-50.502767,-20.245207],[-50.503681,-20.248123],[-50.504067,-20.251246],[-50.50399,-20.253877],[-50.502713,-20.268141],[-50.502735,-20.269198],[-50.503238,-20.269899],[-50.50416,-20.270437],[-50.504941,-20.270435],[-50.531739,-20.264212],[-50.534722,-20.263445],[-50.535382,-20.263002],[-50.538913,-20.262162],[-50.539644,-20.261241],[-50.552012,-20.270801],[-50.550738,-20.272244],[-50.549564,-20.271359]]}},{"type":"Feature","properties":{"id_backbone":"BB-8ED6AF2DA37C","trecho":"ELIS.ES-YBA.IA","cluster":"SAO JOSE DO RIO PRETO","cabo":"F-0063","capacidade":"12","extensao_km":17.816,"confianca":"ALTA","fonte":"OSRM/OpenStreetMap","ponta_a":"ELIS.ES","municipio_a":"ELISIARIO","ponta_b":"YBA.IA","municipio_b":"IBIRA"},"geometry":{"type":"LineString","coordinates":[[-49.110874,-21.16771],[-49.110355,-21.166555],[-49.114881,-21.164769],[-49.117704,-21.162195],[-49.118239,-21.161358],[-49.11906,-21.160966],[-49.120814,-21.15941],[-49.122287,-21.158505],[-49.124429,-21.15761],[-49.126879,-21.157049],[-49.129641,-21.157106],[-49.13016,-21.156342],[-49.130636,-21.156051],[-49.137571,-21.154278],[-49.13895,-21.153506],[-49.139549,-21.152674],[-49.140534,-21.14991],[-49.145963,-21.141014],[-49.150365,-21.136953],[-49.152046,-21.135688],[-49.159952,-21.132197],[-49.160887,-21.131613],[-49.166701,-21.126377],[-49.172399,-21.118742],[-49.173284,-21.118219],[-49.175969,-21.117489],[-49.177546,-21.116733],[-49.18442,-21.110876],[-49.190901,-21.101513],[-49.194253,-21.096212],[-49.196477,-21.093081],[-49.197294,-21.092371],[-49.198113,-21.091946],[-49.199373,-21.091638],[-49.23202,-21.085661],[-49.23339,-21.085113],[-49.235884,-21.083595],[-49.235348,-21.082875],[-49.240184,-21.079796],[-49.240422,-21.080123]]}},{"type":"Feature","properties":{"id_backbone":"BB-C60409CC3893","trecho":"CRPO.CZ-STZ.CS","cluster":"RIBEIRAO PRETO","cabo":"F-0280","capacidade":"24","extensao_km":14.576,"confianca":"ALTA","fonte":"OSRM/OpenStreetMap","ponta_a":"CRPO.CZ","municipio_a":"SERTAOZINHO","ponta_b":"STZ.CS","municipio_b":"SERTAOZINHO"},"geometry":{"type":"LineString","coordinates":[[-47.900532,-21.074218],[-47.899907,-21.074123],[-47.900087,-21.073237],[-47.901048,-21.073372],[-47.90198,-21.072857],[-47.902151,-21.072516],[-47.902604,-21.072489],[-47.904568,-21.071416],[-47.907043,-21.0699],[-47.90731,-21.069415],[-47.907636,-21.069374],[-47.908282,-21.070413],[-47.923717,-21.083597],[-47.930153,-21.089973],[-47.94536,-21.105535],[-47.950335,-21.113384],[-47.952758,-21.119809],[-47.95315,-21.120299],[-47.953256,-21.120788],[-47.959338,-21.128325],[-47.959601,-21.128607],[-47.960291,-21.128863],[-47.960527,-21.130401],[-47.960084,-21.133126],[-47.960232,-21.133846],[-47.9646,-21.133811],[-47.967547,-21.134755],[-47.967852,-21.134506],[-47.968143,-21.134511],[-47.968374,-21.134675],[-47.968452,-21.13503],[-47.97367,-21.136022],[-47.976701,-21.138022],[-47.978116,-21.138523],[-47.978615,-21.138512],[-47.978691,-21.138729],[-47.978557,-21.138839],[-47.982145,-21.143245],[-47.982594,-21.143468],[-47.982597,-21.143652],[-47.984538,-21.146092],[-47.984975,-21.146031],[-47.987786,-21.144044],[-47.987917,-21.143753],[-47.987884,-21.142993],[-47.991098,-21.140637],[-47.990444,-21.13984]]}},{"type":"Feature","properties":{"id_backbone":"BB-842754DB37FE","trecho":"CVH.CB-CVH.RD","cluster":"RIBEIRAO PRETO","cabo":"F-0221","capacidade":"24","extensao_km":5.081,"confianca":"SEM_REFERENCIA","fonte":"OSRM/OpenStreetMap","ponta_a":"CVH.CB","municipio_a":"CRAVINHOS","ponta_b":"CVH.RD","municipio_b":"CRAVINHOS"},"geometry":{"type":"LineString","coordinates":[[-47.730037,-21.337798],[-47.73046,-21.338029],[-47.725479,-21.335369],[-47.728753,-21.329122],[-47.734422,-21.317075],[-47.735132,-21.314924],[-47.734855,-21.314444],[-47.734897,-21.314245],[-47.73513,-21.314168],[-47.735995,-21.314495],[-47.736496,-21.314486],[-47.73698,-21.315322],[-47.738324,-21.316684],[-47.743288,-21.320212],[-47.746303,-21.321827],[-47.746176,-21.321889],[-47.743289,-21.320371]]}},{"type":"Feature","properties":{"id_backbone":"BB-C87E5E4EF11B","trecho":"CVT.FM-PGL.PG","cluster":"RIBEIRAO PRETO","cabo":"F-0413","capacidade":"36","extensao_km":23.335,"confianca":"ALTA","fonte":"OSRM/OpenStreetMap","ponta_a":"CVT.FM","municipio_a":"CRISTAIS PAULISTA","ponta_b":"PGL.PG","municipio_b":"PEDREGULHO"},"geometry":{"type":"LineString","coordinates":[[-47.417739,-20.406777],[-47.419821,-20.408247],[-47.422568,-20.404771],[-47.42383,-20.405693],[-47.424719,-20.405584],[-47.427463,-20.401094],[-47.433357,-20.392666],[-47.434162,-20.390911],[-47.436178,-20.384837],[-47.436664,-20.383921],[-47.437705,-20.382941],[-47.438937,-20.382413],[-47.440206,-20.382301],[-47.442323,-20.382685],[-47.443587,-20.382265],[-47.444178,-20.381675],[-47.445582,-20.379459],[-47.446007,-20.377917],[-47.445837,-20.376743],[-47.442669,-20.3675],[-47.441753,-20.365756],[-47.440852,-20.364727],[-47.439816,-20.363896],[-47.432585,-20.359647],[-47.432067,-20.359136],[-47.431665,-20.358432],[-47.431508,-20.357665],[-47.431933,-20.350753],[-47.431774,-20.349479],[-47.431023,-20.347622],[-47.42921,-20.34512],[-47.428481,-20.343688],[-47.427248,-20.337467],[-47.421911,-20.320804],[-47.420978,-20.319755],[-47.415694,-20.316964],[-47.414535,-20.315746],[-47.413881,-20.314511],[-47.413544,-20.313036],[-47.413671,-20.31144],[-47.41402,-20.310439],[-47.415125,-20.308641],[-47.415539,-20.307664],[-47.415774,-20.306588],[-47.416588,-20.304614],[-47.417449,-20.300627],[-47.417958,-20.299903],[-47.420379,-20.297991],[-47.422693,-20.294786],[-47.423558,-20.29392],[-47.429588,-20.290243],[-47.438676,-20.2844],[-47.43942,-20.28354],[-47.44133,-20.280045],[-47.442204,-20.279105],[-47.44342,-20.278473],[-47.447977,-20.276849],[-47.451955,-20.274161],[-47.454307,-20.272371],[-47.454335,-20.271713],[-47.455543,-20.270779],[-47.463075,-20.263438],[-47.464822,-20.26192],[-47.466975,-20.260387],[-47.469747,-20.259156],[-47.473693,-20.256211],[-47.475909,-20.255559],[-47.478322,-20.253841]]}},{"type":"Feature","properties":{"id_backbone":"BB-3B2F067D247F","trecho":"DUD.XN-TRAB.TB","cluster":"RIBEIRAO PRETO","cabo":"F-0221","capacidade":"12","extensao_km":10.822,"confianca":"ALTA","fonte":"OSRM/OpenStreetMap","ponta_a":"DUD.XN","municipio_a":"DOURADO","ponta_b":"TRAB.TB","municipio_b":"TRABIJU"},"geometry":{"type":"LineString","coordinates":[[-48.317493,-22.115503],[-48.316479,-22.11324],[-48.318223,-22.112578],[-48.31677,-22.109332],[-48.316391,-22.108898],[-48.316167,-22.108001],[-48.315206,-22.105899],[-48.314788,-22.105297],[-48.314233,-22.104951],[-48.314099,-22.104437],[-48.316238,-22.103138],[-48.317638,-22.101999],[-48.327555,-22.09058],[-48.329104,-22.089054],[-48.331428,-22.087514],[-48.333018,-22.086835],[-48.334738,-22.086346],[-48.334785,-22.085531],[-48.334064,-22.084651],[-48.333921,-22.084174],[-48.333463,-22.076362],[-48.340013,-22.065822],[-48.340614,-22.065498],[-48.34143,-22.065842],[-48.34238,-22.065814],[-48.344197,-22.065005],[-48.344377,-22.06469],[-48.345034,-22.060406],[-48.344444,-22.058432],[-48.34386,-22.058046],[-48.342758,-22.058153],[-48.341735,-22.057647],[-48.340433,-22.057447],[-48.339876,-22.05703],[-48.33964,-22.056662],[-48.338924,-22.053965],[-48.337299,-22.051802],[-48.337153,-22.04859],[-48.336404,-22.04416],[-48.334554,-22.042762],[-48.335965,-22.041108],[-48.336066,-22.040456],[-48.336273,-22.040502],[-48.336472,-22.040179]]}},{"type":"Feature","properties":{"id_backbone":"BB-FDD9A25BEAC1","trecho":"FAC.MR-RTG.SA","cluster":"RIBEIRAO PRETO","cabo":"F-0227","capacidade":"36","extensao_km":14.071,"confianca":"SEM_REFERENCIA","fonte":"OSRM/OpenStreetMap","ponta_a":"FAC.MR","municipio_a":"FRANCA","ponta_b":"RTG.SA","municipio_b":"RESTINGA"},"geometry":{"type":"LineString","coordinates":[[-47.399271,-20.530083],[-47.402575,-20.528294],[-47.402653,-20.528164],[-47.402374,-20.527576],[-47.402523,-20.52751],[-47.406228,-20.534778],[-47.406989,-20.535163],[-47.412586,-20.533508],[-47.412701,-20.533626],[-47.41261,-20.534606],[-47.413119,-20.534807],[-47.413159,-20.535246],[-47.413591,-20.536207],[-47.414387,-20.5374],[-47.416844,-20.539227],[-47.418112,-20.53988],[-47.418463,-20.540282],[-47.422191,-20.542698],[-47.421925,-20.543124],[-47.422005,-20.543306],[-47.427092,-20.548198],[-47.427681,-20.548316],[-47.427882,-20.548851],[-47.432734,-20.55169],[-47.433527,-20.551769],[-47.434187,-20.552141],[-47.43444,-20.55264],[-47.436418,-20.553755],[-47.436987,-20.553776],[-47.437255,-20.554222],[-47.439656,-20.555633],[-47.440221,-20.556457],[-47.44088,-20.559274],[-47.442986,-20.572437],[-47.443858,-20.574707],[-47.445891,-20.577215],[-47.447226,-20.578492],[-47.448632,-20.579344],[-47.449774,-20.57965],[-47.455953,-20.580252],[-47.457424,-20.580654],[-47.462067,-20.582831],[-47.463476,-20.583179],[-47.464626,-20.584064],[-47.466814,-20.585161],[-47.467497,-20.58589],[-47.46784,-20.586855],[-47.467823,-20.590782],[-47.468049,-20.591646],[-47.47193,-20.596048],[-47.472753,-20.596579],[-47.473832,-20.596998],[-47.473981,-20.596921],[-47.474047,-20.597069],[-47.477956,-20.598497],[-47.48118,-20.60064],[-47.485747,-20.603154]]}},{"type":"Feature","properties":{"id_backbone":"BB-B4FE0F2F97AC","trecho":"GAPE.VD-NEU.NE","cluster":"RIBEIRAO PRETO","cabo":"F-0317","capacidade":"24","extensao_km":11.886,"confianca":"ALTA","fonte":"OSRM/OpenStreetMap","ponta_a":"GAPE.VD","municipio_a":"GAVIAO PEIXOTO","ponta_b":"NEU.NE","municipio_b":"NOVA EUROPA"},"geometry":{"type":"LineString","coordinates":[[-48.4954,-21.840574],[-48.496656,-21.836138],[-48.501738,-21.836504],[-48.502317,-21.836381],[-48.509408,-21.830267],[-48.511162,-21.829403],[-48.511768,-21.828762],[-48.512579,-21.827478],[-48.514374,-21.825739],[-48.514701,-21.820866],[-48.520734,-21.820643],[-48.521942,-21.817413],[-48.52343,-21.814257],[-48.523995,-21.813876],[-48.524531,-21.813743],[-48.526618,-21.81414],[-48.527109,-21.814103],[-48.527619,-21.813803],[-48.528046,-21.81316],[-48.527915,-21.811726],[-48.528257,-21.810674],[-48.529843,-21.808981],[-48.531827,-21.806038],[-48.532638,-21.805395],[-48.534627,-21.804757],[-48.535672,-21.803812],[-48.53765,-21.800953],[-48.537898,-21.800384],[-48.537977,-21.799657],[-48.537712,-21.798628],[-48.535414,-21.795378],[-48.535129,-21.79427],[-48.535211,-21.793236],[-48.538632,-21.783081],[-48.53899,-21.782366],[-48.539537,-21.781801],[-48.540747,-21.780937],[-48.542251,-21.780409],[-48.557628,-21.778167],[-48.558153,-21.777977],[-48.55919,-21.778383],[-48.559835,-21.778836],[-48.560578,-21.778294],[-48.561894,-21.77977]]}},{"type":"Feature","properties":{"id_backbone":"BB-BCAD07D32233","trecho":"IAL.JS-IYG.CL","cluster":"RIBEIRAO PRETO","cabo":"F-0225","capacidade":"24","extensao_km":23.215,"confianca":"ALTA","fonte":"OSRM/OpenStreetMap","ponta_a":"IAL.JS","municipio_a":"ITAPOLIS","ponta_b":"IYG.CL","municipio_b":"IBITINGA"},"geometry":{"type":"LineString","coordinates":[[-48.80896,-21.59317],[-48.808184,-21.593378],[-48.808456,-21.594246],[-48.810346,-21.593763],[-48.813233,-21.603124],[-48.824533,-21.600475],[-48.827721,-21.600177],[-48.828025,-21.599991],[-48.828213,-21.600071],[-48.828199,-21.601312],[-48.832394,-21.632271],[-48.833235,-21.638272],[-48.833507,-21.639285],[-48.833605,-21.640983],[-48.836723,-21.66381],[-48.837308,-21.667728],[-48.838017,-21.671179],[-48.839338,-21.675918],[-48.854636,-21.722155],[-48.861282,-21.742072],[-48.861666,-21.743004],[-48.862178,-21.743593],[-48.862157,-21.743803],[-48.861919,-21.743977],[-48.86056,-21.74413],[-48.857357,-21.745306],[-48.855291,-21.745626],[-48.85214,-21.747644],[-48.850723,-21.748361],[-48.849396,-21.749346],[-48.849034,-21.749429],[-48.84544,-21.751546],[-48.843187,-21.752648],[-48.842225,-21.752814],[-48.841591,-21.755224],[-48.841376,-21.755155],[-48.830672,-21.757118]]}},{"type":"Feature","properties":{"id_backbone":"BB-871D4D1B805B","trecho":"IGAC.IG-PGL.PG","cluster":"RIBEIRAO PRETO","cabo":"F-0273","capacidade":"6","extensao_km":19.911,"confianca":"BAIXA","fonte":"OSRM/OpenStreetMap","ponta_a":"IGAC.IG","municipio_a":"PEDREGULHO","ponta_b":"PGL.PG","municipio_b":"PEDREGULHO"},"geometry":{"type":"LineString","coordinates":[[-47.44546,-20.129936],[-47.44758,-20.129595],[-47.449031,-20.129944],[-47.453912,-20.129593],[-47.455168,-20.129757],[-47.455978,-20.130113],[-47.456503,-20.131603],[-47.456885,-20.131879],[-47.458528,-20.13121],[-47.458793,-20.130986],[-47.458889,-20.130616],[-47.459068,-20.130627],[-47.459139,-20.132861],[-47.459422,-20.134177],[-47.461222,-20.138263],[-47.461864,-20.139353],[-47.463318,-20.140912],[-47.468643,-20.145062],[-47.469848,-20.146508],[-47.475033,-20.159764],[-47.475165,-20.160834],[-47.474911,-20.163056],[-47.474705,-20.16377],[-47.474159,-20.164541],[-47.455964,-20.1784],[-47.455086,-20.179401],[-47.454843,-20.180122],[-47.454877,-20.180993],[-47.455807,-20.183374],[-47.456007,-20.185122],[-47.453919,-20.195291],[-47.453018,-20.197187],[-47.448643,-20.202734],[-47.448009,-20.203746],[-47.447432,-20.205461],[-47.447214,-20.208607],[-47.447555,-20.210543],[-47.448583,-20.212612],[-47.454193,-20.219464],[-47.455332,-20.220443],[-47.456293,-20.220859],[-47.457415,-20.22103],[-47.466169,-20.220506],[-47.467592,-20.220591],[-47.468586,-20.220885],[-47.469641,-20.221428],[-47.470445,-20.222078],[-47.471108,-20.222877],[-47.478678,-20.235646],[-47.479256,-20.237277],[-47.480477,-20.24281],[-47.482753,-20.248369],[-47.483199,-20.249786],[-47.48363,-20.25215],[-47.483843,-20.252496],[-47.484269,-20.252567],[-47.484524,-20.252401],[-47.484572,-20.251649],[-47.484286,-20.251315],[-47.483784,-20.251356],[-47.481621,-20.252552],[-47.480068,-20.253642],[-47.479503,-20.252984],[-47.478322,-20.253841]]}},{"type":"Feature","properties":{"id_backbone":"BB-164D94C01879","trecho":"IPV.SM-SQB.SS","cluster":"RIBEIRAO PRETO","cabo":"F-0260","capacidade":"36","extensao_km":67.582,"confianca":"SEM_REFERENCIA","fonte":"OSRM/OpenStreetMap","ponta_a":"IPV.SM","municipio_a":"IGARAPAVA","ponta_b":"SQB.SS","municipio_b":"SAO JOAQUIM DA BARRA"},"geometry":{"type":"LineString","coordinates":[[-47.752014,-20.041262],[-47.752079,-20.041174],[-47.751501,-20.041005],[-47.761231,-20.043169],[-47.761835,-20.043046],[-47.763454,-20.042295],[-47.767332,-20.041809],[-47.767574,-20.041992],[-47.767918,-20.042795],[-47.77069,-20.045196],[-47.771816,-20.045873],[-47.772881,-20.046167],[-47.774425,-20.046074],[-47.778497,-20.045102],[-47.779497,-20.044209],[-47.780003,-20.044244],[-47.780564,-20.044648],[-47.78102,-20.044549],[-47.781377,-20.044193],[-47.78165,-20.044223],[-47.781799,-20.044513],[-47.781603,-20.045635],[-47.782156,-20.047761],[-47.782961,-20.049383],[-47.787427,-20.055982],[-47.788305,-20.057986],[-47.788889,-20.060138],[-47.789155,-20.062321],[-47.78914,-20.064365],[-47.789023,-20.066041],[-47.788434,-20.069742],[-47.7883,-20.072314],[-47.790218,-20.10194],[-47.791788,-20.116789],[-47.789143,-20.156025],[-47.785617,-20.192453],[-47.785594,-20.195827],[-47.786023,-20.199402],[-47.791263,-20.232366],[-47.791867,-20.234249],[-47.792939,-20.236509],[-47.796354,-20.241439],[-47.7975,-20.243539],[-47.798396,-20.246084],[-47.799717,-20.252429],[-47.800171,-20.258462],[-47.80011,-20.260976],[-47.798042,-20.273096],[-47.79747,-20.279391],[-47.797485,-20.283692],[-47.798122,-20.290447],[-47.804868,-20.331429],[-47.805902,-20.335882],[-47.806743,-20.338102],[-47.807877,-20.340406],[-47.81503,-20.353139],[-47.815782,-20.35485],[-47.816223,-20.356429],[-47.816356,-20.358928],[-47.813704,-20.379307],[-47.81369,-20.380465],[-47.814413,-20.383378],[-47.814902,-20.385132],[-47.816593,-20.389421],[-47.834284,-20.431194],[-47.834932,-20.433239],[-47.835364,-20.435317],[-47.835605,-20.437727],[-47.835617,-20.449935],[-47.835883,-20.453615],[-47.843756,-20.48781],[-47.844155,-20.49121],[-47.84378,-20.494781],[-47.842843,-20.497681],[-47.836527,-20.510464],[-47.83612,-20.512446],[-47.836342,-20.514469],[-47.838988,-20.52102],[-47.84046,-20.523858],[-47.841926,-20.526072],[-47.8599,-20.550079],[-47.863133,-20.556081],[-47.873502,-20.576414],[-47.874104,-20.576815],[-47.874423,-20.576703],[-47.874604,-20.576274],[-47.874322,-20.575905],[-47.873711,-20.57595],[-47.867239,-20.580035],[-47.866722,-20.580963],[-47.867393,-20.581393],[-47.864479,-20.585157],[-47.861904,-20.583723],[-47.860276,-20.583222],[-47.861329,-20.581854]]}},{"type":"Feature","properties":{"id_backbone":"BB-20718F97B5D9","trecho":"IYR.DR-PCP.PP","cluster":"RIBEIRAO PRETO","cabo":"F-0270","capacidade":"12","extensao_km":8.822,"confianca":"ALTA","fonte":"OSRM/OpenStreetMap","ponta_a":"IYR.DR","municipio_a":"ITIRAPUA","ponta_b":"PCP.PP","municipio_b":"PATROCINIO PAULISTA"},"geometry":{"type":"LineString","coordinates":[[-47.217845,-20.639472],[-47.224023,-20.648019],[-47.223354,-20.648454],[-47.226418,-20.652611],[-47.232509,-20.653581],[-47.232978,-20.653861],[-47.237214,-20.657849],[-47.241119,-20.658954],[-47.243933,-20.659119],[-47.248666,-20.657975],[-47.251597,-20.65652],[-47.252785,-20.655207],[-47.25292,-20.654648],[-47.25282,-20.6535],[-47.253447,-20.651857],[-47.254726,-20.650619],[-47.255618,-20.650212],[-47.257771,-20.650081],[-47.259384,-20.648949],[-47.261797,-20.647931],[-47.262049,-20.647381],[-47.262034,-20.644388],[-47.262463,-20.643797],[-47.263199,-20.643748],[-47.26897,-20.645222],[-47.269333,-20.645238],[-47.269675,-20.645053],[-47.270296,-20.64543],[-47.271232,-20.645657],[-47.274519,-20.644056],[-47.27522,-20.642813],[-47.278706,-20.640901],[-47.279375,-20.639874]]}},{"type":"Feature","properties":{"id_backbone":"BB-B53800681323","trecho":"JRQ.MJ-PGL.PG","cluster":"RIBEIRAO PRETO","cabo":"F-0272","capacidade":"12","extensao_km":14.016,"confianca":"ALTA","fonte":"OSRM/OpenStreetMap","ponta_a":"JRQ.MJ","municipio_a":"JERIQUARA","ponta_b":"PGL.PG","municipio_b":"PEDREGULHO"},"geometry":{"type":"LineString","coordinates":[[-47.587136,-20.309882],[-47.587075,-20.309484],[-47.586601,-20.309553],[-47.586501,-20.308882],[-47.585514,-20.308591],[-47.584899,-20.308705],[-47.584284,-20.308246],[-47.573561,-20.304531],[-47.571757,-20.303606],[-47.532455,-20.275832],[-47.53145,-20.275557],[-47.523357,-20.274834],[-47.522735,-20.274535],[-47.515018,-20.268857],[-47.504261,-20.268129],[-47.503432,-20.2678],[-47.499956,-20.265705],[-47.493633,-20.263084],[-47.492209,-20.262046],[-47.487314,-20.25731],[-47.486938,-20.256352],[-47.487154,-20.252832],[-47.486736,-20.252091],[-47.485385,-20.250813],[-47.484879,-20.250775],[-47.484127,-20.25113],[-47.481621,-20.252552],[-47.480068,-20.253642],[-47.479503,-20.252984],[-47.478322,-20.253841]]}},{"type":"Feature","properties":{"id_backbone":"BB-DF642C5905EA","trecho":"MKC.MT-RNO.RN","cluster":"RIBEIRAO PRETO","cabo":"F-0411","capacidade":"36","extensao_km":16.219,"confianca":"ALTA","fonte":"OSRM/OpenStreetMap","ponta_a":"MKC.MT","municipio_a":"MOTUCA","ponta_b":"RNO.RN","municipio_b":"RINCAO"},"geometry":{"type":"LineString","coordinates":[[-48.151814,-21.508295],[-48.151376,-21.508979],[-48.152481,-21.509595],[-48.156229,-21.510186],[-48.158154,-21.511521],[-48.158442,-21.511561],[-48.15878,-21.512163],[-48.16795,-21.519713],[-48.168172,-21.52019],[-48.168113,-21.520657],[-48.166499,-21.524018],[-48.166447,-21.524276],[-48.166638,-21.524594],[-48.166495,-21.524926],[-48.166124,-21.525033],[-48.165333,-21.524737],[-48.133917,-21.529293],[-48.130082,-21.532399],[-48.129548,-21.533006],[-48.124205,-21.54433],[-48.123097,-21.547648],[-48.122636,-21.548419],[-48.092311,-21.571858],[-48.090492,-21.572486],[-48.079798,-21.574566],[-48.077538,-21.574785],[-48.077011,-21.575052],[-48.074292,-21.577302],[-48.071387,-21.580533],[-48.069226,-21.582154],[-48.068994,-21.584636],[-48.070022,-21.584715],[-48.070533,-21.584952],[-48.070335,-21.586464]]}},{"type":"Feature","properties":{"id_backbone":"BB-2A087A567944","trecho":"PDI.PD-RNO.RN","cluster":"RIBEIRAO PRETO","cabo":"F-0257","capacidade":"72","extensao_km":51.111,"confianca":"SEM_REFERENCIA","fonte":"OSRM/OpenStreetMap","ponta_a":"PDI.PD","municipio_a":"PRADOPOLIS","ponta_b":"RNO.RN","municipio_b":"RINCAO"},"geometry":{"type":"LineString","coordinates":[[-48.067464,-21.358755],[-48.067334,-21.358066],[-48.06844,-21.357866],[-48.06931,-21.36195],[-48.06939,-21.362761],[-48.069137,-21.363955],[-48.06952,-21.364792],[-48.06944,-21.365246],[-48.069998,-21.367683],[-48.070533,-21.368316],[-48.06989,-21.368634],[-48.065772,-21.370111],[-48.062371,-21.370762],[-48.05676,-21.371163],[-48.055273,-21.371465],[-48.053376,-21.371392],[-48.026803,-21.373185],[-48.023279,-21.373797],[-48.020064,-21.375193],[-47.992347,-21.390614],[-47.991945,-21.391029],[-47.991743,-21.391706],[-47.991849,-21.392309],[-47.995781,-21.39847],[-47.996632,-21.400303],[-47.997189,-21.402573],[-47.997257,-21.404399],[-47.997011,-21.406197],[-47.988186,-21.442398],[-47.98787,-21.444681],[-47.987952,-21.447612],[-47.988307,-21.449595],[-47.988816,-21.451217],[-47.989802,-21.453374],[-47.990897,-21.455112],[-47.99177,-21.456245],[-47.993364,-21.457888],[-48.000474,-21.464011],[-48.001626,-21.465888],[-48.002107,-21.468099],[-48.002003,-21.469709],[-47.998187,-21.490313],[-47.998349,-21.491183],[-47.997915,-21.491846],[-47.995386,-21.503623],[-47.995084,-21.504345],[-47.994333,-21.505352],[-47.948656,-21.564225],[-47.947336,-21.566016],[-47.947116,-21.566875],[-47.948096,-21.570034],[-47.948876,-21.571717],[-47.949227,-21.573644],[-47.951211,-21.581305],[-47.953529,-21.591861],[-47.957467,-21.606383],[-47.9592,-21.611286],[-47.96335,-21.620674],[-47.964951,-21.623373],[-47.965821,-21.623697],[-48.016622,-21.621979],[-48.01874,-21.621719],[-48.020531,-21.621247],[-48.021817,-21.620755],[-48.023965,-21.619622],[-48.031254,-21.614232],[-48.031943,-21.613305],[-48.033,-21.61277],[-48.056546,-21.591103],[-48.057307,-21.590636],[-48.058803,-21.590105],[-48.065015,-21.589552],[-48.06558,-21.589225],[-48.067507,-21.587272],[-48.069546,-21.587424],[-48.069619,-21.586777],[-48.070274,-21.586854],[-48.070335,-21.586464]]}},{"type":"Feature","properties":{"id_backbone":"BB-014449093E0C","trecho":"RNO.RN-SNL.LP","cluster":"RIBEIRAO PRETO","cabo":"F-0220","capacidade":"36","extensao_km":15.178,"confianca":"SEM_REFERENCIA","fonte":"OSRM/OpenStreetMap","ponta_a":"RNO.RN","municipio_a":"RINCAO","ponta_b":"SNL.LP","municipio_b":"SANTA LUCIA"},"geometry":{"type":"LineString","coordinates":[[-48.070335,-21.586464],[-48.070201,-21.587506],[-48.067812,-21.58725],[-48.065875,-21.589084],[-48.065681,-21.589517],[-48.058803,-21.590105],[-48.057307,-21.590636],[-48.056546,-21.591103],[-48.033,-21.61277],[-48.032618,-21.613421],[-48.032591,-21.614075],[-48.064727,-21.671502],[-48.066151,-21.673405],[-48.067688,-21.675075],[-48.077341,-21.684215],[-48.078442,-21.684795],[-48.079094,-21.685924],[-48.082294,-21.688723],[-48.082605,-21.689108],[-48.082626,-21.68941]]}},{"type":"Feature","properties":{"id_backbone":"BB-43EF40550BF1","trecho":"RPO.CE-RPO.NR","cluster":"RIBEIRAO PRETO","cabo":"F-0591","capacidade":"36","extensao_km":3.904,"confianca":"SEM_REFERENCIA","fonte":"OSRM/OpenStreetMap","ponta_a":"RPO.CE","municipio_a":"RIBEIRAO PRETO","ponta_b":"RPO.NR","municipio_b":"RIBEIRAO PRETO"},"geometry":{"type":"LineString","coordinates":[[-47.804104,-21.158305],[-47.803932,-21.158431],[-47.803336,-21.157751],[-47.80626,-21.155625],[-47.804701,-21.15191],[-47.803597,-21.149764],[-47.802691,-21.148632],[-47.800955,-21.148128],[-47.800205,-21.147292],[-47.799394,-21.145626],[-47.799526,-21.143468],[-47.799165,-21.142734],[-47.790716,-21.146371],[-47.790437,-21.147058],[-47.789993,-21.147291],[-47.78956,-21.147184],[-47.789332,-21.146922],[-47.78945,-21.146076],[-47.78793,-21.142774]]}},{"type":"Feature","properties":{"id_backbone":"BB-C87F5B7403C2","trecho":"RPO.GC-RPO.NR","cluster":"RIBEIRAO PRETO","cabo":"F-0511","capacidade":"36","extensao_km":6.068,"confianca":"ALTA","fonte":"OSRM/OpenStreetMap","ponta_a":"RPO.GC","municipio_a":"RIBEIRAO PRETO","ponta_b":"RPO.NR","municipio_b":"RIBEIRAO PRETO"},"geometry":{"type":"LineString","coordinates":[[-47.813151,-21.124791],[-47.813776,-21.1255],[-47.810956,-21.12768],[-47.810386,-21.127039],[-47.804194,-21.131957],[-47.804528,-21.13542],[-47.804354,-21.135641],[-47.803664,-21.142774],[-47.80385,-21.144045],[-47.804479,-21.145414],[-47.804295,-21.145824],[-47.803802,-21.145903],[-47.80311,-21.145356],[-47.802616,-21.144875],[-47.802304,-21.144231],[-47.802264,-21.1431],[-47.802913,-21.14153],[-47.803078,-21.139006],[-47.802504,-21.137441],[-47.80153,-21.137104],[-47.798549,-21.137709],[-47.797818,-21.138358],[-47.797483,-21.138352],[-47.796887,-21.137988],[-47.795542,-21.138157],[-47.787975,-21.139821],[-47.787157,-21.140181],[-47.786969,-21.140617],[-47.78793,-21.142774]]}},{"type":"Feature","properties":{"id_backbone":"BB-1752353B3D73","trecho":"RPO.LE-RPO.LG","cluster":"RIBEIRAO PRETO","cabo":"F-0510","capacidade":"36","extensao_km":4.427,"confianca":"ALTA","fonte":"OSRM/OpenStreetMap","ponta_a":"RPO.LE","municipio_a":"RIBEIRAO PRETO","ponta_b":"RPO.LG","municipio_b":"RIBEIRAO PRETO"},"geometry":{"type":"LineString","coordinates":[[-47.785716,-21.181522],[-47.78236,-21.179656],[-47.781362,-21.178414],[-47.780418,-21.17761],[-47.779955,-21.177789],[-47.778867,-21.177736],[-47.77819,-21.178129],[-47.774835,-21.18141],[-47.772228,-21.18354],[-47.766547,-21.184026],[-47.761602,-21.184072],[-47.761119,-21.184359],[-47.761078,-21.192419],[-47.761572,-21.192646],[-47.761781,-21.192955],[-47.76182,-21.193345],[-47.761594,-21.193778],[-47.761702,-21.193967],[-47.763607,-21.196267]]}},{"type":"Feature","properties":{"id_backbone":"BB-20F8680C2EA3","trecho":"RPO.LE-RPO.VT","cluster":"RIBEIRAO PRETO","cabo":"T#0657","capacidade":"36","extensao_km":3.126,"confianca":"ALTA","fonte":"OSRM/OpenStreetMap","ponta_a":"RPO.LE","municipio_a":"RIBEIRAO PRETO","ponta_b":"RPO.VT","municipio_b":"RIBEIRAO PRETO"},"geometry":{"type":"LineString","coordinates":[[-47.785716,-21.181522],[-47.785163,-21.181206],[-47.78556,-21.180639],[-47.786578,-21.181227],[-47.787085,-21.180164],[-47.787977,-21.179129],[-47.794421,-21.174198],[-47.794587,-21.173647],[-47.794351,-21.173036],[-47.789991,-21.168084],[-47.795263,-21.163865],[-47.795854,-21.164534],[-47.795508,-21.164808]]}},{"type":"Feature","properties":{"id_backbone":"BB-5367BF84B141","trecho":"RPO.NO-RPO.RD","cluster":"RIBEIRAO PRETO","cabo":"F-0262","capacidade":"24","extensao_km":14.749,"confianca":"SEM_REFERENCIA","fonte":"OSRM/OpenStreetMap","ponta_a":"RPO.NO","municipio_a":"RIBEIRAO PRETO","ponta_b":"RPO.RD","municipio_b":"RIBEIRAO PRETO"},"geometry":{"type":"LineString","coordinates":[[-47.810702,-21.176617],[-47.810382,-21.176858],[-47.809754,-21.176135],[-47.813525,-21.173339],[-47.815113,-21.176061],[-47.817153,-21.178107],[-47.81853,-21.177664],[-47.821116,-21.177462],[-47.823151,-21.177597],[-47.823527,-21.177809],[-47.823652,-21.17817],[-47.824844,-21.178314],[-47.832512,-21.178384],[-47.837062,-21.178996],[-47.838271,-21.178987],[-47.838245,-21.179247],[-47.839945,-21.180097],[-47.842516,-21.184502],[-47.842558,-21.184909],[-47.843704,-21.187081],[-47.844872,-21.191141],[-47.84584,-21.19207],[-47.85032,-21.19543],[-47.850892,-21.19543],[-47.851312,-21.196168],[-47.857396,-21.200858],[-47.859367,-21.20505],[-47.859853,-21.205124],[-47.860355,-21.204966],[-47.860843,-21.204696],[-47.861104,-21.204333],[-47.861357,-21.204421],[-47.861344,-21.204792],[-47.861741,-21.20517],[-47.861693,-21.205377],[-47.860762,-21.205462],[-47.859824,-21.205786],[-47.860741,-21.207313],[-47.863518,-21.214531],[-47.865091,-21.216346],[-47.86637,-21.215853],[-47.866879,-21.215915],[-47.869347,-21.219984],[-47.871467,-21.219678],[-47.873074,-21.219827],[-47.875222,-21.219767],[-47.87789,-21.218771],[-47.881932,-21.219599],[-47.883605,-21.220257],[-47.883922,-21.220552],[-47.885018,-21.223299],[-47.885579,-21.227435],[-47.886713,-21.228394],[-47.888376,-21.22926],[-47.890087,-21.231347],[-47.890695,-21.233085],[-47.890631,-21.233828],[-47.891126,-21.238907],[-47.891173,-21.243526],[-47.890275,-21.247182]]}},{"type":"Feature","properties":{"id_backbone":"BB-EEA7A572B49E","trecho":"RPO.NO-SQB.SS","cluster":"RIBEIRAO PRETO","cabo":"F-0260","capacidade":"36","extensao_km":74.028,"confianca":"SEM_REFERENCIA","fonte":"OSRM/OpenStreetMap","ponta_a":"RPO.NO","municipio_a":"RIBEIRAO PRETO","ponta_b":"SQB.SS","municipio_b":"SAO JOAQUIM DA BARRA"},"geometry":{"type":"LineString","coordinates":[[-47.810702,-21.176617],[-47.810382,-21.176858],[-47.809754,-21.176135],[-47.813307,-21.1735],[-47.81096,-21.169199],[-47.81286,-21.167993],[-47.813834,-21.167126],[-47.813626,-21.165917],[-47.811006,-21.16263],[-47.813337,-21.160612],[-47.81332,-21.160219],[-47.813182,-21.159951],[-47.811485,-21.158962],[-47.810595,-21.157876],[-47.80763,-21.148904],[-47.802896,-21.145177],[-47.80236,-21.144383],[-47.802227,-21.143434],[-47.80237,-21.142736],[-47.802913,-21.14153],[-47.803281,-21.135902],[-47.80349,-21.134714],[-47.802059,-21.119924],[-47.802145,-21.119332],[-47.802524,-21.11867],[-47.803107,-21.118189],[-47.803978,-21.115971],[-47.806779,-21.112351],[-47.810015,-21.107592],[-47.810093,-21.107139],[-47.809715,-21.106743],[-47.807114,-21.105314],[-47.804988,-21.103778],[-47.801127,-21.101511],[-47.800075,-21.100729],[-47.798171,-21.098664],[-47.794394,-21.092647],[-47.79366,-21.092043],[-47.79321,-21.092146],[-47.792982,-21.092478],[-47.792961,-21.093036],[-47.79323,-21.09343],[-47.793678,-21.093507],[-47.794091,-21.093234],[-47.803357,-21.080386],[-47.818985,-21.06112],[-47.821846,-21.056818],[-47.87931,-20.942502],[-47.880077,-20.940603],[-47.896408,-20.886705],[-47.897274,-20.883748],[-47.8977,-20.881137],[-47.897726,-20.878727],[-47.890448,-20.789566],[-47.890485,-20.786008],[-47.89394,-20.734741],[-47.892202,-20.704926],[-47.891664,-20.701511],[-47.890313,-20.696788],[-47.880772,-20.657112],[-47.880223,-20.652657],[-47.880195,-20.649357],[-47.880485,-20.645828],[-47.884041,-20.611604],[-47.884208,-20.608077],[-47.884036,-20.605587],[-47.882683,-20.596696],[-47.881948,-20.593918],[-47.880809,-20.591159],[-47.874063,-20.57818],[-47.873166,-20.577666],[-47.87162,-20.577435],[-47.87111,-20.577585],[-47.867605,-20.579743],[-47.867121,-20.58015],[-47.866722,-20.580963],[-47.867393,-20.581393],[-47.864479,-20.585157],[-47.861904,-20.583723],[-47.860276,-20.583222],[-47.861329,-20.581854]]}},{"type":"Feature","properties":{"id_backbone":"BB-87EF5AF7819B","trecho":"CNH.BI-PON.PG","cluster":"BAURU","cabo":"F-0227","capacidade":"36","extensao_km":25.995,"confianca":"MEDIA","fonte":"OSRM/OpenStreetMap","ponta_a":"CNH.BI","municipio_a":"CONCHAS","ponta_b":"PON.PG","municipio_b":"PORANGABA"},"geometry":{"type":"LineString","coordinates":[[-48.006996,-23.01287],[-48.006846,-23.012294],[-48.007138,-23.013084],[-48.008068,-23.012832],[-48.011413,-23.021724],[-48.011643,-23.02189],[-48.011617,-23.023918],[-48.011755,-23.024403],[-48.012156,-23.024791],[-48.01343,-23.02525],[-48.016088,-23.028873],[-48.016128,-23.02922],[-48.015183,-23.031247],[-48.015452,-23.032705],[-48.016782,-23.035457],[-48.018019,-23.036916],[-48.019465,-23.039321],[-48.02239,-23.041956],[-48.022985,-23.044648],[-48.023623,-23.046398],[-48.025919,-23.050962],[-48.029134,-23.054476],[-48.030859,-23.055909],[-48.030919,-23.058005],[-48.033826,-23.059416],[-48.035667,-23.06057],[-48.036187,-23.061514],[-48.036475,-23.063318],[-48.038405,-23.066197],[-48.038506,-23.066903],[-48.038137,-23.06861],[-48.036951,-23.069531],[-48.036674,-23.069983],[-48.03664,-23.072599],[-48.036768,-23.072799],[-48.037777,-23.07322],[-48.037979,-23.073858],[-48.037399,-23.075103],[-48.037244,-23.076963],[-48.036524,-23.07901],[-48.036466,-23.081106],[-48.037905,-23.085345],[-48.037745,-23.086812],[-48.038116,-23.088587],[-48.039776,-23.090777],[-48.042342,-23.094737],[-48.045447,-23.098254],[-48.047285,-23.099495],[-48.049188,-23.099603],[-48.050907,-23.101182],[-48.053072,-23.103546],[-48.056886,-23.103532],[-48.057508,-23.103829],[-48.057895,-23.105554],[-48.057294,-23.107106],[-48.057275,-23.107636],[-48.060673,-23.111814],[-48.06168,-23.114433],[-48.062152,-23.115092],[-48.064851,-23.116496],[-48.067298,-23.116841],[-48.069523,-23.117519],[-48.077146,-23.120489],[-48.078871,-23.121431],[-48.081428,-23.123832],[-48.082268,-23.124363],[-48.083128,-23.12445],[-48.084981,-23.124224],[-48.086882,-23.123417],[-48.087657,-23.123385],[-48.089261,-23.123933],[-48.091054,-23.124937],[-48.091709,-23.125145],[-48.097265,-23.125371],[-48.098638,-23.125213],[-48.099416,-23.125669],[-48.100033,-23.126567],[-48.101727,-23.127047],[-48.102136,-23.127339],[-48.102877,-23.129636],[-48.103811,-23.130763],[-48.104029,-23.131642],[-48.103107,-23.137164],[-48.103624,-23.138381],[-48.10363,-23.139679],[-48.102432,-23.144083],[-48.102286,-23.146803],[-48.102522,-23.147138],[-48.102865,-23.14727],[-48.10608,-23.147475],[-48.108075,-23.148706],[-48.109828,-23.150646],[-48.112097,-23.154195],[-48.112103,-23.154771],[-48.111328,-23.156562],[-48.111222,-23.157708],[-48.111338,-23.158111],[-48.113366,-23.159979],[-48.114515,-23.160611],[-48.115181,-23.161553],[-48.115803,-23.162106],[-48.121112,-23.164721],[-48.121358,-23.165021],[-48.121631,-23.166189],[-48.122165,-23.166896],[-48.123917,-23.167495],[-48.125516,-23.16861],[-48.124838,-23.170767],[-48.124713,-23.172644],[-48.124385,-23.173816],[-48.124653,-23.174542],[-48.125333,-23.174317],[-48.125879,-23.175724],[-48.123318,-23.176549]]}},{"type":"Feature","properties":{"id_backbone":"BB-72433447B9BE","trecho":"COA.CI-VPA.VT","cluster":"OSASCO","cabo":"F-0430","capacidade":"24","extensao_km":14.402,"confianca":"ALTA","fonte":"OSRM/OpenStreetMap","ponta_a":"COA.CI","municipio_a":"COTIA","ponta_b":"VPA.VT","municipio_b":"VARGEM GRANDE PAULISTA"},"geometry":{"type":"LineString","coordinates":[[-46.915507,-23.603518],[-46.915533,-23.603262],[-46.913894,-23.603113],[-46.907584,-23.601459],[-46.905084,-23.600994],[-46.904991,-23.600752],[-46.905139,-23.60055],[-46.914216,-23.602856],[-46.919717,-23.603349],[-46.921847,-23.603343],[-46.923764,-23.60271],[-46.926579,-23.602067],[-46.927372,-23.60208],[-46.929606,-23.60256],[-46.930538,-23.602575],[-46.93793,-23.601617],[-46.939151,-23.601768],[-46.951521,-23.608305],[-46.954511,-23.609705],[-46.955245,-23.610312],[-46.956641,-23.612181],[-46.958548,-23.613745],[-46.961436,-23.614003],[-46.961953,-23.614375],[-46.962711,-23.615333],[-46.963207,-23.615523],[-46.965863,-23.614935],[-46.968524,-23.615328],[-46.974681,-23.614842],[-46.983294,-23.612996],[-46.984792,-23.612256],[-46.986439,-23.612102],[-46.987119,-23.612192],[-46.988913,-23.612881],[-46.989311,-23.61281],[-46.99051,-23.612096],[-46.99135,-23.612014],[-46.996787,-23.613465],[-46.999756,-23.613694],[-47.005725,-23.611478],[-47.006451,-23.610987],[-47.008166,-23.609334],[-47.010189,-23.608039],[-47.015003,-23.605864],[-47.016264,-23.605516],[-47.016423,-23.605611],[-47.016491,-23.60589],[-47.015289,-23.606256],[-47.01582,-23.60704],[-47.017052,-23.606404],[-47.021703,-23.606568]]}},{"type":"Feature","properties":{"id_backbone":"BB-7DD1E94375D1","trecho":"COA.GJ-OCO.OS","cluster":"OSASCO","cabo":"F-0379","capacidade":"36","extensao_km":13.227,"confianca":"MEDIA","fonte":"OSRM/OpenStreetMap","ponta_a":"COA.GJ","municipio_a":"COTIA","ponta_b":"OCO.OS","municipio_b":"OSASCO"},"geometry":{"type":"LineString","coordinates":[[-46.841654,-23.595794],[-46.841448,-23.594793],[-46.839361,-23.593997],[-46.839529,-23.5893],[-46.839197,-23.586644],[-46.839241,-23.584868],[-46.838775,-23.581988],[-46.838927,-23.580836],[-46.838661,-23.580009],[-46.835558,-23.576861],[-46.83522,-23.575121],[-46.834087,-23.572684],[-46.834426,-23.572382],[-46.834368,-23.571531],[-46.832072,-23.567561],[-46.831572,-23.567299],[-46.830863,-23.567317],[-46.829098,-23.566736],[-46.8289,-23.565854],[-46.828601,-23.565354],[-46.828516,-23.56429],[-46.82766,-23.563649],[-46.826916,-23.563331],[-46.826695,-23.562995],[-46.826373,-23.56186],[-46.826386,-23.560807],[-46.826182,-23.560146],[-46.825341,-23.559838],[-46.824835,-23.559332],[-46.824165,-23.559267],[-46.823882,-23.559087],[-46.823846,-23.558819],[-46.824204,-23.558217],[-46.823725,-23.557082],[-46.823862,-23.55597],[-46.823595,-23.555692],[-46.822725,-23.555462],[-46.821604,-23.554641],[-46.821471,-23.554359],[-46.821543,-23.553462],[-46.820832,-23.552601],[-46.821247,-23.550655],[-46.822039,-23.548971],[-46.821905,-23.548069],[-46.82095,-23.54725],[-46.820796,-23.546882],[-46.821578,-23.545747],[-46.821661,-23.54519],[-46.821031,-23.543443],[-46.820755,-23.543128],[-46.819251,-23.542241],[-46.818492,-23.54052],[-46.818101,-23.537086],[-46.818393,-23.533554],[-46.818369,-23.531779],[-46.817115,-23.524694],[-46.815536,-23.52455],[-46.811828,-23.524576],[-46.809434,-23.523449],[-46.808065,-23.523212],[-46.80582,-23.52348],[-46.799831,-23.52634],[-46.794485,-23.52688],[-46.792602,-23.526653],[-46.790585,-23.52579],[-46.789763,-23.525723],[-46.789303,-23.525908],[-46.788848,-23.526404],[-46.787789,-23.529441],[-46.787515,-23.529551],[-46.784667,-23.529173],[-46.783951,-23.529902],[-46.785249,-23.530696]]}},{"type":"Feature","properties":{"id_backbone":"BB-59BB0E974F55","trecho":"CPR.PF-MMU.JO","cluster":"CAMPINAS","cabo":"F-0167","capacidade":"12","extensao_km":11.073,"confianca":"SEM_REFERENCIA","fonte":"OSRM/OpenStreetMap","ponta_a":"CPR.PF","municipio_a":"CAPIVARI","ponta_b":"MMU.JO","municipio_b":"MOMBUCA"},"geometry":{"type":"LineString","coordinates":[[-47.505192,-22.9971],[-47.505191,-22.997507],[-47.506165,-22.997498],[-47.506183,-22.995704],[-47.507447,-22.995674],[-47.508831,-22.995076],[-47.509358,-22.994687],[-47.511204,-22.992092],[-47.512745,-22.990752],[-47.52118,-22.987491],[-47.526208,-22.983194],[-47.526466,-22.982449],[-47.525774,-22.966648],[-47.525733,-22.961858],[-47.526788,-22.958996],[-47.528392,-22.95546],[-47.536454,-22.947638],[-47.537284,-22.94699],[-47.538284,-22.946483],[-47.542836,-22.944965],[-47.544283,-22.943812],[-47.55089,-22.939248],[-47.551056,-22.938931],[-47.551504,-22.938796],[-47.553018,-22.937814],[-47.557084,-22.936689],[-47.55863,-22.93593],[-47.560293,-22.933952],[-47.560745,-22.932067],[-47.561055,-22.931449],[-47.564927,-22.92734]]}},{"type":"Feature","properties":{"id_backbone":"BB-E63A9FD92977","trecho":"CQR.SM-MDU.NU","cluster":"BAURU","cabo":"F-0388","capacidade":"72","extensao_km":17.926,"confianca":"ALTA","fonte":"OSRM/OpenStreetMap","ponta_a":"CQR.SM","municipio_a":"CERQUEIRA CESAR","ponta_b":"MDU.NU","municipio_b":"MANDURI"},"geometry":{"type":"LineString","coordinates":[[-49.163584,-23.034879],[-49.163796,-23.03469],[-49.166445,-23.037356],[-49.167715,-23.037049],[-49.174118,-23.037338],[-49.176964,-23.039107],[-49.181768,-23.042668],[-49.183551,-23.042869],[-49.184041,-23.042552],[-49.185111,-23.04113],[-49.186037,-23.037408],[-49.18625,-23.037446],[-49.186497,-23.037789],[-49.188598,-23.038177],[-49.191805,-23.03765],[-49.192711,-23.037215],[-49.197219,-23.034281],[-49.211361,-23.026805],[-49.222142,-23.023049],[-49.22554,-23.022582],[-49.23159,-23.022701],[-49.234813,-23.022921],[-49.240528,-23.022915],[-49.245959,-23.023283],[-49.250109,-23.022803],[-49.251813,-23.022312],[-49.258144,-23.019913],[-49.269294,-23.01553],[-49.273808,-23.013395],[-49.312647,-23.003761],[-49.314861,-23.002943],[-49.319158,-23.000928],[-49.320206,-23.002972],[-49.319691,-23.003201]]}},{"type":"Feature","properties":{"id_backbone":"BB-337BECB6A120","trecho":"CTY.RJ-STI.PB","cluster":"ARACATUBA","cabo":"F-0033","capacidade":"12","extensao_km":11.411,"confianca":"ALTA","fonte":"OSRM/OpenStreetMap","ponta_a":"CTY.RJ","municipio_a":"CLEMENTINA","ponta_b":"STI.PB","municipio_b":"SANTOPOLIS DO AGUAPEI"},"geometry":{"type":"LineString","coordinates":[[-50.450837,-21.557893],[-50.452122,-21.559243],[-50.452692,-21.559601],[-50.444843,-21.571404],[-50.444691,-21.571935],[-50.444821,-21.572244],[-50.446763,-21.574206],[-50.464173,-21.595478],[-50.496055,-21.638924],[-50.497454,-21.640401],[-50.498941,-21.639505]]}},{"type":"Feature","properties":{"id_backbone":"BB-FE256EAE2FB6","trecho":"CXT.CO-CXT.WLL","cluster":"CAMPINAS","cabo":"F-0054","capacidade":"12","extensao_km":0.714,"confianca":"MEDIA","fonte":"OSRM/OpenStreetMap","ponta_a":"CXT.CO","municipio_a":"CORUMBATAI","ponta_b":"CXT.WLL","municipio_b":"CORUMBATAI"},"geometry":{"type":"LineString","coordinates":[[-47.623619,-22.219744],[-47.624137,-22.221531],[-47.628916,-22.220363]]}},{"type":"Feature","properties":{"id_backbone":"BB-60457F0E173A","trecho":"DCV.OG-PTF.MF","cluster":"CAMPINAS","cabo":"F-0164","capacidade":"36","extensao_km":18.129,"confianca":"ALTA","fonte":"OSRM/OpenStreetMap","ponta_a":"DCV.OG","municipio_a":"DESCALVADO","ponta_b":"PTF.MF","municipio_b":"PORTO FERREIRA"},"geometry":{"type":"LineString","coordinates":[[-47.618774,-21.902796],[-47.618885,-21.902882],[-47.618863,-21.90261],[-47.619241,-21.90257],[-47.619002,-21.899683],[-47.617957,-21.899703],[-47.614676,-21.900675],[-47.610581,-21.902453],[-47.610338,-21.902746],[-47.610418,-21.90344],[-47.610299,-21.9036],[-47.60952,-21.903545],[-47.60539,-21.904],[-47.604408,-21.904319],[-47.603683,-21.9041],[-47.599697,-21.904061],[-47.597796,-21.904413],[-47.595778,-21.904934],[-47.594925,-21.90531],[-47.584616,-21.910636],[-47.583912,-21.911091],[-47.583407,-21.911694],[-47.583074,-21.911762],[-47.582812,-21.911387],[-47.582534,-21.910218],[-47.577115,-21.897114],[-47.575657,-21.894874],[-47.573687,-21.892861],[-47.572296,-21.891815],[-47.567596,-21.888882],[-47.506132,-21.851441],[-47.504036,-21.850617],[-47.50187,-21.850235],[-47.497141,-21.850472],[-47.496114,-21.850891],[-47.495455,-21.850599],[-47.494981,-21.850619],[-47.494096,-21.851124],[-47.493002,-21.850741],[-47.4868,-21.851215],[-47.487104,-21.856551],[-47.485176,-21.856709],[-47.485185,-21.857008]]}},{"type":"Feature","properties":{"id_backbone":"BB-AFCF0CD56F06","trecho":"DGS.DG-DGS.RD","cluster":"BAURU","cabo":"F-0122-02","capacidade":"12","extensao_km":1.703,"confianca":"ALTA","fonte":"OSRM/OpenStreetMap","ponta_a":"DGS.DG","municipio_a":"DOIS CORREGOS","ponta_b":"DGS.RD","municipio_b":"DOIS CORREGOS"},"geometry":{"type":"LineString","coordinates":[[-48.382101,-22.367899],[-48.381237,-22.367391],[-48.379039,-22.370426],[-48.380651,-22.371416],[-48.377912,-22.375436],[-48.375501,-22.377888],[-48.376209,-22.378489]]}},{"type":"Feature","properties":{"id_backbone":"BB-268B1ED61258","trecho":"DNA.EA-DNA.RD","cluster":"BAURU","cabo":"F-0113-00","capacidade":"12","extensao_km":6.401,"confianca":"ALTA","fonte":"OSRM/OpenStreetMap","ponta_a":"DNA.EA","municipio_a":"DUARTINA","ponta_b":"DNA.RD","municipio_b":"DUARTINA"},"geometry":{"type":"LineString","coordinates":[[-49.408142,-22.414868],[-49.411518,-22.415405],[-49.41263,-22.413814],[-49.412969,-22.413863],[-49.414714,-22.411559],[-49.415847,-22.41085],[-49.419415,-22.41007],[-49.420337,-22.409665],[-49.421329,-22.408554],[-49.424024,-22.40447],[-49.424915,-22.403915],[-49.429114,-22.402377],[-49.429843,-22.401927],[-49.433838,-22.396798],[-49.434567,-22.396331],[-49.436692,-22.395433],[-49.437324,-22.397372],[-49.439875,-22.399795],[-49.441206,-22.401319],[-49.44352,-22.402538],[-49.444598,-22.402794],[-49.44527,-22.402819],[-49.446362,-22.402379],[-49.449145,-22.402652],[-49.449482,-22.402853],[-49.450046,-22.403643],[-49.450878,-22.404147],[-49.453544,-22.404543],[-49.455404,-22.406065]]}},{"type":"Feature","properties":{"id_backbone":"BB-D4999E458970","trecho":"DRA.RB-DRA.RD","cluster":"ARACATUBA","cabo":"F-0010","capacidade":"36","extensao_km":2.124,"confianca":"ALTA","fonte":"OSRM/OpenStreetMap","ponta_a":"DRA.RB","municipio_a":"DRACENA","ponta_b":"DRA.RD","municipio_b":"DRACENA"},"geometry":{"type":"LineString","coordinates":[[-51.532553,-21.488386],[-51.531952,-21.486312],[-51.528731,-21.487122],[-51.528693,-21.487429],[-51.526077,-21.488309],[-51.522972,-21.481453],[-51.519249,-21.480834]]}},{"type":"Feature","properties":{"id_backbone":"BB-E8D07C464680","trecho":"EBG.CO-EBG.EG","cluster":"OSASCO","cabo":"F-0545","capacidade":"24","extensao_km":7.354,"confianca":"ALTA","fonte":"OSRM/OpenStreetMap","ponta_a":"EBG.CO","municipio_a":"EMBU-GUACU","ponta_b":"EBG.EG","municipio_b":"EMBU-GUACU"},"geometry":{"type":"LineString","coordinates":[[-46.7943,-23.879907],[-46.794372,-23.879225],[-46.794096,-23.878763],[-46.792876,-23.877756],[-46.792385,-23.876045],[-46.792404,-23.874749],[-46.791941,-23.872781],[-46.790533,-23.871279],[-46.790374,-23.870335],[-46.789334,-23.868575],[-46.788904,-23.867275],[-46.78894,-23.866883],[-46.789424,-23.866027],[-46.788631,-23.86541],[-46.789558,-23.86429],[-46.791078,-23.861453],[-46.792173,-23.860871],[-46.794155,-23.860567],[-46.794555,-23.859962],[-46.796618,-23.858027],[-46.798251,-23.8561],[-46.798545,-23.854962],[-46.799632,-23.853565],[-46.799457,-23.852459],[-46.79997,-23.851181],[-46.801962,-23.849174],[-46.802418,-23.84838],[-46.803257,-23.841055],[-46.807582,-23.832616],[-46.808516,-23.831896],[-46.812069,-23.830638],[-46.813923,-23.8278],[-46.814629,-23.828288],[-46.814975,-23.829609],[-46.814592,-23.829861]]}},{"type":"Feature","properties":{"id_backbone":"BB-EA2D99E5D189","trecho":"EBG.EG-ICS.CM","cluster":"OSASCO","cabo":null,"capacidade":"72","extensao_km":11.344,"confianca":"SEM_REFERENCIA","fonte":"OSRM/OpenStreetMap","ponta_a":"EBG.EG","municipio_a":"EMBU-GUACU","ponta_b":"ICS.CM","municipio_b":"ITAPECERICA DA SERRA"},"geometry":{"type":"LineString","coordinates":[[-46.814592,-23.829861],[-46.814975,-23.829609],[-46.815323,-23.830232],[-46.816412,-23.829706],[-46.815197,-23.827247],[-46.814399,-23.827119],[-46.815579,-23.825404],[-46.816833,-23.824896],[-46.817134,-23.824596],[-46.8173,-23.822708],[-46.817953,-23.821221],[-46.818752,-23.818596],[-46.818589,-23.816134],[-46.819161,-23.814508],[-46.818855,-23.812386],[-46.819158,-23.811784],[-46.819722,-23.811578],[-46.820272,-23.810929],[-46.820863,-23.809104],[-46.820846,-23.808613],[-46.820085,-23.806091],[-46.820163,-23.804872],[-46.820591,-23.804469],[-46.822878,-23.804177],[-46.823378,-23.803893],[-46.824149,-23.803076],[-46.824396,-23.802304],[-46.824885,-23.801616],[-46.824912,-23.801243],[-46.8246,-23.800837],[-46.82218,-23.798951],[-46.820873,-23.797553],[-46.820379,-23.797701],[-46.819511,-23.798737],[-46.818829,-23.798835],[-46.816901,-23.798081],[-46.815229,-23.796763],[-46.812341,-23.795446],[-46.811988,-23.794895],[-46.811926,-23.794424],[-46.812828,-23.793003],[-46.81293,-23.792453],[-46.810722,-23.786161],[-46.809301,-23.784334],[-46.809417,-23.783114],[-46.809305,-23.782401],[-46.807817,-23.780935],[-46.807351,-23.780101],[-46.805309,-23.778839],[-46.804519,-23.778123],[-46.800702,-23.772198],[-46.798447,-23.770572],[-46.798268,-23.768715],[-46.799387,-23.766575],[-46.798425,-23.765948],[-46.798079,-23.765493],[-46.798754,-23.762561],[-46.799006,-23.76203],[-46.798675,-23.758401],[-46.796006,-23.756318],[-46.793746,-23.755477],[-46.793521,-23.755743],[-46.791548,-23.756625]]}},{"type":"Feature","properties":{"id_backbone":"BB-CC4986E402CD","trecho":"EFO.DF-IDU.DP","cluster":"CAMPINAS","cabo":"F-0174","capacidade":"12","extensao_km":21.233,"confianca":"SEM_REFERENCIA","fonte":"OSRM/OpenStreetMap","ponta_a":"EFO.DF","municipio_a":"ELIAS FAUSTO","ponta_b":"IDU.DP","municipio_b":"INDAIATUBA"},"geometry":{"type":"LineString","coordinates":[[-47.374947,-23.043174],[-47.374812,-23.043409],[-47.372114,-23.042096],[-47.371632,-23.042941],[-47.371136,-23.043101],[-47.370434,-23.042858],[-47.369914,-23.043543],[-47.367142,-23.043829],[-47.36438,-23.044336],[-47.359726,-23.044765],[-47.358886,-23.044514],[-47.358286,-23.043972],[-47.357434,-23.040781],[-47.357092,-23.040292],[-47.356261,-23.039843],[-47.341574,-23.036696],[-47.332723,-23.036222],[-47.320093,-23.043414],[-47.318822,-23.045384],[-47.318322,-23.046479],[-47.318109,-23.047598],[-47.318079,-23.049765],[-47.317788,-23.052546],[-47.317371,-23.053603],[-47.316643,-23.054209],[-47.313403,-23.055877],[-47.30795,-23.060044],[-47.30714,-23.060426],[-47.297593,-23.061],[-47.296615,-23.061234],[-47.295021,-23.061994],[-47.292185,-23.064806],[-47.290814,-23.065391],[-47.286358,-23.064975],[-47.281055,-23.061117],[-47.280252,-23.060772],[-47.279041,-23.060608],[-47.268956,-23.062675],[-47.265525,-23.062527],[-47.264405,-23.062705],[-47.260458,-23.063671],[-47.255408,-23.065382],[-47.250347,-23.065672],[-47.248483,-23.066787],[-47.246722,-23.067022],[-47.245532,-23.066903],[-47.245157,-23.067085],[-47.243157,-23.068903],[-47.240937,-23.070083],[-47.23958,-23.071846],[-47.238109,-23.0728],[-47.235593,-23.074027],[-47.236946,-23.076581],[-47.237478,-23.079146],[-47.238091,-23.082575],[-47.238068,-23.085923],[-47.23822,-23.086249],[-47.238115,-23.086437],[-47.2375,-23.086326],[-47.229307,-23.086287],[-47.227899,-23.086391],[-47.220006,-23.089795],[-47.219149,-23.088213],[-47.217404,-23.08908],[-47.215429,-23.085325]]}},{"type":"Feature","properties":{"id_backbone":"BB-B72F7D863D55","trecho":"EHP.CR-PTK.JS","cluster":"ARACATUBA","cabo":"TR-0128","capacidade":"36","extensao_km":46.313,"confianca":"SEM_REFERENCIA","fonte":"OSRM/OpenStreetMap","ponta_a":"EHP.CR","municipio_a":"ECHAPORA","ponta_b":"PTK.JS","municipio_b":"PLATINA"},"geometry":{"type":"LineString","coordinates":[[-50.20061,-22.428203],[-50.208337,-22.430618],[-50.209087,-22.430603],[-50.209461,-22.430429],[-50.209405,-22.428903],[-50.208394,-22.424765],[-50.207739,-22.422622],[-50.207133,-22.421813],[-50.207184,-22.421488],[-50.207468,-22.421243],[-50.208116,-22.421367],[-50.208249,-22.421696],[-50.208158,-22.422868],[-50.209872,-22.430428],[-50.210929,-22.433537],[-50.212409,-22.436554],[-50.215422,-22.440748],[-50.21581,-22.441577],[-50.216258,-22.449636],[-50.216451,-22.450915],[-50.217392,-22.453547],[-50.218888,-22.455762],[-50.351251,-22.586636],[-50.353979,-22.589279],[-50.355029,-22.589912],[-50.355387,-22.58998],[-50.355714,-22.589841],[-50.355948,-22.590094],[-50.355799,-22.59035],[-50.355336,-22.590418],[-50.354942,-22.590763],[-50.354633,-22.590824],[-50.353051,-22.589659],[-50.352075,-22.590153],[-50.349648,-22.592466],[-50.348676,-22.593523],[-50.346699,-22.596263],[-50.340595,-22.60494],[-50.34017,-22.605832],[-50.336225,-22.6102],[-50.331584,-22.613714],[-50.329753,-22.614285],[-50.327721,-22.616007],[-50.32549,-22.617261],[-50.323852,-22.617932],[-50.320863,-22.619897],[-50.320387,-22.620438],[-50.318888,-22.62325],[-50.317777,-22.628628],[-50.318221,-22.631308],[-50.31915,-22.634792],[-50.319382,-22.636631],[-50.319933,-22.637883],[-50.319386,-22.639197],[-50.319395,-22.639806],[-50.253772,-22.633416],[-50.224655,-22.630358],[-50.211444,-22.629194],[-50.210568,-22.629194],[-50.209986,-22.629387],[-50.205673,-22.632466],[-50.204314,-22.63079]]}},{"type":"Feature","properties":{"id_backbone":"BB-A306048D38A5","trecho":"EMB.PI-TBS.TK","cluster":"OSASCO","cabo":"F-1129","capacidade":"72","extensao_km":7.074,"confianca":"BAIXA","fonte":"OSRM/OpenStreetMap","ponta_a":"EMB.PI","municipio_a":"EMBU","ponta_b":"TBS.TK","municipio_b":"TABOAO DA SERRA"},"geometry":{"type":"LineString","coordinates":[[-46.808263,-23.663244],[-46.808761,-23.663061],[-46.80998,-23.664357],[-46.810994,-23.664204],[-46.811407,-23.664923],[-46.812091,-23.665536],[-46.812691,-23.664932],[-46.81342,-23.664568],[-46.814894,-23.6629],[-46.815684,-23.662333],[-46.815689,-23.661159],[-46.815053,-23.658537],[-46.815083,-23.65772],[-46.814514,-23.656251],[-46.815367,-23.654998],[-46.814865,-23.651874],[-46.814801,-23.650064],[-46.81452,-23.64883],[-46.814614,-23.64791],[-46.812524,-23.645843],[-46.811671,-23.645226],[-46.809622,-23.64414],[-46.808897,-23.643928],[-46.808461,-23.643991],[-46.807302,-23.643564],[-46.804364,-23.641677],[-46.804182,-23.641229],[-46.804531,-23.641085],[-46.804012,-23.639341],[-46.802348,-23.637718],[-46.800807,-23.63712],[-46.800275,-23.636751],[-46.798822,-23.636641],[-46.79704,-23.635778],[-46.797157,-23.635424],[-46.796262,-23.635119],[-46.79569,-23.634675],[-46.79499,-23.633817],[-46.795837,-23.633103],[-46.796652,-23.631588],[-46.797382,-23.63083],[-46.797594,-23.630404],[-46.797505,-23.629866],[-46.796028,-23.628874],[-46.794811,-23.629106],[-46.792454,-23.628779],[-46.79201,-23.628471],[-46.791472,-23.627323],[-46.789909,-23.626922],[-46.789172,-23.626316],[-46.789441,-23.626053]]}},{"type":"Feature","properties":{"id_backbone":"BB-9D8931D4797D","trecho":"ENBA.EA-MOZ.RT","cluster":"SAO JOSE DO RIO PRETO","cabo":"TR-0082","capacidade":"36","extensao_km":11.152,"confianca":"ALTA","fonte":"OSRM/OpenStreetMap","ponta_a":"ENBA.EA","municipio_a":"MONTE APRAZIVEL","ponta_b":"MOZ.RT","municipio_b":"MONTE APRAZIVEL"},"geometry":{"type":"LineString","coordinates":[[-49.689303,-20.684393],[-49.689317,-20.684582],[-49.690276,-20.684527],[-49.69059,-20.685728],[-49.689944,-20.686964],[-49.692328,-20.689317],[-49.693195,-20.690397],[-49.694373,-20.692558],[-49.694896,-20.694204],[-49.699283,-20.73269],[-49.699429,-20.734293],[-49.699108,-20.736724],[-49.698582,-20.738249],[-49.697944,-20.739495],[-49.695954,-20.742281],[-49.695594,-20.74386],[-49.69577,-20.745243],[-49.69657,-20.746763],[-49.699089,-20.748971],[-49.700211,-20.750165],[-49.705887,-20.757708],[-49.706294,-20.758048],[-49.706312,-20.758525],[-49.708533,-20.765148],[-49.710274,-20.768156],[-49.711509,-20.768017],[-49.712474,-20.775233],[-49.712922,-20.775188]]}},{"type":"Feature","properties":{"id_backbone":"BB-C409BEB9F0AA","trecho":"ESE.RB-MIO.SS","cluster":"SAO JOSE DO RIO PRETO","cabo":"F-0086","capacidade":"6","extensao_km":32.572,"confianca":"ALTA","fonte":"OSRM/OpenStreetMap","ponta_a":"ESE.RB","municipio_a":"ESTRELA D'OESTE","ponta_b":"MIO.SS","municipio_b":"MERIDIANO"},"geometry":{"type":"LineString","coordinates":[[-50.399141,-20.284854],[-50.399295,-20.285169],[-50.400966,-20.284437],[-50.400589,-20.283609],[-50.401498,-20.28075],[-50.402121,-20.277517],[-50.402691,-20.276025],[-50.402535,-20.275527],[-50.397138,-20.27416],[-50.386107,-20.270142],[-50.383487,-20.269542],[-50.380959,-20.269257],[-50.235253,-20.273092],[-50.232148,-20.273244],[-50.230494,-20.273612],[-50.228587,-20.274369],[-50.226571,-20.275731],[-50.17557,-20.319834],[-50.171978,-20.322432],[-50.16949,-20.323993],[-50.162743,-20.327566],[-50.160413,-20.329014],[-50.160283,-20.329807],[-50.160383,-20.330188],[-50.165995,-20.342901],[-50.173156,-20.355726],[-50.173219,-20.356029],[-50.17251,-20.3561],[-50.17274,-20.358027],[-50.173022,-20.357999]]}},{"type":"Feature","properties":{"id_backbone":"BB-2F1ADE2C9DD7","trecho":"ESP.JB-SDJ.MR","cluster":"CAMPINAS","cabo":"F-0169","capacidade":"12","extensao_km":12.305,"confianca":"SEM_REFERENCIA","fonte":"OSRM/OpenStreetMap","ponta_a":"ESP.JB","municipio_a":"ESPIRITO SANTO DO PINHAL","ponta_b":"SDJ.MR","municipio_b":"SANTO ANTONIO DO JARDIM"},"geometry":{"type":"LineString","coordinates":[[-46.746841,-22.194523],[-46.747881,-22.190648],[-46.747269,-22.190504],[-46.747437,-22.189864],[-46.745688,-22.186649],[-46.745459,-22.184569],[-46.74419,-22.181688],[-46.744239,-22.181129],[-46.746526,-22.17526],[-46.744783,-22.172196],[-46.740302,-22.16817],[-46.739601,-22.167733],[-46.738181,-22.166264],[-46.737048,-22.165511],[-46.735606,-22.163981],[-46.733217,-22.162317],[-46.730998,-22.161112],[-46.729582,-22.160053],[-46.712097,-22.141638],[-46.71007,-22.140449],[-46.704516,-22.138163],[-46.7032,-22.137401],[-46.702121,-22.136303],[-46.70088,-22.134668],[-46.700032,-22.133912],[-46.696011,-22.131771],[-46.688487,-22.124961],[-46.685617,-22.122943],[-46.684288,-22.122222],[-46.684279,-22.122059],[-46.684718,-22.121776],[-46.684867,-22.121416],[-46.683134,-22.113052],[-46.682145,-22.113224]]}},{"type":"Feature","properties":{"id_backbone":"BB-BB3C2B473120","trecho":"ETVA.ET-MGU.CP","cluster":"CAMPINAS","cabo":"F-0089","capacidade":"36","extensao_km":15.029,"confianca":"SEM_REFERENCIA","fonte":"OSRM/OpenStreetMap","ponta_a":"ETVA.ET","municipio_a":"ESTIVA GERBI","ponta_b":"MGU.CP","municipio_b":"MOGI GUACU"},"geometry":{"type":"LineString","coordinates":[[-46.953123,-22.279638],[-46.953033,-22.279685],[-46.953315,-22.280157],[-46.95622,-22.278641],[-46.956025,-22.278305],[-46.95644,-22.278059],[-46.956585,-22.278746],[-46.958949,-22.283326],[-46.961848,-22.287228],[-46.962426,-22.288224],[-46.963403,-22.289254],[-46.964453,-22.290866],[-46.965434,-22.291678],[-46.970115,-22.294239],[-46.970773,-22.294458],[-46.971082,-22.294066],[-46.970755,-22.293328],[-46.97046,-22.293193],[-46.970217,-22.293273],[-46.969914,-22.293931],[-46.968485,-22.29941],[-46.95657,-22.345683],[-46.95666,-22.347227],[-46.957087,-22.348824],[-46.957801,-22.350245],[-46.958771,-22.3515],[-46.964639,-22.355869],[-46.965411,-22.356076],[-46.966472,-22.355769],[-46.9667,-22.35603],[-46.966061,-22.35651],[-46.965108,-22.357778],[-46.963916,-22.358226],[-46.958792,-22.360788],[-46.95647,-22.364121],[-46.956213,-22.36407],[-46.955156,-22.363101],[-46.954535,-22.362881],[-46.952154,-22.363963],[-46.951464,-22.362063],[-46.945328,-22.362707],[-46.942917,-22.362146],[-46.942333,-22.362151],[-46.940536,-22.361343],[-46.940436,-22.361543],[-46.940647,-22.362886],[-46.940074,-22.365799],[-46.941813,-22.366586],[-46.942265,-22.36738],[-46.942226,-22.367805]]}},{"type":"Feature","properties":{"id_backbone":"BB-BB2B16EAD03F","trecho":"FAT.RP-FCR.SS","cluster":"JUNDIAI","cabo":null,"capacidade":"144","extensao_km":10.015,"confianca":"BAIXA","fonte":"OSRM/OpenStreetMap","ponta_a":"FAT.RP","municipio_a":"FRANCISCO MORATO","ponta_b":"FCR.SS","municipio_b":"FRANCO DA ROCHA"},"geometry":{"type":"LineString","coordinates":[[-46.744766,-23.280872],[-46.744604,-23.280952],[-46.744937,-23.281482],[-46.746463,-23.282113],[-46.747417,-23.283147],[-46.748556,-23.283998],[-46.749873,-23.285684],[-46.750275,-23.286726],[-46.749605,-23.287702],[-46.749377,-23.288969],[-46.748722,-23.290613],[-46.746997,-23.292728],[-46.74679,-23.293869],[-46.746315,-23.294945],[-46.745184,-23.296295],[-46.745277,-23.29662],[-46.746608,-23.298215],[-46.748016,-23.299081],[-46.748146,-23.299371],[-46.74798,-23.300522],[-46.747656,-23.300719],[-46.745796,-23.300822],[-46.743629,-23.301895],[-46.743892,-23.303656],[-46.743751,-23.303943],[-46.741027,-23.306208],[-46.740522,-23.306047],[-46.740007,-23.304699],[-46.73934,-23.303939],[-46.736302,-23.305562],[-46.734886,-23.307069],[-46.733907,-23.308428],[-46.731786,-23.309666],[-46.731593,-23.311069],[-46.729639,-23.311778],[-46.729484,-23.312049],[-46.729483,-23.313023],[-46.729083,-23.313394],[-46.728012,-23.313553],[-46.725395,-23.311695],[-46.723929,-23.311071],[-46.723235,-23.312052],[-46.722542,-23.311496],[-46.721261,-23.31224],[-46.720754,-23.312785],[-46.719389,-23.311027],[-46.719108,-23.310878],[-46.718651,-23.310926],[-46.718821,-23.312534],[-46.718285,-23.312865],[-46.718448,-23.31383],[-46.719201,-23.314448],[-46.719182,-23.314957],[-46.719545,-23.315299],[-46.720311,-23.316699],[-46.720384,-23.316963],[-46.720211,-23.317544],[-46.721179,-23.317815],[-46.721993,-23.319015],[-46.721819,-23.320187],[-46.720931,-23.320941],[-46.720503,-23.321588],[-46.720496,-23.321849],[-46.720614,-23.322047],[-46.721336,-23.32209],[-46.722537,-23.321873],[-46.722863,-23.322138],[-46.722966,-23.323686],[-46.722419,-23.323637],[-46.722348,-23.323909],[-46.722808,-23.324564],[-46.72358,-23.324948],[-46.724214,-23.325661],[-46.724188,-23.327432],[-46.724426,-23.327895],[-46.72493,-23.327657],[-46.725526,-23.328948],[-46.724714,-23.329243]]}},{"type":"Feature","properties":{"id_backbone":"BB-548D55A2E83E","trecho":"FLL.NI-NHA.RR","cluster":"SAO JOSE DO RIO PRETO","cabo":"F-0007","capacidade":"12","extensao_km":13.906,"confianca":"ALTA","fonte":"OSRM/OpenStreetMap","ponta_a":"FLL.NI","municipio_a":"FLOREAL","ponta_b":"NHA.RR","municipio_b":"NHANDEARA"},"geometry":{"type":"LineString","coordinates":[[-50.145094,-20.677107],[-50.145312,-20.677711],[-50.146359,-20.677356],[-50.147316,-20.679892],[-50.147505,-20.680075],[-50.147837,-20.680221],[-50.148918,-20.679765],[-50.149096,-20.679851],[-50.149093,-20.680038],[-50.147651,-20.680671],[-50.145961,-20.681083],[-50.142697,-20.680896],[-50.133689,-20.678952],[-50.131172,-20.678189],[-50.113817,-20.67419],[-50.107512,-20.672905],[-50.092305,-20.6719],[-50.089474,-20.6719],[-50.087674,-20.672113],[-50.075287,-20.675228],[-50.072218,-20.676495],[-50.069539,-20.678422],[-50.061703,-20.686953],[-50.059582,-20.688854],[-50.053602,-20.692443],[-50.052213,-20.6936],[-50.050191,-20.694745],[-50.048542,-20.695366],[-50.044687,-20.697874],[-50.042973,-20.698742],[-50.040502,-20.692985],[-50.037734,-20.694075]]}},{"type":"Feature","properties":{"id_backbone":"BB-F98A114E3D22","trecho":"FND.GS-FND.RD","cluster":"SAO JOSE DO RIO PRETO","cabo":"F-0002","capacidade":"36","extensao_km":2.619,"confianca":"BAIXA","fonte":"OSRM/OpenStreetMap","ponta_a":"FND.GS","municipio_a":"FERNANDOPOLIS","ponta_b":"FND.RD","municipio_b":"FERNANDOPOLIS"},"geometry":{"type":"LineString","coordinates":[[-50.24961,-20.283553],[-50.249885,-20.283404],[-50.249421,-20.282607],[-50.24683,-20.283956],[-50.246028,-20.288108],[-50.24668,-20.289348],[-50.243785,-20.29092],[-50.242898,-20.293742],[-50.242926,-20.294268],[-50.240747,-20.295078],[-50.24039,-20.29538],[-50.240125,-20.298883],[-50.240519,-20.299467],[-50.240879,-20.299191]]}},{"type":"Feature","properties":{"id_backbone":"BB-23E7E9B68482","trecho":"GAA.AF-GAR.RB","cluster":"BAURU","cabo":"F-0001","capacidade":"36","extensao_km":21.022,"confianca":"ALTA","fonte":"OSRM/OpenStreetMap","ponta_a":"GAA.AF","municipio_a":"GALIA","ponta_b":"GAR.RB","municipio_b":"GARCA"},"geometry":{"type":"LineString","coordinates":[[-49.551423,-22.291987],[-49.5486,-22.295392],[-49.54523,-22.292979],[-49.543654,-22.292051],[-49.54153,-22.290148],[-49.540952,-22.289126],[-49.530074,-22.262418],[-49.529604,-22.261363],[-49.529234,-22.260999],[-49.529285,-22.260535],[-49.528711,-22.259911],[-49.528793,-22.259667],[-49.530359,-22.259658],[-49.532887,-22.258851],[-49.591088,-22.236299],[-49.592789,-22.235801],[-49.596414,-22.235369],[-49.598539,-22.2354],[-49.60063,-22.235633],[-49.627393,-22.241306],[-49.628554,-22.241374],[-49.631687,-22.240931],[-49.642581,-22.237695],[-49.643137,-22.237345],[-49.643659,-22.236597],[-49.643769,-22.235481],[-49.644093,-22.234802],[-49.649137,-22.227747],[-49.650698,-22.225668],[-49.651529,-22.224838],[-49.653596,-22.221967],[-49.653733,-22.214898],[-49.655462,-22.213228],[-49.654856,-22.209778],[-49.654602,-22.209814]]}},{"type":"Feature","properties":{"id_backbone":"BB-3EB78C18202B","trecho":"GAR.RB-GAR.RD","cluster":"BAURU","cabo":"F-0312","capacidade":"24","extensao_km":0.422,"confianca":"SEM_REFERENCIA","fonte":"OSRM/OpenStreetMap","ponta_a":"GAR.RB","municipio_a":"GARCA","ponta_b":"GAR.RD","municipio_b":"GARCA"},"geometry":{"type":"LineString","coordinates":[[-49.654602,-22.209814],[-49.653941,-22.209907],[-49.654378,-22.212452],[-49.655026,-22.212363]]}},{"type":"Feature","properties":{"id_backbone":"BB-96EBCEB8D1A1","trecho":"GBT.RF-PCT.GT","cluster":"ARACATUBA","cabo":"F-0031","capacidade":"6","extensao_km":8.766,"confianca":"ALTA","fonte":"OSRM/OpenStreetMap","ponta_a":"GBT.RF","municipio_a":"GABRIEL MONTEIRO","ponta_b":"PCT.GT","municipio_b":"PIACATU"},"geometry":{"type":"LineString","coordinates":[[-50.55419,-21.53114],[-50.554114,-21.530959],[-50.556958,-21.52982],[-50.562026,-21.534802],[-50.563056,-21.536016],[-50.576769,-21.559597],[-50.586237,-21.571027],[-50.595127,-21.585977],[-50.595594,-21.58642],[-50.595702,-21.586963],[-50.598754,-21.592266],[-50.599156,-21.593243],[-50.598394,-21.593554],[-50.598464,-21.593714]]}},{"type":"Feature","properties":{"id_backbone":"BB-2BBAE25B8F5D","trecho":"GIC.RT-PMO.NJ","cluster":"BAURU","cabo":"F-0384","capacidade":"72","extensao_km":12.779,"confianca":"SEM_REFERENCIA","fonte":"OSRM/OpenStreetMap","ponta_a":"GIC.RT","municipio_a":"GUAICARA","ponta_b":"PMO.NJ","municipio_b":"PROMISSAO"},"geometry":{"type":"LineString","coordinates":[[-49.799011,-21.625296],[-49.797093,-21.620951],[-49.799836,-21.619883],[-49.799491,-21.619023],[-49.799667,-21.618537],[-49.801931,-21.617375],[-49.803182,-21.61591],[-49.806379,-21.614375],[-49.806763,-21.614023],[-49.806923,-21.613561],[-49.806604,-21.6122],[-49.806668,-21.611343],[-49.810434,-21.605976],[-49.843579,-21.561508],[-49.846879,-21.55697],[-49.847339,-21.555613],[-49.848925,-21.553836],[-49.849586,-21.553617],[-49.851848,-21.551979],[-49.852373,-21.551389],[-49.853472,-21.548887],[-49.850135,-21.546283],[-49.860745,-21.53529]]}},{"type":"Feature","properties":{"id_backbone":"BB-1C721C4412A8","trecho":"GPI.TP-SRR.RD","cluster":"SAO JOSE DO RIO PRETO","cabo":"F-0026","capacidade":"12","extensao_km":22.837,"confianca":"SEM_REFERENCIA","fonte":"OSRM/OpenStreetMap","ponta_a":"GPI.TP","municipio_a":"GUAPIACU","ponta_b":"SRR.RD","municipio_b":"SAO JOSE DO RIO PRETO"},"geometry":{"type":"LineString","coordinates":[[-49.224641,-20.794402],[-49.229979,-20.794794],[-49.232118,-20.793151],[-49.235917,-20.792684],[-49.236367,-20.789159],[-49.237386,-20.788939],[-49.239585,-20.787267],[-49.242371,-20.787894],[-49.244005,-20.787464],[-49.245357,-20.786867],[-49.24843,-20.787388],[-49.251078,-20.787065],[-49.252585,-20.787189],[-49.253268,-20.787078],[-49.257532,-20.784004],[-49.258743,-20.783347],[-49.259785,-20.78179],[-49.262359,-20.782541],[-49.262579,-20.781757],[-49.266283,-20.783039],[-49.301163,-20.791729],[-49.333765,-20.799611],[-49.337191,-20.800175],[-49.356202,-20.802535],[-49.35646,-20.802416],[-49.356532,-20.8022],[-49.356018,-20.801637],[-49.355716,-20.801737],[-49.35564,-20.802077],[-49.358037,-20.823725],[-49.358331,-20.825028],[-49.358959,-20.826639],[-49.359756,-20.827924],[-49.360596,-20.828844],[-49.361469,-20.829151],[-49.36271,-20.828992],[-49.365118,-20.826852],[-49.366765,-20.825724],[-49.36934,-20.824438],[-49.371364,-20.823853],[-49.373757,-20.82351],[-49.381008,-20.823411],[-49.383097,-20.823076],[-49.38499,-20.823031],[-49.385352,-20.823618],[-49.38693,-20.825213],[-49.38908,-20.827838],[-49.390505,-20.829262],[-49.391913,-20.831756],[-49.392851,-20.834344],[-49.396533,-20.833593],[-49.396575,-20.833747],[-49.395991,-20.833861]]}},{"type":"Feature","properties":{"id_backbone":"BB-0FC0F48D3F96","trecho":"HED.XN-QOS.GG","cluster":"BAURU","cabo":"F-0308-01","capacidade":"12","extensao_km":32.313,"confianca":"ALTA","fonte":"OSRM/OpenStreetMap","ponta_a":"HED.XN","municipio_a":"HERCULANDIA","ponta_b":"QOS.GG","municipio_b":"QUEIROS"},"geometry":{"type":"LineString","coordinates":[[-50.385523,-22.003103],[-50.388336,-21.998838],[-50.389965,-21.99974],[-50.393014,-21.995159],[-50.393381,-21.992907],[-50.395074,-21.990234],[-50.395165,-21.988817],[-50.395046,-21.987173],[-50.395187,-21.986533],[-50.396448,-21.983252],[-50.396648,-21.982283],[-50.39773,-21.980749],[-50.39823,-21.979259],[-50.397258,-21.976038],[-50.396406,-21.967179],[-50.394121,-21.948303],[-50.393786,-21.946961],[-50.375104,-21.916114],[-50.373185,-21.911336],[-50.365421,-21.902607],[-50.37029,-21.898955],[-50.370324,-21.898657],[-50.367574,-21.897729],[-50.36602,-21.896797],[-50.364436,-21.895596],[-50.361161,-21.892782],[-50.358217,-21.888573],[-50.357191,-21.887471],[-50.344959,-21.878421],[-50.34178,-21.876909],[-50.324743,-21.871465],[-50.322919,-21.870644],[-50.320538,-21.869184],[-50.311853,-21.862682],[-50.300869,-21.850537],[-50.299713,-21.849571],[-50.298533,-21.848892],[-50.296134,-21.848117],[-50.280268,-21.846287],[-50.263237,-21.845282],[-50.261627,-21.844843],[-50.259301,-21.843737],[-50.257921,-21.841073],[-50.250526,-21.816654],[-50.248787,-21.81359],[-50.24797,-21.811604],[-50.242759,-21.800833],[-50.242801,-21.800374],[-50.240554,-21.798432],[-50.240388,-21.798589]]}},{"type":"Feature","properties":{"id_backbone":"BB-846C4E5CEDFE","trecho":"HED.XN-QNN.SJ","cluster":"BAURU","cabo":"TR#1535","capacidade":"24 F","extensao_km":14.185,"confianca":"ALTA","fonte":"OSRM/OpenStreetMap","ponta_a":"HED.XN","municipio_a":"HERCULANDIA","ponta_b":"QNN.SJ","municipio_b":"QUINTANA"},"geometry":{"type":"LineString","coordinates":[[-50.385523,-22.003103],[-50.385295,-22.00346],[-50.38708,-22.004462],[-50.386844,-22.007492],[-50.390039,-22.009411],[-50.390965,-22.009523],[-50.391103,-22.009883],[-50.390148,-22.011117],[-50.38146,-22.029248],[-50.380059,-22.031342],[-50.378257,-22.033269],[-50.366958,-22.042289],[-50.364646,-22.043537],[-50.35322,-22.048486],[-50.351488,-22.0497],[-50.350658,-22.050866],[-50.350151,-22.052398],[-50.349933,-22.062103],[-50.349745,-22.063143],[-50.34892,-22.064971],[-50.347507,-22.066528],[-50.346685,-22.06714],[-50.344782,-22.067951],[-50.317564,-22.074224],[-50.31644,-22.074092],[-50.310913,-22.071393],[-50.31037,-22.072314],[-50.304261,-22.069295]]}},{"type":"Feature","properties":{"id_backbone":"BB-E8A93C72DFEC","trecho":"HLBR.HL-ITY.IT","cluster":"BAURU","cabo":"F-0125","capacidade":"12","extensao_km":37.632,"confianca":"SEM_REFERENCIA","fonte":"OSRM/OpenStreetMap","ponta_a":"HLBR.HL","municipio_a":"PARANAPANEMA","ponta_b":"ITY.IT","municipio_b":"ITAI"},"geometry":{"type":"LineString","coordinates":[[-48.876739,-23.431264],[-48.878107,-23.43016],[-48.877631,-23.429655],[-48.877526,-23.429138],[-48.877291,-23.429027],[-48.876845,-23.429071],[-48.876181,-23.42971],[-48.875706,-23.429369],[-48.874302,-23.429151],[-48.870731,-23.431935],[-48.8673,-23.428502],[-48.866809,-23.42848],[-48.866553,-23.428825],[-48.866598,-23.429155],[-48.866811,-23.429345],[-48.867394,-23.429364],[-48.883898,-23.416186],[-48.90708,-23.39622],[-48.908886,-23.394371],[-48.911123,-23.393046],[-48.913474,-23.392008],[-48.916189,-23.391385],[-48.918729,-23.390196],[-48.920132,-23.389061],[-48.922703,-23.386015],[-48.923832,-23.384935],[-48.92522,-23.383807],[-48.926814,-23.382849],[-48.930207,-23.381547],[-48.932574,-23.381097],[-48.934224,-23.380971],[-48.943431,-23.381603],[-48.944439,-23.381526],[-48.948431,-23.381781],[-48.958017,-23.382609],[-48.962463,-23.382817],[-48.966278,-23.383259],[-48.968433,-23.383198],[-48.971578,-23.382268],[-49.001802,-23.370559],[-49.004875,-23.369288],[-49.007518,-23.367823],[-49.018832,-23.359597],[-49.019426,-23.358926],[-49.020811,-23.357887],[-49.022887,-23.356386],[-49.0236,-23.356128],[-49.053562,-23.334325],[-49.056086,-23.33303],[-49.069304,-23.327884],[-49.069542,-23.327704],[-49.069684,-23.327268],[-49.069492,-23.326887],[-49.069028,-23.326741],[-49.068471,-23.327153],[-49.06851,-23.327593],[-49.074822,-23.340685],[-49.075445,-23.342555],[-49.076861,-23.3485],[-49.077467,-23.349894],[-49.080423,-23.355311],[-49.084672,-23.370517],[-49.085336,-23.371801],[-49.086843,-23.373623],[-49.092622,-23.378141],[-49.093642,-23.379502],[-49.094416,-23.381386],[-49.094601,-23.382556],[-49.09457,-23.38389],[-49.09185,-23.407372],[-49.091862,-23.411896],[-49.092199,-23.412832],[-49.092843,-23.413805],[-49.091986,-23.415569],[-49.092164,-23.418594],[-49.091107,-23.418635]]}},{"type":"Feature","properties":{"id_backbone":"BB-648D8F2322EF","trecho":"HORT.HT-HORT.SC","cluster":"CAMPINAS","cabo":"F-0247","capacidade":"36","extensao_km":6.016,"confianca":"ALTA","fonte":"OSRM/OpenStreetMap","ponta_a":"HORT.HT","municipio_a":"HORTOLANDIA","ponta_b":"HORT.SC","municipio_b":"HORTOLANDIA"},"geometry":{"type":"LineString","coordinates":[[-47.215875,-22.86391],[-47.215583,-22.863671],[-47.215489,-22.861907],[-47.216533,-22.861759],[-47.216749,-22.862039],[-47.216536,-22.864994],[-47.212578,-22.865275],[-47.2093,-22.86465],[-47.209278,-22.864817],[-47.205278,-22.867704],[-47.202193,-22.870166],[-47.201773,-22.871386],[-47.198588,-22.877178],[-47.194996,-22.884403],[-47.194238,-22.885494],[-47.189149,-22.895269],[-47.188979,-22.895848],[-47.18914,-22.896417],[-47.189376,-22.896669],[-47.19043,-22.897115],[-47.191176,-22.897082],[-47.192013,-22.897379],[-47.192085,-22.897167]]}},{"type":"Feature","properties":{"id_backbone":"BB-D20E6F1DAAED","trecho":"IAK.CA-TUP.RC","cluster":"BAURU","cabo":"F-0309-03","capacidade":"12","extensao_km":21.934,"confianca":"ALTA","fonte":"OSRM/OpenStreetMap","ponta_a":"IAK.CA","municipio_a":"IACRI","ponta_b":"TUP.RC","municipio_b":"TUPA"},"geometry":{"type":"LineString","coordinates":[[-50.690722,-21.859807],[-50.692307,-21.861639],[-50.691486,-21.86225],[-50.692708,-21.86472],[-50.692897,-21.86491],[-50.693164,-21.864909],[-50.693799,-21.864263],[-50.693708,-21.863985],[-50.693166,-21.864031],[-50.691068,-21.864943],[-50.605842,-21.902466],[-50.602012,-21.904161],[-50.599848,-21.905382],[-50.597647,-21.906084],[-50.585838,-21.911279],[-50.584102,-21.9118],[-50.582936,-21.911866],[-50.573747,-21.910693],[-50.571372,-21.910749],[-50.569854,-21.911093],[-50.546721,-21.919059],[-50.545156,-21.919936],[-50.544067,-21.920822],[-50.53372,-21.931155],[-50.532848,-21.932329],[-50.531879,-21.934746],[-50.531574,-21.934695],[-50.531291,-21.934092],[-50.53054,-21.933563],[-50.530531,-21.932941],[-50.530441,-21.933069],[-50.529763,-21.933142],[-50.529552,-21.932776],[-50.525707,-21.933128],[-50.522977,-21.933401],[-50.520588,-21.935848],[-50.516145,-21.931974],[-50.515664,-21.932444]]}},{"type":"Feature","properties":{"id_backbone":"BB-D71A78639A41","trecho":"IBTA.IU-RAC.HD","cluster":"ARACATUBA","cabo":null,"capacidade":"24","extensao_km":66.484,"confianca":"SEM_REFERENCIA","fonte":"OSRM/OpenStreetMap","ponta_a":"IBTA.IU","municipio_a":"CAIABU","ponta_b":"RAC.HD","municipio_b":"RANCHARIA"},"geometry":{"type":"LineString","coordinates":[[-51.209537,-21.910169],[-51.209664,-21.911756],[-51.209263,-21.911863],[-51.208686,-21.912348],[-51.206579,-21.91314],[-51.208195,-21.91718],[-51.208214,-21.918337],[-51.207839,-21.919481],[-51.207436,-21.920334],[-51.205056,-21.923583],[-51.204561,-21.925788],[-51.203192,-21.929201],[-51.202802,-21.92964],[-51.201459,-21.930537],[-51.201115,-21.93105],[-51.201102,-21.932888],[-51.200708,-21.935401],[-51.200294,-21.936183],[-51.1991,-21.937609],[-51.198925,-21.939674],[-51.196959,-21.942651],[-51.196948,-21.945341],[-51.197315,-21.947047],[-51.199776,-21.951146],[-51.19953,-21.953414],[-51.199843,-21.953964],[-51.201582,-21.955211],[-51.202427,-21.957473],[-51.203361,-21.958914],[-51.20355,-21.959527],[-51.203455,-21.964486],[-51.203188,-21.965101],[-51.199423,-21.970237],[-51.199072,-21.970906],[-51.197715,-21.976426],[-51.197656,-21.979601],[-51.198007,-21.980164],[-51.198742,-21.980569],[-51.200837,-21.98095],[-51.201892,-21.98097],[-51.204569,-21.980462],[-51.207366,-21.97877],[-51.208196,-21.978468],[-51.212297,-21.977527],[-51.213381,-21.977596],[-51.22368,-21.984719],[-51.230431,-21.990396],[-51.231211,-21.991942],[-51.231977,-21.992876],[-51.233612,-21.994222],[-51.235372,-21.997413],[-51.235565,-21.998354],[-51.235504,-21.999137],[-51.233878,-22.001958],[-51.233691,-22.002608],[-51.233785,-22.003374],[-51.234744,-22.005908],[-51.234753,-22.010228],[-51.238567,-22.018792],[-51.239608,-22.019948],[-51.24044,-22.021399],[-51.24078,-22.022607],[-51.241212,-22.026636],[-51.241025,-22.0283],[-51.240309,-22.031007],[-51.239309,-22.034483],[-51.238705,-22.035683],[-51.223573,-22.055068],[-51.220596,-22.059525],[-51.219436,-22.060589],[-51.218417,-22.061166],[-51.210349,-22.063699],[-51.208998,-22.064351],[-51.208235,-22.064878],[-51.20573,-22.067231],[-51.205042,-22.067993],[-51.204395,-22.069187],[-51.204048,-22.071117],[-51.204326,-22.072619],[-51.209933,-22.086757],[-51.213101,-22.092445],[-51.213488,-22.093589],[-51.213495,-22.095064],[-51.213169,-22.096107],[-51.212597,-22.097043],[-51.210786,-22.099027],[-51.210299,-22.100108],[-51.210152,-22.100876],[-51.210277,-22.102414],[-51.212713,-22.108936],[-51.21276,-22.110112],[-51.212581,-22.111036],[-51.211634,-22.112679],[-51.194291,-22.129357],[-51.193678,-22.129975],[-51.193147,-22.130842],[-51.192648,-22.13103],[-51.192181,-22.132045],[-51.191913,-22.131976],[-51.191836,-22.131512],[-51.191451,-22.131137],[-51.190401,-22.130666],[-51.185167,-22.129302],[-51.183088,-22.128445],[-51.181889,-22.127759],[-51.178245,-22.125123],[-51.177664,-22.12511],[-51.176636,-22.125516],[-51.115463,-22.169676],[-51.017123,-22.220681],[-51.000588,-22.229214],[-50.999297,-22.229743],[-50.997354,-22.230145],[-50.925981,-22.233095],[-50.913994,-22.235024],[-50.912345,-22.235425],[-50.911669,-22.235967],[-50.91109,-22.23612],[-50.910786,-22.236476],[-50.910121,-22.236202],[-50.908681,-22.236356],[-50.908385,-22.235642],[-50.907194,-22.235127],[-50.90701,-22.234902],[-50.893151,-22.229753],[-50.892781,-22.230569],[-50.892141,-22.230346]]}},{"type":"Feature","properties":{"id_backbone":"BB-71530658CBA0","trecho":"ICS.CM-ICS.IS","cluster":"OSASCO","cabo":null,"capacidade":"78","extensao_km":11.21,"confianca":"MEDIA","fonte":"OSRM/OpenStreetMap","ponta_a":"ICS.CM","municipio_a":"ITAPECERICA DA SERRA","ponta_b":"ICS.IS","municipio_b":"ITAPECERICA DA SERRA"},"geometry":{"type":"LineString","coordinates":[[-46.791548,-23.756625],[-46.793521,-23.755743],[-46.793746,-23.755477],[-46.793344,-23.754677],[-46.79206,-23.755092],[-46.789982,-23.754508],[-46.789177,-23.754054],[-46.789383,-23.753181],[-46.788698,-23.751415],[-46.788877,-23.74994],[-46.790302,-23.747795],[-46.791053,-23.747445],[-46.792778,-23.746153],[-46.793917,-23.742438],[-46.793725,-23.740859],[-46.794438,-23.740328],[-46.794888,-23.739628],[-46.794821,-23.739496],[-46.795971,-23.73877],[-46.79608,-23.738438],[-46.798274,-23.737787],[-46.799121,-23.736659],[-46.799974,-23.736281],[-46.800406,-23.735746],[-46.802208,-23.734729],[-46.802733,-23.734103],[-46.803231,-23.732959],[-46.803302,-23.732204],[-46.804273,-23.730505],[-46.804818,-23.729872],[-46.80566,-23.72924],[-46.806158,-23.72814],[-46.806634,-23.727634],[-46.806452,-23.727042],[-46.806658,-23.726214],[-46.806019,-23.724982],[-46.805784,-23.723127],[-46.805435,-23.72294],[-46.804752,-23.723274],[-46.804195,-23.722968],[-46.806499,-23.722249],[-46.809974,-23.72067],[-46.810423,-23.720244],[-46.811532,-23.718202],[-46.812806,-23.717283],[-46.815348,-23.716192],[-46.816491,-23.716216],[-46.819652,-23.716826],[-46.820249,-23.717478],[-46.821199,-23.719036],[-46.823012,-23.720877],[-46.82393,-23.721231],[-46.829005,-23.722341],[-46.832844,-23.721042],[-46.835079,-23.720767],[-46.837671,-23.720526],[-46.840936,-23.720497],[-46.842365,-23.720281],[-46.843764,-23.720699],[-46.844767,-23.719823],[-46.844998,-23.718404],[-46.846724,-23.719092],[-46.847838,-23.718274],[-46.848742,-23.716871],[-46.849551,-23.716374],[-46.849813,-23.716276],[-46.849877,-23.716413],[-46.85101,-23.71593],[-46.850541,-23.714767],[-46.849981,-23.714953]]}},{"type":"Feature","properties":{"id_backbone":"BB-B057C8D20161","trecho":"IDI.CW-MPO.PJ","cluster":"ARACATUBA","cabo":"F-0111","capacidade":"18","extensao_km":12.688,"confianca":"MEDIA","fonte":"OSRM/OpenStreetMap","ponta_a":"IDI.CW","municipio_a":"INDIANA","ponta_b":"MPO.PJ","municipio_b":"MARTINOPOLIS"},"geometry":{"type":"LineString","coordinates":[[-51.253598,-22.176395],[-51.253805,-22.175841],[-51.250615,-22.174753],[-51.250005,-22.173277],[-51.249247,-22.169621],[-51.250749,-22.163881],[-51.251525,-22.148564],[-51.251495,-22.148024],[-51.251276,-22.14795],[-51.25113,-22.147604],[-51.24778,-22.146431],[-51.194532,-22.131805],[-51.193303,-22.131657],[-51.192719,-22.131707],[-51.192181,-22.132045],[-51.191318,-22.132237],[-51.177398,-22.145699],[-51.172268,-22.14376],[-51.17192,-22.144515],[-51.171763,-22.144456]]}},{"type":"Feature","properties":{"id_backbone":"BB-F36D20F4EEDE","trecho":"IDU.DP-SLO.ST","cluster":"CAMPINAS","cabo":"F-0466","capacidade":"12","extensao_km":20.877,"confianca":"SEM_REFERENCIA","fonte":"OSRM/OpenStreetMap","ponta_a":"IDU.DP","municipio_a":"INDAIATUBA","ponta_b":"SLO.ST","municipio_b":"SALTO"},"geometry":{"type":"LineString","coordinates":[[-47.215429,-23.085325],[-47.214547,-23.083655],[-47.210404,-23.085635],[-47.214639,-23.093739],[-47.214489,-23.094613],[-47.213731,-23.096285],[-47.212377,-23.101136],[-47.21233,-23.101804],[-47.21034,-23.109977],[-47.210384,-23.110973],[-47.210826,-23.111451],[-47.212325,-23.112281],[-47.21212,-23.112492],[-47.212087,-23.112853],[-47.213714,-23.114342],[-47.24804,-23.141947],[-47.256088,-23.151724],[-47.264035,-23.161735],[-47.265212,-23.163669],[-47.267505,-23.168332],[-47.272365,-23.176148],[-47.274085,-23.177701],[-47.274739,-23.177903],[-47.276361,-23.178011],[-47.277323,-23.178667],[-47.277595,-23.179242],[-47.277631,-23.179747],[-47.276605,-23.181883],[-47.276541,-23.182576],[-47.276773,-23.183132],[-47.280466,-23.189269],[-47.283797,-23.19259],[-47.286344,-23.195721],[-47.287745,-23.199448],[-47.294184,-23.208072],[-47.294154,-23.209468],[-47.295728,-23.210673],[-47.296316,-23.212029],[-47.296676,-23.212412],[-47.296626,-23.212886],[-47.297671,-23.215315],[-47.299658,-23.219223],[-47.299385,-23.21938],[-47.299051,-23.218821],[-47.298679,-23.217474],[-47.29643,-23.212804],[-47.295579,-23.213782],[-47.295054,-23.215175],[-47.293641,-23.215838],[-47.294202,-23.217242],[-47.294133,-23.217794],[-47.293723,-23.218201]]}},{"type":"Feature","properties":{"id_backbone":"BB-C3F6650E20B9","trecho":"IDU.DP-MOR.JF","cluster":"CAMPINAS","cabo":"F-0093","capacidade":"12","extensao_km":22.512,"confianca":"SEM_REFERENCIA","fonte":"OSRM/OpenStreetMap","ponta_a":"IDU.DP","municipio_a":"INDAIATUBA","ponta_b":"MOR.JF","municipio_b":"MONTE MOR"},"geometry":{"type":"LineString","coordinates":[[-47.215429,-23.085325],[-47.21333,-23.081389],[-47.212574,-23.07952],[-47.212153,-23.07925],[-47.212405,-23.07869],[-47.212496,-23.077249],[-47.212701,-23.076832],[-47.214818,-23.074562],[-47.215714,-23.073173],[-47.216331,-23.071476],[-47.218234,-23.068684],[-47.218428,-23.068675],[-47.219491,-23.067421],[-47.220453,-23.066046],[-47.2209,-23.064133],[-47.2207,-23.062757],[-47.220465,-23.062352],[-47.220976,-23.062122],[-47.22192,-23.06114],[-47.223563,-23.058446],[-47.226526,-23.057943],[-47.228357,-23.057333],[-47.230046,-23.056182],[-47.235364,-23.049742],[-47.239394,-23.047662],[-47.242809,-23.044918],[-47.246856,-23.042204],[-47.250964,-23.040824],[-47.254493,-23.041119],[-47.257387,-23.041667],[-47.259011,-23.041387],[-47.263691,-23.03954],[-47.265174,-23.03817],[-47.27303,-23.033212],[-47.273721,-23.032925],[-47.277748,-23.033686],[-47.288808,-23.03461],[-47.289497,-23.034542],[-47.299364,-23.029611],[-47.304368,-23.02381],[-47.30575,-23.021184],[-47.306967,-23.014671],[-47.305847,-23.011932],[-47.305664,-23.01026],[-47.306814,-23.00012],[-47.306778,-22.995271],[-47.307131,-22.994347],[-47.308546,-22.992836],[-47.315673,-22.981994],[-47.317634,-22.9796],[-47.318131,-22.978737],[-47.317778,-22.967571],[-47.317433,-22.963367],[-47.31704,-22.962931],[-47.317354,-22.962228],[-47.317273,-22.96199],[-47.317531,-22.96071],[-47.318261,-22.958763],[-47.320524,-22.955655],[-47.320932,-22.953948],[-47.320276,-22.952293],[-47.318432,-22.950004],[-47.316436,-22.949063],[-47.316517,-22.948872],[-47.316978,-22.949074],[-47.317241,-22.948657],[-47.317833,-22.948397],[-47.317562,-22.947918]]}},{"type":"Feature","properties":{"id_backbone":"BB-18BCD24D0224","trecho":"IEN.AT-RCO.JF","cluster":"CAMPINAS","cabo":"F-0205","capacidade":"36","extensao_km":25.447,"confianca":"SEM_REFERENCIA","fonte":"OSRM/OpenStreetMap","ponta_a":"IEN.AT","municipio_a":"IPEUNA","ponta_b":"RCO.JF","municipio_b":"RIO CLARO"},"geometry":{"type":"LineString","coordinates":[[-47.720391,-22.436876],[-47.719937,-22.436322],[-47.718652,-22.437233],[-47.716805,-22.435173],[-47.716097,-22.435726],[-47.713358,-22.436752],[-47.713018,-22.437108],[-47.712533,-22.437065],[-47.709294,-22.438174],[-47.708904,-22.438514],[-47.708414,-22.438472],[-47.705517,-22.439385],[-47.705414,-22.439893],[-47.705076,-22.439958],[-47.704019,-22.438524],[-47.692515,-22.426374],[-47.690755,-22.423968],[-47.686601,-22.41756],[-47.684791,-22.415204],[-47.683087,-22.413664],[-47.682317,-22.412619],[-47.657765,-22.388313],[-47.654825,-22.385836],[-47.652132,-22.384267],[-47.649458,-22.383214],[-47.646477,-22.382521],[-47.643759,-22.382283],[-47.641398,-22.38235],[-47.639298,-22.382669],[-47.623453,-22.385945],[-47.621945,-22.386141],[-47.620294,-22.386109],[-47.618437,-22.385744],[-47.616975,-22.385192],[-47.614833,-22.384051],[-47.613873,-22.38386],[-47.612715,-22.38283],[-47.601946,-22.37687],[-47.59983,-22.375349],[-47.598802,-22.374366],[-47.577675,-22.350203],[-47.575657,-22.348677],[-47.573488,-22.347781],[-47.572579,-22.347572],[-47.570258,-22.347402],[-47.568572,-22.347627],[-47.567098,-22.348049],[-47.565633,-22.348759],[-47.55945,-22.352522],[-47.557517,-22.353291],[-47.554479,-22.354034],[-47.551121,-22.355115],[-47.550791,-22.355338],[-47.556525,-22.379775]]}},{"type":"Feature","properties":{"id_backbone":"BB-865BA7D5518F","trecho":"IIA.BR-IIA.RD","cluster":"CAMPINAS","cabo":null,"capacidade":"6","extensao_km":1.743,"confianca":"SEM_REFERENCIA","fonte":"OSRM/OpenStreetMap","ponta_a":"IIA.BR","municipio_a":"ITAPIRA","ponta_b":"IIA.RD","municipio_b":"ITAPIRA"},"geometry":{"type":"LineString","coordinates":[[-46.824193,-22.436894],[-46.821586,-22.439404],[-46.821938,-22.440074],[-46.820936,-22.441005],[-46.8203,-22.441995],[-46.820471,-22.442523],[-46.823022,-22.444871],[-46.823202,-22.444813],[-46.823499,-22.445615],[-46.822033,-22.446099],[-46.822794,-22.447698],[-46.821986,-22.447982]]}},{"type":"Feature","properties":{"id_backbone":"BB-24501577DF13","trecho":"IJO.CB-ROBE.RD","cluster":"SAO JOSE DO RIO PRETO","cabo":"F-0029","capacidade":"12","extensao_km":11.583,"confianca":"ALTA","fonte":"OSRM/OpenStreetMap","ponta_a":"IJO.CB","municipio_a":"ITAJOBI","ponta_b":"ROBE.RD","municipio_b":"PINDORAMA"},"geometry":{"type":"LineString","coordinates":[[-49.059056,-21.316174],[-49.057017,-21.315406],[-49.056329,-21.317079],[-49.047289,-21.313545],[-49.046983,-21.313648],[-49.047264,-21.31423],[-49.047014,-21.314454],[-49.046718,-21.313734],[-49.046381,-21.313494],[-49.041361,-21.316042],[-49.040405,-21.316164],[-49.037768,-21.316091],[-49.033505,-21.317641],[-49.032054,-21.317903],[-49.031112,-21.317787],[-49.023149,-21.315597],[-49.021541,-21.314882],[-49.020584,-21.313977],[-49.016485,-21.308299],[-49.015946,-21.307356],[-49.014551,-21.303846],[-49.013106,-21.301734],[-49.011761,-21.300193],[-49.005824,-21.294926],[-49.002323,-21.290939],[-48.999522,-21.288407],[-48.997951,-21.287375],[-48.989657,-21.283195],[-48.989158,-21.282771],[-48.988705,-21.281977],[-48.988289,-21.280155],[-48.986385,-21.277263],[-48.984122,-21.269347],[-48.983639,-21.268748],[-48.98375,-21.268025],[-48.98277,-21.265062]]}},{"type":"Feature","properties":{"id_backbone":"BB-05B4800AA5A4","trecho":"IJO.CB-ROBE.RO","cluster":"SAO JOSE DO RIO PRETO","cabo":"F-0029","capacidade":"12","extensao_km":12.82,"confianca":"SEM_REFERENCIA","fonte":"OSRM/OpenStreetMap","ponta_a":"IJO.CB","municipio_a":"ITAJOBI","ponta_b":"ROBE.RO","municipio_b":"PINDORAMA"},"geometry":{"type":"LineString","coordinates":[[-49.059056,-21.316174],[-49.057017,-21.315406],[-49.056329,-21.317079],[-49.047289,-21.313545],[-49.046983,-21.313648],[-49.047264,-21.31423],[-49.047014,-21.314454],[-49.046718,-21.313734],[-49.046381,-21.313494],[-49.041361,-21.316042],[-49.040405,-21.316164],[-49.037768,-21.316091],[-49.033505,-21.317641],[-49.032054,-21.317903],[-49.031112,-21.317787],[-49.023149,-21.315597],[-49.021541,-21.314882],[-49.020584,-21.313977],[-49.016485,-21.308299],[-49.015946,-21.307356],[-49.014551,-21.303846],[-49.013106,-21.301734],[-49.011761,-21.300193],[-49.005824,-21.294926],[-49.002323,-21.290939],[-48.999522,-21.288407],[-48.997951,-21.287375],[-48.989657,-21.283195],[-48.989158,-21.282771],[-48.988705,-21.281977],[-48.988289,-21.280155],[-48.986385,-21.277263],[-48.984122,-21.269347],[-48.983639,-21.268748],[-48.98375,-21.268025],[-48.982826,-21.26515],[-48.981097,-21.262829],[-48.98005,-21.260604],[-48.979234,-21.259719],[-48.976233,-21.257691],[-48.975368,-21.258784]]}},{"type":"Feature","properties":{"id_backbone":"BB-E3646FDBD1E1","trecho":"IPIG.IP-ODE.AI","cluster":"SAO JOSE DO RIO PRETO","cabo":"TR-0116","capacidade":"72","extensao_km":12.914,"confianca":"ALTA","fonte":"OSRM/OpenStreetMap","ponta_a":"IPIG.IP","municipio_a":"IPIGUA","ponta_b":"ODE.AI","municipio_b":"ONDA VERDE"},"geometry":{"type":"LineString","coordinates":[[-49.38838,-20.656579],[-49.387972,-20.653849],[-49.386898,-20.652567],[-49.386643,-20.65199],[-49.387296,-20.6487],[-49.387155,-20.647611],[-49.385177,-20.643634],[-49.384544,-20.642928],[-49.383777,-20.642577],[-49.378139,-20.641209],[-49.375706,-20.63967],[-49.358584,-20.631853],[-49.357447,-20.630969],[-49.354389,-20.62793],[-49.352527,-20.624401],[-49.348999,-20.619796],[-49.347827,-20.618862],[-49.341798,-20.616306],[-49.340703,-20.616014],[-49.339522,-20.615986],[-49.337459,-20.61641],[-49.333873,-20.616741],[-49.333376,-20.617143],[-49.333016,-20.617143],[-49.332635,-20.615896],[-49.331436,-20.614097],[-49.321638,-20.603448],[-49.320945,-20.602901],[-49.320507,-20.602771],[-49.319876,-20.602884],[-49.31773,-20.604053],[-49.315505,-20.604729],[-49.299806,-20.606395],[-49.295706,-20.60781],[-49.295876,-20.608192]]}},{"type":"Feature","properties":{"id_backbone":"BB-E07307D5E131","trecho":"IPS.MF-LRA.CG","cluster":"CAMPINAS","cabo":"F-0172","capacidade":"12","extensao_km":13.881,"confianca":"ALTA","fonte":"OSRM/OpenStreetMap","ponta_a":"IPS.MF","municipio_a":"IRACEMAPOLIS","ponta_b":"LRA.CG","municipio_b":"LIMEIRA"},"geometry":{"type":"LineString","coordinates":[[-47.517761,-22.582855],[-47.518432,-22.581136],[-47.515121,-22.580458],[-47.514618,-22.580518],[-47.514707,-22.580055],[-47.514545,-22.578441],[-47.513815,-22.578077],[-47.506093,-22.578513],[-47.505083,-22.578434],[-47.502628,-22.57809],[-47.499097,-22.577185],[-47.479173,-22.573097],[-47.476181,-22.572821],[-47.473728,-22.572793],[-47.471444,-22.572452],[-47.470018,-22.572467],[-47.467956,-22.572032],[-47.457626,-22.570601],[-47.452532,-22.570097],[-47.450676,-22.569612],[-47.448724,-22.569403],[-47.447858,-22.569112],[-47.442497,-22.568363],[-47.440919,-22.567903],[-47.439298,-22.566851],[-47.438899,-22.566944],[-47.438246,-22.567547],[-47.438177,-22.567902],[-47.438471,-22.568128],[-47.438947,-22.567757],[-47.438643,-22.567379],[-47.423086,-22.562948],[-47.421708,-22.56279],[-47.421109,-22.562471],[-47.419429,-22.56217],[-47.418831,-22.562157],[-47.418009,-22.56266],[-47.417616,-22.562453],[-47.417304,-22.561976],[-47.4169,-22.561809],[-47.415186,-22.561659],[-47.414649,-22.561748],[-47.412752,-22.565584],[-47.410294,-22.566236],[-47.409685,-22.566444],[-47.409409,-22.566716],[-47.407778,-22.565212],[-47.403754,-22.569043],[-47.401648,-22.567109],[-47.402862,-22.565975]]}},{"type":"Feature","properties":{"id_backbone":"BB-6EA5DE9EED94","trecho":"ITA.CS-JAI.RA","cluster":"JUNDIAI","cabo":"F-0949","capacidade":"72","extensao_km":17.497,"confianca":"SEM_REFERENCIA","fonte":"OSRM/OpenStreetMap","ponta_a":"ITA.CS","municipio_a":"ITATIBA","ponta_b":"JAI.RA","municipio_b":"JUNDIAI"},"geometry":{"type":"LineString","coordinates":[[-46.840543,-23.003646],[-46.841157,-23.003453],[-46.841622,-23.0047],[-46.843962,-23.003965],[-46.844673,-23.006048],[-46.843955,-23.007779],[-46.844181,-23.008671],[-46.844106,-23.009756],[-46.843376,-23.014065],[-46.842671,-23.016127],[-46.842697,-23.018056],[-46.84242,-23.022264],[-46.841892,-23.022994],[-46.841764,-23.023439],[-46.841158,-23.023683],[-46.840222,-23.024597],[-46.83992,-23.025142],[-46.839704,-23.026265],[-46.840072,-23.027067],[-46.841143,-23.027701],[-46.841669,-23.028337],[-46.841945,-23.029477],[-46.841754,-23.030973],[-46.842368,-23.033282],[-46.842612,-23.034873],[-46.843034,-23.035742],[-46.844158,-23.037185],[-46.844439,-23.03785],[-46.844225,-23.0414],[-46.845148,-23.049348],[-46.845058,-23.052277],[-46.845585,-23.054329],[-46.845223,-23.055298],[-46.841381,-23.06096],[-46.840763,-23.062151],[-46.839155,-23.07066],[-46.839105,-23.071787],[-46.839428,-23.072999],[-46.840424,-23.075291],[-46.841351,-23.076793],[-46.844072,-23.07989],[-46.846689,-23.084792],[-46.847431,-23.090092],[-46.848129,-23.093678],[-46.847817,-23.094947],[-46.845979,-23.098568],[-46.845804,-23.0997],[-46.846048,-23.101022],[-46.848517,-23.105168],[-46.850292,-23.111692],[-46.850704,-23.112715],[-46.85114,-23.113221],[-46.853714,-23.115582],[-46.858866,-23.117873],[-46.862365,-23.118964],[-46.865216,-23.120768],[-46.869185,-23.121117],[-46.8713,-23.12248],[-46.872949,-23.123052],[-46.873367,-23.122894],[-46.874202,-23.120316],[-46.874994,-23.118612],[-46.875957,-23.117596],[-46.877857,-23.114727],[-46.878359,-23.110856]]}},{"type":"Feature","properties":{"id_backbone":"BB-BD30FC207EB3","trecho":"ITU.CC-ITU.RT","cluster":"JUNDIAI","cabo":"F-0557","capacidade":"36","extensao_km":18.721,"confianca":"MEDIA","fonte":"OSRM/OpenStreetMap","ponta_a":"ITU.CC","municipio_a":"ITU","ponta_b":"ITU.RT","municipio_b":"ITU"},"geometry":{"type":"LineString","coordinates":[[-47.352223,-23.408202],[-47.353144,-23.399911],[-47.352281,-23.397106],[-47.352991,-23.396843],[-47.355424,-23.397183],[-47.355509,-23.396991],[-47.353298,-23.396717],[-47.352663,-23.396389],[-47.352442,-23.396151],[-47.352409,-23.395491],[-47.352055,-23.394654],[-47.35154,-23.394261],[-47.351446,-23.393659],[-47.348745,-23.391283],[-47.341532,-23.3881],[-47.329745,-23.377592],[-47.323411,-23.372572],[-47.322253,-23.372066],[-47.319932,-23.371633],[-47.318265,-23.371893],[-47.317378,-23.371822],[-47.312536,-23.369204],[-47.311949,-23.368605],[-47.309948,-23.365146],[-47.309176,-23.364269],[-47.308666,-23.363066],[-47.307271,-23.361279],[-47.306689,-23.359933],[-47.306657,-23.359332],[-47.30692,-23.358782],[-47.3086,-23.356728],[-47.308916,-23.356213],[-47.309018,-23.355506],[-47.308409,-23.353371],[-47.30534,-23.333605],[-47.302129,-23.326988],[-47.300667,-23.323426],[-47.300431,-23.322117],[-47.300445,-23.319484],[-47.301167,-23.317326],[-47.303326,-23.312888],[-47.303751,-23.311497],[-47.303736,-23.30762],[-47.303293,-23.30403],[-47.303485,-23.300854],[-47.303081,-23.299884],[-47.301917,-23.298792],[-47.301521,-23.297812],[-47.30114,-23.29368],[-47.30093,-23.293082],[-47.300112,-23.292213],[-47.29287,-23.287526],[-47.29178,-23.285144],[-47.290972,-23.284612],[-47.291155,-23.284107],[-47.291613,-23.284072],[-47.292559,-23.286765],[-47.29294,-23.286879],[-47.293395,-23.285535],[-47.292902,-23.284974],[-47.292854,-23.282606],[-47.291301,-23.282617]]}},{"type":"Feature","properties":{"id_backbone":"BB-A36E31C6ED18","trecho":"ITU.FP-ITU.RT","cluster":"JUNDIAI","cabo":null,"capacidade":null,"extensao_km":2.925,"confianca":"ALTA","fonte":"OSRM/OpenStreetMap","ponta_a":"ITU.FP","municipio_a":"ITU","ponta_b":"ITU.RT","municipio_b":"ITU"},"geometry":{"type":"LineString","coordinates":[[-47.299914,-23.261429],[-47.295639,-23.265375],[-47.297634,-23.267324],[-47.291245,-23.274027],[-47.29019,-23.277857],[-47.290153,-23.280437],[-47.290304,-23.281201],[-47.29091,-23.282619],[-47.291301,-23.282617]]}},{"type":"Feature","properties":{"id_backbone":"BB-FA8364EB2BB5","trecho":"ITU.RT-SLO.ST","cluster":"JUNDIAI","cabo":"F-0190","capacidade":"72","extensao_km":9.914,"confianca":"SEM_REFERENCIA","fonte":"OSRM/OpenStreetMap","ponta_a":"ITU.RT","municipio_a":"ITU","ponta_b":"SLO.ST","municipio_b":"SALTO"},"geometry":{"type":"LineString","coordinates":[[-47.291301,-23.282617],[-47.292854,-23.282606],[-47.292678,-23.280177],[-47.29632,-23.279064],[-47.296142,-23.2779],[-47.296603,-23.276092],[-47.296883,-23.275615],[-47.298452,-23.274082],[-47.300037,-23.273601],[-47.302113,-23.273735],[-47.302701,-23.273517],[-47.303102,-23.273054],[-47.30325,-23.272487],[-47.302947,-23.269958],[-47.302642,-23.268789],[-47.302668,-23.268221],[-47.303464,-23.266567],[-47.3043,-23.26344],[-47.305744,-23.2625],[-47.306126,-23.262013],[-47.306341,-23.261344],[-47.305777,-23.259746],[-47.305738,-23.258023],[-47.303825,-23.256017],[-47.303845,-23.255777],[-47.30452,-23.255476],[-47.304768,-23.255108],[-47.30626,-23.248728],[-47.306947,-23.244331],[-47.306815,-23.241726],[-47.305413,-23.231998],[-47.304587,-23.229733],[-47.302609,-23.225661],[-47.301856,-23.224781],[-47.301566,-23.223696],[-47.301004,-23.222453],[-47.299929,-23.220156],[-47.299016,-23.218748],[-47.298679,-23.217474],[-47.29643,-23.212804],[-47.295579,-23.213782],[-47.295054,-23.215175],[-47.293641,-23.215838],[-47.294202,-23.217242],[-47.294133,-23.217794],[-47.293723,-23.218201]]}},{"type":"Feature","properties":{"id_backbone":"BB-4C0EDE5E11B5","trecho":"ITV. C X-ITV. G U","cluster":"JUNDIAI","cabo":null,"capacidade":"48","extensao_km":9.198,"confianca":"ALTA","fonte":"OSRM/OpenStreetMap","ponta_a":"ITV. C X","municipio_a":"ITUPEVA","ponta_b":"ITV. G U","municipio_b":"ITUPEVA"},"geometry":{"type":"LineString","coordinates":[[-47.058923,-23.155389],[-47.057914,-23.155655],[-47.05716,-23.156149],[-47.056825,-23.156562],[-47.056678,-23.157409],[-47.055765,-23.157225],[-47.056142,-23.158434],[-47.055668,-23.160279],[-47.055185,-23.16147],[-47.055411,-23.165284],[-47.053177,-23.168973],[-47.052201,-23.171327],[-47.052823,-23.174936],[-47.053543,-23.175841],[-47.055545,-23.176262],[-47.056087,-23.176538],[-47.059361,-23.178389],[-47.061784,-23.180214],[-47.063755,-23.180663],[-47.064348,-23.180966],[-47.065538,-23.182076],[-47.065959,-23.182822],[-47.066665,-23.183405],[-47.067089,-23.184881],[-47.067498,-23.187495],[-47.068123,-23.188469],[-47.068774,-23.188954],[-47.06922,-23.18956],[-47.070015,-23.193697],[-47.07055,-23.195074],[-47.070532,-23.195535],[-47.066389,-23.205178],[-47.068065,-23.205856],[-47.069409,-23.207432],[-47.070297,-23.209291],[-47.069906,-23.209881],[-47.069147,-23.210341],[-47.067108,-23.210459],[-47.066882,-23.210848],[-47.067269,-23.211665],[-47.067509,-23.211958],[-47.068774,-23.212234],[-47.077452,-23.212048],[-47.078064,-23.212216],[-47.078024,-23.212335]]}},{"type":"Feature","properties":{"id_backbone":"BB-2B085F40B437","trecho":"JAD.JA-JASI.JS","cluster":"OSASCO","cabo":"F-0701","capacidade":"24","extensao_km":2.33,"confianca":"BAIXA","fonte":"OSRM/OpenStreetMap","ponta_a":"JAD.JA","municipio_a":"JANDIRA","ponta_b":"JASI.JS","municipio_b":"BARUERI"},"geometry":{"type":"LineString","coordinates":[[-46.901614,-23.528071],[-46.901815,-23.5278],[-46.899837,-23.526589],[-46.898824,-23.526485],[-46.897332,-23.52692],[-46.896674,-23.526908],[-46.896042,-23.526755],[-46.89444,-23.525936],[-46.893444,-23.528632],[-46.892296,-23.53041],[-46.892099,-23.531492],[-46.892186,-23.532079],[-46.891755,-23.532748],[-46.891508,-23.532756],[-46.891269,-23.532311],[-46.891428,-23.531335],[-46.891316,-23.531161],[-46.89084,-23.531102],[-46.89067,-23.531554],[-46.890077,-23.532264],[-46.888482,-23.532011],[-46.888252,-23.531577]]}},{"type":"Feature","properties":{"id_backbone":"BB-21C3D5F49BBD","trecho":"JAI.BJ-JAI.GC","cluster":"JUNDIAI","cabo":"F-0677","capacidade":"36","extensao_km":1.772,"confianca":"MEDIA","fonte":"OSRM/OpenStreetMap","ponta_a":"JAI.BJ","municipio_a":"JUNDIAI","ponta_b":"JAI.GC","municipio_b":"JUNDIAI"},"geometry":{"type":"LineString","coordinates":[[-46.885471,-23.185811],[-46.885054,-23.185552],[-46.881471,-23.19095],[-46.880711,-23.191767],[-46.877817,-23.195729],[-46.875302,-23.197254],[-46.875668,-23.197677]]}},{"type":"Feature","properties":{"id_backbone":"BB-63AC89913C23","trecho":"JAI.CB-JAI.GC","cluster":"JUNDIAI","cabo":null,"capacidade":"120","extensao_km":6.928,"confianca":"MEDIA","fonte":"OSRM/OpenStreetMap","ponta_a":"JAI.CB","municipio_a":"JUNDIAI","ponta_b":"JAI.GC","municipio_b":"JUNDIAI"},"geometry":{"type":"LineString","coordinates":[[-46.84999,-23.155792],[-46.850192,-23.155437],[-46.850928,-23.157149],[-46.852175,-23.157747],[-46.851585,-23.159115],[-46.852162,-23.160038],[-46.85256,-23.161324],[-46.852353,-23.162332],[-46.851676,-23.163301],[-46.851701,-23.164318],[-46.852626,-23.165381],[-46.853131,-23.167496],[-46.854005,-23.168887],[-46.854719,-23.169563],[-46.856006,-23.169967],[-46.856737,-23.171234],[-46.857118,-23.171513],[-46.861243,-23.173599],[-46.862133,-23.174688],[-46.86322,-23.17668],[-46.865444,-23.178053],[-46.867708,-23.178549],[-46.871795,-23.181591],[-46.871822,-23.185289],[-46.871137,-23.187947],[-46.874597,-23.188693],[-46.874258,-23.190038],[-46.87394,-23.190272],[-46.873735,-23.1909],[-46.873935,-23.191475],[-46.879247,-23.194572],[-46.879615,-23.19458],[-46.879661,-23.194373],[-46.879331,-23.194108],[-46.879056,-23.194154],[-46.877728,-23.195812],[-46.875362,-23.197196],[-46.875668,-23.197677]]}},{"type":"Feature","properties":{"id_backbone":"BB-F9E317775EE0","trecho":"JAI.GC-LOU.RK","cluster":"JUNDIAI","cabo":"F-0112","capacidade":"18","extensao_km":17.111,"confianca":"SEM_REFERENCIA","fonte":"OSRM/OpenStreetMap","ponta_a":"JAI.GC","municipio_a":"JUNDIAI","ponta_b":"LOU.RK","municipio_b":"LOUVEIRA"},"geometry":{"type":"LineString","coordinates":[[-46.875668,-23.197677],[-46.876001,-23.19806],[-46.875071,-23.198781],[-46.87275,-23.196168],[-46.873671,-23.195337],[-46.872895,-23.194841],[-46.875064,-23.19169],[-46.877735,-23.188234],[-46.879768,-23.185082],[-46.887009,-23.177942],[-46.888407,-23.177122],[-46.891311,-23.176038],[-46.891874,-23.176021],[-46.892563,-23.176242],[-46.893326,-23.176885],[-46.893966,-23.177147],[-46.89609,-23.177135],[-46.897552,-23.177391],[-46.898119,-23.176613],[-46.898719,-23.175122],[-46.900921,-23.173816],[-46.901674,-23.172275],[-46.905282,-23.167751],[-46.905854,-23.166058],[-46.906774,-23.164876],[-46.908173,-23.163725],[-46.909835,-23.161036],[-46.910984,-23.158156],[-46.911112,-23.157309],[-46.911775,-23.156274],[-46.914542,-23.149532],[-46.915049,-23.146824],[-46.914955,-23.145398],[-46.914724,-23.144454],[-46.914973,-23.143632],[-46.917611,-23.139476],[-46.919803,-23.137658],[-46.921599,-23.135766],[-46.922176,-23.134536],[-46.922267,-23.133245],[-46.923096,-23.131001],[-46.923584,-23.130462],[-46.924897,-23.129558],[-46.926086,-23.128271],[-46.927665,-23.125547],[-46.92827,-23.124883],[-46.92965,-23.124454],[-46.93261,-23.124719],[-46.933178,-23.124579],[-46.93393,-23.124132],[-46.936836,-23.120087],[-46.939147,-23.117822],[-46.94045,-23.115938],[-46.941158,-23.114248],[-46.942887,-23.108741],[-46.942915,-23.105699],[-46.942128,-23.103724],[-46.942372,-23.102429],[-46.942909,-23.101539],[-46.947663,-23.098182],[-46.94847,-23.097187],[-46.94879,-23.095026],[-46.948545,-23.093307],[-46.949408,-23.090838],[-46.949677,-23.089382],[-46.949875,-23.089322],[-46.950954,-23.089785],[-46.95209,-23.09005],[-46.952341,-23.08989],[-46.952431,-23.089298],[-46.951424,-23.086267],[-46.951426,-23.085335],[-46.951976,-23.085298]]}},{"type":"Feature","properties":{"id_backbone":"BB-18DABB0E5872","trecho":"JAI.GC-JORN.JN","cluster":"JUNDIAI","cabo":null,"capacidade":"228","extensao_km":18.115,"confianca":"MEDIA","fonte":"OSRM/OpenStreetMap","ponta_a":"JAI.GC","municipio_a":"JUNDIAI","ponta_b":"JORN.JN","municipio_b":"CAJAMAR"},"geometry":{"type":"LineString","coordinates":[[-46.875668,-23.197677],[-46.876001,-23.19806],[-46.874131,-23.199496],[-46.877527,-23.203315],[-46.877414,-23.205645],[-46.877153,-23.206188],[-46.87705,-23.207105],[-46.876608,-23.20779],[-46.874719,-23.209108],[-46.873278,-23.210364],[-46.873131,-23.210741],[-46.873161,-23.211135],[-46.874794,-23.211522],[-46.874561,-23.212028],[-46.87442,-23.213173],[-46.875141,-23.216463],[-46.874415,-23.21837],[-46.874314,-23.219329],[-46.875152,-23.222344],[-46.875188,-23.222935],[-46.874891,-23.223817],[-46.87383,-23.225047],[-46.87356,-23.225923],[-46.873804,-23.228468],[-46.874887,-23.228961],[-46.873595,-23.229994],[-46.873135,-23.230706],[-46.86983,-23.237274],[-46.869342,-23.238819],[-46.868698,-23.242811],[-46.86624,-23.247889],[-46.865865,-23.249819],[-46.866095,-23.251341],[-46.867321,-23.255396],[-46.86743,-23.256544],[-46.86728,-23.258112],[-46.866396,-23.261019],[-46.86638,-23.262691],[-46.866682,-23.263647],[-46.868013,-23.266197],[-46.868321,-23.267117],[-46.868436,-23.268015],[-46.868342,-23.271035],[-46.868572,-23.272175],[-46.869127,-23.273264],[-46.871306,-23.275932],[-46.871882,-23.276916],[-46.87294,-23.280455],[-46.873019,-23.281091],[-46.872865,-23.282214],[-46.872445,-23.28313],[-46.871786,-23.283929],[-46.870955,-23.28446],[-46.867821,-23.285888],[-46.866946,-23.28659],[-46.866484,-23.287216],[-46.866121,-23.288058],[-46.865998,-23.289093],[-46.866577,-23.292152],[-46.866567,-23.293126],[-46.866337,-23.293919],[-46.865686,-23.294947],[-46.863994,-23.296851],[-46.860969,-23.298608],[-46.858945,-23.301002],[-46.856582,-23.302641],[-46.855745,-23.303692],[-46.855434,-23.304985],[-46.85619,-23.308569],[-46.856643,-23.309543],[-46.857773,-23.311033],[-46.8581,-23.312083],[-46.858069,-23.313142],[-46.857492,-23.314419],[-46.85632,-23.315463],[-46.849343,-23.319433],[-46.848811,-23.320261],[-46.848243,-23.322238],[-46.84784,-23.322882],[-46.847295,-23.32337],[-46.840771,-23.32685],[-46.839697,-23.327583],[-46.838995,-23.328417],[-46.838489,-23.329499],[-46.83753,-23.333087],[-46.837658,-23.333421],[-46.837949,-23.333235]]}},{"type":"Feature","properties":{"id_backbone":"BB-8DA72A46E869","trecho":"JAI.GC-SPO.PD","cluster":"JUNDIAI","cabo":"F-0925","capacidade":"144","extensao_km":49.168,"confianca":"SEM_REFERENCIA","fonte":"OSRM/OpenStreetMap","ponta_a":"JAI.GC","municipio_a":"JUNDIAI","ponta_b":"SPO.PD","municipio_b":"SAO PAULO"},"geometry":{"type":"LineString","coordinates":[[-46.875668,-23.197677],[-46.876001,-23.19806],[-46.874131,-23.199496],[-46.877527,-23.203315],[-46.877414,-23.205645],[-46.877153,-23.206188],[-46.87705,-23.207105],[-46.876608,-23.20779],[-46.874719,-23.209108],[-46.873278,-23.210364],[-46.873131,-23.210741],[-46.873161,-23.211135],[-46.874794,-23.211522],[-46.874561,-23.212028],[-46.87442,-23.213173],[-46.875141,-23.216463],[-46.874415,-23.21837],[-46.874314,-23.219329],[-46.875152,-23.222344],[-46.875188,-23.222935],[-46.874891,-23.223817],[-46.87383,-23.225047],[-46.87356,-23.225923],[-46.873804,-23.228468],[-46.874887,-23.228961],[-46.873595,-23.229994],[-46.873135,-23.230706],[-46.869977,-23.236941],[-46.869342,-23.238819],[-46.868698,-23.242811],[-46.86624,-23.247889],[-46.865924,-23.249156],[-46.865873,-23.25024],[-46.866034,-23.251102],[-46.867163,-23.254773],[-46.867493,-23.256416],[-46.867789,-23.260922],[-46.867541,-23.262108],[-46.866686,-23.263058],[-46.864775,-23.263949],[-46.861681,-23.265724],[-46.858965,-23.267589],[-46.85752,-23.269079],[-46.855096,-23.272292],[-46.850626,-23.276007],[-46.849455,-23.277275],[-46.848927,-23.278322],[-46.848714,-23.279129],[-46.847781,-23.287154],[-46.847448,-23.288818],[-46.846914,-23.290007],[-46.846276,-23.290792],[-46.843111,-23.293621],[-46.842042,-23.294994],[-46.841535,-23.296446],[-46.84085,-23.301686],[-46.839932,-23.303513],[-46.835481,-23.308163],[-46.834229,-23.309284],[-46.832725,-23.310192],[-46.826686,-23.312455],[-46.825533,-23.313278],[-46.824467,-23.314652],[-46.823999,-23.315798],[-46.82385,-23.31676],[-46.823757,-23.323105],[-46.823133,-23.334069],[-46.822735,-23.335723],[-46.822119,-23.337296],[-46.821361,-23.338706],[-46.820264,-23.340195],[-46.813127,-23.347347],[-46.809922,-23.34962],[-46.808954,-23.35008],[-46.806996,-23.350637],[-46.799581,-23.351513],[-46.798086,-23.351902],[-46.796131,-23.352838],[-46.792056,-23.355918],[-46.79098,-23.356353],[-46.788038,-23.357127],[-46.786515,-23.357964],[-46.785643,-23.358811],[-46.784873,-23.360075],[-46.784098,-23.363283],[-46.783481,-23.364711],[-46.778353,-23.373257],[-46.777047,-23.374651],[-46.771744,-23.379078],[-46.770564,-23.380471],[-46.769877,-23.381993],[-46.769512,-23.383755],[-46.769247,-23.389798],[-46.768073,-23.400023],[-46.767857,-23.407409],[-46.767455,-23.410494],[-46.767009,-23.412081],[-46.766012,-23.414458],[-46.761712,-23.421868],[-46.761227,-23.423047],[-46.760475,-23.433483],[-46.760258,-23.434564],[-46.756827,-23.441712],[-46.752167,-23.463273],[-46.74811,-23.472617],[-46.747505,-23.473494],[-46.746542,-23.474377],[-46.741206,-23.476907],[-46.739467,-23.478497],[-46.738577,-23.479894],[-46.738121,-23.481203],[-46.737219,-23.487515],[-46.73577,-23.490424],[-46.734947,-23.491461],[-46.731988,-23.494461],[-46.727977,-23.500045],[-46.724474,-23.503932],[-46.720934,-23.508399],[-46.720496,-23.50873],[-46.719413,-23.509087],[-46.716946,-23.508849],[-46.707069,-23.509482],[-46.696727,-23.508645],[-46.695361,-23.508679],[-46.691777,-23.509314],[-46.68449,-23.510932],[-46.682947,-23.511555],[-46.68103,-23.513028],[-46.680742,-23.514615],[-46.679817,-23.516179],[-46.679192,-23.516735],[-46.679512,-23.518139],[-46.679286,-23.519128],[-46.67944,-23.522195],[-46.679978,-23.523331],[-46.685868,-23.531361],[-46.685713,-23.531325],[-46.682869,-23.533068],[-46.677065,-23.536905],[-46.677275,-23.537196]]}},{"type":"Feature","properties":{"id_backbone":"BB-67CE5A03D841","trecho":"JAI.GC-JAI.VI","cluster":"JUNDIAI","cabo":"F-0287","capacidade":"12","extensao_km":7.402,"confianca":"SEM_REFERENCIA","fonte":"OSRM/OpenStreetMap","ponta_a":"JAI.GC","municipio_a":"JUNDIAI","ponta_b":"JAI.VI","municipio_b":"JUNDIAI"},"geometry":{"type":"LineString","coordinates":[[-46.875668,-23.197677],[-46.877547,-23.199789],[-46.878202,-23.199313],[-46.878942,-23.198753],[-46.878698,-23.198411],[-46.879877,-23.197164],[-46.879106,-23.196507],[-46.879857,-23.195906],[-46.88062,-23.195906],[-46.880624,-23.195543],[-46.880377,-23.195273],[-46.880378,-23.195045],[-46.881122,-23.194793],[-46.882211,-23.192953],[-46.883647,-23.192489],[-46.884708,-23.190782],[-46.886168,-23.191526],[-46.888078,-23.18865],[-46.88969,-23.189753],[-46.890575,-23.190107],[-46.903516,-23.19102],[-46.905503,-23.191899],[-46.906277,-23.191975],[-46.90697,-23.19125],[-46.907142,-23.190828],[-46.906714,-23.189893],[-46.907842,-23.18682],[-46.909532,-23.184069],[-46.911593,-23.181501],[-46.91201,-23.181098],[-46.912184,-23.181228],[-46.913472,-23.179994],[-46.916228,-23.177818],[-46.919977,-23.176162],[-46.921473,-23.175088],[-46.921915,-23.17514],[-46.922833,-23.174836],[-46.92442,-23.173886],[-46.924047,-23.173233],[-46.924402,-23.173039],[-46.924552,-23.173278]]}},{"type":"Feature","properties":{"id_backbone":"BB-9D5656C7FF43","trecho":"JAU.AG-POTU.PT","cluster":"BAURU","cabo":"F-0155.03","capacidade":"12","extensao_km":16.114,"confianca":"BAIXA","fonte":"OSRM/OpenStreetMap","ponta_a":"JAU.AG","municipio_a":"JAU","ponta_b":"POTU.PT","municipio_b":"JAU"},"geometry":{"type":"LineString","coordinates":[[-48.556349,-22.294008],[-48.555239,-22.293324],[-48.555745,-22.292557],[-48.567906,-22.300072],[-48.569528,-22.301225],[-48.571503,-22.302113],[-48.572669,-22.302289],[-48.572617,-22.302827],[-48.57406,-22.30885],[-48.574374,-22.30906],[-48.574442,-22.309483],[-48.575147,-22.309917],[-48.575719,-22.310725],[-48.576175,-22.310982],[-48.57633,-22.311337],[-48.577548,-22.312524],[-48.578486,-22.31315],[-48.578516,-22.313339],[-48.5804,-22.314959],[-48.581928,-22.316886],[-48.58238,-22.317056],[-48.582412,-22.317641],[-48.583506,-22.319065],[-48.584016,-22.319331],[-48.58416,-22.320733],[-48.585067,-22.322241],[-48.590598,-22.333244],[-48.591172,-22.334104],[-48.59258,-22.335258],[-48.606155,-22.34281],[-48.608734,-22.343804],[-48.609309,-22.344214],[-48.611224,-22.346315],[-48.614521,-22.349463],[-48.616511,-22.350299],[-48.636628,-22.355967],[-48.642907,-22.358708],[-48.64476,-22.359361],[-48.661349,-22.364291],[-48.66366,-22.364707],[-48.667913,-22.368967],[-48.668661,-22.368535],[-48.670799,-22.365587],[-48.670366,-22.365304],[-48.670761,-22.364739],[-48.67046,-22.364556]]}},{"type":"Feature","properties":{"id_backbone":"BB-D6F70BF775D1","trecho":"JAU.AG-MTT.ME","cluster":"BAURU","cabo":null,"capacidade":"36","extensao_km":22.677,"confianca":"ALTA","fonte":"OSRM/OpenStreetMap","ponta_a":"JAU.AG","municipio_a":"JAU","ponta_b":"MTT.ME","municipio_b":"MINEIROS DO TIETE"},"geometry":{"type":"LineString","coordinates":[[-48.556349,-22.294008],[-48.555239,-22.293324],[-48.555745,-22.292557],[-48.567906,-22.300072],[-48.569528,-22.301225],[-48.570702,-22.301797],[-48.571715,-22.302184],[-48.573571,-22.302497],[-48.57461,-22.30248],[-48.575673,-22.301999],[-48.576256,-22.302156],[-48.576421,-22.302753],[-48.57578,-22.30371],[-48.575177,-22.306508],[-48.573404,-22.318398],[-48.573227,-22.320874],[-48.573637,-22.321192],[-48.574093,-22.321],[-48.574112,-22.32044],[-48.573517,-22.32023],[-48.572161,-22.320542],[-48.571202,-22.321177],[-48.55485,-22.334492],[-48.55372,-22.33566],[-48.55253,-22.336393],[-48.549874,-22.33854],[-48.546814,-22.341056],[-48.545957,-22.341947],[-48.543245,-22.343957],[-48.517806,-22.364823],[-48.515701,-22.367323],[-48.496718,-22.396748],[-48.495613,-22.398164],[-48.494133,-22.399428],[-48.48615,-22.404187],[-48.484034,-22.405015],[-48.481515,-22.405353],[-48.471471,-22.405801],[-48.469876,-22.405535],[-48.456611,-22.401645],[-48.455012,-22.403342],[-48.45506,-22.403832],[-48.453606,-22.404196],[-48.453069,-22.404575],[-48.452837,-22.405273],[-48.452505,-22.408492],[-48.45058,-22.408317],[-48.450474,-22.409892]]}},{"type":"Feature","properties":{"id_backbone":"BB-B3BBD2EAB4C2","trecho":"JCI.CF-SJC.RH","cluster":"SAO JOSE DOS CAMPOS","cabo":"TR-0103","capacidade":"6","extensao_km":13.776,"confianca":"SEM_REFERENCIA","fonte":"OSRM/OpenStreetMap","ponta_a":"JCI.CF","municipio_a":"JACAREI","ponta_b":"SJC.RH","municipio_b":"SAO JOSE DOS CAMPOS"},"geometry":{"type":"LineString","coordinates":[[-45.94482,-23.279635],[-45.948365,-23.278504],[-45.948689,-23.278082],[-45.948697,-23.277278],[-45.948819,-23.277142],[-45.951188,-23.277015],[-45.950143,-23.266055],[-45.950249,-23.261962],[-45.94879,-23.259196],[-45.948219,-23.258615],[-45.946254,-23.257323],[-45.92591,-23.244197],[-45.899943,-23.220105],[-45.891335,-23.211864],[-45.887455,-23.208279],[-45.884965,-23.206322],[-45.88336,-23.204747],[-45.88478,-23.20329],[-45.885813,-23.200022],[-45.886233,-23.197485],[-45.885377,-23.193079],[-45.885383,-23.19207],[-45.886012,-23.18859],[-45.886388,-23.188621]]}},{"type":"Feature","properties":{"id_backbone":"BB-A81CBDE3395E","trecho":"JCI.JM-SJC.RH","cluster":"SAO JOSE DOS CAMPOS","cabo":"F-0112","capacidade":"36","extensao_km":17.542,"confianca":"MEDIA","fonte":"OSRM/OpenStreetMap","ponta_a":"JCI.JM","municipio_a":"JACAREI","ponta_b":"SJC.RH","municipio_b":"SAO JOSE DOS CAMPOS"},"geometry":{"type":"LineString","coordinates":[[-45.96678,-23.302582],[-45.966744,-23.302872],[-45.967331,-23.302933],[-45.967926,-23.298728],[-45.966445,-23.296482],[-45.966111,-23.291943],[-45.965886,-23.291612],[-45.966748,-23.290482],[-45.969061,-23.288779],[-45.969717,-23.287955],[-45.970595,-23.284711],[-45.971953,-23.281125],[-45.972125,-23.279388],[-45.973318,-23.277521],[-45.973386,-23.276125],[-45.97376,-23.275359],[-45.973624,-23.274971],[-45.97005,-23.27268],[-45.968778,-23.271564],[-45.931381,-23.247634],[-45.926555,-23.244408],[-45.916935,-23.235894],[-45.899943,-23.220105],[-45.891335,-23.211864],[-45.887455,-23.208279],[-45.884965,-23.206322],[-45.88336,-23.204747],[-45.88478,-23.20329],[-45.885813,-23.200022],[-45.886233,-23.197485],[-45.885377,-23.193079],[-45.885383,-23.19207],[-45.886012,-23.18859],[-45.886388,-23.188621]]}},{"type":"Feature","properties":{"id_backbone":"BB-B914AB2C2490","trecho":"JGU.AE-SAP.JR","cluster":"CAMPINAS","cabo":"F-0288","capacidade":"36","extensao_km":15.174,"confianca":"ALTA","fonte":"OSRM/OpenStreetMap","ponta_a":"JGU.AE","municipio_a":"JAGUARIUNA","ponta_b":"SAP.JR","municipio_b":"SANTO ANTONIO DE POSSE"},"geometry":{"type":"LineString","coordinates":[[-46.984978,-22.703106],[-46.984618,-22.702982],[-46.984652,-22.702741],[-46.984201,-22.702278],[-46.982117,-22.700764],[-46.98131,-22.699703],[-46.980996,-22.696234],[-46.980393,-22.695144],[-46.979996,-22.694919],[-46.98037,-22.69161],[-46.980299,-22.690046],[-46.980137,-22.689495],[-46.978071,-22.685765],[-46.976602,-22.683689],[-46.974268,-22.678318],[-46.972761,-22.676331],[-46.972045,-22.674653],[-46.971336,-22.674482],[-46.967067,-22.671946],[-46.966822,-22.671634],[-46.966601,-22.670483],[-46.965843,-22.669676],[-46.961896,-22.668263],[-46.959844,-22.666936],[-46.959092,-22.666104],[-46.958497,-22.665125],[-46.955634,-22.662759],[-46.954916,-22.662629],[-46.951344,-22.663475],[-46.947566,-22.662236],[-46.946417,-22.662143],[-46.944169,-22.662285],[-46.943362,-22.661981],[-46.937171,-22.657703],[-46.936704,-22.657619],[-46.935347,-22.655976],[-46.934645,-22.654442],[-46.933775,-22.654172],[-46.930723,-22.652686],[-46.927586,-22.65047],[-46.924886,-22.647783],[-46.920318,-22.645586],[-46.919917,-22.644006],[-46.918332,-22.641131],[-46.917313,-22.6389],[-46.916878,-22.636375],[-46.917376,-22.63419],[-46.916242,-22.631283],[-46.915974,-22.62969],[-46.91694,-22.625401],[-46.916934,-22.624539],[-46.917555,-22.623041],[-46.917511,-22.622586],[-46.919386,-22.622366],[-46.920023,-22.62196],[-46.922052,-22.616292],[-46.921241,-22.61263],[-46.920934,-22.612458],[-46.921098,-22.612165],[-46.920189,-22.607436],[-46.91915,-22.607591],[-46.918774,-22.60617],[-46.917903,-22.606315]]}},{"type":"Feature","properties":{"id_backbone":"BB-7D6FB293D640","trecho":"JLS.RC-UNA.BR","cluster":"SAO JOSE DO RIO PRETO","cabo":"F-0087","capacidade":"12","extensao_km":11.941,"confianca":"ALTA","fonte":"OSRM/OpenStreetMap","ponta_a":"JLS.RC","municipio_a":"JALES","ponta_b":"UNA.BR","municipio_b":"URANIA"},"geometry":{"type":"LineString","coordinates":[[-50.549564,-20.271359],[-50.547736,-20.269956],[-50.553662,-20.263104],[-50.554405,-20.262459],[-50.556122,-20.261361],[-50.560129,-20.260488],[-50.56175,-20.257944],[-50.561293,-20.256676],[-50.561455,-20.25639],[-50.561737,-20.256416],[-50.562131,-20.2568],[-50.56471,-20.256408],[-50.638678,-20.238943],[-50.641207,-20.238082],[-50.641754,-20.237748],[-50.641924,-20.237279],[-50.642108,-20.23719],[-50.642353,-20.237381],[-50.642251,-20.237933],[-50.643447,-20.24295]]}},{"type":"Feature","properties":{"id_backbone":"BB-567E83C08896","trecho":"JOB.NJ-NOL.RG","cluster":"SAO JOSE DO RIO PRETO","cabo":"F-0068","capacidade":"12","extensao_km":31.709,"confianca":"SEM_REFERENCIA","fonte":"OSRM/OpenStreetMap","ponta_a":"JOB.NJ","municipio_a":"JOSE BONIFACIO","ponta_b":"NOL.RG","municipio_b":"NOVA ALIANCA"},"geometry":{"type":"LineString","coordinates":[[-49.683199,-21.05481],[-49.683019,-21.054987],[-49.685093,-21.056931],[-49.681079,-21.060898],[-49.681833,-21.061561],[-49.678737,-21.064503],[-49.67763,-21.06523],[-49.667179,-21.068942],[-49.666586,-21.069283],[-49.665994,-21.06938],[-49.66574,-21.069658],[-49.665803,-21.070106],[-49.666486,-21.071446],[-49.666379,-21.071621],[-49.666168,-21.071538],[-49.658794,-21.056108],[-49.632612,-21.00318],[-49.630738,-21.000734],[-49.627958,-20.997716],[-49.606282,-20.971608],[-49.605423,-20.970792],[-49.603669,-20.969602],[-49.601173,-20.968717],[-49.57223,-20.96377],[-49.571383,-20.963773],[-49.569948,-20.964054],[-49.569701,-20.964267],[-49.567196,-20.968804],[-49.566963,-20.970343],[-49.567148,-20.971581],[-49.567484,-20.972409],[-49.568269,-20.973549],[-49.574172,-20.980596],[-49.575379,-20.983298],[-49.568529,-20.986451],[-49.562556,-20.986775],[-49.561021,-20.987346],[-49.560453,-20.987787],[-49.559584,-20.988878],[-49.557331,-20.993737],[-49.556808,-20.994681],[-49.556042,-20.995433],[-49.554981,-20.99604],[-49.53695,-21.001969],[-49.535972,-21.002639],[-49.533188,-21.005894],[-49.532197,-21.006831],[-49.530616,-21.007934],[-49.529511,-21.008481],[-49.51249,-21.013641],[-49.508928,-21.014518],[-49.502794,-21.015999],[-49.498915,-21.015239],[-49.498697,-21.016146],[-49.498453,-21.016092]]}},{"type":"Feature","properties":{"id_backbone":"BB-17C664A058CB","trecho":"JQB.BB-JQB.JQ","cluster":"OSASCO","cabo":"F-0702","capacidade":"12","extensao_km":11.479,"confianca":"BAIXA","fonte":"OSRM/OpenStreetMap","ponta_a":"JQB.BB","municipio_a":"JUQUITIBA","ponta_b":"JQB.JQ","municipio_b":"JUQUITIBA"},"geometry":{"type":"LineString","coordinates":[[-47.146824,-23.984565],[-47.147044,-23.984714],[-47.146577,-23.983883],[-47.144251,-23.977366],[-47.143658,-23.976504],[-47.143178,-23.976047],[-47.14225,-23.975562],[-47.140193,-23.974998],[-47.138624,-23.974349],[-47.136693,-23.97307],[-47.135527,-23.971842],[-47.132445,-23.967992],[-47.131324,-23.96697],[-47.130256,-23.966362],[-47.12387,-23.963665],[-47.11855,-23.960012],[-47.116424,-23.959133],[-47.114051,-23.9577],[-47.106592,-23.954286],[-47.101721,-23.95085],[-47.097074,-23.94463],[-47.096089,-23.943642],[-47.094452,-23.942516],[-47.091481,-23.941216],[-47.086874,-23.938805],[-47.085614,-23.938426],[-47.083109,-23.938088],[-47.080287,-23.9365],[-47.078226,-23.936394],[-47.075523,-23.935457],[-47.074565,-23.935324],[-47.071862,-23.935769],[-47.06983,-23.936345],[-47.069652,-23.935445],[-47.070059,-23.934807],[-47.0722,-23.93434],[-47.072603,-23.934123],[-47.0718,-23.933211],[-47.071568,-23.933162],[-47.06858,-23.933587],[-47.067294,-23.93319],[-47.06681,-23.932725],[-47.066904,-23.930877],[-47.067083,-23.930734]]}},{"type":"Feature","properties":{"id_backbone":"BB-6245E4903CDF","trecho":"JQB.JQ-JQB.RD","cluster":"OSASCO","cabo":"F-0704","capacidade":"12","extensao_km":2.146,"confianca":"ALTA","fonte":"OSRM/OpenStreetMap","ponta_a":"JQB.JQ","municipio_a":"JUQUITIBA","ponta_b":"JQB.RD","municipio_b":"JUQUITIBA"},"geometry":{"type":"LineString","coordinates":[[-47.067083,-23.930734],[-47.067516,-23.930642],[-47.067672,-23.931206],[-47.066897,-23.931356],[-47.06681,-23.932725],[-47.067294,-23.93319],[-47.06858,-23.933587],[-47.066802,-23.935529],[-47.066572,-23.936201],[-47.06691,-23.936381],[-47.069331,-23.935842],[-47.069673,-23.936119],[-47.069528,-23.936401],[-47.068569,-23.936588],[-47.068765,-23.937227],[-47.068095,-23.937713],[-47.069162,-23.939662],[-47.069181,-23.940681],[-47.068935,-23.941606],[-47.06935,-23.942594]]}},{"type":"Feature","properties":{"id_backbone":"BB-EF45834EB439","trecho":"JRM.CD-QAA.QT","cluster":"ARACATUBA","cabo":"F-0102","capacidade":"18","extensao_km":9.667,"confianca":"MEDIA","fonte":"OSRM/OpenStreetMap","ponta_a":"JRM.CD","municipio_a":"JOAO RAMALHO","ponta_b":"QAA.QT","municipio_b":"QUATA"},"geometry":{"type":"LineString","coordinates":[[-50.76606,-22.249309],[-50.767113,-22.252974],[-50.766547,-22.253219],[-50.76695,-22.25642],[-50.767331,-22.256814],[-50.768741,-22.256664],[-50.768907,-22.256859],[-50.768757,-22.257032],[-50.765046,-22.257194],[-50.763508,-22.257083],[-50.709041,-22.259399],[-50.708191,-22.259494],[-50.707206,-22.259856],[-50.706246,-22.260737],[-50.705843,-22.260858],[-50.705528,-22.260615],[-50.705465,-22.26006],[-50.705151,-22.259731],[-50.696834,-22.254465],[-50.695296,-22.253642],[-50.695795,-22.251475],[-50.697867,-22.248539]]}},{"type":"Feature","properties":{"id_backbone":"BB-81858D8DB261","trecho":"LGH.CA-LGH.RD","cluster":"SAO JOSE DOS CAMPOS","cabo":"F-S/N","capacidade":"12","extensao_km":1.046,"confianca":"ALTA","fonte":"OSRM/OpenStreetMap","ponta_a":"LGH.CA","municipio_a":"LAGOINHA","ponta_b":"LGH.RD","municipio_b":"LAGOINHA"},"geometry":{"type":"LineString","coordinates":[[-45.193298,-23.087526],[-45.192407,-23.088858],[-45.192515,-23.089087],[-45.19113,-23.090943],[-45.190499,-23.090797],[-45.189179,-23.090856],[-45.188042,-23.092788],[-45.186781,-23.092281]]}},{"type":"Feature","properties":{"id_backbone":"BB-02683497912F","trecho":"LME.AM-PAG.GO","cluster":"CAMPINAS","cabo":"F-0145","capacidade":"36","extensao_km":23.397,"confianca":"ALTA","fonte":"OSRM/OpenStreetMap","ponta_a":"LME.AM","municipio_a":"LEME","ponta_b":"PAG.GO","municipio_b":"PIRASSUNUNGA"},"geometry":{"type":"LineString","coordinates":[[-47.38355,-22.185219],[-47.383086,-22.184971],[-47.384499,-22.182614],[-47.386259,-22.183554],[-47.389251,-22.178609],[-47.390358,-22.176543],[-47.390317,-22.176333],[-47.392842,-22.176161],[-47.398396,-22.175386],[-47.398378,-22.174578],[-47.398813,-22.173908],[-47.398941,-22.173276],[-47.400077,-22.154633],[-47.400384,-22.152864],[-47.401087,-22.151042],[-47.408168,-22.13673],[-47.40892,-22.134748],[-47.4126,-22.108134],[-47.420674,-22.084009],[-47.432681,-22.036529],[-47.434232,-22.031694],[-47.434452,-22.030672],[-47.434388,-22.030275],[-47.434186,-22.03021],[-47.433991,-22.029709],[-47.428759,-22.024311],[-47.427739,-22.022584],[-47.427174,-22.020735],[-47.42705,-22.016188],[-47.426788,-22.01548],[-47.426563,-22.015297],[-47.426768,-22.014839],[-47.426772,-22.013194],[-47.426558,-22.008382],[-47.426147,-22.003902],[-47.42631,-22.002829],[-47.426247,-22.001744],[-47.424972,-21.996908],[-47.425157,-21.996781],[-47.425357,-21.997001],[-47.42634,-21.997166],[-47.426535,-21.996319],[-47.428301,-21.996496]]}},{"type":"Feature","properties":{"id_backbone":"BB-F49D6A961BEE","trecho":"LME.AM-LME.BO","cluster":"CAMPINAS","cabo":"F-0075","capacidade":"12","extensao_km":2.974,"confianca":"SEM_REFERENCIA","fonte":"OSRM/OpenStreetMap","ponta_a":"LME.AM","municipio_a":"LEME","ponta_b":"LME.BO","municipio_b":"LEME"},"geometry":{"type":"LineString","coordinates":[[-47.38355,-22.185219],[-47.383086,-22.184971],[-47.383565,-22.184176],[-47.393128,-22.189164],[-47.396293,-22.189233],[-47.396843,-22.188925],[-47.397362,-22.189258],[-47.398323,-22.189271],[-47.398904,-22.189085],[-47.399335,-22.189342],[-47.400863,-22.189707],[-47.400901,-22.183842],[-47.401713,-22.183854],[-47.401728,-22.182999]]}},{"type":"Feature","properties":{"id_backbone":"BB-FB93E092F437","trecho":"LOU.SA-VIN.DI","cluster":"CAMPINAS","cabo":"TR-0307","capacidade":"36","extensao_km":7.193,"confianca":"ALTA","fonte":"OSRM/OpenStreetMap","ponta_a":"LOU.SA","municipio_a":"LOUVEIRA","ponta_b":"VIN.DI","municipio_b":"VINHEDO"},"geometry":{"type":"LineString","coordinates":[[-46.970383,-23.095795],[-46.970879,-23.096127],[-46.971244,-23.095657],[-46.97039,-23.095119],[-46.970539,-23.09478],[-46.976084,-23.086329],[-46.975578,-23.085532],[-46.97602,-23.084791],[-46.975746,-23.08422],[-46.975775,-23.083938],[-46.976055,-23.083739],[-46.976622,-23.083746],[-46.977776,-23.082631],[-46.981479,-23.077424],[-46.993087,-23.062122],[-46.99409,-23.060651],[-46.993945,-23.060208],[-46.993418,-23.060223],[-46.993264,-23.060504],[-46.993382,-23.060941],[-46.994528,-23.061592],[-46.999046,-23.061583],[-47.001653,-23.061785],[-47.001483,-23.061992],[-46.999755,-23.061868],[-46.999461,-23.062034],[-46.999341,-23.062516],[-46.999397,-23.063816],[-47.001529,-23.068221],[-47.002806,-23.067837],[-47.003712,-23.068011]]}},{"type":"Feature","properties":{"id_backbone":"BB-5F685F60BED3","trecho":"LVA.JK-MID.NU","cluster":"ARACATUBA","cabo":"F-0131","capacidade":"36","extensao_km":8.567,"confianca":"ALTA","fonte":"OSRM/OpenStreetMap","ponta_a":"LVA.JK","municipio_a":"LAVINIA","ponta_b":"MID.NU","municipio_b":"MIRANDOPOLIS"},"geometry":{"type":"LineString","coordinates":[[-51.041069,-21.170017],[-51.040409,-21.16879],[-51.04008,-21.168658],[-51.040042,-21.16812],[-51.039556,-21.167188],[-51.045948,-21.164047],[-51.051168,-21.162379],[-51.051952,-21.161969],[-51.054775,-21.159242],[-51.057541,-21.153372],[-51.057969,-21.152934],[-51.06353,-21.151481],[-51.06634,-21.151078],[-51.069751,-21.148607],[-51.075038,-21.147199],[-51.076517,-21.146637],[-51.077431,-21.146547],[-51.082475,-21.146746],[-51.087725,-21.144704],[-51.090927,-21.141422],[-51.093357,-21.14107],[-51.096424,-21.140155],[-51.097889,-21.140047],[-51.099502,-21.138587],[-51.102728,-21.132275],[-51.103044,-21.132412]]}},{"type":"Feature","properties":{"id_backbone":"BB-E0A5050D8BD5","trecho":"MAR.CL-MAR.PS","cluster":"JUNDIAI","cabo":"F-0683","capacidade":"12","extensao_km":6.085,"confianca":"ALTA","fonte":"OSRM/OpenStreetMap","ponta_a":"MAR.CL","municipio_a":"MAIRIPORA","ponta_b":"MAR.PS","municipio_b":"MAIRIPORA"},"geometry":{"type":"LineString","coordinates":[[-46.531152,-23.313692],[-46.531531,-23.316065],[-46.530832,-23.315931],[-46.530565,-23.316163],[-46.530835,-23.316648],[-46.530275,-23.317166],[-46.529567,-23.317446],[-46.528421,-23.317431],[-46.528051,-23.31799],[-46.528076,-23.318542],[-46.528422,-23.318954],[-46.528132,-23.322179],[-46.52781,-23.322762],[-46.528677,-23.32409],[-46.529595,-23.326855],[-46.530117,-23.327468],[-46.531348,-23.327629],[-46.532692,-23.328485],[-46.533196,-23.329023],[-46.534814,-23.329366],[-46.535162,-23.330021],[-46.535723,-23.330617],[-46.535941,-23.331711],[-46.536237,-23.33203],[-46.537037,-23.332485],[-46.537831,-23.332604],[-46.53836,-23.333055],[-46.539862,-23.33298],[-46.539915,-23.333299],[-46.539463,-23.334325],[-46.540126,-23.334395],[-46.5408,-23.335086],[-46.541802,-23.33578],[-46.542206,-23.33683],[-46.544327,-23.337953],[-46.545893,-23.338364],[-46.545333,-23.339522],[-46.545761,-23.340309],[-46.544641,-23.34416],[-46.544846,-23.345076],[-46.545092,-23.345468],[-46.544719,-23.345823],[-46.54499,-23.348186],[-46.545421,-23.348054],[-46.545545,-23.347502],[-46.546418,-23.346437],[-46.546668,-23.347209],[-46.54648,-23.348684],[-46.54779,-23.349569]]}},{"type":"Feature","properties":{"id_backbone":"BB-CA9F999788EA","trecho":"MAR.PP-SPO.FO","cluster":"JUNDIAI","cabo":"F-1334","capacidade":"72","extensao_km":21.678,"confianca":"MEDIA","fonte":"OSRM/OpenStreetMap","ponta_a":"MAR.PP","municipio_a":"MAIRIPORA","ponta_b":"SPO.FO","municipio_b":"SAO PAULO"},"geometry":{"type":"LineString","coordinates":[[-46.638107,-23.39178],[-46.638,-23.393027],[-46.637832,-23.393419],[-46.636266,-23.394159],[-46.635803,-23.394637],[-46.635167,-23.394575],[-46.634807,-23.395048],[-46.633567,-23.394848],[-46.632988,-23.39505],[-46.632537,-23.395661],[-46.631959,-23.395714],[-46.631268,-23.396565],[-46.629614,-23.397512],[-46.6288,-23.398851],[-46.628076,-23.399361],[-46.626545,-23.397913],[-46.625832,-23.397518],[-46.625366,-23.397488],[-46.625227,-23.397645],[-46.625688,-23.398275],[-46.626204,-23.399428],[-46.626193,-23.399704],[-46.62465,-23.401246],[-46.623442,-23.401838],[-46.622757,-23.403662],[-46.62264,-23.404489],[-46.622715,-23.406051],[-46.623179,-23.407296],[-46.622916,-23.407951],[-46.622314,-23.408701],[-46.621651,-23.412017],[-46.621912,-23.412631],[-46.622809,-23.41342],[-46.622898,-23.414038],[-46.622668,-23.415104],[-46.622055,-23.416283],[-46.622354,-23.417888],[-46.622188,-23.418669],[-46.621767,-23.419442],[-46.621664,-23.420873],[-46.62134,-23.421386],[-46.620264,-23.422298],[-46.619945,-23.423101],[-46.619986,-23.424133],[-46.620434,-23.424763],[-46.620467,-23.425049],[-46.619651,-23.426509],[-46.619647,-23.426956],[-46.619925,-23.427423],[-46.619905,-23.42789],[-46.619555,-23.429366],[-46.618947,-23.430655],[-46.618882,-23.432416],[-46.618645,-23.433676],[-46.619141,-23.434905],[-46.61911,-23.436181],[-46.618661,-23.437316],[-46.618204,-23.437887],[-46.617104,-23.438594],[-46.616166,-23.438804],[-46.616179,-23.441219],[-46.615976,-23.441733],[-46.613884,-23.443456],[-46.613351,-23.443726],[-46.613185,-23.444193],[-46.613439,-23.446028],[-46.614691,-23.446786],[-46.615088,-23.44756],[-46.614836,-23.448745],[-46.614601,-23.452302],[-46.614733,-23.45421],[-46.614306,-23.456096],[-46.61436,-23.456677],[-46.615045,-23.458242],[-46.617381,-23.457775],[-46.618948,-23.457964],[-46.620504,-23.458886],[-46.620837,-23.460148],[-46.621964,-23.460749],[-46.622247,-23.460738],[-46.623961,-23.459889],[-46.625751,-23.459887],[-46.627431,-23.460482],[-46.628946,-23.461693],[-46.629598,-23.462009],[-46.629392,-23.462518],[-46.62933,-23.464258],[-46.629843,-23.465147],[-46.63,-23.465998],[-46.630908,-23.467043],[-46.631302,-23.466911],[-46.631891,-23.466404],[-46.632128,-23.465241],[-46.632347,-23.464967],[-46.632987,-23.464867],[-46.635035,-23.465262],[-46.638468,-23.466412],[-46.641367,-23.466895],[-46.643186,-23.467779],[-46.643903,-23.468649],[-46.644471,-23.469053],[-46.64517,-23.469294],[-46.646859,-23.469464],[-46.64853,-23.469845],[-46.650266,-23.470816],[-46.651416,-23.471166],[-46.652249,-23.470937],[-46.652926,-23.470432],[-46.654418,-23.469902],[-46.656598,-23.46948],[-46.657924,-23.469365],[-46.660054,-23.469769],[-46.662955,-23.468996],[-46.664131,-23.469095],[-46.664706,-23.469387],[-46.665165,-23.469889],[-46.667013,-23.47291],[-46.667463,-23.474023],[-46.667676,-23.474015],[-46.667899,-23.473134],[-46.66895,-23.473868],[-46.669672,-23.473631],[-46.670059,-23.473678],[-46.670213,-23.473772],[-46.670166,-23.474071],[-46.670901,-23.474416],[-46.671503,-23.47446],[-46.672617,-23.474246],[-46.673587,-23.474936],[-46.675007,-23.476524],[-46.676309,-23.477278],[-46.677323,-23.477354],[-46.680543,-23.476943],[-46.681239,-23.477243],[-46.682643,-23.478429],[-46.682681,-23.478937],[-46.682055,-23.480322],[-46.682143,-23.480809],[-46.682493,-23.481251],[-46.683073,-23.481591],[-46.685105,-23.481893],[-46.685607,-23.482302],[-46.686491,-23.483698],[-46.687712,-23.483843],[-46.688143,-23.484527],[-46.688587,-23.484794],[-46.689036,-23.484836],[-46.690883,-23.484427],[-46.691343,-23.484491],[-46.692739,-23.486818],[-46.692787,-23.487638],[-46.693932,-23.488758],[-46.694264,-23.489687],[-46.695814,-23.489616],[-46.696843,-23.48908],[-46.697488,-23.489296],[-46.697547,-23.487968],[-46.698068,-23.487121],[-46.69839,-23.485912],[-46.698829,-23.485487],[-46.70025,-23.485225],[-46.702061,-23.484572],[-46.702314,-23.483875],[-46.70172,-23.483535],[-46.701831,-23.482838]]}},{"type":"Feature","properties":{"id_backbone":"BB-980C86A68771","trecho":"MCY.AR-PGP.PG","cluster":"ARACATUBA","cabo":"F-0102","capacidade":"36","extensao_km":28.346,"confianca":"SEM_REFERENCIA","fonte":"OSRM/OpenStreetMap","ponta_a":"MCY.AR","municipio_a":"MARACAI","ponta_b":"PGP.PG","municipio_b":"PARAGUACU PAULISTA"},"geometry":{"type":"LineString","coordinates":[[-50.666614,-22.611498],[-50.666313,-22.611098],[-50.671453,-22.607905],[-50.67069,-22.606746],[-50.670521,-22.606235],[-50.670356,-22.604207],[-50.670458,-22.598791],[-50.668775,-22.591158],[-50.665518,-22.587172],[-50.66491,-22.586693],[-50.655909,-22.583223],[-50.654891,-22.583142],[-50.654797,-22.582803],[-50.655469,-22.582411],[-50.656357,-22.581006],[-50.656414,-22.580593],[-50.653624,-22.57749],[-50.65059,-22.575839],[-50.64948,-22.575032],[-50.649352,-22.574768],[-50.649808,-22.573417],[-50.650691,-22.5725],[-50.651612,-22.571938],[-50.653435,-22.571446],[-50.654243,-22.570732],[-50.656493,-22.566829],[-50.657304,-22.556726],[-50.659268,-22.54275],[-50.659476,-22.539418],[-50.661481,-22.534291],[-50.66497,-22.528409],[-50.66588,-22.526692],[-50.666201,-22.525624],[-50.667294,-22.507972],[-50.666599,-22.507418],[-50.614291,-22.477219],[-50.607128,-22.474458],[-50.605897,-22.473691],[-50.60531,-22.472735],[-50.604711,-22.47096],[-50.600337,-22.456428],[-50.577656,-22.416169],[-50.576972,-22.413694],[-50.577544,-22.413559]]}},{"type":"Feature","properties":{"id_backbone":"BB-7BC0029DBFB9","trecho":"MEG.LG-PHZ.BE","cluster":"CAMPINAS","cabo":"F-0035","capacidade":"12","extensao_km":18.872,"confianca":"SEM_REFERENCIA","fonte":"OSRM/OpenStreetMap","ponta_a":"MEG.LG","municipio_a":"MONTE ALEGRE DO SUL","ponta_b":"PHZ.BE","municipio_b":"PINHALZINHO"},"geometry":{"type":"LineString","coordinates":[[-46.679088,-22.680431],[-46.678981,-22.681727],[-46.679127,-22.686931],[-46.679508,-22.687366],[-46.679397,-22.687536],[-46.679914,-22.688714],[-46.680491,-22.689375],[-46.682058,-22.690039],[-46.682279,-22.690088],[-46.682551,-22.689867],[-46.682346,-22.689551],[-46.681003,-22.690149],[-46.680648,-22.690463],[-46.680098,-22.691503],[-46.678507,-22.692989],[-46.678243,-22.693499],[-46.67826,-22.694662],[-46.67804,-22.695031],[-46.676792,-22.695923],[-46.676366,-22.696458],[-46.676079,-22.697153],[-46.675907,-22.698951],[-46.675352,-22.699597],[-46.674403,-22.69983],[-46.671064,-22.700002],[-46.670311,-22.700252],[-46.669001,-22.701136],[-46.668445,-22.701173],[-46.666929,-22.70087],[-46.664553,-22.701665],[-46.661194,-22.703916],[-46.660156,-22.704936],[-46.659013,-22.704274],[-46.658122,-22.703385],[-46.656775,-22.702936],[-46.655925,-22.701712],[-46.653725,-22.700103],[-46.652949,-22.699333],[-46.651609,-22.699323],[-46.650684,-22.699654],[-46.64936,-22.69939],[-46.648812,-22.699439],[-46.647096,-22.700249],[-46.646616,-22.700734],[-46.645657,-22.700772],[-46.64548,-22.701461],[-46.643913,-22.702988],[-46.642889,-22.703222],[-46.642297,-22.703552],[-46.642011,-22.703973],[-46.641585,-22.706375],[-46.641295,-22.706988],[-46.640592,-22.707433],[-46.638409,-22.707834],[-46.636689,-22.70956],[-46.636239,-22.710351],[-46.636339,-22.711184],[-46.636849,-22.712172],[-46.636802,-22.712857],[-46.635283,-22.715451],[-46.634266,-22.71621],[-46.633947,-22.716696],[-46.633925,-22.718135],[-46.634116,-22.719106],[-46.633535,-22.720442],[-46.633393,-22.721149],[-46.633553,-22.721475],[-46.634542,-22.722341],[-46.634486,-22.723211],[-46.631817,-22.724236],[-46.630602,-22.72418],[-46.627432,-22.724653],[-46.625674,-22.725521],[-46.625168,-22.72699],[-46.624162,-22.728975],[-46.624163,-22.729674],[-46.6245,-22.731153],[-46.624395,-22.731801],[-46.619853,-22.734092],[-46.619176,-22.735887],[-46.618716,-22.736372],[-46.618167,-22.736544],[-46.617664,-22.737263],[-46.616791,-22.739771],[-46.616652,-22.74058],[-46.615862,-22.741659],[-46.615763,-22.742551],[-46.615139,-22.744351],[-46.615256,-22.746996],[-46.613261,-22.749369],[-46.612529,-22.75085],[-46.61232,-22.751964],[-46.611914,-22.75269],[-46.61107,-22.753159],[-46.609504,-22.753121],[-46.60599,-22.753714],[-46.602664,-22.753863],[-46.601943,-22.754336],[-46.600611,-22.755685],[-46.599176,-22.758874],[-46.598125,-22.760274],[-46.597159,-22.762421],[-46.597404,-22.763051],[-46.59822,-22.763894],[-46.598258,-22.76472],[-46.599123,-22.766985],[-46.598982,-22.767782],[-46.59783,-22.768566],[-46.596399,-22.768392],[-46.594202,-22.769275],[-46.593298,-22.76977],[-46.591658,-22.771016],[-46.591284,-22.771608],[-46.591085,-22.772942],[-46.591465,-22.773603],[-46.591931,-22.775453],[-46.591705,-22.777597],[-46.59139,-22.777995],[-46.590256,-22.778586],[-46.590872,-22.779463],[-46.590628,-22.779662],[-46.591325,-22.780516]]}},{"type":"Feature","properties":{"id_backbone":"BB-A65EE79F5256","trecho":"MIA.DI-MIA.JA","cluster":"BAURU","cabo":"F-0318-00","capacidade":"12","extensao_km":6.121,"confianca":"ALTA","fonte":"OSRM/OpenStreetMap","ponta_a":"MIA.DI","municipio_a":"MARILIA","ponta_b":"MIA.JA","municipio_b":"MARILIA"},"geometry":{"type":"LineString","coordinates":[[-49.968789,-22.173154],[-49.969533,-22.174393],[-49.969597,-22.17497],[-49.971911,-22.178731],[-49.972382,-22.180242],[-49.972411,-22.181763],[-49.972063,-22.183111],[-49.971713,-22.183789],[-49.967659,-22.189527],[-49.9667,-22.191374],[-49.963267,-22.207635],[-49.96321,-22.208345],[-49.963233,-22.208694],[-49.963383,-22.208752],[-49.963427,-22.210148],[-49.963878,-22.211601],[-49.962879,-22.211796],[-49.962083,-22.211511],[-49.961745,-22.212352],[-49.956292,-22.210509],[-49.95526,-22.213032],[-49.953473,-22.212432],[-49.952919,-22.213838]]}},{"type":"Feature","properties":{"id_backbone":"BB-8837F69AE0F7","trecho":"MIA.JA-OIN.DC","cluster":"BAURU","cabo":"F-0309-01","capacidade":"6","extensao_km":19.156,"confianca":"ALTA","fonte":"OSRM/OpenStreetMap","ponta_a":"MIA.JA","municipio_a":"MARILIA","ponta_b":"OIN.DC","municipio_b":"ORIENTE"},"geometry":{"type":"LineString","coordinates":[[-49.952919,-22.213838],[-49.95247,-22.214976],[-49.954252,-22.215589],[-49.961445,-22.19758],[-49.961681,-22.195741],[-49.961465,-22.195345],[-49.961868,-22.194929],[-49.961979,-22.193461],[-49.962176,-22.193267],[-49.963106,-22.190493],[-49.963168,-22.188572],[-49.963853,-22.186133],[-49.963597,-22.185196],[-49.962603,-22.184303],[-49.961863,-22.185076],[-49.96167,-22.18496],[-49.963136,-22.182918],[-49.965657,-22.181178],[-49.977654,-22.175767],[-49.979384,-22.174782],[-49.999624,-22.158515],[-50.001119,-22.157648],[-50.002656,-22.15721],[-50.003991,-22.157085],[-50.015679,-22.157042],[-50.01966,-22.157179],[-50.066157,-22.162911],[-50.078106,-22.164141],[-50.080487,-22.164221],[-50.083,-22.163888],[-50.085197,-22.162887],[-50.086678,-22.161796],[-50.09107,-22.156616],[-50.089695,-22.156006]]}},{"type":"Feature","properties":{"id_backbone":"BB-A82DDA793E60","trecho":"MIA.JA-TUP.RC","cluster":"BAURU","cabo":"F-0309-00","capacidade":"72","extensao_km":74.494,"confianca":"ALTA","fonte":"OSRM/OpenStreetMap","ponta_a":"MIA.JA","municipio_a":"MARILIA","ponta_b":"TUP.RC","municipio_b":"TUPA"},"geometry":{"type":"LineString","coordinates":[[-49.952919,-22.213838],[-49.95247,-22.214976],[-49.954252,-22.215589],[-49.961445,-22.19758],[-49.961681,-22.195741],[-49.961465,-22.195345],[-49.961868,-22.194929],[-49.961979,-22.193461],[-49.962176,-22.193267],[-49.963106,-22.190493],[-49.963168,-22.188572],[-49.963853,-22.186133],[-49.963597,-22.185196],[-49.962603,-22.184303],[-49.961863,-22.185076],[-49.96167,-22.18496],[-49.963136,-22.182918],[-49.965657,-22.181178],[-49.977654,-22.175767],[-49.979384,-22.174782],[-49.999624,-22.158515],[-50.001119,-22.157648],[-50.002656,-22.15721],[-50.003991,-22.157085],[-50.015679,-22.157042],[-50.01966,-22.157179],[-50.066157,-22.162911],[-50.079993,-22.164314],[-50.081513,-22.164326],[-50.082777,-22.164134],[-50.084877,-22.163367],[-50.086092,-22.162605],[-50.087091,-22.161748],[-50.099286,-22.147637],[-50.101218,-22.145925],[-50.103038,-22.144905],[-50.112222,-22.141046],[-50.114092,-22.140408],[-50.136145,-22.131355],[-50.137702,-22.130099],[-50.139793,-22.126924],[-50.140834,-22.125867],[-50.142103,-22.125117],[-50.145214,-22.123969],[-50.150587,-22.119695],[-50.156418,-22.116842],[-50.157456,-22.115623],[-50.160009,-22.110687],[-50.165748,-22.105883],[-50.166813,-22.106],[-50.168452,-22.106587],[-50.169963,-22.10763],[-50.17056,-22.106734],[-50.171225,-22.106999],[-50.171887,-22.107032],[-50.17919,-22.102896],[-50.188071,-22.102049],[-50.188286,-22.102056],[-50.188227,-22.102842],[-50.189095,-22.103166],[-50.191398,-22.103794],[-50.192561,-22.10393],[-50.193842,-22.104483],[-50.198467,-22.105716],[-50.200369,-22.10582],[-50.238951,-22.100064],[-50.241157,-22.09994],[-50.247494,-22.100113],[-50.249671,-22.099785],[-50.256697,-22.095656],[-50.25814,-22.094962],[-50.262481,-22.093858],[-50.26967,-22.092457],[-50.270845,-22.092035],[-50.272143,-22.091057],[-50.288925,-22.076346],[-50.291048,-22.074972],[-50.293054,-22.074121],[-50.299858,-22.072085],[-50.301966,-22.071919],[-50.30387,-22.072415],[-50.3098,-22.075127],[-50.311072,-22.0754],[-50.312446,-22.075372],[-50.344364,-22.068051],[-50.346215,-22.067384],[-50.347052,-22.066894],[-50.348486,-22.065561],[-50.349209,-22.064484],[-50.349745,-22.063143],[-50.349933,-22.062103],[-50.350151,-22.052398],[-50.350658,-22.050866],[-50.351366,-22.049844],[-50.352191,-22.049096],[-50.35322,-22.048486],[-50.364646,-22.043537],[-50.366958,-22.042289],[-50.377702,-22.033753],[-50.379231,-22.032309],[-50.380421,-22.030882],[-50.381683,-22.028831],[-50.389958,-22.011537],[-50.390334,-22.010657],[-50.390485,-22.009721],[-50.390875,-22.009395],[-50.391296,-22.008703],[-50.394552,-22.001936],[-50.396629,-21.998854],[-50.431334,-21.966121],[-50.43305,-21.965022],[-50.435427,-21.964206],[-50.491209,-21.954577],[-50.507613,-21.949905],[-50.508283,-21.949616],[-50.508399,-21.949345],[-50.508118,-21.94542],[-50.507993,-21.945352],[-50.508101,-21.945208],[-50.508027,-21.944448],[-50.515846,-21.936477],[-50.514341,-21.935182],[-50.514129,-21.934401],[-50.514214,-21.933863],[-50.515664,-21.932444]]}},{"type":"Feature","properties":{"id_backbone":"BB-699E2412C767","trecho":"MIA.RD-MIA.SR","cluster":"BAURU","cabo":"F-1569","capacidade":"24","extensao_km":5.854,"confianca":"MEDIA","fonte":"OSRM/OpenStreetMap","ponta_a":"MIA.RD","municipio_a":"MARILIA","ponta_b":"MIA.SR","municipio_b":"MARILIA"},"geometry":{"type":"LineString","coordinates":[[-49.964201,-22.226419],[-49.963742,-22.227014],[-49.965102,-22.228475],[-49.965726,-22.228698],[-49.965259,-22.229867],[-49.965342,-22.230093],[-49.9657,-22.230182],[-49.965895,-22.229897],[-49.965677,-22.22957],[-49.964227,-22.229064],[-49.957858,-22.228761],[-49.956312,-22.229184],[-49.95397,-22.230684],[-49.952734,-22.230882],[-49.944618,-22.228162],[-49.941124,-22.227464],[-49.9396,-22.227551],[-49.936639,-22.228735],[-49.932048,-22.231484],[-49.93171,-22.231841],[-49.931243,-22.232857],[-49.930424,-22.233602],[-49.929549,-22.2339],[-49.929189,-22.23425],[-49.928166,-22.236689],[-49.923834,-22.238173],[-49.92346,-22.237891],[-49.922411,-22.237882],[-49.922312,-22.237078]]}},{"type":"Feature","properties":{"id_backbone":"BB-136E2ABED0DF","trecho":"MIO.SS-VLL.EV","cluster":"SAO JOSE DO RIO PRETO","cabo":"F-0086","capacidade":"12","extensao_km":13.231,"confianca":"BAIXA","fonte":"OSRM/OpenStreetMap","ponta_a":"MIO.SS","municipio_a":"MERIDIANO","ponta_b":"VLL.EV","municipio_b":"VALENTIM GENTIL"},"geometry":{"type":"LineString","coordinates":[[-50.173022,-20.357999],[-50.17274,-20.358027],[-50.173206,-20.362062],[-50.172746,-20.364051],[-50.171868,-20.365204],[-50.169617,-20.367133],[-50.168894,-20.367957],[-50.16836,-20.368952],[-50.167195,-20.372179],[-50.166677,-20.37295],[-50.165912,-20.373617],[-50.164892,-20.374109],[-50.163708,-20.374298],[-50.159641,-20.373542],[-50.158407,-20.373686],[-50.157256,-20.374182],[-50.156519,-20.37475],[-50.155854,-20.375608],[-50.153124,-20.381164],[-50.152384,-20.382305],[-50.151751,-20.382929],[-50.149627,-20.384277],[-50.136437,-20.391159],[-50.135121,-20.391535],[-50.134026,-20.391646],[-50.1224,-20.391677],[-50.12143,-20.391848],[-50.120173,-20.392435],[-50.118902,-20.393527],[-50.118065,-20.394939],[-50.117803,-20.39581],[-50.11742,-20.399233],[-50.116852,-20.400792],[-50.116195,-20.401591],[-50.11107,-20.406478],[-50.110048,-20.407671],[-50.106052,-20.415937],[-50.105101,-20.417121],[-50.103495,-20.418058],[-50.101822,-20.418348],[-50.093456,-20.417409],[-50.091975,-20.418284],[-50.090115,-20.418878],[-50.087141,-20.422035],[-50.085678,-20.420798],[-50.08559,-20.420892]]}},{"type":"Feature","properties":{"id_backbone":"BB-87F29D24F18C","trecho":"MMM.PJ-MMM.RD","cluster":"CAMPINAS","cabo":"F-0023","capacidade":"36","extensao_km":2.642,"confianca":"SEM_REFERENCIA","fonte":"OSRM/OpenStreetMap","ponta_a":"MMM.PJ","municipio_a":"MOGI MIRIM","ponta_b":"MMM.RD","municipio_b":"MOGI MIRIM"},"geometry":{"type":"LineString","coordinates":[[-46.960138,-22.434224],[-46.958851,-22.435105],[-46.95953,-22.436241],[-46.962975,-22.43405],[-46.963283,-22.432694],[-46.963659,-22.431965],[-46.964991,-22.432412],[-46.967154,-22.432333],[-46.967383,-22.431861],[-46.968617,-22.430944],[-46.969169,-22.430326],[-46.970132,-22.430197],[-46.970612,-22.429864],[-46.971251,-22.430468],[-46.976397,-22.426001]]}},{"type":"Feature","properties":{"id_backbone":"BB-2A80DCC77F7F","trecho":"MND.AA-NOIA.NT","cluster":"SAO JOSE DO RIO PRETO","cabo":"TR-0068","capacidade":"12","extensao_km":17.047,"confianca":"ALTA","fonte":"OSRM/OpenStreetMap","ponta_a":"MND.AA","municipio_a":"MENDONCA","ponta_b":"NOIA.NT","municipio_b":"NOVA ALIANCA"},"geometry":{"type":"LineString","coordinates":[[-49.579823,-21.183074],[-49.579722,-21.182463],[-49.577963,-21.182679],[-49.578046,-21.183513],[-49.57787,-21.183536],[-49.573696,-21.182379],[-49.57196,-21.181432],[-49.570566,-21.180197],[-49.5696,-21.17869],[-49.569098,-21.177524],[-49.568767,-21.175811],[-49.567961,-21.155024],[-49.567644,-21.153058],[-49.567156,-21.151606],[-49.565806,-21.149283],[-49.550083,-21.129423],[-49.549288,-21.12823],[-49.547959,-21.125193],[-49.546331,-21.117251],[-49.545439,-21.114595],[-49.544262,-21.112563],[-49.539097,-21.105789],[-49.538334,-21.10444],[-49.53778,-21.102135],[-49.537954,-21.100146],[-49.542829,-21.081509],[-49.542951,-21.079681],[-49.542824,-21.073224],[-49.542545,-21.07217],[-49.541652,-21.070721],[-49.53504,-21.06511],[-49.533463,-21.063145],[-49.532389,-21.061025],[-49.530247,-21.05429],[-49.528309,-21.050938]]}},{"type":"Feature","properties":{"id_backbone":"BB-3D420C8DD045","trecho":"MOC.RB-MOC.RD","cluster":"CAMPINAS","cabo":"F-0030","capacidade":"12","extensao_km":2.321,"confianca":"SEM_REFERENCIA","fonte":"OSRM/OpenStreetMap","ponta_a":"MOC.RB","municipio_a":"MOCOCA","ponta_b":"MOC.RD","municipio_b":"MOCOCA"},"geometry":{"type":"LineString","coordinates":[[-47.00214,-21.466473],[-47.0034,-21.465566],[-47.007879,-21.471744],[-47.008121,-21.472526],[-47.00803,-21.472844],[-47.008213,-21.474806],[-47.009913,-21.47816],[-47.010265,-21.483307]]}},{"type":"Feature","properties":{"id_backbone":"BB-0DB6B6D53E2D","trecho":"MOL.RT-TPL.DC","cluster":"ARACATUBA","cabo":"F-0016","capacidade":"6","extensao_km":11.484,"confianca":"ALTA","fonte":"OSRM/OpenStreetMap","ponta_a":"MOL.RT","municipio_a":"MONTE CASTELO","ponta_b":"TPL.DC","municipio_b":"TUPI PAULISTA"},"geometry":{"type":"LineString","coordinates":[[-51.568135,-21.298447],[-51.565951,-21.303857],[-51.568575,-21.30483],[-51.562754,-21.318971],[-51.558076,-21.331664],[-51.557867,-21.332629],[-51.557974,-21.333878],[-51.558357,-21.334757],[-51.57741,-21.369748],[-51.579407,-21.373229],[-51.579741,-21.373559],[-51.58027,-21.373565],[-51.580432,-21.373738],[-51.580146,-21.374404],[-51.579461,-21.374571],[-51.579026,-21.374856],[-51.569146,-21.384724],[-51.57162,-21.386893],[-51.571221,-21.386949]]}},{"type":"Feature","properties":{"id_backbone":"BB-9B5AB5F1892B","trecho":"MOR.JF-SUM.PS","cluster":"CAMPINAS","cabo":"F#305","capacidade":"36","extensao_km":16.7,"confianca":"ALTA","fonte":"OSRM/OpenStreetMap","ponta_a":"MOR.JF","municipio_a":"MONTE MOR","ponta_b":"SUM.PS","municipio_b":"SUMARE"},"geometry":{"type":"LineString","coordinates":[[-47.317562,-22.947918],[-47.316944,-22.946605],[-47.316331,-22.946806],[-47.313599,-22.946754],[-47.313271,-22.942324],[-47.31381,-22.940677],[-47.31483,-22.939907],[-47.315021,-22.939556],[-47.314182,-22.93894],[-47.311003,-22.937643],[-47.308879,-22.936375],[-47.305715,-22.935028],[-47.304137,-22.934732],[-47.303591,-22.934367],[-47.303266,-22.93355],[-47.303525,-22.932098],[-47.30349,-22.931397],[-47.302903,-22.930147],[-47.30199,-22.928821],[-47.301906,-22.928333],[-47.302371,-22.927285],[-47.304586,-22.923546],[-47.304686,-22.922738],[-47.304362,-22.922024],[-47.302433,-22.920097],[-47.300775,-22.918978],[-47.299255,-22.91833],[-47.298199,-22.917405],[-47.298337,-22.916888],[-47.299752,-22.915998],[-47.301012,-22.914716],[-47.301688,-22.913279],[-47.304143,-22.911168],[-47.304583,-22.910095],[-47.305386,-22.908922],[-47.306223,-22.907257],[-47.306842,-22.906482],[-47.308072,-22.905466],[-47.308292,-22.904948],[-47.308462,-22.90386],[-47.308252,-22.903348],[-47.300958,-22.896723],[-47.300429,-22.895938],[-47.300227,-22.895283],[-47.300304,-22.894128],[-47.301804,-22.889362],[-47.304175,-22.883388],[-47.30233,-22.88009],[-47.30102,-22.878101],[-47.296454,-22.867267],[-47.290213,-22.8569],[-47.284506,-22.851001],[-47.282113,-22.847826],[-47.278951,-22.843298],[-47.273561,-22.834173],[-47.271651,-22.835103],[-47.270149,-22.835362],[-47.269911,-22.834779],[-47.26927,-22.834907],[-47.267717,-22.833018]]}},{"type":"Feature","properties":{"id_backbone":"BB-3484A76F5812","trecho":"MOZ.RT-SRR.RD","cluster":"SAO JOSE DO RIO PRETO","cabo":"F-0093","capacidade":"60","extensao_km":36.443,"confianca":"BAIXA","fonte":"OSRM/OpenStreetMap","ponta_a":"MOZ.RT","municipio_a":"MONTE APRAZIVEL","ponta_b":"SRR.RD","municipio_b":"SAO JOSE DO RIO PRETO"},"geometry":{"type":"LineString","coordinates":[[-49.712922,-20.775188],[-49.711484,-20.775355],[-49.710576,-20.768611],[-49.710044,-20.768301],[-49.709458,-20.768348],[-49.709232,-20.766659],[-49.708226,-20.764699],[-49.706244,-20.758784],[-49.702862,-20.759102],[-49.659832,-20.773435],[-49.657559,-20.774528],[-49.647649,-20.780537],[-49.64436,-20.781729],[-49.640589,-20.782363],[-49.617868,-20.785382],[-49.613744,-20.786563],[-49.550513,-20.801379],[-49.544253,-20.803451],[-49.542166,-20.80393],[-49.529596,-20.8042],[-49.526722,-20.80446],[-49.469977,-20.814729],[-49.465134,-20.815183],[-49.443722,-20.816362],[-49.439861,-20.816708],[-49.438271,-20.817108],[-49.42965,-20.820803],[-49.427386,-20.821535],[-49.409082,-20.82489],[-49.406439,-20.8252],[-49.405868,-20.825516],[-49.403518,-20.82542],[-49.404155,-20.82657],[-49.405348,-20.830898],[-49.399578,-20.833079],[-49.395991,-20.833861]]}},{"type":"Feature","properties":{"id_backbone":"BB-8588A7B1C551","trecho":"MPO.PJ-RAC.HD","cluster":"ARACATUBA","cabo":"F-0103","capacidade":"72","extensao_km":32.379,"confianca":"BAIXA","fonte":"OSRM/OpenStreetMap","ponta_a":"MPO.PJ","municipio_a":"MARTINOPOLIS","ponta_b":"RAC.HD","municipio_b":"RANCHARIA"},"geometry":{"type":"LineString","coordinates":[[-51.171763,-22.144456],[-51.17192,-22.144515],[-51.172268,-22.14376],[-51.169759,-22.142749],[-51.168809,-22.142572],[-51.15926,-22.138598],[-51.158792,-22.138566],[-51.158054,-22.138893],[-51.150633,-22.144387],[-51.115463,-22.169676],[-51.002467,-22.228257],[-51.000022,-22.229472],[-50.998826,-22.229895],[-50.997354,-22.230145],[-50.926443,-22.23306],[-50.913994,-22.235024],[-50.912345,-22.235425],[-50.911669,-22.235967],[-50.91109,-22.23612],[-50.910786,-22.236476],[-50.910121,-22.236202],[-50.908681,-22.236356],[-50.908385,-22.235642],[-50.907194,-22.235127],[-50.90701,-22.234902],[-50.893151,-22.229753],[-50.892781,-22.230569],[-50.892141,-22.230346]]}},{"type":"Feature","properties":{"id_backbone":"BB-08EB71504F83","trecho":"MRES.BC-MRES.BU","cluster":"SAO JOSE DOS CAMPOS","cabo":"F-0108","capacidade":"12","extensao_km":6.297,"confianca":"ALTA","fonte":"OSRM/OpenStreetMap","ponta_a":"MRES.BC","municipio_a":"SAO SEBASTIAO","ponta_b":"MRES.BU","municipio_b":"SAO SEBASTIAO"},"geometry":{"type":"LineString","coordinates":[[-45.817918,-23.753411],[-45.818477,-23.753452],[-45.816,-23.753612],[-45.816057,-23.7551],[-45.811277,-23.755546],[-45.80648,-23.756699],[-45.805652,-23.756759],[-45.804797,-23.75645],[-45.79599,-23.750711],[-45.794858,-23.750312],[-45.793876,-23.750284],[-45.79157,-23.750673],[-45.78998,-23.751197],[-45.788333,-23.751319],[-45.775883,-23.753657],[-45.772304,-23.753988],[-45.766869,-23.754],[-45.766858,-23.755858],[-45.76459,-23.755789],[-45.764624,-23.756495]]}},{"type":"Feature","properties":{"id_backbone":"BB-04A4B93567C5","trecho":"MRES.BU-MRES.PJ","cluster":"SAO JOSE DOS CAMPOS","cabo":"F-0107","capacidade":"12","extensao_km":7.369,"confianca":"SEM_REFERENCIA","fonte":"OSRM/OpenStreetMap","ponta_a":"MRES.BU","municipio_a":"SAO SEBASTIAO","ponta_b":"MRES.PJ","municipio_b":"SAO SEBASTIAO"},"geometry":{"type":"LineString","coordinates":[[-45.764624,-23.756495],[-45.76459,-23.755789],[-45.76241,-23.755948],[-45.76208,-23.755301],[-45.761666,-23.754924],[-45.761629,-23.754071],[-45.761505,-23.753936],[-45.751582,-23.751877],[-45.740144,-23.747111],[-45.739044,-23.746372],[-45.736989,-23.744544],[-45.734282,-23.743035],[-45.731803,-23.742356],[-45.730551,-23.742395],[-45.730046,-23.742645],[-45.729655,-23.743268],[-45.728263,-23.747759],[-45.725754,-23.751364],[-45.724216,-23.757206],[-45.723424,-23.758151],[-45.721462,-23.759509],[-45.720789,-23.760457],[-45.72059,-23.761149],[-45.720665,-23.762985],[-45.722656,-23.764464],[-45.723667,-23.765146],[-45.726932,-23.765792],[-45.726933,-23.765601]]}},{"type":"Feature","properties":{"id_backbone":"BB-1681D524AA4D","trecho":"MRS.SP-SRR.RD","cluster":"SAO JOSE DO RIO PRETO","cabo":"F-0093","capacidade":"12","extensao_km":14.217,"confianca":"BAIXA","fonte":"OSRM/OpenStreetMap","ponta_a":"MRS.SP","municipio_a":"MIRASSOL","ponta_b":"SRR.RD","municipio_b":"SAO JOSE DO RIO PRETO"},"geometry":{"type":"LineString","coordinates":[[-49.516028,-20.816774],[-49.515895,-20.81446],[-49.513643,-20.813533],[-49.513158,-20.813],[-49.512507,-20.812894],[-49.512469,-20.812011],[-49.510845,-20.811926],[-49.509691,-20.812062],[-49.507588,-20.808926],[-49.506722,-20.808488],[-49.503986,-20.808888],[-49.503658,-20.808744],[-49.502767,-20.808843],[-49.473086,-20.814266],[-49.468677,-20.814889],[-49.440568,-20.816585],[-49.438271,-20.817108],[-49.42965,-20.820803],[-49.427386,-20.821535],[-49.409082,-20.82489],[-49.406439,-20.8252],[-49.405868,-20.825516],[-49.403518,-20.82542],[-49.404155,-20.82657],[-49.405348,-20.830898],[-49.399578,-20.833079],[-49.395991,-20.833861]]}},{"type":"Feature","properties":{"id_backbone":"BB-9F08BFD1AE35","trecho":"NGA.AR-ODE.AI","cluster":"SAO JOSE DO RIO PRETO","cabo":"F-0056","capacidade":"12","extensao_km":12.296,"confianca":"SEM_REFERENCIA","fonte":"OSRM/OpenStreetMap","ponta_a":"NGA.AR","municipio_a":"NOVA GRANADA","ponta_b":"ODE.AI","municipio_b":"ONDA VERDE"},"geometry":{"type":"LineString","coordinates":[[-49.314825,-20.530023],[-49.323652,-20.536332],[-49.325749,-20.539847],[-49.326339,-20.540425],[-49.327705,-20.541094],[-49.330038,-20.541217],[-49.330516,-20.541021],[-49.330769,-20.541233],[-49.330489,-20.542023],[-49.330032,-20.546177],[-49.329061,-20.548964],[-49.318953,-20.565943],[-49.318223,-20.567555],[-49.317853,-20.568992],[-49.317703,-20.570805],[-49.317867,-20.57256],[-49.319604,-20.581472],[-49.319768,-20.583155],[-49.319407,-20.585857],[-49.316738,-20.593615],[-49.316651,-20.596085],[-49.316907,-20.597268],[-49.317822,-20.599166],[-49.319749,-20.601401],[-49.320702,-20.602065],[-49.32088,-20.602625],[-49.319876,-20.602884],[-49.317235,-20.604256],[-49.315505,-20.604729],[-49.299806,-20.606395],[-49.295706,-20.60781],[-49.295876,-20.608192]]}},{"type":"Feature","properties":{"id_backbone":"BB-2B9F3E8E9CA2","trecho":"NGG.AL-SMC.SC","cluster":"ARACATUBA","cabo":"TR-0244","capacidade":"72","extensao_km":16.321,"confianca":"BAIXA","fonte":"OSRM/OpenStreetMap","ponta_a":"NGG.AL","municipio_a":"NOVA GUATAPORANGA","ponta_b":"SMC.SC","municipio_b":"SANTA MERCEDES"},"geometry":{"type":"LineString","coordinates":[[-51.6429,-21.335327],[-51.643153,-21.334982],[-51.644003,-21.335528],[-51.64521,-21.333893],[-51.648222,-21.335833],[-51.648678,-21.335813],[-51.650583,-21.335163],[-51.659072,-21.348505],[-51.678702,-21.378596],[-51.679238,-21.379367],[-51.67954,-21.379527],[-51.681356,-21.37876],[-51.71337,-21.361057],[-51.727725,-21.353384],[-51.743714,-21.346255],[-51.743873,-21.346486],[-51.743096,-21.346844],[-51.742992,-21.347312],[-51.746616,-21.354945],[-51.752104,-21.35259],[-51.751603,-21.351542],[-51.752234,-21.351267]]}},{"type":"Feature","properties":{"id_backbone":"BB-4F3DCB33A81D","trecho":"NOL.RG-PTB.JO","cluster":"SAO JOSE DO RIO PRETO","cabo":"F-0023","capacidade":"12","extensao_km":15.127,"confianca":"SEM_REFERENCIA","fonte":"OSRM/OpenStreetMap","ponta_a":"NOL.RG","municipio_a":"NOVA ALIANCA","ponta_b":"PTB.JO","municipio_b":"POTIRENDABA"},"geometry":{"type":"LineString","coordinates":[[-49.498453,-21.016092],[-49.496792,-21.015718],[-49.496344,-21.017495],[-49.495562,-21.017338],[-49.48963,-21.018367],[-49.477662,-21.019559],[-49.468807,-21.020118],[-49.462279,-21.021548],[-49.454937,-21.021459],[-49.453327,-21.021212],[-49.451268,-21.020329],[-49.446368,-21.015968],[-49.444804,-21.014986],[-49.44363,-21.014569],[-49.442598,-21.0144],[-49.437329,-21.014382],[-49.435298,-21.015088],[-49.433901,-21.016095],[-49.424736,-21.027241],[-49.417791,-21.033583],[-49.417008,-21.034529],[-49.412668,-21.041276],[-49.411783,-21.04234],[-49.410072,-21.043749],[-49.405021,-21.047068],[-49.403033,-21.047605],[-49.394163,-21.048249],[-49.38193,-21.047186],[-49.380514,-21.045153],[-49.380615,-21.041607],[-49.378501,-21.041564]]}},{"type":"Feature","properties":{"id_backbone":"BB-186F0C1D6D8F","trecho":"OCO.GFB-OCO.OS","cluster":"OSASCO","cabo":"TR#1749","capacidade":"24 F","extensao_km":0.944,"confianca":"MEDIA","fonte":"OSRM/OpenStreetMap","ponta_a":"OCO.GFB","municipio_a":"OSASCO","ponta_b":"OCO.OS","municipio_b":"OSASCO"},"geometry":{"type":"LineString","coordinates":[[-46.779478,-23.529464],[-46.780005,-23.529214],[-46.779623,-23.528441],[-46.784667,-23.529173],[-46.783951,-23.529902],[-46.785249,-23.530696]]}},{"type":"Feature","properties":{"id_backbone":"BB-7FD11487A6DC","trecho":"OCO.OS-SPO.LP","cluster":"OSASCO","cabo":"F-0034","capacidade":"36","extensao_km":10.139,"confianca":"MEDIA","fonte":"OSRM/OpenStreetMap","ponta_a":"OCO.OS","municipio_a":"OSASCO","ponta_b":"SPO.LP","municipio_b":"SAO PAULO"},"geometry":{"type":"LineString","coordinates":[[-46.785249,-23.530696],[-46.786047,-23.531186],[-46.787515,-23.529551],[-46.784667,-23.529173],[-46.783251,-23.53052],[-46.778727,-23.532653],[-46.778522,-23.532333],[-46.775273,-23.533394],[-46.772882,-23.533268],[-46.773904,-23.527577],[-46.77312,-23.523517],[-46.772512,-23.522584],[-46.772157,-23.522363],[-46.769374,-23.521717],[-46.767684,-23.52184],[-46.751204,-23.527019],[-46.750256,-23.527232],[-46.749229,-23.527239],[-46.748045,-23.526686],[-46.747404,-23.525778],[-46.747045,-23.522438],[-46.746269,-23.520621],[-46.745249,-23.519489],[-46.744149,-23.518813],[-46.743226,-23.518427],[-46.741847,-23.518222],[-46.736406,-23.518575],[-46.732683,-23.518599],[-46.731519,-23.51836],[-46.729794,-23.517732],[-46.728327,-23.517795],[-46.726412,-23.516733],[-46.725869,-23.51696],[-46.725397,-23.51805],[-46.724639,-23.518761],[-46.723555,-23.519449],[-46.719084,-23.521554],[-46.71927,-23.522781],[-46.719056,-23.525602]]}},{"type":"Feature","properties":{"id_backbone":"BB-A2EE25873DE7","trecho":"OCO.OS-SPO.PA","cluster":"OSASCO","cabo":"F-0625","capacidade":"72","extensao_km":20.068,"confianca":"MEDIA","fonte":"OSRM/OpenStreetMap","ponta_a":"OCO.OS","municipio_a":"OSASCO","ponta_b":"SPO.PA","municipio_b":"SAO PAULO"},"geometry":{"type":"LineString","coordinates":[[-46.785249,-23.530696],[-46.786047,-23.531186],[-46.787515,-23.529551],[-46.784667,-23.529173],[-46.783251,-23.53052],[-46.778727,-23.532653],[-46.778522,-23.532333],[-46.775273,-23.533394],[-46.773159,-23.533327],[-46.771848,-23.533106],[-46.770979,-23.533612],[-46.76615,-23.535446],[-46.763839,-23.535971],[-46.761053,-23.535448],[-46.760679,-23.534898],[-46.760065,-23.532099],[-46.757237,-23.531172],[-46.755932,-23.53139],[-46.755194,-23.531801],[-46.755011,-23.532455],[-46.755105,-23.5335],[-46.749265,-23.533817],[-46.747848,-23.535143],[-46.7456,-23.536895],[-46.737231,-23.544367],[-46.735224,-23.545893],[-46.732829,-23.548292],[-46.731251,-23.549545],[-46.708917,-23.560548],[-46.707113,-23.56184],[-46.706213,-23.562852],[-46.705469,-23.564115],[-46.702992,-23.570488],[-46.700886,-23.573286],[-46.697622,-23.576392],[-46.693174,-23.583883],[-46.692296,-23.586335],[-46.692439,-23.5877],[-46.692873,-23.58786],[-46.693031,-23.58751],[-46.692843,-23.586946],[-46.690423,-23.586785],[-46.689849,-23.586524],[-46.684306,-23.581158],[-46.683451,-23.580514],[-46.681891,-23.580454],[-46.679904,-23.580641],[-46.678737,-23.580455],[-46.677715,-23.580002],[-46.673284,-23.577305],[-46.671553,-23.577076],[-46.670765,-23.576684],[-46.665663,-23.581504],[-46.660556,-23.578407],[-46.649885,-23.568646],[-46.64911,-23.567808],[-46.647333,-23.565086],[-46.646507,-23.565641],[-46.645912,-23.56492]]}},{"type":"Feature","properties":{"id_backbone":"BB-626367CFDFAC","trecho":"OCO.OS-VPA.VT","cluster":"OSASCO","cabo":"F-0378","capacidade":"18","extensao_km":32.426,"confianca":"SEM_REFERENCIA","fonte":"OSRM/OpenStreetMap","ponta_a":"OCO.OS","municipio_a":"OSASCO","ponta_b":"VPA.VT","municipio_b":"VARGEM GRANDE PAULISTA"},"geometry":{"type":"LineString","coordinates":[[-46.785249,-23.530696],[-46.786297,-23.53134],[-46.786955,-23.532314],[-46.787117,-23.532936],[-46.786738,-23.533835],[-46.787589,-23.534012],[-46.78802,-23.535997],[-46.788224,-23.538677],[-46.7882,-23.542645],[-46.789294,-23.544599],[-46.792815,-23.553463],[-46.794423,-23.553444],[-46.797729,-23.555902],[-46.798736,-23.557158],[-46.79995,-23.558204],[-46.798959,-23.560765],[-46.798921,-23.561647],[-46.797983,-23.562955],[-46.798212,-23.563729],[-46.798657,-23.564004],[-46.799908,-23.564025],[-46.804896,-23.566354],[-46.80653,-23.566934],[-46.807156,-23.567035],[-46.808563,-23.566862],[-46.81011,-23.566892],[-46.813157,-23.566197],[-46.814678,-23.567033],[-46.815236,-23.567807],[-46.813549,-23.568745],[-46.813586,-23.569117],[-46.81411,-23.569603],[-46.814563,-23.57033],[-46.814627,-23.570787],[-46.814073,-23.571681],[-46.813179,-23.572213],[-46.813,-23.572918],[-46.813163,-23.574066],[-46.814119,-23.575297],[-46.814434,-23.57714],[-46.814026,-23.577571],[-46.812911,-23.577664],[-46.812547,-23.577832],[-46.812365,-23.579529],[-46.81396,-23.580852],[-46.815075,-23.582082],[-46.815982,-23.582694],[-46.816371,-23.5837],[-46.817899,-23.585622],[-46.818401,-23.588562],[-46.81876,-23.589834],[-46.819416,-23.591036],[-46.81969,-23.591319],[-46.820316,-23.591387],[-46.821464,-23.591256],[-46.823433,-23.590613],[-46.827625,-23.590841],[-46.828241,-23.590628],[-46.829591,-23.589594],[-46.830735,-23.589637],[-46.832346,-23.590934],[-46.839099,-23.594333],[-46.841114,-23.596935],[-46.846029,-23.599966],[-46.846827,-23.599932],[-46.848835,-23.59891],[-46.856432,-23.59841],[-46.859771,-23.596821],[-46.865008,-23.596676],[-46.867574,-23.595393],[-46.869947,-23.595771],[-46.874165,-23.594967],[-46.876398,-23.595394],[-46.878399,-23.595481],[-46.879668,-23.595929],[-46.880243,-23.596347],[-46.880823,-23.597074],[-46.881893,-23.599518],[-46.882685,-23.600087],[-46.883573,-23.600255],[-46.88803,-23.599382],[-46.890152,-23.59867],[-46.89116,-23.59861],[-46.894597,-23.59928],[-46.904147,-23.60049],[-46.914285,-23.602974],[-46.919717,-23.603349],[-46.921847,-23.603343],[-46.923764,-23.60271],[-46.926579,-23.602067],[-46.927372,-23.60208],[-46.929606,-23.60256],[-46.930538,-23.602575],[-46.932247,-23.60245],[-46.935627,-23.601851],[-46.93844,-23.601628],[-46.939555,-23.601943],[-46.951521,-23.608305],[-46.954511,-23.609705],[-46.955471,-23.610576],[-46.9565,-23.612038],[-46.958267,-23.613569],[-46.958844,-23.613842],[-46.961436,-23.614003],[-46.961953,-23.614375],[-46.962711,-23.615333],[-46.963207,-23.615523],[-46.965863,-23.614935],[-46.968524,-23.615328],[-46.974681,-23.614842],[-46.983294,-23.612996],[-46.984792,-23.612256],[-46.986439,-23.612102],[-46.987119,-23.612192],[-46.988913,-23.612881],[-46.989311,-23.61281],[-46.99051,-23.612096],[-46.99135,-23.612014],[-46.996787,-23.613465],[-46.999756,-23.613694],[-47.005725,-23.611478],[-47.006451,-23.610987],[-47.008166,-23.609334],[-47.010189,-23.608039],[-47.015003,-23.605864],[-47.016264,-23.605516],[-47.016423,-23.605611],[-47.016491,-23.60589],[-47.015289,-23.606256],[-47.01582,-23.60704],[-47.017052,-23.606404],[-47.021703,-23.606568]]}},{"type":"Feature","properties":{"id_backbone":"BB-E6E61C934497","trecho":"OCO.SN-SPO.RP","cluster":"OSASCO","cabo":"F-1020","capacidade":"72","extensao_km":4.654,"confianca":"BAIXA","fonte":"OSRM/OpenStreetMap","ponta_a":"OCO.SN","municipio_a":"OSASCO","ponta_b":"SPO.RP","municipio_b":"SAO PAULO"},"geometry":{"type":"LineString","coordinates":[[-46.793531,-23.56449],[-46.792417,-23.564698],[-46.792271,-23.564951],[-46.792627,-23.566572],[-46.792998,-23.567183],[-46.792974,-23.568092],[-46.791688,-23.56883],[-46.791291,-23.568909],[-46.789262,-23.567437],[-46.788372,-23.567019],[-46.787639,-23.565018],[-46.787248,-23.564553],[-46.783223,-23.562814],[-46.783103,-23.562564],[-46.78184,-23.562437],[-46.78179,-23.56261],[-46.779105,-23.562951],[-46.777729,-23.562447],[-46.777702,-23.56227],[-46.777048,-23.561901],[-46.7761,-23.56243],[-46.772097,-23.562324],[-46.771308,-23.56206],[-46.77076,-23.561478],[-46.769968,-23.56202],[-46.769168,-23.562179],[-46.769008,-23.56317],[-46.768147,-23.5631],[-46.767539,-23.563492],[-46.768089,-23.56493],[-46.767681,-23.566511],[-46.766964,-23.566892],[-46.766885,-23.56707],[-46.767888,-23.567572],[-46.766083,-23.567199],[-46.765729,-23.567462],[-46.765314,-23.568444]]}},{"type":"Feature","properties":{"id_backbone":"BB-C6830505DBCE","trecho":"OIN.DC-TUP.RC","cluster":"BAURU","cabo":"F-0309-01","capacidade":"6","extensao_km":55.734,"confianca":"ALTA","fonte":"OSRM/OpenStreetMap","ponta_a":"OIN.DC","municipio_a":"ORIENTE","ponta_b":"TUP.RC","municipio_b":"TUPA"},"geometry":{"type":"LineString","coordinates":[[-50.089695,-22.156006],[-50.09107,-22.156616],[-50.093268,-22.152438],[-50.094129,-22.152845],[-50.094719,-22.152617],[-50.095728,-22.151761],[-50.099693,-22.147201],[-50.100986,-22.14609],[-50.102329,-22.145252],[-50.112222,-22.141046],[-50.114092,-22.140408],[-50.135372,-22.131722],[-50.136569,-22.13108],[-50.137702,-22.130099],[-50.139793,-22.126924],[-50.140834,-22.125867],[-50.142103,-22.125117],[-50.145214,-22.123969],[-50.150587,-22.119695],[-50.156418,-22.116842],[-50.157456,-22.115623],[-50.160009,-22.110687],[-50.165748,-22.105883],[-50.166813,-22.106],[-50.168452,-22.106587],[-50.169963,-22.10763],[-50.17056,-22.106734],[-50.171225,-22.106999],[-50.171887,-22.107032],[-50.17919,-22.102896],[-50.188071,-22.102049],[-50.188286,-22.102056],[-50.188227,-22.102842],[-50.189095,-22.103166],[-50.191398,-22.103794],[-50.192561,-22.10393],[-50.193842,-22.104483],[-50.198467,-22.105716],[-50.200369,-22.10582],[-50.238951,-22.100064],[-50.241157,-22.09994],[-50.247494,-22.100113],[-50.249671,-22.099785],[-50.256697,-22.095656],[-50.25814,-22.094962],[-50.262481,-22.093858],[-50.26967,-22.092457],[-50.270845,-22.092035],[-50.272143,-22.091057],[-50.288925,-22.076346],[-50.291048,-22.074972],[-50.293054,-22.074121],[-50.299858,-22.072085],[-50.301966,-22.071919],[-50.30387,-22.072415],[-50.3098,-22.075127],[-50.311072,-22.0754],[-50.312446,-22.075372],[-50.344782,-22.067951],[-50.346685,-22.06714],[-50.347909,-22.066197],[-50.34871,-22.065271],[-50.349209,-22.064484],[-50.349745,-22.063143],[-50.349933,-22.062103],[-50.350151,-22.052398],[-50.350658,-22.050866],[-50.351366,-22.049844],[-50.352191,-22.049096],[-50.35322,-22.048486],[-50.364646,-22.043537],[-50.366958,-22.042289],[-50.377702,-22.033753],[-50.379231,-22.032309],[-50.380421,-22.030882],[-50.381683,-22.028831],[-50.389958,-22.011537],[-50.390334,-22.010657],[-50.390485,-22.009721],[-50.390875,-22.009395],[-50.391296,-22.008703],[-50.394552,-22.001936],[-50.396629,-21.998854],[-50.431334,-21.966121],[-50.43305,-21.965022],[-50.435427,-21.964206],[-50.491209,-21.954577],[-50.507613,-21.949905],[-50.508283,-21.949616],[-50.508399,-21.949345],[-50.508118,-21.94542],[-50.507993,-21.945352],[-50.508101,-21.945208],[-50.508027,-21.944448],[-50.515846,-21.936477],[-50.514341,-21.935182],[-50.514129,-21.934401],[-50.514214,-21.933863],[-50.515664,-21.932444]]}},{"type":"Feature","properties":{"id_backbone":"BB-8C6D0399D617","trecho":"OLA.OL-OLA.RD","cluster":"SAO JOSE DO RIO PRETO","cabo":"F-0016","capacidade":"24","extensao_km":6.331,"confianca":"SEM_REFERENCIA","fonte":"OSRM/OpenStreetMap","ponta_a":"OLA.OL","municipio_a":"OLIMPIA","ponta_b":"OLA.RD","municipio_b":"OLIMPIA"},"geometry":{"type":"LineString","coordinates":[[-48.914409,-20.736761],[-48.913937,-20.736666],[-48.913722,-20.73757],[-48.91943,-20.738718],[-48.919374,-20.738958],[-48.920584,-20.739223],[-48.921134,-20.739124],[-48.921186,-20.739477],[-48.923506,-20.740005],[-48.92358,-20.740496],[-48.924044,-20.740875],[-48.92923,-20.743422],[-48.931302,-20.744985],[-48.93218,-20.745426],[-48.93698,-20.747072],[-48.937924,-20.747146],[-48.939727,-20.746892],[-48.940706,-20.747034],[-48.943854,-20.748877],[-48.946718,-20.750995],[-48.948257,-20.751885],[-48.950485,-20.753814],[-48.950882,-20.754808],[-48.95115,-20.757014],[-48.951978,-20.758449],[-48.954591,-20.760635],[-48.957222,-20.761499],[-48.95687,-20.762946],[-48.956033,-20.764531],[-48.955067,-20.764621],[-48.95496,-20.765012],[-48.954601,-20.765262]]}},{"type":"Feature","properties":{"id_backbone":"BB-7D1728034BC8","trecho":"OSC.EK-SKR.WL","cluster":"ARACATUBA","cabo":"F-0026","capacidade":"6","extensao_km":15.317,"confianca":"ALTA","fonte":"OSRM/OpenStreetMap","ponta_a":"OSC.EK","municipio_a":"OSVALDO CRUZ","ponta_b":"SKR.WL","municipio_b":"SAGRES"},"geometry":{"type":"LineString","coordinates":[[-50.871519,-21.796344],[-50.870773,-21.796517],[-50.871024,-21.797456],[-50.889787,-21.793108],[-50.890778,-21.792684],[-50.890996,-21.793242],[-50.895931,-21.798702],[-50.900848,-21.80451],[-50.907158,-21.811507],[-50.908285,-21.812387],[-50.90999,-21.812979],[-50.92877,-21.815543],[-50.929743,-21.815947],[-50.930316,-21.816398],[-50.931028,-21.817607],[-50.940697,-21.843907],[-50.944953,-21.854147],[-50.948009,-21.861977],[-50.949908,-21.86626],[-50.952688,-21.871652],[-50.954992,-21.877799],[-50.955726,-21.879034],[-50.956398,-21.879466],[-50.955649,-21.882165]]}},{"type":"Feature","properties":{"id_backbone":"BB-AF96E2EC270E","trecho":"OUU.JG-RBD.AP","cluster":"BAURU","cabo":"F-0305-01","capacidade":"12","extensao_km":43.765,"confianca":"ALTA","fonte":"OSRM/OpenStreetMap","ponta_a":"OUU.JG","municipio_a":"OCAUCU","ponta_b":"RBD.AP","municipio_b":"RIBEIRAO DO SUL"},"geometry":{"type":"LineString","coordinates":[[-49.921686,-22.437523],[-49.921188,-22.437474],[-49.920871,-22.440609],[-49.920531,-22.441483],[-49.917982,-22.44374],[-49.901246,-22.452246],[-49.894014,-22.458738],[-49.893322,-22.459886],[-49.892494,-22.464118],[-49.892164,-22.46493],[-49.88838,-22.469557],[-49.887391,-22.470543],[-49.887217,-22.471139],[-49.886924,-22.471243],[-49.887976,-22.472927],[-49.88871,-22.474592],[-49.889274,-22.476679],[-49.889453,-22.478421],[-49.889441,-22.514421],[-49.889593,-22.516562],[-49.889486,-22.523813],[-49.889509,-22.608731],[-49.889668,-22.772287],[-49.889817,-22.773762],[-49.890021,-22.774188],[-49.890322,-22.774411],[-49.894471,-22.774581],[-49.897352,-22.775087],[-49.921855,-22.782234],[-49.922314,-22.782236],[-49.922672,-22.782454],[-49.931315,-22.784995],[-49.932048,-22.782914]]}},{"type":"Feature","properties":{"id_backbone":"BB-E7FCAEAE5346","trecho":"PAA.CF-PAA.VR","cluster":"CAMPINAS","cabo":"F-0034","capacidade":"36","extensao_km":9.613,"confianca":"MEDIA","fonte":"OSRM/OpenStreetMap","ponta_a":"PAA.CF","municipio_a":"PIRACICABA","ponta_b":"PAA.VR","municipio_b":"PIRACICABA"},"geometry":{"type":"LineString","coordinates":[[-47.62024,-22.672618],[-47.619752,-22.671944],[-47.624162,-22.668787],[-47.623983,-22.668505],[-47.618936,-22.664802],[-47.618079,-22.664535],[-47.617283,-22.664796],[-47.616976,-22.664723],[-47.616934,-22.664313],[-47.617682,-22.663904],[-47.618104,-22.663074],[-47.618396,-22.663169],[-47.618698,-22.66406],[-47.61949,-22.664991],[-47.625675,-22.66966],[-47.63305,-22.676238],[-47.634101,-22.677574],[-47.640621,-22.687404],[-47.651819,-22.696474],[-47.653368,-22.697969],[-47.654161,-22.698299],[-47.654998,-22.69961],[-47.656818,-22.701306],[-47.657775,-22.701937],[-47.657806,-22.702408],[-47.657582,-22.702907],[-47.655657,-22.705082],[-47.654309,-22.706343],[-47.654027,-22.706849],[-47.653913,-22.70796],[-47.655722,-22.711418],[-47.659842,-22.709598],[-47.660139,-22.710183]]}},{"type":"Feature","properties":{"id_backbone":"BB-2CF4232B6416","trecho":"PAA.JE-STB.DC","cluster":"CAMPINAS","cabo":"F-0156","capacidade":"36","extensao_km":27.978,"confianca":"SEM_REFERENCIA","fonte":"OSRM/OpenStreetMap","ponta_a":"PAA.JE","municipio_a":"PIRACICABA","ponta_b":"STB.DC","municipio_b":"SANTA BARBARA D'OESTE"},"geometry":{"type":"LineString","coordinates":[[-47.636073,-22.74248],[-47.635969,-22.742319],[-47.63585,-22.742657],[-47.631409,-22.740613],[-47.630645,-22.74221],[-47.63055,-22.74216],[-47.631341,-22.740467],[-47.631416,-22.739631],[-47.631101,-22.739062],[-47.63,-22.738618],[-47.629869,-22.737942],[-47.629206,-22.736762],[-47.628409,-22.733139],[-47.627179,-22.730887],[-47.626872,-22.72637],[-47.62526,-22.724266],[-47.624803,-22.723327],[-47.624374,-22.719914],[-47.623319,-22.718675],[-47.622774,-22.718483],[-47.61901,-22.720066],[-47.615839,-22.720825],[-47.55546,-22.72693],[-47.552795,-22.727245],[-47.549956,-22.727817],[-47.547117,-22.728691],[-47.544112,-22.729965],[-47.518757,-22.743212],[-47.514102,-22.745153],[-47.435695,-22.768416],[-47.435459,-22.768332],[-47.435277,-22.767377],[-47.434857,-22.766967],[-47.43482,-22.766389],[-47.43109,-22.756934],[-47.430504,-22.756116],[-47.429904,-22.755766],[-47.424867,-22.754315],[-47.416787,-22.755306],[-47.414144,-22.756891],[-47.41154,-22.753279],[-47.414079,-22.7517]]}},{"type":"Feature","properties":{"id_backbone":"BB-251F89A09FA7","trecho":"PAA.JE-PAA.VR","cluster":"CAMPINAS","cabo":"F-0157","capacidade":"72","extensao_km":6.142,"confianca":"BAIXA","fonte":"OSRM/OpenStreetMap","ponta_a":"PAA.JE","municipio_a":"PIRACICABA","ponta_b":"PAA.VR","municipio_b":"PIRACICABA"},"geometry":{"type":"LineString","coordinates":[[-47.636073,-22.74248],[-47.637238,-22.744302],[-47.637999,-22.74418],[-47.638604,-22.744346],[-47.639673,-22.743708],[-47.640002,-22.743679],[-47.641136,-22.741541],[-47.641315,-22.740755],[-47.6413,-22.740074],[-47.640687,-22.738582],[-47.640575,-22.737645],[-47.641077,-22.737915],[-47.642542,-22.73808],[-47.64783,-22.735509],[-47.647902,-22.735336],[-47.64804,-22.7344],[-47.646814,-22.728737],[-47.646793,-22.727091],[-47.645563,-22.724805],[-47.644643,-22.722556],[-47.644658,-22.721707],[-47.645021,-22.720356],[-47.646171,-22.719516],[-47.646505,-22.719093],[-47.646482,-22.718566],[-47.645984,-22.717163],[-47.646549,-22.715773],[-47.647113,-22.715193],[-47.647874,-22.714774],[-47.649625,-22.715068],[-47.651933,-22.71402],[-47.653028,-22.713696],[-47.653182,-22.713468],[-47.653286,-22.71249],[-47.659842,-22.709598],[-47.660139,-22.710183]]}},{"type":"Feature","properties":{"id_backbone":"BB-46D5B06F9581","trecho":"PAA.ST-PAA.VR","cluster":"CAMPINAS","cabo":"F-0025","capacidade":"12","extensao_km":5.734,"confianca":"ALTA","fonte":"OSRM/OpenStreetMap","ponta_a":"PAA.ST","municipio_a":"PIRACICABA","ponta_b":"PAA.VR","municipio_b":"PIRACICABA"},"geometry":{"type":"LineString","coordinates":[[-47.681514,-22.677388],[-47.681315,-22.677632],[-47.680195,-22.678178],[-47.679543,-22.678302],[-47.678823,-22.678858],[-47.677652,-22.680211],[-47.676296,-22.681059],[-47.673724,-22.681529],[-47.673341,-22.682755],[-47.673319,-22.684895],[-47.673529,-22.685371],[-47.673215,-22.685683],[-47.673074,-22.686661],[-47.671269,-22.686741],[-47.67033,-22.68713],[-47.668531,-22.68832],[-47.6673,-22.689441],[-47.65944,-22.699343],[-47.65818,-22.70121],[-47.657716,-22.702834],[-47.654193,-22.706506],[-47.653913,-22.70796],[-47.655722,-22.711418],[-47.659842,-22.709598],[-47.660139,-22.710183]]}},{"type":"Feature","properties":{"id_backbone":"BB-93F6551BA0A2","trecho":"PAY.CC-URU.PA","cluster":"BAURU","cabo":"F-0147-00","capacidade":"12","extensao_km":10.568,"confianca":"ALTA","fonte":"OSRM/OpenStreetMap","ponta_a":"PAY.CC","municipio_a":"PONGAI","ponta_b":"URU.PA","municipio_b":"URU"},"geometry":{"type":"LineString","coordinates":[[-49.356562,-21.733499],[-49.357311,-21.733256],[-49.3588,-21.737369],[-49.353863,-21.738833],[-49.345394,-21.73886],[-49.343884,-21.739184],[-49.342154,-21.73996],[-49.340523,-21.741274],[-49.329087,-21.75316],[-49.327058,-21.754867],[-49.300369,-21.770542],[-49.298657,-21.771711],[-49.296657,-21.773566],[-49.288225,-21.782876],[-49.287978,-21.783206],[-49.287846,-21.783917],[-49.287542,-21.783914],[-49.28686,-21.783306],[-49.285944,-21.78313],[-49.284897,-21.783359],[-49.283724,-21.784151],[-49.283023,-21.783297],[-49.282288,-21.783809]]}},{"type":"Feature","properties":{"id_backbone":"BB-A8D56CE6A187","trecho":"PDR.PN-POTU.PT","cluster":"BAURU","cabo":"F-0155.03","capacidade":"12","extensao_km":18.709,"confianca":"ALTA","fonte":"OSRM/OpenStreetMap","ponta_a":"PDR.PN","municipio_a":"PEDERNEIRAS","ponta_b":"POTU.PT","municipio_b":"JAU"},"geometry":{"type":"LineString","coordinates":[[-48.776679,-22.353388],[-48.776823,-22.353175],[-48.776011,-22.352669],[-48.77684,-22.351489],[-48.774168,-22.349952],[-48.764895,-22.341908],[-48.764003,-22.341505],[-48.756475,-22.339668],[-48.75604,-22.339944],[-48.755661,-22.340959],[-48.755447,-22.340951],[-48.756356,-22.339111],[-48.756658,-22.338127],[-48.757353,-22.337115],[-48.758884,-22.333929],[-48.758887,-22.332083],[-48.758574,-22.331508],[-48.758204,-22.331188],[-48.757507,-22.330879],[-48.743859,-22.328589],[-48.740185,-22.327491],[-48.738004,-22.326624],[-48.734853,-22.325013],[-48.732761,-22.323713],[-48.721477,-22.315432],[-48.718963,-22.313892],[-48.716729,-22.312821],[-48.716026,-22.312686],[-48.714603,-22.312979],[-48.713403,-22.312302],[-48.712837,-22.313627],[-48.712185,-22.313987],[-48.709589,-22.314878],[-48.70894,-22.315674],[-48.70879,-22.31857],[-48.707717,-22.326797],[-48.705727,-22.337826],[-48.705029,-22.340726],[-48.70445,-22.341428],[-48.700317,-22.343534],[-48.697417,-22.346727],[-48.68898,-22.360797],[-48.688875,-22.361702],[-48.688516,-22.361793],[-48.68809,-22.361156],[-48.679711,-22.35709],[-48.679221,-22.356997],[-48.678903,-22.35725],[-48.676285,-22.363698],[-48.675872,-22.364203],[-48.674784,-22.36493],[-48.673071,-22.367039],[-48.670366,-22.365304],[-48.670761,-22.364739],[-48.67046,-22.364556]]}},{"type":"Feature","properties":{"id_backbone":"BB-81448864B5C8","trecho":"PEP.JP-PRIS.PA","cluster":"SAO JOSE DO RIO PRETO","cabo":"TR#1545","capacidade":"24 F","extensao_km":14.091,"confianca":"ALTA","fonte":"OSRM/OpenStreetMap","ponta_a":"PEP.JP","municipio_a":"PEDRANOPOLIS","ponta_b":"PRIS.PA","municipio_b":"PARISI"},"geometry":{"type":"LineString","coordinates":[[-50.108406,-20.246973],[-50.109828,-20.247575],[-50.101987,-20.263491],[-50.09349,-20.281535],[-50.093061,-20.283225],[-50.092257,-20.28984],[-50.091949,-20.290487],[-50.09113,-20.291101],[-50.078474,-20.292733],[-50.077202,-20.292571],[-50.073889,-20.291558],[-50.072076,-20.291524],[-50.035359,-20.299815],[-50.011332,-20.304898],[-50.011108,-20.303846]]}},{"type":"Feature","properties":{"id_backbone":"BB-BBF0B9026ECD","trecho":"PGP.PG-QAA.QT","cluster":"ARACATUBA","cabo":"F-0102","capacidade":"18","extensao_km":23.956,"confianca":"BAIXA","fonte":"OSRM/OpenStreetMap","ponta_a":"PGP.PG","municipio_a":"PARAGUACU PAULISTA","ponta_b":"QAA.QT","municipio_b":"QUATA"},"geometry":{"type":"LineString","coordinates":[[-50.577544,-22.413559],[-50.597234,-22.408965],[-50.598552,-22.408369],[-50.600151,-22.406352],[-50.690184,-22.28019],[-50.700957,-22.265338],[-50.705411,-22.260661],[-50.705507,-22.260195],[-50.705151,-22.259731],[-50.696834,-22.254465],[-50.695296,-22.253642],[-50.695795,-22.251475],[-50.697867,-22.248539]]}},{"type":"Feature","properties":{"id_backbone":"BB-868B88D98DF8","trecho":"PIMV.PV-ROA.MF","cluster":"ARACATUBA","cabo":"F-0101","capacidade":"12","extensao_km":13.566,"confianca":"ALTA","fonte":"OSRM/OpenStreetMap","ponta_a":"PIMV.PV","municipio_a":"ROSANA","ponta_b":"ROA.MF","municipio_b":"ROSANA"},"geometry":{"type":"LineString","coordinates":[[-52.944516,-22.530028],[-52.94465,-22.529557],[-52.949467,-22.530665],[-52.990077,-22.540283],[-52.992455,-22.540963],[-52.994844,-22.541901],[-53.031199,-22.55796],[-53.050654,-22.568532],[-53.052183,-22.569921],[-53.054194,-22.573349],[-53.055008,-22.574411],[-53.055444,-22.575501],[-53.057085,-22.578356],[-53.056823,-22.579121],[-53.05882,-22.579707],[-53.059121,-22.580255],[-53.059545,-22.58004]]}},{"type":"Feature","properties":{"id_backbone":"BB-A3951E3FA866","trecho":"PJI.PM-PJI.RD","cluster":"BAURU","cabo":"F-0115-00","capacidade":"12","extensao_km":3.948,"confianca":"ALTA","fonte":"OSRM/OpenStreetMap","ponta_a":"PJI.PM","municipio_a":"PIRAJUI","ponta_b":"PJI.RD","municipio_b":"PIRAJUI"},"geometry":{"type":"LineString","coordinates":[[-49.458266,-21.99439],[-49.458336,-21.994175],[-49.454917,-21.993025],[-49.45462,-21.99306],[-49.453428,-21.992602],[-49.452065,-21.992436],[-49.44675,-21.994036],[-49.445387,-21.994088],[-49.439674,-21.992779],[-49.438999,-21.9928],[-49.438928,-21.992519],[-49.439386,-21.992284],[-49.439611,-21.991974],[-49.43958,-21.991687],[-49.439311,-21.991588],[-49.432267,-21.999278],[-49.43285,-21.999784],[-49.431857,-22.000191],[-49.43084,-21.999577],[-49.428939,-21.999513]]}},{"type":"Feature","properties":{"id_backbone":"BB-341C3757F7FF","trecho":"PLA.DS-PLA.EE","cluster":"CAMPINAS","cabo":"F-0047","capacidade":"12","extensao_km":8.459,"confianca":"MEDIA","fonte":"OSRM/OpenStreetMap","ponta_a":"PLA.DS","municipio_a":"PAULINIA","ponta_b":"PLA.EE","municipio_b":"PAULINIA"},"geometry":{"type":"LineString","coordinates":[[-47.152685,-22.767472],[-47.153071,-22.766632],[-47.152236,-22.76584],[-47.152282,-22.765645],[-47.151826,-22.765319],[-47.151551,-22.764809],[-47.151143,-22.764958],[-47.150631,-22.765437],[-47.144566,-22.761585],[-47.143493,-22.761461],[-47.142822,-22.761758],[-47.141036,-22.763979],[-47.138219,-22.76853],[-47.134341,-22.775197],[-47.133671,-22.777194],[-47.133547,-22.779293],[-47.13561,-22.79238],[-47.135296,-22.794645],[-47.134545,-22.796365],[-47.133204,-22.797969],[-47.129622,-22.801697],[-47.124037,-22.805232],[-47.120928,-22.806874],[-47.120249,-22.807115],[-47.119708,-22.806493],[-47.11826,-22.806954],[-47.117158,-22.805152],[-47.116894,-22.805032],[-47.117179,-22.804963],[-47.118496,-22.803787],[-47.118018,-22.802979],[-47.117192,-22.80338],[-47.117368,-22.803697]]}},{"type":"Feature","properties":{"id_backbone":"BB-5CF0EEEE991A","trecho":"PNR.PR-SMC.SC","cluster":"ARACATUBA","cabo":"F-0013","capacidade":"6","extensao_km":13.299,"confianca":"ALTA","fonte":"OSRM/OpenStreetMap","ponta_a":"PNR.PR","municipio_a":"PANORAMA","ponta_b":"SMC.SC","municipio_b":"SANTA MERCEDES"},"geometry":{"type":"LineString","coordinates":[[-51.856793,-21.356687],[-51.856049,-21.356873],[-51.85619,-21.356548],[-51.855649,-21.35565],[-51.856112,-21.355464],[-51.855292,-21.353705],[-51.856158,-21.353342],[-51.856033,-21.353208],[-51.854784,-21.352411],[-51.854123,-21.352334],[-51.853427,-21.351511],[-51.847411,-21.347695],[-51.84549,-21.346648],[-51.843767,-21.345376],[-51.831617,-21.337662],[-51.830004,-21.336972],[-51.828714,-21.336789],[-51.760045,-21.33947],[-51.758868,-21.339799],[-51.752739,-21.34265],[-51.749059,-21.344106],[-51.752531,-21.351137],[-51.752234,-21.351267]]}},{"type":"Feature","properties":{"id_backbone":"BB-CECCF1436604","trecho":"PPA.RD-PPA.RM","cluster":"BAURU","cabo":"F-0306-00","capacidade":"24","extensao_km":2.6,"confianca":"ALTA","fonte":"OSRM/OpenStreetMap","ponta_a":"PPA.RD","municipio_a":"POMPEIA","ponta_b":"PPA.RM","municipio_b":"POMPEIA"},"geometry":{"type":"LineString","coordinates":[[-50.192689,-22.106828],[-50.192483,-22.104415],[-50.188056,-22.10325],[-50.188286,-22.102056],[-50.17919,-22.102896],[-50.178418,-22.10335],[-50.179029,-22.104295],[-50.177413,-22.105206],[-50.177103,-22.108474]]}},{"type":"Feature","properties":{"id_backbone":"BB-29D914A33217","trecho":"PPE.BG-PPE.RB","cluster":"ARACATUBA","cabo":"F-0103","capacidade":"36","extensao_km":2.999,"confianca":"ALTA","fonte":"OSRM/OpenStreetMap","ponta_a":"PPE.BG","municipio_a":"PRESIDENTE PRUDENTE","ponta_b":"PPE.RB","municipio_b":"PRESIDENTE PRUDENTE"},"geometry":{"type":"LineString","coordinates":[[-51.404307,-22.138212],[-51.405801,-22.137477],[-51.403961,-22.133417],[-51.399603,-22.129949],[-51.394003,-22.128444],[-51.39198,-22.129251],[-51.389678,-22.125054],[-51.387894,-22.125888],[-51.387399,-22.124958],[-51.386782,-22.12525]]}},{"type":"Feature","properties":{"id_backbone":"BB-FE90E037173B","trecho":"PPE.JG-PPE.RB","cluster":"ARACATUBA","cabo":"F-0104","capacidade":"36","extensao_km":4.778,"confianca":"ALTA","fonte":"OSRM/OpenStreetMap","ponta_a":"PPE.JG","municipio_a":"PRESIDENTE PRUDENTE","ponta_b":"PPE.RB","municipio_b":"PRESIDENTE PRUDENTE"},"geometry":{"type":"LineString","coordinates":[[-51.386554,-22.094285],[-51.38642,-22.093881],[-51.385192,-22.094307],[-51.386538,-22.097885],[-51.387336,-22.099188],[-51.387635,-22.099404],[-51.387701,-22.099819],[-51.388813,-22.101836],[-51.389059,-22.102693],[-51.389603,-22.10315],[-51.390058,-22.103926],[-51.390185,-22.105767],[-51.380734,-22.11027],[-51.382343,-22.11188],[-51.382828,-22.111935],[-51.382775,-22.112327],[-51.38926,-22.12408],[-51.386782,-22.12525]]}},{"type":"Feature","properties":{"id_backbone":"BB-0F44F74448D9","trecho":"PPE.RB-PPZ.JA","cluster":"ARACATUBA","cabo":"F-0109","capacidade":"24","extensao_km":23.675,"confianca":"ALTA","fonte":"OSRM/OpenStreetMap","ponta_a":"PPE.RB","municipio_a":"PRESIDENTE PRUDENTE","ponta_b":"PPZ.JA","municipio_b":"PIRAPOZINHO"},"geometry":{"type":"LineString","coordinates":[[-51.386782,-22.12525],[-51.384716,-22.126225],[-51.389044,-22.134241],[-51.387558,-22.134735],[-51.386835,-22.136674],[-51.386998,-22.137764],[-51.387764,-22.139331],[-51.38815,-22.140713],[-51.388885,-22.144949],[-51.389709,-22.146467],[-51.389768,-22.147048],[-51.389574,-22.148083],[-51.390026,-22.148575],[-51.390695,-22.148889],[-51.390983,-22.149379],[-51.390877,-22.150081],[-51.390018,-22.151284],[-51.390007,-22.151754],[-51.401632,-22.170701],[-51.402118,-22.171313],[-51.402912,-22.171854],[-51.413292,-22.177458],[-51.416178,-22.179184],[-51.430703,-22.186891],[-51.431179,-22.187253],[-51.431751,-22.188032],[-51.432238,-22.189706],[-51.435283,-22.207496],[-51.453859,-22.263189],[-51.454987,-22.266467],[-51.455384,-22.267179],[-51.456379,-22.268253],[-51.457941,-22.269323],[-51.459413,-22.269933],[-51.460623,-22.270121],[-51.483186,-22.2712],[-51.484085,-22.271164],[-51.48469,-22.27093],[-51.486067,-22.270235],[-51.486178,-22.26979],[-51.486424,-22.269664],[-51.486642,-22.269833],[-51.486836,-22.270706],[-51.487348,-22.271332],[-51.489534,-22.271509],[-51.490536,-22.271805],[-51.490962,-22.271221],[-51.498181,-22.275544],[-51.498812,-22.274667]]}},{"type":"Feature","properties":{"id_backbone":"BB-564C84A04AFE","trecho":"PPJ.CK-PPJ.PJ","cluster":"OSASCO","cabo":null,"capacidade":"42","extensao_km":4.659,"confianca":"ALTA","fonte":"OSRM/OpenStreetMap","ponta_a":"PPJ.CK","municipio_a":"PIRAPORA DO BOM JESUS","ponta_b":"PPJ.PJ","municipio_b":"PIRAPORA DO BOM JESUS"},"geometry":{"type":"LineString","coordinates":[[-46.970931,-23.409431],[-46.9708,-23.409625],[-46.981262,-23.409266],[-46.983088,-23.408559],[-46.984732,-23.407337],[-46.985692,-23.407001],[-46.98605,-23.407078],[-46.98655,-23.407485],[-46.98753,-23.407586],[-46.988253,-23.408025],[-46.988657,-23.407763],[-46.989421,-23.407751],[-46.990132,-23.407298],[-46.99134,-23.407768],[-46.99147,-23.407654],[-46.991505,-23.407037],[-46.992716,-23.406475],[-46.993661,-23.405746],[-46.994491,-23.404817],[-46.995731,-23.405041],[-46.996884,-23.404852],[-46.99792,-23.404383],[-47.000224,-23.402964],[-47.001221,-23.402158],[-47.002873,-23.401704],[-47.003105,-23.401749],[-47.003239,-23.40206],[-47.002812,-23.402419],[-47.002823,-23.402754],[-47.003531,-23.402751],[-47.003697,-23.401902],[-47.004328,-23.401068],[-47.004325,-23.400238],[-47.003895,-23.399476],[-47.004621,-23.398869],[-47.00463,-23.39775],[-47.005165,-23.397652]]}},{"type":"Feature","properties":{"id_backbone":"BB-2BCE0DD8FE86","trecho":"PPZ.JA-PPZ.RD","cluster":"ARACATUBA","cabo":"F-0101","capacidade":"36","extensao_km":1.144,"confianca":"ALTA","fonte":"OSRM/OpenStreetMap","ponta_a":"PPZ.JA","municipio_a":"PIRAPOZINHO","ponta_b":"PPZ.RD","municipio_b":"PIRAPOZINHO"},"geometry":{"type":"LineString","coordinates":[[-51.498812,-22.274667],[-51.499187,-22.27413],[-51.502954,-22.276425],[-51.502478,-22.277132],[-51.504727,-22.278517],[-51.503732,-22.279932],[-51.503317,-22.279677]]}},{"type":"Feature","properties":{"id_backbone":"BB-4A810E0F2ADA","trecho":"PRB.DC-SJC.PT","cluster":"SAO JOSE DOS CAMPOS","cabo":"F-0101","capacidade":"72","extensao_km":27.936,"confianca":"SEM_REFERENCIA","fonte":"OSRM/OpenStreetMap","ponta_a":"PRB.DC","municipio_a":"PARAIBUNA","ponta_b":"SJC.PT","municipio_b":"SAO JOSE DOS CAMPOS"},"geometry":{"type":"LineString","coordinates":[[-45.661691,-23.386163],[-45.66232,-23.384843],[-45.663555,-23.383901],[-45.664595,-23.383504],[-45.665583,-23.382554],[-45.664794,-23.382085],[-45.663379,-23.383092],[-45.663058,-23.382673],[-45.662731,-23.381394],[-45.662404,-23.380991],[-45.662632,-23.38055],[-45.66307,-23.380274],[-45.66343,-23.379779],[-45.667495,-23.372346],[-45.668323,-23.371487],[-45.669563,-23.371],[-45.674865,-23.370271],[-45.675888,-23.369989],[-45.676998,-23.369534],[-45.682197,-23.366113],[-45.68335,-23.365534],[-45.68481,-23.365104],[-45.688225,-23.364727],[-45.690077,-23.364262],[-45.693559,-23.362903],[-45.69541,-23.361984],[-45.697197,-23.360901],[-45.699652,-23.359098],[-45.702079,-23.356775],[-45.704806,-23.353515],[-45.708076,-23.350502],[-45.708549,-23.349793],[-45.708994,-23.347956],[-45.710639,-23.346196],[-45.711131,-23.345084],[-45.710897,-23.343998],[-45.709015,-23.342022],[-45.70875,-23.341052],[-45.708912,-23.340177],[-45.709411,-23.339462],[-45.713647,-23.335966],[-45.714018,-23.335042],[-45.714461,-23.332846],[-45.715163,-23.33084],[-45.718714,-23.322016],[-45.719399,-23.321144],[-45.724923,-23.318451],[-45.727034,-23.31793],[-45.730823,-23.317529],[-45.732374,-23.318121],[-45.740339,-23.322767],[-45.741057,-23.322926],[-45.742211,-23.322682],[-45.744984,-23.32103],[-45.749671,-23.317863],[-45.754613,-23.314848],[-45.758231,-23.312423],[-45.759079,-23.312107],[-45.759774,-23.31208],[-45.761961,-23.312888],[-45.762518,-23.312937],[-45.763333,-23.312762],[-45.764121,-23.312353],[-45.764542,-23.311906],[-45.767907,-23.306122],[-45.768623,-23.305171],[-45.76963,-23.304321],[-45.773952,-23.302568],[-45.775423,-23.301611],[-45.776513,-23.300284],[-45.777956,-23.297211],[-45.778471,-23.296467],[-45.779628,-23.295245],[-45.784158,-23.291352],[-45.785285,-23.290879],[-45.78679,-23.290812],[-45.787733,-23.291031],[-45.789945,-23.291918],[-45.791052,-23.292],[-45.798871,-23.290437],[-45.800424,-23.28984],[-45.801403,-23.288958],[-45.801889,-23.288125],[-45.802541,-23.285258],[-45.802882,-23.28448],[-45.806516,-23.279718],[-45.807741,-23.278707],[-45.811051,-23.276762],[-45.811991,-23.275967],[-45.812666,-23.275093],[-45.81428,-23.272172],[-45.815897,-23.27018],[-45.817063,-23.269297],[-45.83171,-23.260084],[-45.834919,-23.257742],[-45.834928,-23.257279],[-45.831413,-23.251048],[-45.830913,-23.249297],[-45.833437,-23.248058],[-45.833004,-23.247115],[-45.835149,-23.246458]]}},{"type":"Feature","properties":{"id_backbone":"BB-07CAEEA560C6","trecho":"PSE.RS-PVL.BC","cluster":"ARACATUBA","cabo":"F-0102","capacidade":"24","extensao_km":38.92,"confianca":"ALTA","fonte":"OSRM/OpenStreetMap","ponta_a":"PSE.RS","municipio_a":"PRESIDENTE EPITACIO","ponta_b":"PVL.BC","municipio_b":"PRESIDENTE VENCESLAU"},"geometry":{"type":"LineString","coordinates":[[-52.104906,-21.766046],[-52.104437,-21.766559],[-52.102872,-21.765301],[-52.09691,-21.771747],[-52.105246,-21.778411],[-52.106738,-21.779945],[-52.1143,-21.797862],[-52.114848,-21.799208],[-52.115061,-21.800385],[-52.115668,-21.801079],[-52.1156,-21.801382],[-52.114314,-21.801247],[-52.111811,-21.802345],[-52.01515,-21.851827],[-52.012041,-21.852877],[-52.009289,-21.853426],[-51.927161,-21.864592],[-51.90624,-21.871612],[-51.843893,-21.893104],[-51.840582,-21.89427],[-51.840053,-21.894695],[-51.840146,-21.894967],[-51.8404,-21.895079],[-51.840779,-21.894923],[-51.840793,-21.894525],[-51.839976,-21.892361],[-51.840526,-21.886263],[-51.841024,-21.884889],[-51.845183,-21.875747],[-51.843946,-21.875267],[-51.844671,-21.873487],[-51.841441,-21.872179],[-51.841666,-21.871729]]}},{"type":"Feature","properties":{"id_backbone":"BB-283C21080643","trecho":"PTF.MF-PTF.RD","cluster":"CAMPINAS","cabo":"F-0163","capacidade":"24","extensao_km":4.168,"confianca":"SEM_REFERENCIA","fonte":"OSRM/OpenStreetMap","ponta_a":"PTF.MF","municipio_a":"PORTO FERREIRA","ponta_b":"PTF.RD","municipio_b":"PORTO FERREIRA"},"geometry":{"type":"LineString","coordinates":[[-47.485185,-21.857008],[-47.485176,-21.856709],[-47.487104,-21.856551],[-47.487734,-21.867664],[-47.48972,-21.867566],[-47.490194,-21.865794],[-47.491,-21.86619],[-47.491476,-21.866199],[-47.491437,-21.866402],[-47.491079,-21.866619],[-47.490807,-21.867296],[-47.489534,-21.871038],[-47.49599,-21.883653]]}},{"type":"Feature","properties":{"id_backbone":"BB-6458A941B060","trecho":"PVIO.PV-SPB.VN","cluster":"JUNDIAI","cabo":"F-0899","capacidade":"72","extensao_km":4.995,"confianca":"BAIXA","fonte":"OSRM/OpenStreetMap","ponta_a":"PVIO.PV","municipio_a":"CAJAMAR","ponta_b":"SPB.VN","municipio_b":"SANTANA DE PARNAIBA"},"geometry":{"type":"LineString","coordinates":[[-46.844464,-23.405893],[-46.844701,-23.406207],[-46.844851,-23.407223],[-46.844571,-23.408462],[-46.844878,-23.408462],[-46.845616,-23.408965],[-46.846298,-23.409118],[-46.846486,-23.409573],[-46.847248,-23.409415],[-46.84763,-23.409109],[-46.850867,-23.408495],[-46.855663,-23.407272],[-46.862043,-23.406357],[-46.865074,-23.406272],[-46.868179,-23.407951],[-46.868611,-23.408348],[-46.869755,-23.408354],[-46.870241,-23.408297],[-46.872891,-23.407033],[-46.885085,-23.405305],[-46.882257,-23.404199]]}},{"type":"Feature","properties":{"id_backbone":"BB-ACEA360A4668","trecho":"QUIR.QM-TTE.AM","cluster":"SAO JOSE DOS CAMPOS","cabo":"F-0102","capacidade":"36","extensao_km":7.81,"confianca":"ALTA","fonte":"OSRM/OpenStreetMap","ponta_a":"QUIR.QM","municipio_a":"TAUBATE","ponta_b":"TTE.AM","municipio_b":"TAUBATE"},"geometry":{"type":"LineString","coordinates":[[-45.625856,-23.027815],[-45.624823,-23.028944],[-45.624658,-23.028823],[-45.622176,-23.029355],[-45.621051,-23.029909],[-45.620946,-23.030202],[-45.621509,-23.030427],[-45.621649,-23.03068],[-45.621566,-23.030914],[-45.621099,-23.030982],[-45.620472,-23.030903],[-45.619473,-23.030414],[-45.617851,-23.029916],[-45.61682,-23.029385],[-45.615212,-23.028193],[-45.61458,-23.028047],[-45.613722,-23.027555],[-45.60565,-23.027037],[-45.603973,-23.027197],[-45.602553,-23.026897],[-45.598532,-23.02662],[-45.594282,-23.025489],[-45.593181,-23.025423],[-45.591672,-23.024716],[-45.587515,-23.02362],[-45.586154,-23.023725],[-45.584908,-23.024436],[-45.584287,-23.024515],[-45.580482,-23.025948],[-45.580227,-23.025795],[-45.580232,-23.024957],[-45.579561,-23.024469],[-45.575515,-23.024219],[-45.573587,-23.024853],[-45.567869,-23.025721],[-45.567707,-23.025848],[-45.567881,-23.026796],[-45.566441,-23.026205],[-45.566016,-23.026325],[-45.565837,-23.026093],[-45.562393,-23.026699],[-45.561586,-23.026113],[-45.561208,-23.02643],[-45.559612,-23.024849],[-45.560002,-23.024506]]}},{"type":"Feature","properties":{"id_backbone":"BB-3F723A090BCA","trecho":"RCO.AD-SGD.AS","cluster":"CAMPINAS","cabo":"F-0106","capacidade":"12","extensao_km":7.796,"confianca":"ALTA","fonte":"OSRM/OpenStreetMap","ponta_a":"RCO.AD","municipio_a":"RIO CLARO","ponta_b":"SGD.AS","municipio_b":"SANTA GERTRUDES"},"geometry":{"type":"LineString","coordinates":[[-47.56092,-22.408285],[-47.559625,-22.40788],[-47.558059,-22.412166],[-47.557123,-22.411869],[-47.557063,-22.411663],[-47.556655,-22.411546],[-47.556243,-22.41159],[-47.55569,-22.41201],[-47.553104,-22.415269],[-47.552133,-22.419183],[-47.551189,-22.41899],[-47.550947,-22.419843],[-47.551127,-22.420016],[-47.550903,-22.420144],[-47.550743,-22.420755],[-47.551699,-22.421012],[-47.551346,-22.422608],[-47.551442,-22.423678],[-47.551877,-22.424609],[-47.55347,-22.42705],[-47.553792,-22.42869],[-47.551708,-22.435433],[-47.55154,-22.436614],[-47.551735,-22.437137],[-47.551546,-22.437744],[-47.55176,-22.439903],[-47.550652,-22.441718],[-47.54955,-22.443305],[-47.548211,-22.444826],[-47.546228,-22.44607],[-47.54536,-22.445864],[-47.543401,-22.446044],[-47.540985,-22.445816],[-47.540255,-22.446199],[-47.539363,-22.446223],[-47.536415,-22.449973],[-47.53446,-22.45068],[-47.534232,-22.450989],[-47.534165,-22.451703],[-47.529279,-22.454786],[-47.528681,-22.45396],[-47.52943,-22.453623],[-47.529671,-22.453946]]}},{"type":"Feature","properties":{"id_backbone":"BB-F8EF4C667D78","trecho":"RCO.AD-SCL.NJ","cluster":"CAMPINAS","cabo":"X-0001","capacidade":"36","extensao_km":60.797,"confianca":"SEM_REFERENCIA","fonte":"OSRM/OpenStreetMap","ponta_a":"RCO.AD","municipio_a":"RIO CLARO","ponta_b":"SCL.NJ","municipio_b":"SAO CARLOS"},"geometry":{"type":"LineString","coordinates":[[-47.56092,-22.408285],[-47.560565,-22.40817],[-47.56208,-22.403881],[-47.572384,-22.406676],[-47.580653,-22.406143],[-47.581279,-22.405902],[-47.581949,-22.406038],[-47.584583,-22.405842],[-47.584867,-22.405704],[-47.586442,-22.405754],[-47.588759,-22.405123],[-47.599218,-22.393355],[-47.618519,-22.375548],[-47.62049,-22.373528],[-47.63263,-22.362552],[-47.635144,-22.360749],[-47.644113,-22.355639],[-47.64627,-22.353672],[-47.650203,-22.348505],[-47.651141,-22.346714],[-47.651398,-22.345741],[-47.651496,-22.344325],[-47.650968,-22.339714],[-47.651122,-22.337338],[-47.651865,-22.335272],[-47.656439,-22.327063],[-47.656638,-22.325571],[-47.656242,-22.323259],[-47.656642,-22.321731],[-47.66222,-22.313869],[-47.66288,-22.313412],[-47.665472,-22.312456],[-47.666376,-22.311776],[-47.667049,-22.310996],[-47.667538,-22.309957],[-47.669409,-22.303736],[-47.670048,-22.302266],[-47.675702,-22.293637],[-47.676463,-22.289574],[-47.677126,-22.288195],[-47.683026,-22.280001],[-47.684101,-22.278944],[-47.685486,-22.278346],[-47.688189,-22.277804],[-47.688805,-22.277862],[-47.690695,-22.278528],[-47.692063,-22.278567],[-47.692892,-22.278329],[-47.694362,-22.277562],[-47.695621,-22.277255],[-47.696305,-22.276715],[-47.697327,-22.275057],[-47.698111,-22.274503],[-47.700148,-22.273717],[-47.703529,-22.270009],[-47.703871,-22.2692],[-47.703944,-22.268363],[-47.702955,-22.256154],[-47.702924,-22.253547],[-47.703208,-22.251952],[-47.703688,-22.250458],[-47.704855,-22.248404],[-47.7062,-22.24685],[-47.707783,-22.245581],[-47.709246,-22.244738],[-47.761485,-22.221274],[-47.762623,-22.220674],[-47.7646,-22.21889],[-47.765775,-22.217124],[-47.767872,-22.212532],[-47.771054,-22.204947],[-47.798724,-22.143496],[-47.805058,-22.133595],[-47.807915,-22.12883],[-47.809539,-22.126572],[-47.836214,-22.084607],[-47.839235,-22.080266],[-47.861252,-22.045656],[-47.861915,-22.043756],[-47.861974,-22.042006],[-47.86135,-22.038584],[-47.861051,-22.03766],[-47.860766,-22.037261],[-47.860048,-22.036987],[-47.860002,-22.036559],[-47.860245,-22.03644],[-47.860785,-22.036522],[-47.861277,-22.036317],[-47.862056,-22.035679],[-47.863252,-22.035763],[-47.871016,-22.034657],[-47.871565,-22.03386],[-47.871132,-22.026699],[-47.871321,-22.026281],[-47.871775,-22.02615],[-47.872767,-22.026369],[-47.874689,-22.02597],[-47.880979,-22.023915],[-47.881394,-22.023475],[-47.882327,-22.021823],[-47.883692,-22.021178],[-47.885418,-22.02093],[-47.886224,-22.020566],[-47.887389,-22.02044],[-47.889583,-22.020357],[-47.889578,-22.020534],[-47.890608,-22.020554],[-47.890715,-22.016008],[-47.892001,-22.016025]]}},{"type":"Feature","properties":{"id_backbone":"BB-2CFFB39D4FE8","trecho":"RGP.AR-URU.PA","cluster":"BAURU","cabo":"F-0117-00","capacidade":"12","extensao_km":18.183,"confianca":"ALTA","fonte":"OSRM/OpenStreetMap","ponta_a":"RGP.AR","municipio_a":"REGINOPOLIS","ponta_b":"URU.PA","municipio_b":"URU"},"geometry":{"type":"LineString","coordinates":[[-49.226221,-21.888699],[-49.226156,-21.886979],[-49.225116,-21.887029],[-49.224387,-21.875018],[-49.223891,-21.874373],[-49.221738,-21.873532],[-49.221214,-21.873085],[-49.21895,-21.868922],[-49.218192,-21.866689],[-49.21698,-21.860342],[-49.217172,-21.859836],[-49.21768,-21.859368],[-49.221113,-21.857464],[-49.223886,-21.853591],[-49.226245,-21.850615],[-49.23101,-21.845963],[-49.232137,-21.843642],[-49.234142,-21.838395],[-49.234547,-21.836715],[-49.235463,-21.829763],[-49.235413,-21.827768],[-49.235176,-21.826679],[-49.231022,-21.814156],[-49.230966,-21.813015],[-49.231462,-21.809873],[-49.231668,-21.80937],[-49.234242,-21.806025],[-49.234764,-21.804959],[-49.23794,-21.791918],[-49.238447,-21.790783],[-49.241243,-21.785947],[-49.2423,-21.779668],[-49.242795,-21.779136],[-49.247935,-21.776684],[-49.248973,-21.776622],[-49.252326,-21.776883],[-49.258373,-21.779981],[-49.266338,-21.781986],[-49.267432,-21.782409],[-49.268819,-21.783286],[-49.273687,-21.78753],[-49.27443,-21.787981],[-49.275065,-21.788143],[-49.276025,-21.788063],[-49.27675,-21.787726],[-49.282288,-21.783809]]}},{"type":"Feature","properties":{"id_backbone":"BB-95E69D7FF82A","trecho":"RUB.RD-RUB.RI","cluster":"ARACATUBA","cabo":"F-0047","capacidade":"12","extensao_km":4.727,"confianca":"ALTA","fonte":"OSRM/OpenStreetMap","ponta_a":"RUB.RD","municipio_a":"RUBIACEA","ponta_b":"RUB.RI","municipio_b":"RUBIACEA"},"geometry":{"type":"LineString","coordinates":[[-50.760628,-21.281383],[-50.756054,-21.280194],[-50.752875,-21.282963],[-50.750955,-21.284196],[-50.745893,-21.284911],[-50.744943,-21.285176],[-50.744131,-21.285826],[-50.743643,-21.286581],[-50.743321,-21.289731],[-50.742872,-21.291254],[-50.742034,-21.292679],[-50.740905,-21.293944],[-50.735373,-21.298666],[-50.733687,-21.299422],[-50.73367,-21.299836],[-50.728763,-21.299912],[-50.727424,-21.30123],[-50.7276,-21.301571],[-50.7279,-21.30157]]}},{"type":"Feature","properties":{"id_backbone":"BB-E5467A05AD34","trecho":"SCL.AE-SCL.NJ","cluster":"RIBEIRAO PRETO","cabo":"F-0320","capacidade":"72","extensao_km":2.365,"confianca":"MEDIA","fonte":"OSRM/OpenStreetMap","ponta_a":"SCL.AE","municipio_a":"SAO CARLOS","ponta_b":"SCL.NJ","municipio_b":"SAO CARLOS"},"geometry":{"type":"LineString","coordinates":[[-47.895002,-21.9976],[-47.895027,-21.998047],[-47.894323,-21.998065],[-47.894331,-21.998701],[-47.892896,-21.99873],[-47.892907,-21.999398],[-47.892216,-21.999422],[-47.892308,-22.002934],[-47.891982,-22.00368],[-47.891716,-22.015109],[-47.891705,-22.016021],[-47.892001,-22.016025]]}},{"type":"Feature","properties":{"id_backbone":"BB-C4BD64E38AE0","trecho":"SCL.GE-SCL.VP","cluster":"RIBEIRAO PRETO","cabo":"F-0315","capacidade":"72","extensao_km":1.624,"confianca":"BAIXA","fonte":"OSRM/OpenStreetMap","ponta_a":"SCL.GE","municipio_a":"SAO CARLOS","ponta_b":"SCL.VP","municipio_b":"SAO CARLOS"},"geometry":{"type":"LineString","coordinates":[[-47.877719,-22.031981],[-47.878352,-22.031892],[-47.878654,-22.033637],[-47.890364,-22.031998],[-47.890856,-22.032281],[-47.891153,-22.032034],[-47.891324,-22.032204]]}},{"type":"Feature","properties":{"id_backbone":"BB-1DD2990770D6","trecho":"SCP.MB-SODE.SD","cluster":"BAURU","cabo":"F-0331-00","capacidade":"6","extensao_km":12.56,"confianca":"SEM_REFERENCIA","fonte":"OSRM/OpenStreetMap","ponta_a":"SCP.MB","municipio_a":"SANTA CRUZ DO RIO PARDO","ponta_b":"SODE.SD","municipio_b":"SANTA CRUZ DO RIO PARDO"},"geometry":{"type":"LineString","coordinates":[[-49.627649,-22.901344],[-49.629045,-22.902399],[-49.626001,-22.905687],[-49.627494,-22.906845],[-49.624865,-22.909628],[-49.623425,-22.909112],[-49.622132,-22.909166],[-49.621426,-22.909309],[-49.620446,-22.910111],[-49.61919,-22.909003],[-49.616644,-22.909187],[-49.614488,-22.909782],[-49.594364,-22.916255],[-49.568206,-22.926421],[-49.56662,-22.926762],[-49.558982,-22.92751],[-49.549391,-22.932459],[-49.545845,-22.934619],[-49.545236,-22.935196],[-49.544854,-22.93582],[-49.542607,-22.945114],[-49.54173,-22.950311],[-49.541473,-22.950898],[-49.540519,-22.951775],[-49.536559,-22.954097]]}},{"type":"Feature","properties":{"id_backbone":"BB-91BA3B5B7174","trecho":"SFL.DZ-SYD.SO","cluster":"SAO JOSE DO RIO PRETO","cabo":"F-0010","capacidade":"6","extensao_km":14.597,"confianca":"ALTA","fonte":"OSRM/OpenStreetMap","ponta_a":"SFL.DZ","municipio_a":"SANTA FE DO SUL","ponta_b":"SYD.SO","municipio_b":"SANTA RITA D'OESTE"},"geometry":{"type":"LineString","coordinates":[[-50.925696,-20.20809],[-50.926121,-20.211677],[-50.911059,-20.213322],[-50.909612,-20.214034],[-50.908725,-20.214816],[-50.908683,-20.215324],[-50.909342,-20.215872],[-50.909074,-20.216002],[-50.906791,-20.214574],[-50.905566,-20.213467],[-50.889556,-20.203442],[-50.888049,-20.202991],[-50.886785,-20.201558],[-50.886045,-20.201194],[-50.88509,-20.20121],[-50.884635,-20.200455],[-50.884031,-20.199932],[-50.875767,-20.194729],[-50.831095,-20.158735],[-50.829983,-20.158052],[-50.829911,-20.157743],[-50.830691,-20.157167],[-50.833484,-20.146571],[-50.833643,-20.146485],[-50.833872,-20.145605],[-50.833295,-20.145295],[-50.833453,-20.145037]]}},{"type":"Feature","properties":{"id_backbone":"BB-FA6A3B8E5C9A","trecho":"SJC.BE-SJC.CA","cluster":"SAO JOSE DOS CAMPOS","cabo":"F-0122","capacidade":"36","extensao_km":5.254,"confianca":"ALTA","fonte":"OSRM/OpenStreetMap","ponta_a":"SJC.BE","municipio_a":"SAO JOSE DOS CAMPOS","ponta_b":"SJC.CA","municipio_b":"SAO JOSE DOS CAMPOS"},"geometry":{"type":"LineString","coordinates":[[-45.884541,-23.243384],[-45.884447,-23.241696],[-45.881854,-23.241855],[-45.882526,-23.243763],[-45.883987,-23.246677],[-45.884452,-23.247323],[-45.885274,-23.247312],[-45.885616,-23.247633],[-45.887102,-23.271132],[-45.895517,-23.275225],[-45.897818,-23.277232],[-45.898423,-23.276619]]}},{"type":"Feature","properties":{"id_backbone":"BB-7F13EE53A44C","trecho":"SJC.EM-SJC.TT","cluster":"SAO JOSE DOS CAMPOS","cabo":"F-0141","capacidade":"36","extensao_km":9.472,"confianca":"MEDIA","fonte":"OSRM/OpenStreetMap","ponta_a":"SJC.EM","municipio_a":"SAO JOSE DOS CAMPOS","ponta_b":"SJC.TT","municipio_b":"SAO JOSE DOS CAMPOS"},"geometry":{"type":"LineString","coordinates":[[-45.78478,-23.141647],[-45.779621,-23.14787],[-45.779553,-23.148433],[-45.780668,-23.149228],[-45.781157,-23.149859],[-45.833604,-23.176189],[-45.834796,-23.176397],[-45.836118,-23.17709],[-45.837569,-23.177503],[-45.840435,-23.177657],[-45.841281,-23.178004],[-45.842661,-23.179576],[-45.844804,-23.180032],[-45.846291,-23.180586],[-45.851521,-23.180124],[-45.852551,-23.179779],[-45.852805,-23.179572],[-45.85299,-23.179025]]}},{"type":"Feature","properties":{"id_backbone":"BB-3190AEC99ED5","trecho":"SJC.RD-SJC.RH","cluster":"SAO JOSE DOS CAMPOS","cabo":"F-0110","capacidade":"12","extensao_km":6.488,"confianca":"ALTA","fonte":"OSRM/OpenStreetMap","ponta_a":"SJC.RD","municipio_a":"SAO JOSE DOS CAMPOS","ponta_b":"SJC.RH","municipio_b":"SAO JOSE DOS CAMPOS"},"geometry":{"type":"LineString","coordinates":[[-45.913234,-23.16025],[-45.913352,-23.159866],[-45.914282,-23.159408],[-45.913992,-23.158939],[-45.912403,-23.158497],[-45.912729,-23.157616],[-45.912595,-23.157547],[-45.909392,-23.15781],[-45.909076,-23.158071],[-45.908086,-23.158253],[-45.906938,-23.159225],[-45.904424,-23.160935],[-45.901399,-23.164312],[-45.90095,-23.164596],[-45.899086,-23.165151],[-45.897309,-23.166023],[-45.896597,-23.166416],[-45.895649,-23.167245],[-45.895158,-23.168024],[-45.894886,-23.168899],[-45.895136,-23.17085],[-45.895161,-23.173995],[-45.895001,-23.174712],[-45.894481,-23.175244],[-45.893342,-23.175739],[-45.892293,-23.175833],[-45.891101,-23.175592],[-45.890973,-23.175856],[-45.891149,-23.176669],[-45.891046,-23.177081],[-45.889873,-23.178527],[-45.88871,-23.179341],[-45.888303,-23.180341],[-45.887896,-23.183521],[-45.888561,-23.187454],[-45.888872,-23.188362],[-45.889739,-23.18928],[-45.889832,-23.189981],[-45.890462,-23.190525],[-45.890444,-23.190781],[-45.889606,-23.191623],[-45.889282,-23.191646],[-45.885987,-23.188712],[-45.886012,-23.18859],[-45.886388,-23.188621]]}},{"type":"Feature","properties":{"id_backbone":"BB-8963406A33DF","trecho":"SJIT.ST-UUS.TD","cluster":"SAO JOSE DO RIO PRETO","cabo":"F-0033","capacidade":"12","extensao_km":12.406,"confianca":"ALTA","fonte":"OSRM/OpenStreetMap","ponta_a":"SJIT.ST","municipio_a":"URUPES","ponta_b":"UUS.TD","municipio_b":"URUPES"},"geometry":{"type":"LineString","coordinates":[[-49.191268,-21.180331],[-49.191582,-21.180245],[-49.190453,-21.179015],[-49.196555,-21.17418],[-49.20556,-21.169518],[-49.206578,-21.169453],[-49.207308,-21.169904],[-49.211496,-21.174296],[-49.212837,-21.175291],[-49.226564,-21.182326],[-49.227569,-21.182479],[-49.229742,-21.182481],[-49.239331,-21.182275],[-49.240237,-21.182487],[-49.24651,-21.189467],[-49.248662,-21.191298],[-49.253867,-21.193629],[-49.257957,-21.19681],[-49.266279,-21.201439],[-49.267694,-21.201591],[-49.268931,-21.201496],[-49.275455,-21.200426],[-49.277923,-21.199857],[-49.279054,-21.199769],[-49.279829,-21.199584],[-49.281301,-21.198852],[-49.284163,-21.198123],[-49.288285,-21.201514],[-49.287599,-21.202242],[-49.288671,-21.203137]]}},{"type":"Feature","properties":{"id_backbone":"BB-1528B28DEE85","trecho":"SJR.RD-SSG.TM","cluster":"CAMPINAS","cabo":"F-0121","capacidade":"24","extensao_km":24.488,"confianca":"ALTA","fonte":"OSRM/OpenStreetMap","ponta_a":"SJR.RD","municipio_a":"SAO JOSE DO RIO PARDO","ponta_b":"SSG.TM","municipio_b":"SAO SEBASTIAO DA GRAMA"},"geometry":{"type":"LineString","coordinates":[[-46.903446,-21.563846],[-46.902019,-21.563901],[-46.900537,-21.563402],[-46.900888,-21.569247],[-46.902573,-21.579922],[-46.903509,-21.583814],[-46.903445,-21.586192],[-46.903919,-21.588212],[-46.90074,-21.590575],[-46.89955,-21.591203],[-46.898597,-21.593186],[-46.896715,-21.593659],[-46.895905,-21.594412],[-46.894218,-21.593494],[-46.893565,-21.594325],[-46.892476,-21.59494],[-46.894078,-21.596299],[-46.894992,-21.596617],[-46.896775,-21.597965],[-46.898405,-21.599936],[-46.900624,-21.600549],[-46.901595,-21.6012],[-46.902039,-21.601764],[-46.902305,-21.602434],[-46.901792,-21.60317],[-46.899962,-21.604486],[-46.899708,-21.604863],[-46.899747,-21.6055],[-46.900482,-21.606776],[-46.900474,-21.607333],[-46.900136,-21.60812],[-46.899527,-21.608594],[-46.898028,-21.609066],[-46.897448,-21.609423],[-46.896958,-21.610181],[-46.896546,-21.611648],[-46.895181,-21.612735],[-46.894792,-21.613378],[-46.894746,-21.61832],[-46.894894,-21.619162],[-46.897537,-21.625255],[-46.89807,-21.626225],[-46.898576,-21.626776],[-46.898698,-21.627483],[-46.898233,-21.628246],[-46.898246,-21.629043],[-46.898035,-21.629315],[-46.897617,-21.629475],[-46.896941,-21.629334],[-46.896489,-21.629442],[-46.891974,-21.632941],[-46.891251,-21.6337],[-46.890395,-21.634177],[-46.88934,-21.635055],[-46.884478,-21.640378],[-46.880147,-21.642961],[-46.874657,-21.649354],[-46.860716,-21.662404],[-46.859597,-21.663738],[-46.859344,-21.664488],[-46.859235,-21.666979],[-46.859042,-21.667504],[-46.85826,-21.668259],[-46.856755,-21.668886],[-46.856361,-21.6693],[-46.856228,-21.669774],[-46.858462,-21.676985],[-46.858521,-21.679153],[-46.85874,-21.679587],[-46.860484,-21.681466],[-46.860792,-21.682185],[-46.860729,-21.682776],[-46.8596,-21.684371],[-46.85945,-21.685025],[-46.859731,-21.685916],[-46.860842,-21.687229],[-46.860907,-21.688074],[-46.860048,-21.690502],[-46.85972,-21.692973],[-46.858385,-21.694848],[-46.858116,-21.696469],[-46.857777,-21.697064],[-46.850711,-21.703691],[-46.849177,-21.704362],[-46.845829,-21.705196],[-46.844262,-21.706065],[-46.840828,-21.709594],[-46.839914,-21.710838],[-46.839619,-21.710835],[-46.839676,-21.710318],[-46.839514,-21.710065],[-46.834332,-21.706635],[-46.831982,-21.704844],[-46.83038,-21.704065],[-46.828867,-21.70385],[-46.827478,-21.704042],[-46.826657,-21.704361],[-46.822945,-21.706315],[-46.822482,-21.706756],[-46.821413,-21.708974],[-46.822772,-21.709482],[-46.822267,-21.710651]]}},{"type":"Feature","properties":{"id_backbone":"BB-11FADE04F2CD","trecho":"SKP.ST-SSTE.SE","cluster":"SAO JOSE DO RIO PRETO","cabo":"F-0087","capacidade":"12","extensao_km":16.395,"confianca":"ALTA","fonte":"OSRM/OpenStreetMap","ponta_a":"SKP.ST","municipio_a":"SANTANA DA PONTE PENSA","ponta_b":"SSTE.SE","municipio_b":"SANTA SALETE"},"geometry":{"type":"LineString","coordinates":[[-50.799098,-20.254401],[-50.79762,-20.251057],[-50.795837,-20.251777],[-50.792212,-20.24363],[-50.791599,-20.241619],[-50.791443,-20.239997],[-50.791506,-20.238643],[-50.793015,-20.224586],[-50.792938,-20.222239],[-50.792419,-20.22146],[-50.791931,-20.221307],[-50.790569,-20.221224],[-50.787053,-20.221434],[-50.702198,-20.227468],[-50.694344,-20.228335],[-50.693841,-20.228539],[-50.693128,-20.229208],[-50.692021,-20.229404],[-50.691271,-20.230292],[-50.687895,-20.238689],[-50.68786,-20.239419],[-50.688923,-20.243862],[-50.688488,-20.243939]]}},{"type":"Feature","properties":{"id_backbone":"BB-99CABB00D0F2","trecho":"SML.RD-SML.SU","cluster":"BAURU","cabo":"F-0129-00","capacidade":"36","extensao_km":3.256,"confianca":"ALTA","fonte":"OSRM/OpenStreetMap","ponta_a":"SML.RD","municipio_a":"SAO MANUEL","ponta_b":"SML.SU","municipio_b":"SAO MANUEL"},"geometry":{"type":"LineString","coordinates":[[-48.545339,-22.738406],[-48.548273,-22.738848],[-48.550644,-22.735517],[-48.555978,-22.735473],[-48.556604,-22.735344],[-48.556986,-22.734915],[-48.557579,-22.732462],[-48.557985,-22.732125],[-48.558577,-22.732322],[-48.560676,-22.734234],[-48.56121,-22.734297],[-48.563777,-22.73315],[-48.56678,-22.729343],[-48.567729,-22.72892],[-48.568609,-22.72981]]}},{"type":"Feature","properties":{"id_backbone":"BB-1852649E7DFB","trecho":"SNG.SM-SPO.RP","cluster":"CAMPINAS","cabo":"F-0043","capacidade":"12","extensao_km":147.523,"confianca":"SEM_REFERENCIA","fonte":"OSRM/OpenStreetMap","ponta_a":"SNG.SM","municipio_a":"SERRA NEGRA","ponta_b":"SPO.RP","municipio_b":"SAO PAULO"},"geometry":{"type":"LineString","coordinates":[[-46.700542,-22.615044],[-46.698753,-22.613447],[-46.698347,-22.613565],[-46.697111,-22.614757],[-46.696517,-22.614258],[-46.69871,-22.612216],[-46.702247,-22.609336],[-46.702939,-22.609634],[-46.703403,-22.609561],[-46.703814,-22.608279],[-46.705179,-22.607119],[-46.705288,-22.606608],[-46.705688,-22.606638],[-46.70628,-22.60643],[-46.706699,-22.606585],[-46.707504,-22.608887],[-46.707897,-22.609242],[-46.708832,-22.609525],[-46.710595,-22.6116],[-46.711035,-22.615021],[-46.71148,-22.615597],[-46.711681,-22.616309],[-46.714233,-22.618055],[-46.718536,-22.619335],[-46.719387,-22.62002],[-46.723049,-22.631591],[-46.723812,-22.632429],[-46.727023,-22.634435],[-46.728155,-22.635651],[-46.728701,-22.636503],[-46.729543,-22.638504],[-46.731016,-22.644644],[-46.730982,-22.645764],[-46.731378,-22.646722],[-46.73193,-22.647026],[-46.733508,-22.646785],[-46.734565,-22.647454],[-46.735069,-22.647598],[-46.73551,-22.6475],[-46.736402,-22.646905],[-46.737027,-22.646914],[-46.73763,-22.647641],[-46.738843,-22.648317],[-46.739804,-22.649608],[-46.741293,-22.650131],[-46.742868,-22.651172],[-46.742927,-22.652688],[-46.743452,-22.653492],[-46.743594,-22.654415],[-46.7443,-22.655024],[-46.744162,-22.656277],[-46.743326,-22.657415],[-46.742432,-22.657936],[-46.742022,-22.658547],[-46.74209,-22.659009],[-46.742785,-22.659676],[-46.742699,-22.660095],[-46.742296,-22.660233],[-46.741091,-22.65973],[-46.74048,-22.659866],[-46.739952,-22.660273],[-46.739677,-22.661374],[-46.73994,-22.661783],[-46.740668,-22.662167],[-46.740998,-22.662282],[-46.741926,-22.662223],[-46.74258,-22.662793],[-46.742573,-22.663307],[-46.74152,-22.665684],[-46.741657,-22.665979],[-46.742635,-22.666514],[-46.742812,-22.667118],[-46.741518,-22.670399],[-46.741898,-22.671326],[-46.741491,-22.67199],[-46.741422,-22.672651],[-46.740028,-22.673285],[-46.739591,-22.673636],[-46.739734,-22.673894],[-46.741031,-22.673885],[-46.741143,-22.674192],[-46.739864,-22.675158],[-46.739432,-22.676142],[-46.738444,-22.677019],[-46.738351,-22.677526],[-46.738488,-22.678169],[-46.739562,-22.679887],[-46.740944,-22.680462],[-46.741533,-22.680962],[-46.741646,-22.681721],[-46.740992,-22.685887],[-46.741071,-22.686764],[-46.741397,-22.687007],[-46.742205,-22.687154],[-46.743985,-22.68782],[-46.744939,-22.687964],[-46.746649,-22.687773],[-46.747891,-22.686821],[-46.748719,-22.686567],[-46.749343,-22.686778],[-46.750325,-22.687935],[-46.752645,-22.689081],[-46.754888,-22.689372],[-46.755784,-22.690588],[-46.755964,-22.694525],[-46.756245,-22.696645],[-46.756682,-22.697498],[-46.757686,-22.698213],[-46.758234,-22.69838],[-46.759986,-22.697281],[-46.760901,-22.696882],[-46.762868,-22.696562],[-46.763874,-22.696566],[-46.765026,-22.696819],[-46.766421,-22.697823],[-46.767377,-22.698281],[-46.768936,-22.698684],[-46.769875,-22.699337],[-46.769983,-22.700168],[-46.771295,-22.701404],[-46.773016,-22.705157],[-46.774476,-22.706358],[-46.775103,-22.707186],[-46.772971,-22.707896],[-46.773402,-22.708562],[-46.771432,-22.710885],[-46.771574,-22.713229],[-46.772073,-22.715],[-46.772309,-22.715244],[-46.772507,-22.716644],[-46.771388,-22.720067],[-46.770498,-22.720873],[-46.770474,-22.721846],[-46.769971,-22.722253],[-46.769144,-22.723879],[-46.76802,-22.725297],[-46.767703,-22.726364],[-46.7679,-22.727813],[-46.767417,-22.728768],[-46.76691,-22.729164],[-46.764922,-22.728821],[-46.764521,-22.729274],[-46.764561,-22.729644],[-46.765228,-22.730375],[-46.764673,-22.731016],[-46.76454,-22.731455],[-46.764857,-22.732868],[-46.764887,-22.733741],[-46.765438,-22.734613],[-46.7649,-22.736024],[-46.764453,-22.7365],[-46.762157,-22.736856],[-46.760658,-22.738436],[-46.760154,-22.738543],[-46.758796,-22.738406],[-46.757899,-22.739658],[-46.757946,-22.74021],[-46.758578,-22.741411],[-46.759537,-22.742406],[-46.761864,-22.74355],[-46.761997,-22.744735],[-46.762272,-22.744987],[-46.763251,-22.745366],[-46.763417,-22.745939],[-46.763089,-22.74743],[-46.762046,-22.749401],[-46.761151,-22.754491],[-46.760479,-22.755359],[-46.757912,-22.756664],[-46.757734,-22.757126],[-46.758047,-22.75801],[-46.757994,-22.758431],[-46.757741,-22.758668],[-46.756507,-22.759018],[-46.756365,-22.760021],[-46.755249,-22.760439],[-46.754675,-22.760905],[-46.754534,-22.761939],[-46.754959,-22.762905],[-46.756112,-22.762919],[-46.756892,-22.763567],[-46.757478,-22.765555],[-46.757761,-22.765928],[-46.758072,-22.766057],[-46.760406,-22.766056],[-46.762467,-22.766968],[-46.762952,-22.767429],[-46.764398,-22.773549],[-46.76388,-22.776266],[-46.764742,-22.77763],[-46.764667,-22.777885],[-46.764059,-22.778375],[-46.762759,-22.778619],[-46.762242,-22.778973],[-46.762132,-22.779409],[-46.762556,-22.780615],[-46.762199,-22.781257],[-46.761668,-22.781716],[-46.761247,-22.781789],[-46.760233,-22.781623],[-46.759356,-22.780887],[-46.758753,-22.780792],[-46.757329,-22.781117],[-46.75418,-22.782626],[-46.753668,-22.783097],[-46.753273,-22.783787],[-46.753327,-22.785368],[-46.752993,-22.785734],[-46.751975,-22.7863],[-46.751723,-22.786776],[-46.751841,-22.787428],[-46.752824,-22.788651],[-46.75408,-22.788778],[-46.754759,-22.78934],[-46.755778,-22.789346],[-46.756474,-22.789995],[-46.756944,-22.790005],[-46.75816,-22.788793],[-46.758642,-22.788788],[-46.759556,-22.78992],[-46.759718,-22.791139],[-46.760553,-22.791603],[-46.76077,-22.79194],[-46.760639,-22.792983],[-46.760948,-22.79377],[-46.760887,-22.79401],[-46.760342,-22.794535],[-46.760181,-22.795476],[-46.759936,-22.795974],[-46.759925,-22.798119],[-46.758662,-22.798946],[-46.758192,-22.799935],[-46.757914,-22.801393],[-46.755962,-22.802881],[-46.755132,-22.804237],[-46.755763,-22.810675],[-46.75516,-22.813545],[-46.755171,-22.814434],[-46.757234,-22.819139],[-46.757795,-22.819669],[-46.759266,-22.820493],[-46.760579,-22.821881],[-46.761897,-22.822502],[-46.76344,-22.826191],[-46.763786,-22.826371],[-46.765434,-22.826411],[-46.766441,-22.826624],[-46.767644,-22.827945],[-46.769046,-22.831364],[-46.769123,-22.832819],[-46.768972,-22.834834],[-46.769751,-22.835686],[-46.770599,-22.83697],[-46.771281,-22.838779],[-46.772481,-22.83971],[-46.773133,-22.840785],[-46.774155,-22.841649],[-46.775001,-22.842637],[-46.777195,-22.844527],[-46.777884,-22.845512],[-46.784629,-22.852775],[-46.784643,-22.85391],[-46.784416,-22.854593],[-46.784329,-22.856073],[-46.783986,-22.856893],[-46.784045,-22.857165],[-46.784901,-22.857829],[-46.785943,-22.857761],[-46.786309,-22.857875],[-46.78683,-22.858303],[-46.787839,-22.858753],[-46.788465,-22.859518],[-46.788524,-22.861228],[-46.789125,-22.862202],[-46.793973,-22.87817],[-46.794007,-22.879045],[-46.793056,-22.883678],[-46.791712,-22.884642],[-46.79133,-22.885339],[-46.7917,-22.892946],[-46.791566,-22.893663],[-46.791102,-22.894346],[-46.790428,-22.894758],[-46.789817,-22.894849],[-46.788352,-22.894606],[-46.787577,-22.894912],[-46.787248,-22.895438],[-46.786725,-22.899064],[-46.78581,-22.900244],[-46.784558,-22.901151],[-46.784246,-22.902362],[-46.783528,-22.903375],[-46.783696,-22.903947],[-46.784291,-22.904863],[-46.784774,-22.906534],[-46.784651,-22.906946],[-46.783809,-22.90791],[-46.783754,-22.908536],[-46.784215,-22.910552],[-46.785809,-22.914631],[-46.785689,-22.915374],[-46.784585,-22.917768],[-46.783633,-22.919149],[-46.783889,-22.920813],[-46.784264,-22.921038],[-46.785455,-22.92107],[-46.787613,-22.922181],[-46.789584,-22.924712],[-46.789996,-22.925697],[-46.790519,-22.925926],[-46.791863,-22.926004],[-46.792145,-22.926246],[-46.792115,-22.92664],[-46.791681,-22.927366],[-46.791957,-22.929198],[-46.79149,-22.933294],[-46.791715,-22.933998],[-46.792019,-22.934393],[-46.793829,-22.935531],[-46.795503,-22.936006],[-46.79972,-22.938072],[-46.801665,-22.938595],[-46.803624,-22.940019],[-46.807167,-22.94132],[-46.810146,-22.942954],[-46.810454,-22.943333],[-46.811412,-22.946275],[-46.811732,-22.946635],[-46.815245,-22.948048],[-46.818253,-22.950274],[-46.818634,-22.950831],[-46.819525,-22.953262],[-46.820537,-22.954489],[-46.820957,-22.955691],[-46.820983,-22.957887],[-46.82244,-22.959392],[-46.823068,-22.961893],[-46.823548,-22.963092],[-46.823642,-22.96413],[-46.82328,-22.967651],[-46.823487,-22.969131],[-46.823292,-22.970032],[-46.823359,-22.970813],[-46.823633,-22.971368],[-46.825162,-22.972944],[-46.828597,-22.974639],[-46.835225,-22.975728],[-46.836044,-22.97611],[-46.837125,-22.977646],[-46.836972,-22.978167],[-46.835839,-22.979185],[-46.835596,-22.97981],[-46.836433,-22.982908],[-46.837215,-22.983421],[-46.839436,-22.983567],[-46.839988,-22.983805],[-46.842554,-22.986482],[-46.843868,-22.987066],[-46.845413,-22.988832],[-46.846214,-22.989094],[-46.846284,-22.989946],[-46.847028,-22.991165],[-46.847283,-22.991444],[-46.848521,-22.992065],[-46.850113,-22.99508],[-46.850388,-22.996023],[-46.848792,-22.998595],[-46.848104,-23.001884],[-46.84786,-23.002108],[-46.846962,-23.002393],[-46.844737,-23.004855],[-46.844314,-23.004983],[-46.844673,-23.006048],[-46.843955,-23.007779],[-46.844181,-23.008671],[-46.844106,-23.009756],[-46.843376,-23.014065],[-46.842671,-23.016127],[-46.842697,-23.018056],[-46.84242,-23.022264],[-46.841892,-23.022994],[-46.841764,-23.023439],[-46.841158,-23.023683],[-46.840222,-23.024597],[-46.83992,-23.025142],[-46.839704,-23.026091],[-46.839739,-23.026478],[-46.840072,-23.027067],[-46.841331,-23.027852],[-46.841756,-23.028552],[-46.841945,-23.029477],[-46.841754,-23.030973],[-46.842368,-23.033282],[-46.842612,-23.034873],[-46.843034,-23.035742],[-46.844158,-23.037185],[-46.844439,-23.03785],[-46.844225,-23.0414],[-46.845148,-23.049348],[-46.845058,-23.052277],[-46.845585,-23.054329],[-46.845223,-23.055298],[-46.841381,-23.06096],[-46.840763,-23.062151],[-46.839092,-23.071458],[-46.839238,-23.072481],[-46.840424,-23.075291],[-46.841351,-23.076793],[-46.844072,-23.07989],[-46.846689,-23.084792],[-46.847431,-23.090092],[-46.848129,-23.093678],[-46.847817,-23.094947],[-46.846067,-23.098305],[-46.845816,-23.099949],[-46.846281,-23.101542],[-46.848625,-23.105434],[-46.849193,-23.107957],[-46.850416,-23.112053],[-46.850704,-23.112715],[-46.85114,-23.113221],[-46.853714,-23.115582],[-46.858866,-23.117873],[-46.862365,-23.118964],[-46.864855,-23.12064],[-46.865541,-23.120851],[-46.868524,-23.120993],[-46.869375,-23.121182],[-46.870846,-23.122326],[-46.872055,-23.122988],[-46.872676,-23.123635],[-46.873221,-23.125179],[-46.873981,-23.126639],[-46.874596,-23.131013],[-46.874499,-23.13178],[-46.873889,-23.133367],[-46.873508,-23.135053],[-46.873314,-23.13689],[-46.873253,-23.140465],[-46.873631,-23.143698],[-46.874134,-23.144964],[-46.87788,-23.152109],[-46.878336,-23.152883],[-46.878968,-23.153444],[-46.879763,-23.15376],[-46.891951,-23.156311],[-46.90196,-23.160726],[-46.908826,-23.163042],[-46.915911,-23.167476],[-46.923689,-23.170805],[-46.925887,-23.17293],[-46.927101,-23.173588],[-46.927927,-23.173664],[-46.939113,-23.171999],[-46.940525,-23.171543],[-46.940833,-23.171082],[-46.940696,-23.170765],[-46.940265,-23.170663],[-46.939181,-23.171559],[-46.937894,-23.173541],[-46.93634,-23.176613],[-46.926847,-23.204445],[-46.925688,-23.207003],[-46.92482,-23.208481],[-46.922826,-23.211152],[-46.921386,-23.21268],[-46.919627,-23.21423],[-46.892515,-23.234565],[-46.883587,-23.24226],[-46.879788,-23.246828],[-46.878705,-23.247921],[-46.872003,-23.253399],[-46.870863,-23.254498],[-46.869718,-23.256227],[-46.868064,-23.260366],[-46.866861,-23.262072],[-46.865683,-23.263106],[-46.858965,-23.267589],[-46.85752,-23.269079],[-46.855096,-23.272292],[-46.850626,-23.276007],[-46.849455,-23.277275],[-46.848927,-23.278322],[-46.848714,-23.279129],[-46.847781,-23.287154],[-46.847448,-23.288818],[-46.846914,-23.290007],[-46.846276,-23.290792],[-46.843111,-23.293621],[-46.842042,-23.294994],[-46.841535,-23.296446],[-46.84094,-23.30132],[-46.840215,-23.303107],[-46.839027,-23.304554],[-46.834229,-23.309284],[-46.832725,-23.310192],[-46.82639,-23.312619],[-46.825262,-23.313567],[-46.824323,-23.314919],[-46.82385,-23.31676],[-46.823757,-23.323105],[-46.823133,-23.334069],[-46.822735,-23.335723],[-46.822119,-23.337296],[-46.821361,-23.338706],[-46.820264,-23.340195],[-46.813127,-23.347347],[-46.809922,-23.34962],[-46.808954,-23.35008],[-46.806996,-23.350637],[-46.799581,-23.351513],[-46.798086,-23.351902],[-46.796131,-23.352838],[-46.792056,-23.355918],[-46.79098,-23.356353],[-46.788038,-23.357127],[-46.786515,-23.357964],[-46.785643,-23.358811],[-46.784873,-23.360075],[-46.784098,-23.363283],[-46.783481,-23.364711],[-46.778353,-23.373257],[-46.777047,-23.374651],[-46.771744,-23.379078],[-46.770564,-23.380471],[-46.770156,-23.381259],[-46.769625,-23.382884],[-46.769512,-23.383755],[-46.769247,-23.389798],[-46.768073,-23.400023],[-46.767857,-23.407409],[-46.767455,-23.410494],[-46.767009,-23.412081],[-46.766012,-23.414458],[-46.761712,-23.421868],[-46.761227,-23.423047],[-46.760391,-23.434023],[-46.759954,-23.435363],[-46.757014,-23.441285],[-46.756607,-23.442406],[-46.752368,-23.462548],[-46.751968,-23.4638],[-46.748353,-23.472176],[-46.747505,-23.473494],[-46.74594,-23.474735],[-46.741206,-23.476907],[-46.739972,-23.47793],[-46.738979,-23.47916],[-46.738121,-23.481203],[-46.737219,-23.487515],[-46.73619,-23.489735],[-46.734947,-23.491461],[-46.731988,-23.494461],[-46.727977,-23.500045],[-46.72343,-23.505208],[-46.72222,-23.506797],[-46.721642,-23.507769],[-46.721464,-23.508384],[-46.721565,-23.509252],[-46.722065,-23.510171],[-46.723159,-23.511747],[-46.724154,-23.512719],[-46.728234,-23.515102],[-46.731847,-23.516902],[-46.733693,-23.517328],[-46.740863,-23.517103],[-46.742997,-23.517178],[-46.744355,-23.517504],[-46.745291,-23.517934],[-46.746357,-23.518715],[-46.74715,-23.519574],[-46.749671,-23.524689],[-46.750243,-23.526328],[-46.750502,-23.529067],[-46.75008,-23.532294],[-46.749676,-23.533084],[-46.749011,-23.53388],[-46.741702,-23.540368],[-46.73982,-23.542302],[-46.737642,-23.544235],[-46.737561,-23.544546],[-46.73917,-23.546189],[-46.737107,-23.548026],[-46.743112,-23.553776],[-46.743945,-23.555847],[-46.744344,-23.556467],[-46.745739,-23.557373],[-46.747847,-23.558113],[-46.748077,-23.55916],[-46.749164,-23.562144],[-46.749733,-23.562762],[-46.753206,-23.563735],[-46.754752,-23.564542],[-46.755837,-23.565493],[-46.75659,-23.567128],[-46.757487,-23.568211],[-46.761901,-23.567316],[-46.762458,-23.567578],[-46.762989,-23.567593],[-46.763707,-23.567137],[-46.765691,-23.567415],[-46.765314,-23.568444]]}},{"type":"Feature","properties":{"id_backbone":"BB-D5459F7075CE","trecho":"SOM.RD-SRV.ST","cluster":"RIBEIRAO PRETO","cabo":"F-0265","capacidade":"12","extensao_km":25.313,"confianca":"ALTA","fonte":"OSRM/OpenStreetMap","ponta_a":"SOM.RD","municipio_a":"SAO SIMAO","ponta_b":"SRV.ST","municipio_b":"SANTA ROSA DE VITERBO"},"geometry":{"type":"LineString","coordinates":[[-47.540344,-21.468277],[-47.539911,-21.466585],[-47.541938,-21.465196],[-47.544397,-21.465083],[-47.545552,-21.465359],[-47.546212,-21.465994],[-47.546495,-21.465955],[-47.546655,-21.465485],[-47.546495,-21.46511],[-47.54642,-21.463026],[-47.546748,-21.463665],[-47.546971,-21.464729],[-47.547791,-21.465199],[-47.549449,-21.46547],[-47.550492,-21.465271],[-47.550568,-21.465482],[-47.549775,-21.46664],[-47.54971,-21.468199],[-47.549003,-21.469138],[-47.549559,-21.469435],[-47.550488,-21.470514],[-47.550463,-21.470757],[-47.549839,-21.471259],[-47.549744,-21.471569],[-47.550501,-21.472312],[-47.551958,-21.474348],[-47.551929,-21.474568],[-47.551252,-21.475179],[-47.551262,-21.475436],[-47.551585,-21.475445],[-47.552146,-21.474944],[-47.552322,-21.475199],[-47.549914,-21.476644],[-47.547831,-21.478667],[-47.541518,-21.486937],[-47.540719,-21.4883],[-47.538569,-21.490694],[-47.536912,-21.491988],[-47.535182,-21.492817],[-47.5333,-21.493321],[-47.49269,-21.50034],[-47.490922,-21.500412],[-47.488527,-21.500208],[-47.43356,-21.489072],[-47.431903,-21.488977],[-47.429041,-21.489099],[-47.394837,-21.491029],[-47.393806,-21.49114],[-47.392871,-21.491474],[-47.39102,-21.49126],[-47.385817,-21.49152],[-47.385076,-21.491759],[-47.384397,-21.491597],[-47.382018,-21.491914],[-47.380927,-21.491849],[-47.375058,-21.492169],[-47.373506,-21.49205],[-47.370906,-21.491234],[-47.3702,-21.491246],[-47.369996,-21.490592],[-47.362593,-21.482244],[-47.363741,-21.481341],[-47.363368,-21.480022],[-47.362268,-21.47974],[-47.361937,-21.480783]]}},{"type":"Feature","properties":{"id_backbone":"BB-F0BFABA7952F","trecho":"SPB.CL-SPB.VN","cluster":"OSASCO","cabo":"F-0716","capacidade":"72","extensao_km":9.306,"confianca":"ALTA","fonte":"OSRM/OpenStreetMap","ponta_a":"SPB.CL","municipio_a":"SANTANA DE PARNAIBA","ponta_b":"SPB.VN","municipio_b":"SANTANA DE PARNAIBA"},"geometry":{"type":"LineString","coordinates":[[-46.825229,-23.428713],[-46.825736,-23.427296],[-46.825658,-23.426507],[-46.825409,-23.426478],[-46.825604,-23.425386],[-46.825516,-23.423564],[-46.824396,-23.422362],[-46.823185,-23.422493],[-46.82265,-23.422045],[-46.822142,-23.421178],[-46.821333,-23.420527],[-46.820838,-23.416563],[-46.821205,-23.41521],[-46.821954,-23.415329],[-46.822579,-23.414713],[-46.822895,-23.413588],[-46.822997,-23.412517],[-46.824385,-23.411747],[-46.825246,-23.41075],[-46.825433,-23.41005],[-46.825275,-23.409653],[-46.826259,-23.409457],[-46.82806,-23.409588],[-46.831329,-23.409417],[-46.834009,-23.409538],[-46.834402,-23.409424],[-46.835861,-23.409749],[-46.838196,-23.409928],[-46.839763,-23.409897],[-46.842409,-23.409382],[-46.846119,-23.409639],[-46.847137,-23.409457],[-46.84763,-23.409109],[-46.850867,-23.408495],[-46.855663,-23.407272],[-46.86156,-23.406413],[-46.864053,-23.406266],[-46.865074,-23.406272],[-46.868179,-23.407951],[-46.868611,-23.408348],[-46.869755,-23.408354],[-46.870241,-23.408297],[-46.872891,-23.407033],[-46.885085,-23.405305],[-46.882257,-23.404199]]}},{"type":"Feature","properties":{"id_backbone":"BB-831A46111563","trecho":"SRE.AE-SRE.SR","cluster":"OSASCO","cabo":"F-0423","capacidade":"24","extensao_km":10.596,"confianca":"ALTA","fonte":"OSRM/OpenStreetMap","ponta_a":"SRE.AE","municipio_a":"SAO ROQUE","ponta_b":"SRE.SR","municipio_b":"SAO ROQUE"},"geometry":{"type":"LineString","coordinates":[[-47.061497,-23.57797],[-47.062626,-23.577777],[-47.064473,-23.575585],[-47.068993,-23.57089],[-47.069697,-23.570254],[-47.072627,-23.568279],[-47.073044,-23.56742],[-47.073781,-23.564874],[-47.075309,-23.56322],[-47.07588,-23.561681],[-47.076544,-23.5607],[-47.077386,-23.560366],[-47.078953,-23.560187],[-47.079684,-23.559815],[-47.080534,-23.559222],[-47.081403,-23.557767],[-47.081952,-23.557189],[-47.086749,-23.554292],[-47.091185,-23.55327],[-47.093552,-23.551798],[-47.094282,-23.551656],[-47.096778,-23.552171],[-47.101481,-23.552491],[-47.104276,-23.553699],[-47.106116,-23.553813],[-47.107542,-23.554332],[-47.109167,-23.555316],[-47.11176,-23.555928],[-47.112991,-23.555893],[-47.114598,-23.555432],[-47.117269,-23.552859],[-47.119265,-23.551324],[-47.120357,-23.549994],[-47.12226,-23.548226],[-47.122829,-23.546654],[-47.12288,-23.545811],[-47.123801,-23.54378],[-47.123913,-23.541957],[-47.124122,-23.541133],[-47.124526,-23.540505],[-47.125499,-23.539963],[-47.1272,-23.539923],[-47.1278,-23.539762],[-47.128613,-23.538957],[-47.12914,-23.537999],[-47.13052,-23.537635],[-47.130983,-23.536828],[-47.133379,-23.53447],[-47.134362,-23.531833],[-47.135457,-23.530778],[-47.135655,-23.530936]]}},{"type":"Feature","properties":{"id_backbone":"BB-446A8D4F5F2F","trecho":"SRQ.PM-TBU.TB","cluster":"CAMPINAS","cabo":"CA-0325","capacidade":"36","extensao_km":28.635,"confianca":"ALTA","fonte":"OSRM/OpenStreetMap","ponta_a":"SRQ.PM","municipio_a":"SANTA RITA DO PASSA QUATRO","ponta_b":"TBU.TB","municipio_b":"TAMBAU"},"geometry":{"type":"LineString","coordinates":[[-47.484856,-21.705789],[-47.484557,-21.705729],[-47.483767,-21.707894],[-47.477191,-21.706169],[-47.478045,-21.701966],[-47.477317,-21.700789],[-47.475941,-21.697863],[-47.475778,-21.69781],[-47.47542,-21.696693],[-47.471406,-21.688009],[-47.470733,-21.687434],[-47.468818,-21.686522],[-47.468008,-21.685901],[-47.467616,-21.685395],[-47.46732,-21.684613],[-47.467547,-21.682786],[-47.46738,-21.682342],[-47.466747,-21.681664],[-47.465244,-21.680971],[-47.462643,-21.6806],[-47.452265,-21.684984],[-47.451247,-21.6852],[-47.450139,-21.685023],[-47.443888,-21.681689],[-47.44139,-21.680949],[-47.440652,-21.680566],[-47.435328,-21.67483],[-47.425144,-21.665944],[-47.413808,-21.66172],[-47.408136,-21.661115],[-47.406943,-21.661398],[-47.406188,-21.661834],[-47.403887,-21.663968],[-47.401726,-21.666281],[-47.40122,-21.667082],[-47.400734,-21.669721],[-47.400338,-21.670718],[-47.398938,-21.672387],[-47.397401,-21.673635],[-47.393496,-21.674969],[-47.391578,-21.675358],[-47.387673,-21.676527],[-47.385926,-21.676112],[-47.383329,-21.675878],[-47.381658,-21.677048],[-47.380717,-21.67747],[-47.376443,-21.678601],[-47.376019,-21.67884],[-47.374426,-21.680617],[-47.372807,-21.681856],[-47.372123,-21.683676],[-47.370602,-21.686135],[-47.37017,-21.686212],[-47.368843,-21.685757],[-47.366877,-21.686507],[-47.363185,-21.687469],[-47.361943,-21.688177],[-47.359826,-21.690231],[-47.358722,-21.690834],[-47.358177,-21.690846],[-47.357321,-21.69057],[-47.354025,-21.689079],[-47.351629,-21.688842],[-47.349666,-21.687676],[-47.348869,-21.687484],[-47.347394,-21.686554],[-47.34663,-21.686275],[-47.345986,-21.68622],[-47.343264,-21.686878],[-47.341912,-21.686597],[-47.341096,-21.686051],[-47.339101,-21.683245],[-47.337414,-21.682562],[-47.336561,-21.682449],[-47.336124,-21.682679],[-47.332638,-21.686254],[-47.331269,-21.687748],[-47.329586,-21.689989],[-47.328925,-21.690566],[-47.30266,-21.704134],[-47.300466,-21.704502],[-47.294437,-21.7049],[-47.288676,-21.703071],[-47.286518,-21.702864],[-47.285306,-21.70257],[-47.28438,-21.70214],[-47.283547,-21.701255],[-47.283136,-21.701111],[-47.282062,-21.701392],[-47.28172,-21.70171],[-47.281362,-21.701679],[-47.280375,-21.702145],[-47.279494,-21.703011],[-47.278525,-21.705216],[-47.277736,-21.705595],[-47.276238,-21.705606],[-47.275476,-21.706023],[-47.274828,-21.706928],[-47.274987,-21.707426],[-47.272603,-21.708117],[-47.272874,-21.708921],[-47.271763,-21.709108]]}},{"type":"Feature","properties":{"id_backbone":"BB-47358619F74E","trecho":"SRR.BV-SRR.MC","cluster":"SAO JOSE DO RIO PRETO","cabo":"TR-0142","capacidade":"36","extensao_km":3.587,"confianca":"BAIXA","fonte":"OSRM/OpenStreetMap","ponta_a":"SRR.BV","municipio_a":"SAO JOSE DO RIO PRETO","ponta_b":"SRR.MC","municipio_b":"SAO JOSE DO RIO PRETO"},"geometry":{"type":"LineString","coordinates":[[-49.389502,-20.801698],[-49.388133,-20.800422],[-49.380355,-20.807793],[-49.379366,-20.806925],[-49.379542,-20.804979],[-49.379361,-20.804521],[-49.378841,-20.804064],[-49.378063,-20.803924],[-49.375906,-20.804379],[-49.374516,-20.804187],[-49.373669,-20.804633],[-49.368026,-20.799291],[-49.367457,-20.799826],[-49.368445,-20.800782],[-49.367638,-20.801537]]}},{"type":"Feature","properties":{"id_backbone":"BB-DEDCF7A9A542","trecho":"SRR.EL-SRR.VS","cluster":"SAO JOSE DO RIO PRETO","cabo":"F-0004","capacidade":"12","extensao_km":4.625,"confianca":"SEM_REFERENCIA","fonte":"OSRM/OpenStreetMap","ponta_a":"SRR.EL","municipio_a":"SAO JOSE DO RIO PRETO","ponta_b":"SRR.VS","municipio_b":"SAO JOSE DO RIO PRETO"},"geometry":{"type":"LineString","coordinates":[[-49.399717,-20.786052],[-49.399147,-20.786623],[-49.405755,-20.792585],[-49.404144,-20.793931],[-49.403034,-20.795283],[-49.401455,-20.796701],[-49.400376,-20.797447],[-49.399916,-20.797542],[-49.397113,-20.799907],[-49.396302,-20.799271],[-49.381114,-20.813607]]}},{"type":"Feature","properties":{"id_backbone":"BB-0EFF8BE33773","trecho":"SRR.RD-SRR.VS","cluster":"SAO JOSE DO RIO PRETO","cabo":"F-0131","capacidade":"144","extensao_km":3.554,"confianca":"ALTA","fonte":"OSRM/OpenStreetMap","ponta_a":"SRR.RD","municipio_a":"SAO JOSE DO RIO PRETO","ponta_b":"SRR.VS","municipio_b":"SAO JOSE DO RIO PRETO"},"geometry":{"type":"LineString","coordinates":[[-49.395991,-20.833861],[-49.392217,-20.834597],[-49.391408,-20.832447],[-49.389746,-20.829531],[-49.387325,-20.826889],[-49.38657,-20.825363],[-49.385457,-20.824119],[-49.382375,-20.818895],[-49.385541,-20.815897],[-49.382116,-20.812672],[-49.381114,-20.813607]]}},{"type":"Feature","properties":{"id_backbone":"BB-24ED0A16E791","trecho":"SSG.TM-VGS.VJ","cluster":"CAMPINAS","cabo":"F-0179","capacidade":"24","extensao_km":17.192,"confianca":"SEM_REFERENCIA","fonte":"OSRM/OpenStreetMap","ponta_a":"SSG.TM","municipio_a":"SAO SEBASTIAO DA GRAMA","ponta_b":"VGS.VJ","municipio_b":"VARGEM GRANDE DO SUL"},"geometry":{"type":"LineString","coordinates":[[-46.822267,-21.710651],[-46.822122,-21.710989],[-46.821633,-21.710804],[-46.820753,-21.712915],[-46.824351,-21.714875],[-46.825075,-21.715604],[-46.825358,-21.716203],[-46.826223,-21.716869],[-46.831404,-21.719498],[-46.832134,-21.719739],[-46.832237,-21.719994],[-46.832074,-21.720966],[-46.83215,-21.721652],[-46.834644,-21.728922],[-46.834927,-21.730483],[-46.835249,-21.734254],[-46.8352,-21.735253],[-46.833551,-21.739514],[-46.830809,-21.743632],[-46.830443,-21.744965],[-46.830479,-21.746382],[-46.832796,-21.756732],[-46.833094,-21.765078],[-46.833294,-21.766356],[-46.833873,-21.767679],[-46.838479,-21.774874],[-46.839187,-21.776256],[-46.841016,-21.782628],[-46.841442,-21.783499],[-46.844121,-21.786808],[-46.846663,-21.792324],[-46.848355,-21.794776],[-46.863422,-21.810563],[-46.865263,-21.812279],[-46.873761,-21.818643],[-46.874923,-21.819757],[-46.875799,-21.82123],[-46.878012,-21.827491],[-46.878472,-21.828298],[-46.878716,-21.828345],[-46.880344,-21.827819],[-46.884505,-21.828187],[-46.886831,-21.826873],[-46.887499,-21.826744],[-46.888057,-21.826868],[-46.888991,-21.8279],[-46.890496,-21.826884],[-46.891619,-21.828317]]}},{"type":"Feature","properties":{"id_backbone":"BB-767D87E32EF7","trecho":"SST.GU-SST.TQ","cluster":"SAO JOSE DOS CAMPOS","cabo":"F-0102","capacidade":"12","extensao_km":11.95,"confianca":"ALTA","fonte":"OSRM/OpenStreetMap","ponta_a":"SST.GU","municipio_a":"SAO SEBASTIAO","ponta_b":"SST.TQ","municipio_b":"SAO SEBASTIAO"},"geometry":{"type":"LineString","coordinates":[[-45.459083,-23.819128],[-45.458373,-23.817805],[-45.460829,-23.816746],[-45.46163,-23.816847],[-45.463318,-23.817953],[-45.463759,-23.818047],[-45.464111,-23.81792],[-45.464559,-23.817196],[-45.464233,-23.816327],[-45.464203,-23.814272],[-45.46437,-23.813961],[-45.46492,-23.813633],[-45.465826,-23.81359],[-45.467374,-23.814368],[-45.468698,-23.814178],[-45.469161,-23.814476],[-45.471073,-23.816807],[-45.472256,-23.816965],[-45.472978,-23.817855],[-45.474026,-23.81815],[-45.474757,-23.818961],[-45.476535,-23.819816],[-45.47709,-23.820926],[-45.477302,-23.822083],[-45.477601,-23.822446],[-45.478409,-23.822714],[-45.480022,-23.822695],[-45.481864,-23.823361],[-45.482236,-23.823538],[-45.482733,-23.824468],[-45.483702,-23.824913],[-45.487493,-23.825332],[-45.488759,-23.825819],[-45.490104,-23.826038],[-45.492395,-23.827194],[-45.492825,-23.82801],[-45.492874,-23.828704],[-45.49303,-23.828905],[-45.494695,-23.829109],[-45.495712,-23.829928],[-45.496502,-23.830248],[-45.497088,-23.830383],[-45.499165,-23.830307],[-45.500472,-23.831103],[-45.501454,-23.831216],[-45.503394,-23.830839],[-45.505054,-23.830051],[-45.506912,-23.829543],[-45.507673,-23.828987],[-45.508521,-23.829233],[-45.50986,-23.829996],[-45.511821,-23.829932],[-45.515543,-23.831188],[-45.516549,-23.831311],[-45.517081,-23.831142],[-45.517588,-23.8306],[-45.51774,-23.830005],[-45.517149,-23.829614],[-45.51616,-23.829429],[-45.515489,-23.828868],[-45.515449,-23.828562],[-45.515694,-23.828273],[-45.518211,-23.827267],[-45.519084,-23.826505],[-45.519658,-23.826586],[-45.521185,-23.827745],[-45.52321,-23.826922],[-45.524288,-23.826717],[-45.526109,-23.827223],[-45.527505,-23.827364],[-45.529178,-23.826481],[-45.529377,-23.825705],[-45.529194,-23.825189],[-45.527813,-23.824118],[-45.527142,-23.823179],[-45.52707,-23.8224],[-45.527699,-23.821522],[-45.527723,-23.820957],[-45.526428,-23.82038],[-45.526025,-23.819746],[-45.526201,-23.819463],[-45.528488,-23.818138],[-45.528324,-23.81776],[-45.527022,-23.816999],[-45.526837,-23.816669],[-45.52687,-23.816325],[-45.527565,-23.815362],[-45.530124,-23.81382],[-45.530912,-23.813726],[-45.531711,-23.813888],[-45.53179,-23.81358],[-45.532078,-23.813503]]}},{"type":"Feature","properties":{"id_backbone":"BB-CA733AD7CCE7","trecho":"SUM.AR-SUM.PS","cluster":"CAMPINAS","cabo":"F-0140","capacidade":"12","extensao_km":2.128,"confianca":"SEM_REFERENCIA","fonte":"OSRM/OpenStreetMap","ponta_a":"SUM.AR","municipio_a":"SUMARE","ponta_b":"SUM.PS","municipio_b":"SUMARE"},"geometry":{"type":"LineString","coordinates":[[-47.269625,-22.82],[-47.270542,-22.82059],[-47.26868,-22.823121],[-47.27014,-22.824064],[-47.270585,-22.824147],[-47.270768,-22.824473],[-47.270631,-22.824705],[-47.270238,-22.824824],[-47.269639,-22.825565],[-47.265226,-22.831332],[-47.265518,-22.832551],[-47.266802,-22.831916],[-47.267717,-22.833018]]}},{"type":"Feature","properties":{"id_backbone":"BB-B7C449387D0D","trecho":"TAA.TA-TAV.RS","cluster":"RIBEIRAO PRETO","cabo":"F-0259","capacidade":"12","extensao_km":7.71,"confianca":"ALTA","fonte":"OSRM/OpenStreetMap","ponta_a":"TAA.TA","municipio_a":"TAIACU","ponta_b":"TAV.RS","municipio_b":"TAIUVA"},"geometry":{"type":"LineString","coordinates":[[-48.514885,-21.143439],[-48.512533,-21.144346],[-48.508114,-21.134597],[-48.505218,-21.13183],[-48.503351,-21.130856],[-48.501912,-21.130584],[-48.500901,-21.130604],[-48.489465,-21.132937],[-48.486767,-21.13297],[-48.484794,-21.13252],[-48.476816,-21.129418],[-48.475207,-21.1285],[-48.471658,-21.126013],[-48.470734,-21.12564],[-48.464836,-21.12463],[-48.458239,-21.125099],[-48.455475,-21.124987],[-48.455519,-21.124327],[-48.453415,-21.124232],[-48.453455,-21.123501],[-48.453224,-21.123479]]}},{"type":"Feature","properties":{"id_backbone":"BB-340F2D69A2A5","trecho":"TMB.SB-TTE.CN","cluster":"SAO JOSE DOS CAMPOS","cabo":"F-0101","capacidade":"12","extensao_km":8.367,"confianca":"SEM_REFERENCIA","fonte":"OSRM/OpenStreetMap","ponta_a":"TMB.SB","municipio_a":"TREMEMBE","ponta_b":"TTE.CN","municipio_b":"TAUBATE"},"geometry":{"type":"LineString","coordinates":[[-45.548395,-22.964331],[-45.547871,-22.964265],[-45.547474,-22.965712],[-45.548724,-22.965955],[-45.548456,-22.967816],[-45.549213,-22.969591],[-45.549737,-22.971514],[-45.54975,-22.97324],[-45.549923,-22.974148],[-45.550069,-22.984297],[-45.550213,-22.984805],[-45.550039,-22.997015],[-45.550305,-22.998925],[-45.550503,-23.010325],[-45.550758,-23.010622],[-45.550511,-23.011117],[-45.550552,-23.012989],[-45.550862,-23.014239],[-45.550705,-23.014403],[-45.548915,-23.01483],[-45.547226,-23.015692],[-45.548714,-23.018748],[-45.549112,-23.021177],[-45.548768,-23.022312],[-45.548861,-23.023295],[-45.549846,-23.024528],[-45.553203,-23.027843],[-45.554195,-23.029992],[-45.554035,-23.029962],[-45.553279,-23.028243],[-45.552758,-23.028413],[-45.55305,-23.02915]]}},{"type":"Feature","properties":{"id_backbone":"BB-B131E13727AE","trecho":"TTE.AM-TTE.BR","cluster":"SAO JOSE DOS CAMPOS","cabo":"F-0114","capacidade":"12","extensao_km":16.799,"confianca":"ALTA","fonte":"OSRM/OpenStreetMap","ponta_a":"TTE.AM","municipio_a":"TAUBATE","ponta_b":"TTE.BR","municipio_b":"TAUBATE"},"geometry":{"type":"LineString","coordinates":[[-45.560002,-23.024506],[-45.560897,-23.02372],[-45.562479,-23.024374],[-45.555462,-23.03094],[-45.556739,-23.031778],[-45.556942,-23.03209],[-45.55714,-23.033742],[-45.557152,-23.036453],[-45.55839,-23.037144],[-45.559417,-23.037513],[-45.559565,-23.037996],[-45.559317,-23.038356],[-45.558546,-23.038211],[-45.558274,-23.038325],[-45.557504,-23.043074],[-45.557433,-23.045059],[-45.555701,-23.046277],[-45.555303,-23.04681],[-45.554702,-23.051223],[-45.554756,-23.052273],[-45.55597,-23.057231],[-45.556028,-23.060243],[-45.556202,-23.061391],[-45.55578,-23.062108],[-45.555762,-23.06242],[-45.556736,-23.063978],[-45.556943,-23.06471],[-45.556589,-23.067421],[-45.556316,-23.068308],[-45.555974,-23.068755],[-45.553601,-23.070366],[-45.552983,-23.071139],[-45.552197,-23.07256],[-45.55019,-23.075194],[-45.54677,-23.082874],[-45.545993,-23.083371],[-45.544223,-23.083586],[-45.543424,-23.08425],[-45.543207,-23.085106],[-45.543242,-23.086786],[-45.542732,-23.087783],[-45.542581,-23.089405],[-45.540579,-23.092591],[-45.53941,-23.093707],[-45.539494,-23.096531],[-45.538338,-23.098254],[-45.538067,-23.099405],[-45.537712,-23.099693],[-45.537234,-23.099788],[-45.535435,-23.099499],[-45.531688,-23.10099],[-45.531293,-23.10149],[-45.530809,-23.102764],[-45.529492,-23.104441],[-45.526988,-23.106892],[-45.524084,-23.108599],[-45.52272,-23.109063],[-45.521453,-23.110048],[-45.521202,-23.110698],[-45.521741,-23.112003],[-45.521769,-23.112768],[-45.521562,-23.113888],[-45.521128,-23.11475],[-45.52051,-23.115372],[-45.518102,-23.117129],[-45.515543,-23.119454],[-45.512883,-23.123618],[-45.509162,-23.127593],[-45.5084,-23.128136],[-45.506679,-23.128544],[-45.505272,-23.129711],[-45.503459,-23.133566],[-45.503495,-23.134324],[-45.504059,-23.135909],[-45.503963,-23.136506],[-45.500518,-23.13966],[-45.499983,-23.139979],[-45.498666,-23.140136]]}},{"type":"Feature","properties":{"id_backbone":"BB-0A71711675E9","trecho":"TTE.CN-TTE.SJ","cluster":"SAO JOSE DOS CAMPOS","cabo":"F-0108","capacidade":"12","extensao_km":4.711,"confianca":"SEM_REFERENCIA","fonte":"OSRM/OpenStreetMap","ponta_a":"TTE.CN","municipio_a":"TAUBATE","ponta_b":"TTE.SJ","municipio_b":"TAUBATE"},"geometry":{"type":"LineString","coordinates":[[-45.55305,-23.02915],[-45.553643,-23.030356],[-45.554059,-23.029999],[-45.553104,-23.027895],[-45.549658,-23.024503],[-45.548817,-23.023496],[-45.548586,-23.022635],[-45.548243,-23.022446],[-45.546795,-23.022338],[-45.546756,-23.021487],[-45.545215,-23.01879],[-45.544768,-23.018261],[-45.543375,-23.017011],[-45.54263,-23.016668],[-45.541012,-23.016297],[-45.540168,-23.015524],[-45.538931,-23.013107],[-45.538675,-23.011548],[-45.538529,-23.009652],[-45.538625,-23.009162],[-45.53748,-23.008386],[-45.533825,-23.008026],[-45.533598,-23.007793],[-45.527237,-23.006155],[-45.527646,-23.00486],[-45.527745,-23.004885],[-45.527533,-23.005608]]}},{"type":"Feature","properties":{"id_backbone":"BB-2D4A56E7F128","trecho":"UTB.IT-UTB.PG","cluster":"SAO JOSE DOS CAMPOS","cabo":"TR-1388","capacidade":"36","extensao_km":17.79,"confianca":"ALTA","fonte":"OSRM/OpenStreetMap","ponta_a":"UTB.IT","municipio_a":"UBATUBA","ponta_b":"UTB.PG","municipio_b":"UBATUBA"},"geometry":{"type":"LineString","coordinates":[[-45.004374,-23.398985],[-45.005165,-23.397831],[-45.003727,-23.397009],[-45.003827,-23.396847],[-45.004123,-23.397],[-45.005929,-23.396399],[-45.007836,-23.393976],[-45.008317,-23.393685],[-45.009354,-23.393449],[-45.009711,-23.393077],[-45.020687,-23.398405],[-45.021304,-23.399198],[-45.021191,-23.400134],[-45.016626,-23.403929],[-45.016262,-23.40441],[-45.016161,-23.404832],[-45.016274,-23.405441],[-45.01651,-23.405796],[-45.018369,-23.407165],[-45.018903,-23.407778],[-45.019882,-23.411579],[-45.020148,-23.412121],[-45.021077,-23.412554],[-45.029362,-23.414181],[-45.030039,-23.413966],[-45.031402,-23.412933],[-45.032405,-23.412864],[-45.033136,-23.413269],[-45.041209,-23.419817],[-45.041829,-23.420032],[-45.04245,-23.419939],[-45.042968,-23.419577],[-45.048879,-23.412836],[-45.049498,-23.412606],[-45.05027,-23.412605],[-45.054108,-23.414309],[-45.055299,-23.414312],[-45.056284,-23.413638],[-45.058866,-23.410036],[-45.059118,-23.409402],[-45.059431,-23.409354],[-45.059735,-23.410119],[-45.061134,-23.411457],[-45.063582,-23.41427],[-45.065172,-23.417117],[-45.065747,-23.420852],[-45.066426,-23.423811],[-45.066709,-23.424377],[-45.06747,-23.425171],[-45.067775,-23.425829],[-45.066689,-23.42797],[-45.067478,-23.428318],[-45.06743,-23.429227],[-45.068111,-23.430115],[-45.067515,-23.430303],[-45.069524,-23.432873],[-45.069883,-23.434847],[-45.070054,-23.436687],[-45.07004,-23.439224],[-45.069705,-23.441304],[-45.070626,-23.442648],[-45.069341,-23.446639],[-45.068458,-23.44824],[-45.069099,-23.44854],[-45.067885,-23.451276],[-45.062137,-23.45756],[-45.062513,-23.457875],[-45.061506,-23.458938],[-45.063667,-23.462312],[-45.064426,-23.462619],[-45.064633,-23.462929],[-45.064493,-23.463169],[-45.063153,-23.463973],[-45.062327,-23.464835],[-45.062106,-23.465576],[-45.062299,-23.466215],[-45.064174,-23.468334],[-45.064299,-23.46824],[-45.064776,-23.46876],[-45.066606,-23.470914],[-45.067404,-23.472096],[-45.068274,-23.47147]]}},{"type":"Feature","properties":{"id_backbone":"BB-9EC0420B1268","trecho":"UTB.LZ-UTB.PG","cluster":"SAO JOSE DOS CAMPOS","cabo":"F-0105","capacidade":"24","extensao_km":10.1,"confianca":"ALTA","fonte":"OSRM/OpenStreetMap","ponta_a":"UTB.LZ","municipio_a":"UBATUBA","ponta_b":"UTB.PG","municipio_b":"UBATUBA"},"geometry":{"type":"LineString","coordinates":[[-45.135325,-23.497561],[-45.131385,-23.49933],[-45.12932,-23.50174],[-45.128714,-23.502032],[-45.126268,-23.50177],[-45.1249,-23.501151],[-45.123627,-23.501127],[-45.122812,-23.500544],[-45.121876,-23.500455],[-45.121014,-23.500134],[-45.120173,-23.500119],[-45.11848,-23.49874],[-45.11633,-23.497904],[-45.115839,-23.497473],[-45.114751,-23.496994],[-45.112712,-23.496517],[-45.111701,-23.495668],[-45.110663,-23.49529],[-45.109524,-23.493874],[-45.108337,-23.493212],[-45.107631,-23.492168],[-45.107543,-23.491751],[-45.107669,-23.491034],[-45.107215,-23.48976],[-45.107286,-23.488794],[-45.107064,-23.487884],[-45.106569,-23.487518],[-45.105915,-23.487437],[-45.094372,-23.489786],[-45.085579,-23.490612],[-45.084477,-23.490914],[-45.083956,-23.491296],[-45.083829,-23.491703],[-45.083919,-23.493233],[-45.08341,-23.493697],[-45.0828,-23.493748],[-45.081217,-23.493357],[-45.079033,-23.493786],[-45.078287,-23.493701],[-45.077507,-23.493177],[-45.077184,-23.492559],[-45.073674,-23.48069],[-45.073092,-23.48035],[-45.071632,-23.4804],[-45.071083,-23.480086],[-45.070965,-23.479569],[-45.071262,-23.478503],[-45.071128,-23.477899],[-45.069694,-23.475955],[-45.069828,-23.475867],[-45.067404,-23.472096],[-45.068274,-23.47147]]}},{"type":"Feature","properties":{"id_backbone":"BB-71223654F3E4","trecho":"VIN.SD-VOS.IA","cluster":"CAMPINAS","cabo":"F-0112","capacidade":"18","extensao_km":7.824,"confianca":"SEM_REFERENCIA","fonte":"OSRM/OpenStreetMap","ponta_a":"VIN.SD","municipio_a":"VINHEDO","ponta_b":"VOS.IA","municipio_b":"VALINHOS"},"geometry":{"type":"LineString","coordinates":[[-46.974542,-23.030225],[-46.976069,-23.028076],[-46.974245,-23.026961],[-46.975452,-23.026517],[-46.977991,-23.026118],[-46.97931,-23.025626],[-46.980581,-23.024681],[-46.98151,-23.023528],[-46.982191,-23.022211],[-46.982379,-23.021087],[-46.983546,-23.021245],[-46.987946,-23.008528],[-46.986777,-23.005711],[-46.987801,-23.00418],[-46.988965,-23.001248],[-46.990593,-22.989494],[-46.990773,-22.984024],[-46.989992,-22.979222],[-46.998788,-22.972216],[-46.99878,-22.972004]]}},{"type":"Feature","properties":{"id_backbone":"BB-3CC15EDC85FB","trecho":"VOS.IA-VOS.VV","cluster":"CAMPINAS","cabo":"F-0063","capacidade":"12","extensao_km":6.485,"confianca":"ALTA","fonte":"OSRM/OpenStreetMap","ponta_a":"VOS.IA","municipio_a":"VALINHOS","ponta_b":"VOS.VV","municipio_b":"VALINHOS"},"geometry":{"type":"LineString","coordinates":[[-46.99878,-22.972004],[-46.998836,-22.971174],[-46.999473,-22.97103],[-47.000066,-22.971347],[-46.997445,-22.973397],[-46.999213,-22.975315],[-47.00013,-22.97703],[-47.000659,-22.978477],[-47.001432,-22.982061],[-47.003123,-22.983675],[-47.003267,-22.985586],[-47.003142,-22.987647],[-47.003438,-22.989028],[-47.007763,-22.995808],[-47.008963,-22.998007],[-47.010039,-23.000084],[-47.010314,-23.001288],[-47.011214,-23.003708],[-47.011972,-23.004928],[-47.013237,-23.006186],[-47.015322,-23.007314],[-47.016624,-23.007657],[-47.019911,-23.008066],[-47.022558,-23.009404],[-47.023871,-23.009459],[-47.024013,-23.009691],[-47.023923,-23.01035],[-47.02603,-23.011466],[-47.026323,-23.011466],[-47.026666,-23.011072],[-47.026644,-23.0093]]}}]}