{"type":"FeatureCollection","features":[{"type":"Feature","properties":{"id_backbone":"BB-CA0B178FC8CC","trecho":"AAL.AA-JATO.JA","cluster":"ARACATUBA","cabo":"F-0023","capacidade":"12","extensao_km":11.219,"confianca":"ALTA","fonte":"OSRM/OpenStreetMap","ponta_a":"AAL.AA","municipio_a":"ALTO ALEGRE","ponta_b":"JATO.JA","municipio_b":"ALTO ALEGRE"},"geometry":{"type":"LineString","coordinates":[[-50.164325,-21.581693],[-50.164078,-21.58152],[-50.164526,-21.580997],[-50.166596,-21.582576],[-50.166022,-21.583191],[-50.163366,-21.587031],[-50.163252,-21.587422],[-50.163431,-21.587692],[-50.167539,-21.589894],[-50.168784,-21.59037],[-50.16944,-21.590917],[-50.179971,-21.596582],[-50.182576,-21.598658],[-50.192547,-21.609362],[-50.194886,-21.611458],[-50.197173,-21.612985],[-50.2155,-21.624008],[-50.218505,-21.625108],[-50.241585,-21.628598],[-50.241935,-21.628582],[-50.242179,-21.628347],[-50.243124,-21.626556],[-50.243584,-21.62424],[-50.243054,-21.624143]]}},{"type":"Feature","properties":{"id_backbone":"BB-E80CA03121E9","trecho":"ABB.FB-CQR.SM","cluster":"BAURU","cabo":"F-0148","capacidade":"12","extensao_km":22.665,"confianca":"BAIXA","fonte":"OSRM/OpenStreetMap","ponta_a":"ABB.FB","municipio_a":"AGUAS DE SANTA BARBARA","ponta_b":"CQR.SM","municipio_b":"CERQUEIRA CESAR"},"geometry":{"type":"LineString","coordinates":[[-49.239234,-22.880287],[-49.239952,-22.880386],[-49.239356,-22.882683],[-49.238174,-22.882108],[-49.236838,-22.882715],[-49.23289,-22.887654],[-49.2351,-22.889169],[-49.235154,-22.889668],[-49.226845,-22.911678],[-49.225836,-22.914742],[-49.225488,-22.916757],[-49.222981,-22.957188],[-49.222826,-22.958521],[-49.222384,-22.960101],[-49.193785,-23.009615],[-49.193183,-23.011009],[-49.192523,-23.013387],[-49.185111,-23.04113],[-49.183103,-23.043898],[-49.182754,-23.044086],[-49.182241,-23.044058],[-49.181854,-23.043739],[-49.181676,-23.042716],[-49.180419,-23.041595],[-49.17633,-23.038681],[-49.174183,-23.037475],[-49.16773,-23.037118],[-49.165443,-23.037718],[-49.164454,-23.038252],[-49.162025,-23.035888],[-49.162736,-23.035235],[-49.163037,-23.035367],[-49.163584,-23.034879]]}},{"type":"Feature","properties":{"id_backbone":"BB-A1EBDB9E30BB","trecho":"ABS.FN-ABS.RD","cluster":"RIBEIRAO PRETO","cabo":"F-0256","capacidade":"12","extensao_km":0.106,"confianca":"REJEITADA","fonte":"OSRM/OpenStreetMap","ponta_a":"ABS.FN","municipio_a":"AMERICO BRASILIENSE","ponta_b":"ABS.RD","municipio_b":"AMERICO BRASILIENSE"},"geometry":{"type":"LineString","coordinates":[[-48.104956,-21.726751],[-48.105447,-21.726674],[-48.105349,-21.726191]]}},{"type":"Feature","properties":{"id_backbone":"BB-59753E2BA1EE","trecho":"ADA.CT-POTM.PO","cluster":"SAO JOSE DOS CAMPOS","cabo":"F-0101","capacidade":"6","extensao_km":3.717,"confianca":"SEM_REFERENCIA","fonte":"OSRM/OpenStreetMap","ponta_a":"ADA.CT","municipio_a":"APARECIDA","ponta_b":"POTM.PO","municipio_b":"POTIM"},"geometry":{"type":"LineString","coordinates":[[-45.229491,-22.840321],[-45.231299,-22.84179],[-45.232607,-22.843601],[-45.233833,-22.845669],[-45.233048,-22.846782],[-45.233132,-22.84707],[-45.236615,-22.847552],[-45.237098,-22.847467],[-45.238549,-22.846475],[-45.240396,-22.845606],[-45.242247,-22.845265],[-45.242747,-22.845333],[-45.245284,-22.845022],[-45.245873,-22.844654],[-45.247082,-22.844332],[-45.251244,-22.84153],[-45.251498,-22.841208],[-45.251789,-22.841146],[-45.255654,-22.836767],[-45.25548,-22.836639]]}},{"type":"Feature","properties":{"id_backbone":"BB-D012A0F84BEC","trecho":"ADD.AD-ARC.XN","cluster":"ARACATUBA","cabo":"F-0207","capacidade":"72","extensao_km":109.901,"confianca":"BAIXA","fonte":"OSRM/OpenStreetMap","ponta_a":"ADD.AD","municipio_a":"ANDRADINA","ponta_b":"ARC.XN","municipio_b":"ARACATUBA"},"geometry":{"type":"LineString","coordinates":[[-51.377084,-20.89848],[-51.377619,-20.898164],[-51.377132,-20.897396],[-51.355741,-20.909846],[-51.353221,-20.90965],[-51.344551,-20.908395],[-51.343559,-20.908445],[-51.3419,-20.910247],[-51.340516,-20.911446],[-51.191888,-21.004967],[-51.185303,-21.008973],[-50.950584,-21.157189],[-50.896316,-21.200672],[-50.893783,-21.202559],[-50.890564,-21.204105],[-50.854247,-21.216388],[-50.851637,-21.217037],[-50.848812,-21.217318],[-50.846041,-21.217226],[-50.843681,-21.216801],[-50.810052,-21.205171],[-50.808721,-21.204821],[-50.806189,-21.204501],[-50.760642,-21.206971],[-50.69308,-21.214985],[-50.691025,-21.215085],[-50.68764,-21.21472],[-50.663518,-21.208958],[-50.567957,-21.199747],[-50.479519,-21.207048],[-50.475629,-21.207593],[-50.473064,-21.208406],[-50.471183,-21.209399],[-50.470191,-21.210109],[-50.467694,-21.212315],[-50.460298,-21.210829],[-50.459999,-21.210338],[-50.443892,-21.206755],[-50.439829,-21.204186],[-50.438753,-21.203729],[-50.437556,-21.204661],[-50.43741,-21.205962],[-50.438372,-21.20604],[-50.438388,-21.205899]]}},{"type":"Feature","properties":{"id_backbone":"BB-8BE7EF9FCB7E","trecho":"ADE.AM-PDE.IF","cluster":"SAO JOSE DO RIO PRETO","cabo":"F-0105","capacidade":"12","extensao_km":10.04,"confianca":"ALTA","fonte":"OSRM/OpenStreetMap","ponta_a":"ADE.AM","municipio_a":"APARECIDA D'OESTE","ponta_b":"PDE.IF","municipio_b":"PALMEIRA D'OESTE"},"geometry":{"type":"LineString","coordinates":[[-50.869855,-20.449027],[-50.872327,-20.44831],[-50.88,-20.450337],[-50.884662,-20.452778],[-50.889095,-20.44513],[-50.889739,-20.444503],[-50.890616,-20.444362],[-50.898015,-20.44593],[-50.898673,-20.445841],[-50.898978,-20.444796],[-50.899161,-20.440055],[-50.899355,-20.439529],[-50.909754,-20.438361],[-50.910497,-20.437006],[-50.911877,-20.436215],[-50.912486,-20.435587],[-50.912947,-20.434453],[-50.91323,-20.434129],[-50.915427,-20.433558],[-50.918595,-20.433579],[-50.919854,-20.428141],[-50.920889,-20.426672],[-50.921989,-20.423615],[-50.921967,-20.423437],[-50.921411,-20.42323],[-50.921333,-20.423041],[-50.925728,-20.41146],[-50.926163,-20.411195],[-50.927412,-20.411059],[-50.928793,-20.411428],[-50.929172,-20.411751],[-50.930912,-20.412268],[-50.932278,-20.41243]]}},{"type":"Feature","properties":{"id_backbone":"BB-15D414E30B41","trecho":"ADT.EC-DRA.RB","cluster":"ARACATUBA","cabo":"F-0201","capacidade":"72","extensao_km":57.829,"confianca":"MEDIA","fonte":"OSRM/OpenStreetMap","ponta_a":"ADT.EC","municipio_a":"ADAMANTINA","ponta_b":"DRA.RB","municipio_b":"DRACENA"},"geometry":{"type":"LineString","coordinates":[[-51.075335,-21.685244],[-51.075505,-21.684901],[-51.074627,-21.684519],[-51.090916,-21.650852],[-51.090901,-21.650382],[-51.090678,-21.650121],[-51.088405,-21.649091],[-51.088298,-21.6487],[-51.089629,-21.648365],[-51.094015,-21.646067],[-51.098785,-21.6428],[-51.101183,-21.641418],[-51.102152,-21.641112],[-51.11185,-21.639607],[-51.122691,-21.635158],[-51.155726,-21.610709],[-51.16439,-21.600532],[-51.165485,-21.599628],[-51.174555,-21.593508],[-51.175561,-21.592248],[-51.177423,-21.588464],[-51.17823,-21.587381],[-51.188331,-21.578973],[-51.194977,-21.574662],[-51.204567,-21.569596],[-51.205266,-21.569004],[-51.207345,-21.568115],[-51.210867,-21.56628],[-51.212474,-21.565861],[-51.221963,-21.56529],[-51.223131,-21.565079],[-51.238921,-21.558839],[-51.241082,-21.558224],[-51.269409,-21.554897],[-51.271685,-21.554469],[-51.287063,-21.553794],[-51.288566,-21.553587],[-51.311287,-21.545862],[-51.332024,-21.541748],[-51.333558,-21.541331],[-51.355681,-21.532691],[-51.372555,-21.526479],[-51.423596,-21.499029],[-51.424549,-21.49842],[-51.425584,-21.497477],[-51.428813,-21.494167],[-51.429696,-21.492796],[-51.431417,-21.491975],[-51.439057,-21.489568],[-51.440111,-21.489026],[-51.441928,-21.488435],[-51.443596,-21.487923],[-51.444839,-21.487738],[-51.45614,-21.484167],[-51.474727,-21.481207],[-51.476663,-21.480733],[-51.477645,-21.480374],[-51.479034,-21.47957],[-51.484287,-21.475853],[-51.486338,-21.474666],[-51.491717,-21.472893],[-51.49313,-21.472755],[-51.494211,-21.472853],[-51.512416,-21.475594],[-51.514593,-21.475768],[-51.518817,-21.476419],[-51.519695,-21.476397],[-51.520793,-21.476141],[-51.526182,-21.474274],[-51.526384,-21.474657],[-51.526247,-21.475367],[-51.529086,-21.482949],[-51.530714,-21.488458],[-51.533305,-21.487802],[-51.53357,-21.488702],[-51.53271,-21.488922],[-51.532553,-21.488386]]}},{"type":"Feature","properties":{"id_backbone":"BB-AE1889C49A6A","trecho":"ADX.JB-AVR.SC","cluster":"BAURU","cabo":"F-0127","capacidade":"12","extensao_km":16.227,"confianca":"ALTA","fonte":"OSRM/OpenStreetMap","ponta_a":"ADX.JB","municipio_a":"ARANDU","ponta_b":"AVR.SC","municipio_b":"AVARE"},"geometry":{"type":"LineString","coordinates":[[-49.051455,-23.133165],[-49.05039,-23.132526],[-49.049698,-23.133562],[-49.046853,-23.132949],[-49.046313,-23.133002],[-49.045875,-23.132753],[-49.025015,-23.128589],[-49.023713,-23.12878],[-49.021899,-23.129732],[-49.01912,-23.130209],[-49.017075,-23.130287],[-49.007092,-23.128994],[-49.003807,-23.128117],[-49.000796,-23.126567],[-48.989936,-23.11935],[-48.985426,-23.117249],[-48.982794,-23.115595],[-48.974528,-23.107428],[-48.973339,-23.106682],[-48.972667,-23.106596],[-48.962482,-23.107184],[-48.946388,-23.108885],[-48.940335,-23.109355],[-48.939956,-23.109499],[-48.939554,-23.110076],[-48.939219,-23.110275],[-48.935554,-23.111791],[-48.933368,-23.112151],[-48.930665,-23.109407],[-48.931678,-23.108473],[-48.92982,-23.100561],[-48.919547,-23.102596],[-48.918973,-23.099865],[-48.919939,-23.099683],[-48.920016,-23.10005]]}},{"type":"Feature","properties":{"id_backbone":"BB-1FFD567D4AA4","trecho":"AGA.DC-CMP.MC","cluster":"CAMPINAS","cabo":"F-0198","capacidade":"24","extensao_km":11.791,"confianca":"MEDIA","fonte":"OSRM/OpenStreetMap","ponta_a":"AGA.DC","municipio_a":"ARTUR NOGUEIRA","ponta_b":"CMP.MC","municipio_b":"COSMOPOLIS"},"geometry":{"type":"LineString","coordinates":[[-47.17175,-22.57495],[-47.171269,-22.575229],[-47.171989,-22.574619],[-47.169948,-22.572549],[-47.172515,-22.570294],[-47.17332,-22.571081],[-47.173573,-22.570616],[-47.173959,-22.570495],[-47.174362,-22.569949],[-47.174538,-22.569946],[-47.174551,-22.570841],[-47.175773,-22.573689],[-47.201767,-22.624639],[-47.206789,-22.634242],[-47.207116,-22.634595],[-47.207436,-22.634602],[-47.207654,-22.63439],[-47.207749,-22.633228],[-47.207427,-22.632948],[-47.206914,-22.633119],[-47.201228,-22.640137],[-47.199799,-22.639242],[-47.198953,-22.637988],[-47.197519,-22.639478],[-47.194073,-22.641042],[-47.194653,-22.64217],[-47.192534,-22.643135],[-47.192339,-22.642757],[-47.191962,-22.643059]]}},{"type":"Feature","properties":{"id_backbone":"BB-7047FB572DEB","trecho":"AGL.BS-SOR.CN","cluster":"CAMPINAS","cabo":"F-0096","capacidade":"6","extensao_km":24.77,"confianca":"ALTA","fonte":"OSRM/OpenStreetMap","ponta_a":"AGL.BS","municipio_a":"AGUAS DE LINDOIA","ponta_b":"SOR.CN","municipio_b":"SOCORRO"},"geometry":{"type":"LineString","coordinates":[[-46.635197,-22.475595],[-46.635338,-22.475516],[-46.634782,-22.474993],[-46.633599,-22.474967],[-46.633167,-22.474319],[-46.632698,-22.474721],[-46.632753,-22.47495],[-46.632482,-22.474978],[-46.632224,-22.475296],[-46.63225,-22.47564],[-46.631867,-22.475346],[-46.630315,-22.4754],[-46.629885,-22.474915],[-46.630222,-22.474481],[-46.630178,-22.473989],[-46.629769,-22.473649],[-46.628567,-22.474163],[-46.627124,-22.474188],[-46.626496,-22.474461],[-46.625773,-22.474303],[-46.625087,-22.473787],[-46.624021,-22.472055],[-46.623747,-22.471924],[-46.622419,-22.471906],[-46.622116,-22.47103],[-46.621576,-22.470595],[-46.620813,-22.470731],[-46.619881,-22.472008],[-46.619482,-22.472326],[-46.619083,-22.472525],[-46.617974,-22.472572],[-46.616904,-22.472365],[-46.61511,-22.471542],[-46.614832,-22.471295],[-46.6144,-22.470359],[-46.614088,-22.470127],[-46.613669,-22.470147],[-46.61132,-22.471091],[-46.610825,-22.470943],[-46.61035,-22.470011],[-46.609979,-22.469721],[-46.609202,-22.46985],[-46.608295,-22.470303],[-46.607323,-22.469939],[-46.606784,-22.469925],[-46.606352,-22.470149],[-46.605323,-22.471302],[-46.604162,-22.47379],[-46.604088,-22.474802],[-46.604559,-22.475174],[-46.604715,-22.475497],[-46.604045,-22.477664],[-46.604031,-22.478969],[-46.603274,-22.479919],[-46.602334,-22.480702],[-46.600038,-22.483829],[-46.599565,-22.484026],[-46.598299,-22.48403],[-46.594179,-22.484814],[-46.59166,-22.485442],[-46.589664,-22.487713],[-46.589332,-22.488459],[-46.589273,-22.490458],[-46.589885,-22.491449],[-46.590207,-22.492663],[-46.590168,-22.493244],[-46.589839,-22.493849],[-46.588748,-22.495103],[-46.587491,-22.496245],[-46.587335,-22.497446],[-46.585524,-22.500759],[-46.58524,-22.501595],[-46.585517,-22.502448],[-46.58621,-22.503557],[-46.589137,-22.505927],[-46.58955,-22.506708],[-46.589908,-22.508254],[-46.58929,-22.508761],[-46.587927,-22.508957],[-46.585979,-22.50991],[-46.585682,-22.510263],[-46.585283,-22.511434],[-46.584249,-22.512757],[-46.583333,-22.512886],[-46.581625,-22.512183],[-46.580819,-22.512641],[-46.580378,-22.513275],[-46.579963,-22.514814],[-46.579025,-22.515576],[-46.578396,-22.516723],[-46.577354,-22.517438],[-46.577142,-22.518265],[-46.57751,-22.519714],[-46.57748,-22.520185],[-46.57636,-22.520832],[-46.575288,-22.521188],[-46.575035,-22.521499],[-46.575569,-22.525075],[-46.575461,-22.527121],[-46.576311,-22.528969],[-46.577214,-22.534392],[-46.578199,-22.536679],[-46.577329,-22.538947],[-46.575993,-22.541705],[-46.576123,-22.542641],[-46.575987,-22.543323],[-46.574502,-22.545504],[-46.574126,-22.546297],[-46.574221,-22.549056],[-46.574502,-22.550263],[-46.574843,-22.550583],[-46.574851,-22.550796],[-46.572909,-22.551203],[-46.571654,-22.552029],[-46.570726,-22.552429],[-46.568749,-22.552669],[-46.567607,-22.552391],[-46.566438,-22.552983],[-46.561764,-22.55421],[-46.561102,-22.554766],[-46.560344,-22.555887],[-46.560788,-22.557549],[-46.560406,-22.559006],[-46.560127,-22.559379],[-46.559643,-22.559605],[-46.556752,-22.560144],[-46.555558,-22.560177],[-46.554306,-22.559084],[-46.55363,-22.558998],[-46.55284,-22.559808],[-46.551099,-22.560584],[-46.550191,-22.561374],[-46.549687,-22.562684],[-46.550204,-22.564104],[-46.549956,-22.564657],[-46.549633,-22.564813],[-46.549107,-22.564796],[-46.544118,-22.562481],[-46.542185,-22.562601],[-46.54158,-22.562883],[-46.540261,-22.565052],[-46.539756,-22.56549],[-46.538905,-22.565788],[-46.53793,-22.565838],[-46.536364,-22.566381],[-46.535098,-22.566485],[-46.534632,-22.566705],[-46.534348,-22.567249],[-46.534202,-22.569494],[-46.534566,-22.571802],[-46.534469,-22.572199],[-46.53369,-22.572794],[-46.533429,-22.573272],[-46.532717,-22.57348],[-46.531866,-22.574173],[-46.531535,-22.574871],[-46.531493,-22.57558],[-46.530688,-22.576914],[-46.528291,-22.5792],[-46.527928,-22.579824],[-46.527893,-22.580454],[-46.528379,-22.583373],[-46.528852,-22.584185],[-46.529815,-22.587553],[-46.529793,-22.588363],[-46.52936,-22.589233],[-46.529407,-22.589493],[-46.530901,-22.592114],[-46.529646,-22.592802],[-46.530164,-22.593595],[-46.528906,-22.594019],[-46.528359,-22.593975],[-46.528334,-22.594508],[-46.527831,-22.594537]]}},{"type":"Feature","properties":{"id_backbone":"BB-FC43B464B076","trecho":"AGL.BS-ARO.LR","cluster":"CAMPINAS","cabo":"F-0202","capacidade":"12","extensao_km":37.002,"confianca":"ALTA","fonte":"OSRM/OpenStreetMap","ponta_a":"AGL.BS","municipio_a":"AGUAS DE LINDOIA","ponta_b":"ARO.LR","municipio_b":"AMPARO"},"geometry":{"type":"LineString","coordinates":[[-46.635197,-22.475595],[-46.635524,-22.475401],[-46.635789,-22.475836],[-46.636349,-22.482867],[-46.63618,-22.483225],[-46.635217,-22.484201],[-46.633474,-22.486743],[-46.633274,-22.488351],[-46.633644,-22.489267],[-46.6349,-22.489897],[-46.635363,-22.490449],[-46.635283,-22.492016],[-46.634805,-22.493257],[-46.635091,-22.494159],[-46.636099,-22.494763],[-46.63606,-22.49602],[-46.635706,-22.497059],[-46.634302,-22.499581],[-46.634232,-22.500022],[-46.634735,-22.501787],[-46.635464,-22.502681],[-46.635185,-22.503657],[-46.635242,-22.50408],[-46.636333,-22.504872],[-46.637011,-22.50735],[-46.638811,-22.510349],[-46.63888,-22.511495],[-46.637835,-22.511847],[-46.637634,-22.512116],[-46.637683,-22.512651],[-46.638023,-22.513545],[-46.639017,-22.514292],[-46.639823,-22.515778],[-46.640729,-22.516369],[-46.641093,-22.517385],[-46.6415,-22.517534],[-46.642452,-22.517379],[-46.642872,-22.517562],[-46.64413,-22.519006],[-46.646337,-22.520691],[-46.647004,-22.521989],[-46.647805,-22.522599],[-46.647885,-22.523066],[-46.647405,-22.524486],[-46.645964,-22.526238],[-46.645541,-22.527132],[-46.646576,-22.530174],[-46.647682,-22.53102],[-46.648168,-22.533085],[-46.649719,-22.533805],[-46.650074,-22.536104],[-46.650733,-22.536803],[-46.650594,-22.537665],[-46.650853,-22.539458],[-46.651821,-22.539771],[-46.653674,-22.541548],[-46.654395,-22.543449],[-46.65505,-22.543828],[-46.656086,-22.545344],[-46.657487,-22.546491],[-46.65838,-22.547687],[-46.659642,-22.548658],[-46.659941,-22.549085],[-46.660494,-22.553215],[-46.663874,-22.559305],[-46.663726,-22.562455],[-46.666318,-22.565314],[-46.6664,-22.565612],[-46.666218,-22.566349],[-46.666343,-22.566794],[-46.667292,-22.567446],[-46.667824,-22.56817],[-46.668657,-22.568834],[-46.668704,-22.571209],[-46.66888,-22.571675],[-46.67175,-22.575327],[-46.672996,-22.577255],[-46.67309,-22.577748],[-46.672779,-22.579675],[-46.673001,-22.581002],[-46.672147,-22.582941],[-46.672706,-22.584209],[-46.673779,-22.584787],[-46.674849,-22.585039],[-46.675141,-22.585341],[-46.675489,-22.586348],[-46.675721,-22.587892],[-46.677494,-22.591044],[-46.677545,-22.592145],[-46.676936,-22.593084],[-46.677217,-22.59415],[-46.677735,-22.594722],[-46.677902,-22.595338],[-46.677876,-22.595866],[-46.677545,-22.596381],[-46.677615,-22.596755],[-46.678644,-22.597115],[-46.680122,-22.597235],[-46.680988,-22.597702],[-46.682946,-22.597808],[-46.684236,-22.597377],[-46.685253,-22.597807],[-46.685945,-22.597681],[-46.686285,-22.597773],[-46.687069,-22.598424],[-46.687786,-22.598637],[-46.688151,-22.599184],[-46.689263,-22.599652],[-46.68934,-22.599955],[-46.689143,-22.600771],[-46.68929,-22.60111],[-46.690082,-22.60163],[-46.691067,-22.601982],[-46.69228,-22.603371],[-46.693068,-22.603658],[-46.693556,-22.604404],[-46.694827,-22.604551],[-46.696134,-22.605637],[-46.696331,-22.606033],[-46.69587,-22.608112],[-46.696609,-22.609692],[-46.696782,-22.610648],[-46.69746,-22.611699],[-46.696472,-22.613846],[-46.696517,-22.614258],[-46.69871,-22.612216],[-46.702247,-22.609336],[-46.702939,-22.609634],[-46.703403,-22.609561],[-46.703814,-22.608279],[-46.705179,-22.607119],[-46.705288,-22.606608],[-46.706512,-22.606471],[-46.706861,-22.606792],[-46.707504,-22.608887],[-46.707897,-22.609242],[-46.708832,-22.609525],[-46.710595,-22.6116],[-46.711035,-22.615021],[-46.71148,-22.615597],[-46.711681,-22.616309],[-46.714233,-22.618055],[-46.718536,-22.619335],[-46.719293,-22.619893],[-46.720284,-22.622599],[-46.723049,-22.631591],[-46.723812,-22.632429],[-46.727023,-22.634435],[-46.728155,-22.635651],[-46.728701,-22.636503],[-46.729543,-22.638504],[-46.731016,-22.644644],[-46.730982,-22.645764],[-46.731378,-22.646722],[-46.73193,-22.647026],[-46.733508,-22.646785],[-46.734565,-22.647454],[-46.735069,-22.647598],[-46.73551,-22.6475],[-46.736549,-22.646858],[-46.737128,-22.646974],[-46.73763,-22.647641],[-46.738843,-22.648317],[-46.739804,-22.649608],[-46.741293,-22.650131],[-46.742868,-22.651172],[-46.742927,-22.652688],[-46.743452,-22.653492],[-46.743594,-22.654415],[-46.7443,-22.655024],[-46.744095,-22.656397],[-46.743326,-22.657415],[-46.742432,-22.657936],[-46.742022,-22.658547],[-46.74209,-22.659009],[-46.742785,-22.659676],[-46.742699,-22.660095],[-46.742296,-22.660233],[-46.741091,-22.65973],[-46.74048,-22.659866],[-46.739952,-22.660273],[-46.739686,-22.661253],[-46.73994,-22.661783],[-46.740998,-22.662282],[-46.741926,-22.662223],[-46.7425,-22.662667],[-46.742625,-22.662948],[-46.74152,-22.665684],[-46.741657,-22.665979],[-46.742635,-22.666514],[-46.742829,-22.666936],[-46.741518,-22.670399],[-46.741898,-22.671326],[-46.741491,-22.67199],[-46.741422,-22.672651],[-46.740028,-22.673285],[-46.739579,-22.673698],[-46.739734,-22.673894],[-46.740931,-22.673852],[-46.741165,-22.674137],[-46.739864,-22.675158],[-46.739524,-22.676007],[-46.738559,-22.676871],[-46.738359,-22.677379],[-46.738488,-22.678169],[-46.739562,-22.679887],[-46.740944,-22.680462],[-46.741533,-22.680962],[-46.741646,-22.681721],[-46.741247,-22.683794],[-46.740991,-22.686626],[-46.741572,-22.687068],[-46.742205,-22.687154],[-46.743985,-22.68782],[-46.744939,-22.687964],[-46.746649,-22.687773],[-46.747891,-22.686821],[-46.748719,-22.686567],[-46.749343,-22.686778],[-46.750325,-22.687935],[-46.752645,-22.689081],[-46.754888,-22.689372],[-46.755614,-22.690252],[-46.755831,-22.690834],[-46.755907,-22.693958],[-46.756245,-22.696645],[-46.756838,-22.69768],[-46.756308,-22.698374],[-46.756707,-22.700055],[-46.757885,-22.699691],[-46.759845,-22.699614],[-46.760257,-22.700757],[-46.762893,-22.70102],[-46.762985,-22.700309],[-46.76216,-22.700203],[-46.762104,-22.70051]]}},{"type":"Feature","properties":{"id_backbone":"BB-34E13E46309B","trecho":"AGS.TM-BRU.AC","cluster":"BAURU","cabo":"F-0111-00","capacidade":"12","extensao_km":20.836,"confianca":"ALTA","fonte":"OSRM/OpenStreetMap","ponta_a":"AGS.TM","municipio_a":"AGUDOS","ponta_b":"BRU.AC","municipio_b":"BAURU"},"geometry":{"type":"LineString","coordinates":[[-48.986922,-22.475375],[-48.989267,-22.475133],[-48.988138,-22.465587],[-48.988546,-22.465663],[-48.988784,-22.46553],[-48.98915,-22.464952],[-48.98994,-22.460016],[-48.989151,-22.455738],[-48.988982,-22.454009],[-48.988553,-22.452244],[-48.988163,-22.449102],[-48.987867,-22.448049],[-48.987927,-22.446992],[-48.987481,-22.444399],[-48.987135,-22.443729],[-48.986221,-22.442639],[-48.985806,-22.442301],[-48.985366,-22.442447],[-48.985309,-22.443064],[-48.985535,-22.44331],[-48.98591,-22.443293],[-48.986319,-22.442891],[-49.04012,-22.363589],[-49.041189,-22.36063],[-49.041284,-22.359754],[-49.041889,-22.357744],[-49.041717,-22.356633],[-49.041884,-22.355895],[-49.042818,-22.354772],[-49.043429,-22.353145],[-49.051721,-22.32528],[-49.057337,-22.326163],[-49.067155,-22.328559],[-49.067312,-22.328003]]}},{"type":"Feature","properties":{"id_backbone":"BB-93933EB87722","trecho":"AGS.TM-BRU.CE","cluster":"BAURU","cabo":"F-0003","capacidade":"12","extensao_km":22.191,"confianca":"SEM_REFERENCIA","fonte":"OSRM/OpenStreetMap","ponta_a":"AGS.TM","municipio_a":"AGUDOS","ponta_b":"BRU.CE","municipio_b":"BAURU"},"geometry":{"type":"LineString","coordinates":[[-48.986922,-22.475375],[-48.989267,-22.475133],[-48.988138,-22.465587],[-48.988546,-22.465663],[-48.988784,-22.46553],[-48.98915,-22.464952],[-48.98994,-22.460016],[-48.989151,-22.455738],[-48.988982,-22.454009],[-48.988553,-22.452244],[-48.988163,-22.449102],[-48.987867,-22.448049],[-48.987927,-22.446992],[-48.987481,-22.444399],[-48.987135,-22.443729],[-48.985964,-22.442403],[-48.985597,-22.442291],[-48.985328,-22.442524],[-48.985309,-22.443064],[-48.985535,-22.44331],[-48.98591,-22.443293],[-48.986319,-22.442891],[-49.04012,-22.363589],[-49.041189,-22.36063],[-49.041284,-22.359754],[-49.041889,-22.357744],[-49.041717,-22.356633],[-49.041884,-22.355895],[-49.042818,-22.354772],[-49.043429,-22.353145],[-49.051721,-22.32528],[-49.057337,-22.326163],[-49.072109,-22.329784],[-49.074394,-22.32212]]}},{"type":"Feature","properties":{"id_backbone":"BB-92F47638FEDD","trecho":"AGT.RD-SRFA.RF","cluster":"CAMPINAS","cabo":"F-0170","capacidade":"6","extensao_km":6.569,"confianca":"SEM_REFERENCIA","fonte":"OSRM/OpenStreetMap","ponta_a":"AGT.RD","municipio_a":"AGUAS DA PRATA","ponta_b":"SRFA.RF","municipio_b":"AGUAS DA PRATA"},"geometry":{"type":"LineString","coordinates":[[-46.732744,-21.873163],[-46.732325,-21.874178],[-46.731904,-21.874089],[-46.731312,-21.873375],[-46.731023,-21.87343],[-46.730969,-21.874025],[-46.731412,-21.874921],[-46.731302,-21.875294],[-46.729527,-21.875313],[-46.728464,-21.874776],[-46.727732,-21.873843],[-46.726747,-21.873323],[-46.725572,-21.871525],[-46.724553,-21.869584],[-46.724277,-21.867697],[-46.723017,-21.866106],[-46.722027,-21.865467],[-46.722144,-21.864575],[-46.722848,-21.863051],[-46.723527,-21.862396],[-46.724431,-21.860827],[-46.725587,-21.859983],[-46.726654,-21.859855],[-46.727154,-21.858805],[-46.728904,-21.856616],[-46.730549,-21.855346],[-46.732131,-21.854489],[-46.734636,-21.851711],[-46.734725,-21.851013],[-46.733953,-21.847935],[-46.733986,-21.846973],[-46.734854,-21.845667],[-46.734822,-21.845315],[-46.735033,-21.845033],[-46.736227,-21.841451],[-46.736846,-21.841067],[-46.738491,-21.841308],[-46.738857,-21.841222],[-46.739147,-21.840804],[-46.738947,-21.839916],[-46.739101,-21.839491],[-46.741329,-21.838633],[-46.741918,-21.837994],[-46.742418,-21.836505],[-46.74373,-21.836216]]}},{"type":"Feature","properties":{"id_backbone":"BB-BE3F23302FF7","trecho":"AHV.BV-PNI.LO","cluster":"ARACATUBA","cabo":"F-0003","capacidade":"12","extensao_km":15.694,"confianca":"REJEITADA","fonte":"OSRM/OpenStreetMap","ponta_a":"AHV.BV","municipio_a":"AVANHANDAVA","ponta_b":"PNI.LO","municipio_b":"PENAPOLIS"},"geometry":{"type":"LineString","coordinates":[[-49.948364,-21.459137],[-49.949606,-21.460216],[-49.954213,-21.455694],[-49.957107,-21.455108],[-49.958388,-21.455334],[-49.959092,-21.455274],[-49.962577,-21.453873],[-49.966806,-21.453585],[-49.973009,-21.452022],[-49.975762,-21.452396],[-49.977424,-21.452345],[-49.988759,-21.450193],[-49.999588,-21.448395],[-50.02626,-21.429199],[-50.030148,-21.42769],[-50.04391,-21.422914],[-50.053875,-21.419803],[-50.054819,-21.419159],[-50.058523,-21.415775],[-50.058927,-21.415157],[-50.061241,-21.413214],[-50.06144,-21.413326],[-50.067607,-21.410744],[-50.068342,-21.40999],[-50.076525,-21.417836],[-50.075103,-21.419108],[-50.075961,-21.419889],[-50.075768,-21.42007]]}},{"type":"Feature","properties":{"id_backbone":"BB-06C9D2B46F01","trecho":"AIA.DP-JIU.DI","cluster":"JUNDIAI","cabo":"F-0803","capacidade":"12","extensao_km":8.983,"confianca":"ALTA","fonte":"OSRM/OpenStreetMap","ponta_a":"AIA.DP","municipio_a":"ATIBAIA","ponta_b":"JIU.DI","municipio_b":"JARINU"},"geometry":{"type":"LineString","coordinates":[[-46.674618,-23.044967],[-46.674317,-23.04584],[-46.674286,-23.046614],[-46.674882,-23.048353],[-46.67669,-23.050737],[-46.677328,-23.052172],[-46.678403,-23.053625],[-46.679025,-23.055222],[-46.681242,-23.059108],[-46.685526,-23.068369],[-46.686415,-23.069757],[-46.687217,-23.070337],[-46.688196,-23.071532],[-46.689623,-23.072372],[-46.690909,-23.07284],[-46.694377,-23.073652],[-46.695648,-23.074281],[-46.696588,-23.075043],[-46.700977,-23.079431],[-46.701806,-23.080027],[-46.70444,-23.080732],[-46.705531,-23.081259],[-46.707399,-23.081827],[-46.714251,-23.085],[-46.715493,-23.086274],[-46.716103,-23.087477],[-46.717475,-23.093709],[-46.718325,-23.095432],[-46.720122,-23.097825],[-46.721046,-23.10028],[-46.721598,-23.101334],[-46.722145,-23.103294],[-46.72232,-23.103427],[-46.724124,-23.103133],[-46.725027,-23.102718]]}},{"type":"Feature","properties":{"id_backbone":"BB-E2EF032FF702","trecho":"AIA.MR-JIU.DI","cluster":"JUNDIAI","cabo":"F-0458","capacidade":"36","extensao_km":17.465,"confianca":"BAIXA","fonte":"OSRM/OpenStreetMap","ponta_a":"AIA.MR","municipio_a":"ATIBAIA","ponta_b":"JIU.DI","municipio_b":"JARINU"},"geometry":{"type":"LineString","coordinates":[[-46.627059,-23.163106],[-46.627444,-23.162776],[-46.628498,-23.163215],[-46.629531,-23.163163],[-46.630185,-23.163342],[-46.631347,-23.164466],[-46.631923,-23.164817],[-46.634453,-23.165733],[-46.637041,-23.168139],[-46.637892,-23.16865],[-46.639541,-23.169533],[-46.640387,-23.169759],[-46.642323,-23.169522],[-46.643019,-23.16962],[-46.643702,-23.17002],[-46.64454,-23.171287],[-46.645487,-23.171949],[-46.647694,-23.172429],[-46.651845,-23.172156],[-46.652557,-23.171951],[-46.655146,-23.170624],[-46.655698,-23.170543],[-46.656292,-23.170669],[-46.656704,-23.170895],[-46.657334,-23.171709],[-46.657399,-23.173906],[-46.657808,-23.174857],[-46.658753,-23.175531],[-46.663272,-23.178011],[-46.66405,-23.178131],[-46.665323,-23.177768],[-46.666192,-23.177811],[-46.667804,-23.178743],[-46.668306,-23.178884],[-46.668719,-23.178745],[-46.669302,-23.178177],[-46.670336,-23.178028],[-46.670603,-23.1765],[-46.673147,-23.174802],[-46.674669,-23.174879],[-46.675486,-23.17516],[-46.676353,-23.174458],[-46.677657,-23.174047],[-46.678564,-23.174205],[-46.679658,-23.175014],[-46.67987,-23.174429],[-46.680275,-23.173955],[-46.682106,-23.172306],[-46.683055,-23.170361],[-46.684128,-23.16952],[-46.684877,-23.168309],[-46.68675,-23.167226],[-46.687854,-23.165906],[-46.689168,-23.165207],[-46.691404,-23.161656],[-46.691746,-23.161545],[-46.692593,-23.161853],[-46.693025,-23.161762],[-46.693213,-23.161249],[-46.692957,-23.15969],[-46.693555,-23.158472],[-46.698872,-23.150939],[-46.699367,-23.150515],[-46.699818,-23.150417],[-46.700447,-23.150511],[-46.701139,-23.151024],[-46.701859,-23.150762],[-46.702208,-23.15005],[-46.702123,-23.1488],[-46.70243,-23.148032],[-46.706053,-23.144819],[-46.706726,-23.144787],[-46.707567,-23.145206],[-46.708158,-23.145759],[-46.708823,-23.145559],[-46.709935,-23.144902],[-46.710312,-23.143846],[-46.710265,-23.141941],[-46.712213,-23.135149],[-46.712414,-23.13312],[-46.713934,-23.130905],[-46.715688,-23.127243],[-46.716607,-23.126359],[-46.716916,-23.12545],[-46.717384,-23.125382],[-46.718157,-23.12607],[-46.719743,-23.126293],[-46.720069,-23.126119],[-46.720425,-23.125067],[-46.721951,-23.123193],[-46.721992,-23.12207],[-46.724878,-23.117299],[-46.725006,-23.114366],[-46.725309,-23.114028],[-46.725877,-23.112553],[-46.725653,-23.111587],[-46.725141,-23.110476],[-46.725728,-23.108491],[-46.725604,-23.106692],[-46.725874,-23.105362],[-46.725851,-23.104608],[-46.726664,-23.103777],[-46.725264,-23.102642],[-46.725027,-23.102718]]}},{"type":"Feature","properties":{"id_backbone":"BB-3BFF41A37493","trecho":"AIA.RD-AIA.SJ","cluster":"JUNDIAI","cabo":"F-0175","capacidade":"12","extensao_km":4.178,"confianca":"BAIXA","fonte":"OSRM/OpenStreetMap","ponta_a":"AIA.RD","municipio_a":"ATIBAIA","ponta_b":"AIA.SJ","municipio_b":"ATIBAIA"},"geometry":{"type":"LineString","coordinates":[[-46.534812,-23.134915],[-46.534946,-23.133324],[-46.534181,-23.132656],[-46.534825,-23.131954],[-46.535036,-23.130931],[-46.536066,-23.129656],[-46.538842,-23.127309],[-46.539338,-23.126641],[-46.539494,-23.125893],[-46.539446,-23.124698],[-46.539682,-23.123813],[-46.539597,-23.12191],[-46.539439,-23.12167],[-46.539566,-23.12154],[-46.543939,-23.118341],[-46.546703,-23.116597],[-46.546683,-23.116388],[-46.546393,-23.116286],[-46.546549,-23.115468],[-46.555702,-23.117259],[-46.55641,-23.115548],[-46.556799,-23.113656]]}},{"type":"Feature","properties":{"id_backbone":"BB-EEFE4417247D","trecho":"AII.EB-RIC.EM","cluster":"SOROCABA","cabo":"F-0181","capacidade":"36","extensao_km":45.575,"confianca":"ALTA","fonte":"OSRM/OpenStreetMap","ponta_a":"AII.EB","municipio_a":"APIAI","ponta_b":"RIC.EM","municipio_b":"RIBEIRAO BRANCO"},"geometry":{"type":"LineString","coordinates":[[-48.844368,-24.512265],[-48.844542,-24.511735],[-48.845444,-24.511717],[-48.846474,-24.508694],[-48.846051,-24.507624],[-48.843319,-24.506048],[-48.841777,-24.503517],[-48.842039,-24.502093],[-48.842631,-24.500988],[-48.842515,-24.500154],[-48.842898,-24.498962],[-48.843572,-24.498145],[-48.845084,-24.493644],[-48.845633,-24.492507],[-48.845633,-24.491143],[-48.844893,-24.489604],[-48.843702,-24.488286],[-48.843355,-24.487678],[-48.842411,-24.48715],[-48.841241,-24.487145],[-48.840455,-24.486651],[-48.840269,-24.486277],[-48.840196,-24.485329],[-48.839785,-24.48445],[-48.839676,-24.482479],[-48.839293,-24.481654],[-48.839314,-24.480531],[-48.839148,-24.479816],[-48.839773,-24.478729],[-48.839429,-24.477436],[-48.840033,-24.476589],[-48.840481,-24.475583],[-48.840558,-24.473078],[-48.839882,-24.470681],[-48.838992,-24.469768],[-48.839142,-24.468684],[-48.839453,-24.468],[-48.840148,-24.467449],[-48.840811,-24.467257],[-48.841303,-24.466551],[-48.842489,-24.465455],[-48.84265,-24.464524],[-48.842541,-24.463677],[-48.843016,-24.462811],[-48.84306,-24.46211],[-48.844496,-24.457971],[-48.846218,-24.457028],[-48.846952,-24.455832],[-48.847596,-24.455568],[-48.848272,-24.454797],[-48.848685,-24.454716],[-48.850128,-24.455041],[-48.85074,-24.454699],[-48.851853,-24.45372],[-48.85263,-24.45335],[-48.854784,-24.449845],[-48.854826,-24.449105],[-48.85508,-24.448571],[-48.854688,-24.447037],[-48.85494,-24.446373],[-48.856093,-24.445108],[-48.857622,-24.443907],[-48.858647,-24.44379],[-48.859108,-24.443506],[-48.859108,-24.443135],[-48.8581,-24.440684],[-48.858207,-24.440195],[-48.858915,-24.439863],[-48.861971,-24.439667],[-48.864157,-24.438852],[-48.86502,-24.43832],[-48.866651,-24.436659],[-48.868609,-24.433895],[-48.869038,-24.4337],[-48.869504,-24.433749],[-48.870588,-24.434462],[-48.87106,-24.43454],[-48.871484,-24.43434],[-48.871957,-24.433656],[-48.872374,-24.431927],[-48.872278,-24.43137],[-48.86708,-24.426276],[-48.866254,-24.424732],[-48.865792,-24.422271],[-48.865771,-24.420454],[-48.866157,-24.416282],[-48.866372,-24.415774],[-48.86709,-24.41511],[-48.868045,-24.413449],[-48.869537,-24.411515],[-48.870878,-24.410743],[-48.871354,-24.409629],[-48.872772,-24.40833],[-48.873341,-24.407211],[-48.873636,-24.40534],[-48.875173,-24.403806],[-48.87576,-24.402956],[-48.875903,-24.399859],[-48.876388,-24.398868],[-48.87659,-24.397839],[-48.876193,-24.396088],[-48.875717,-24.39472],[-48.874787,-24.392902],[-48.874219,-24.392443],[-48.873146,-24.392033],[-48.872376,-24.392001],[-48.871957,-24.391593],[-48.871681,-24.390821],[-48.87026,-24.383219],[-48.866533,-24.382466],[-48.863379,-24.379789],[-48.85966,-24.374355],[-48.858347,-24.373769],[-48.857747,-24.371922],[-48.857038,-24.371072],[-48.856384,-24.369919],[-48.856459,-24.369371],[-48.856942,-24.368638],[-48.856795,-24.367925],[-48.856173,-24.368032],[-48.855483,-24.367671],[-48.855172,-24.368062],[-48.85496,-24.368081],[-48.854099,-24.367241],[-48.852847,-24.366635],[-48.852739,-24.366459],[-48.852879,-24.365443],[-48.852675,-24.365022],[-48.852178,-24.364602],[-48.851781,-24.363977],[-48.850443,-24.362941],[-48.849848,-24.362706],[-48.849946,-24.362462],[-48.85172,-24.361611],[-48.852283,-24.361069],[-48.852741,-24.359891],[-48.852766,-24.358699],[-48.852986,-24.358249],[-48.853498,-24.357927],[-48.85363,-24.357228],[-48.852961,-24.354892],[-48.85301,-24.35412],[-48.853474,-24.353592],[-48.85348,-24.353343],[-48.853163,-24.352619],[-48.852312,-24.352038],[-48.851829,-24.351202],[-48.852283,-24.349492],[-48.852356,-24.3483],[-48.852224,-24.347551],[-48.851849,-24.347341],[-48.851511,-24.346764],[-48.850735,-24.346872],[-48.850358,-24.347111],[-48.849544,-24.347004],[-48.848884,-24.346437],[-48.848544,-24.345689],[-48.847581,-24.346222],[-48.847225,-24.346261],[-48.845964,-24.34566],[-48.842855,-24.344775],[-48.842729,-24.344609],[-48.842874,-24.344272],[-48.842785,-24.344081],[-48.842067,-24.343705],[-48.84168,-24.343158],[-48.840991,-24.342823],[-48.840305,-24.341203],[-48.839733,-24.340856],[-48.838728,-24.340944],[-48.838239,-24.340313],[-48.838186,-24.339956],[-48.8388,-24.339326],[-48.838631,-24.337732],[-48.839068,-24.336188],[-48.839189,-24.335034],[-48.838545,-24.334379],[-48.83793,-24.333402],[-48.837769,-24.331877],[-48.838081,-24.330186],[-48.8366,-24.32648],[-48.836031,-24.320986],[-48.834577,-24.317574],[-48.834454,-24.316762],[-48.834481,-24.311913],[-48.832673,-24.308901],[-48.83168,-24.308207],[-48.830575,-24.307987],[-48.829535,-24.307523],[-48.827164,-24.306017],[-48.822271,-24.299495],[-48.820512,-24.29418],[-48.819696,-24.293564],[-48.817475,-24.293153],[-48.814863,-24.290978],[-48.813602,-24.29065],[-48.806187,-24.291741],[-48.801659,-24.291068],[-48.800175,-24.291604],[-48.799749,-24.291613],[-48.798173,-24.291271],[-48.797026,-24.290731],[-48.796772,-24.290467],[-48.796868,-24.289032],[-48.797764,-24.288002],[-48.797775,-24.28765],[-48.79763,-24.28752],[-48.796265,-24.288027],[-48.795165,-24.288934],[-48.794307,-24.288621],[-48.793266,-24.288513],[-48.792923,-24.288298],[-48.791893,-24.28733],[-48.791539,-24.286518],[-48.791013,-24.283399],[-48.790809,-24.28066],[-48.790992,-24.278812],[-48.790648,-24.278577],[-48.790353,-24.278598],[-48.788063,-24.2798],[-48.786164,-24.280162],[-48.786013,-24.279907],[-48.786486,-24.278137],[-48.786378,-24.277687],[-48.784254,-24.276494],[-48.782151,-24.274362],[-48.773922,-24.268572],[-48.772946,-24.267477],[-48.771165,-24.26241],[-48.770532,-24.261207],[-48.768461,-24.258269],[-48.767833,-24.256849],[-48.765393,-24.244715],[-48.765371,-24.243027],[-48.765119,-24.24221],[-48.764212,-24.241173],[-48.762024,-24.240058],[-48.761573,-24.23954],[-48.761361,-24.238979],[-48.761407,-24.237864],[-48.761841,-24.237231],[-48.763451,-24.235939],[-48.764534,-24.235587],[-48.76535,-24.235078],[-48.766704,-24.233256],[-48.767232,-24.233026],[-48.768901,-24.232843],[-48.76963,-24.232447],[-48.770191,-24.231789],[-48.770585,-24.23062],[-48.77152,-24.229211],[-48.771629,-24.228396],[-48.771454,-24.228044],[-48.769729,-24.22796],[-48.768137,-24.226655],[-48.767719,-24.225438],[-48.767755,-24.225079],[-48.768235,-24.224367],[-48.768377,-24.223576],[-48.769506,-24.223036],[-48.770304,-24.222095],[-48.770249,-24.221603],[-48.769622,-24.220148],[-48.769008,-24.219639],[-48.767479,-24.21915],[-48.766729,-24.219362],[-48.76587,-24.220023],[-48.765403,-24.219505],[-48.765134,-24.219746]]}},{"type":"Feature","properties":{"id_backbone":"BB-C79AEF480CDA","trecho":"ALAM.AI-CLT.JA","cluster":"SOROCABA","cabo":"F-0074","capacidade":"24","extensao_km":27.827,"confianca":"ALTA","fonte":"OSRM/OpenStreetMap","ponta_a":"ALAM.AI","municipio_a":"ALAMBARI","ponta_b":"CLT.JA","municipio_b":"CAPELA DO ALTO"},"geometry":{"type":"LineString","coordinates":[[-47.898889,-23.550068],[-47.895569,-23.549584],[-47.894301,-23.549935],[-47.888731,-23.55484],[-47.887241,-23.557603],[-47.886951,-23.557865],[-47.884452,-23.558252],[-47.883293,-23.558284],[-47.882801,-23.557983],[-47.881002,-23.555664],[-47.880719,-23.555575],[-47.880376,-23.555704],[-47.87841,-23.56217],[-47.877518,-23.565876],[-47.87766,-23.566409],[-47.877309,-23.566789],[-47.877247,-23.567108],[-47.877413,-23.567559],[-47.877186,-23.567743],[-47.876595,-23.56717],[-47.872962,-23.566274],[-47.840811,-23.56038],[-47.82956,-23.556193],[-47.827854,-23.55573],[-47.82649,-23.555694],[-47.824822,-23.556032],[-47.817592,-23.559204],[-47.816188,-23.559392],[-47.812152,-23.559277],[-47.810408,-23.558852],[-47.807842,-23.557567],[-47.806596,-23.557187],[-47.779601,-23.553056],[-47.77783,-23.552908],[-47.764668,-23.550772],[-47.762875,-23.550231],[-47.759991,-23.54865],[-47.759234,-23.548801],[-47.759095,-23.548623],[-47.759173,-23.548417],[-47.759582,-23.548292],[-47.760527,-23.547449],[-47.761099,-23.547372],[-47.761782,-23.546938],[-47.765274,-23.544146],[-47.766512,-23.543376],[-47.767484,-23.542442],[-47.767647,-23.541958],[-47.766959,-23.539789],[-47.765725,-23.537126],[-47.764564,-23.534062],[-47.763634,-23.53343],[-47.763359,-23.533034],[-47.762125,-23.531176],[-47.761629,-23.529787],[-47.761237,-23.527608],[-47.761692,-23.524846],[-47.760092,-23.522094],[-47.758893,-23.520678],[-47.758711,-23.520264],[-47.759087,-23.517675],[-47.758542,-23.516194],[-47.758665,-23.514131],[-47.758451,-23.513222],[-47.757247,-23.511873],[-47.753899,-23.508867],[-47.752829,-23.506478],[-47.751692,-23.505544],[-47.748763,-23.50564],[-47.74655,-23.504955],[-47.744828,-23.503882],[-47.743354,-23.502515],[-47.742876,-23.50252],[-47.742883,-23.501627],[-47.741236,-23.489505],[-47.741514,-23.478895],[-47.74134,-23.477346],[-47.740248,-23.474683],[-47.739437,-23.473692],[-47.738368,-23.472935],[-47.737636,-23.473948],[-47.734836,-23.471906],[-47.732649,-23.469262],[-47.734243,-23.468338],[-47.735257,-23.469613]]}},{"type":"Feature","properties":{"id_backbone":"BB-B490D63F6225","trecho":"ALV.MO-BRU.AC","cluster":"BAURU","cabo":"F-0112-00","capacidade":"6","extensao_km":45.672,"confianca":"ALTA","fonte":"OSRM/OpenStreetMap","ponta_a":"ALV.MO","municipio_a":"AREALVA","ponta_b":"BRU.AC","municipio_b":"BAURU"},"geometry":{"type":"LineString","coordinates":[[-48.909506,-22.03345],[-48.909282,-22.033722],[-48.910177,-22.034362],[-48.910199,-22.034545],[-48.910818,-22.034568],[-48.911046,-22.032659],[-48.913138,-22.030229],[-48.916628,-22.032534],[-48.926345,-22.039672],[-48.927163,-22.039999],[-48.927732,-22.040677],[-48.930297,-22.042462],[-48.933543,-22.04408],[-48.936928,-22.045073],[-49.005252,-22.056867],[-49.018709,-22.057011],[-49.020908,-22.057011],[-49.021534,-22.056815],[-49.021946,-22.056993],[-49.022691,-22.056893],[-49.022933,-22.061051],[-49.022916,-22.063684],[-49.029281,-22.119366],[-49.029634,-22.120903],[-49.029921,-22.123381],[-49.029917,-22.125027],[-49.037625,-22.194309],[-49.038151,-22.197478],[-49.038947,-22.199753],[-49.039003,-22.202535],[-49.040221,-22.205147],[-49.052587,-22.223334],[-49.053847,-22.225867],[-49.054339,-22.227851],[-49.054451,-22.229257],[-49.053476,-22.243528],[-49.053495,-22.245389],[-49.053849,-22.247562],[-49.054831,-22.250513],[-49.057738,-22.257833],[-49.071065,-22.290705],[-49.071317,-22.29155],[-49.071378,-22.293182],[-49.071828,-22.294321],[-49.071405,-22.295412],[-49.071103,-22.295799],[-49.069644,-22.296604],[-49.062339,-22.302955],[-49.059799,-22.305986],[-49.056773,-22.310311],[-49.056248,-22.31144],[-49.055621,-22.313485],[-49.055209,-22.315633],[-49.052427,-22.325303],[-49.057337,-22.326163],[-49.067155,-22.328559],[-49.067312,-22.328003]]}},{"type":"Feature","properties":{"id_backbone":"BB-CF9B8DB4E7FD","trecho":"AMIO.AU-MNQ.MQ","cluster":"OSASCO","cabo":"F-0418","capacidade":"6","extensao_km":9.539,"confianca":"BAIXA","fonte":"OSRM/OpenStreetMap","ponta_a":"AMIO.AU","municipio_a":"ALUMINIO","ponta_b":"MNQ.MQ","municipio_b":"MAIRINQUE"},"geometry":{"type":"LineString","coordinates":[[-47.25673,-23.534111],[-47.256093,-23.533309],[-47.253596,-23.532639],[-47.253081,-23.532636],[-47.249405,-23.531278],[-47.248199,-23.530644],[-47.246737,-23.531135],[-47.245899,-23.53123],[-47.239752,-23.530424],[-47.229293,-23.530366],[-47.228259,-23.530588],[-47.227672,-23.530905],[-47.225188,-23.532997],[-47.224237,-23.533412],[-47.223534,-23.53339],[-47.221621,-23.532824],[-47.221014,-23.53289],[-47.218809,-23.533755],[-47.218154,-23.533833],[-47.21119,-23.532652],[-47.208306,-23.531506],[-47.205896,-23.531136],[-47.202719,-23.530947],[-47.200386,-23.530146],[-47.199452,-23.530034],[-47.195681,-23.531866],[-47.193356,-23.531972],[-47.191403,-23.532668],[-47.190456,-23.533495],[-47.189902,-23.535124],[-47.189416,-23.535741],[-47.187354,-23.536743],[-47.185616,-23.538044],[-47.184366,-23.539969],[-47.184301,-23.541862],[-47.183828,-23.543899],[-47.183966,-23.544863],[-47.185443,-23.54518],[-47.185679,-23.545365],[-47.185792,-23.547709],[-47.182493,-23.547817]]}},{"type":"Feature","properties":{"id_backbone":"BB-B5DC8CC2C7A2","trecho":"AMO.NL-PSG.AO","cluster":"SAO JOSE DO RIO PRETO","cabo":"F-0012","capacidade":"6","extensao_km":13.986,"confianca":"MEDIA","fonte":"OSRM/OpenStreetMap","ponta_a":"AMO.NL","municipio_a":"AMERICO DE CAMPOS","ponta_b":"PSG.AO","municipio_b":"PONTES GESTAL"},"geometry":{"type":"LineString","coordinates":[[-49.729018,-20.296664],[-49.72967,-20.296708],[-49.729901,-20.294786],[-49.730044,-20.291184],[-49.730891,-20.281931],[-49.731458,-20.274186],[-49.731389,-20.273622],[-49.730054,-20.270576],[-49.726337,-20.263182],[-49.721167,-20.258911],[-49.720329,-20.257958],[-49.71991,-20.256759],[-49.719996,-20.255894],[-49.723943,-20.244781],[-49.723605,-20.244075],[-49.72179,-20.24298],[-49.721499,-20.242174],[-49.723782,-20.232555],[-49.723685,-20.230426],[-49.724058,-20.227832],[-49.724081,-20.225505],[-49.723138,-20.223726],[-49.720938,-20.214309],[-49.720238,-20.211995],[-49.717557,-20.20919],[-49.716554,-20.206865],[-49.713223,-20.201987],[-49.712051,-20.199474],[-49.708644,-20.194873],[-49.706859,-20.191538],[-49.705863,-20.186938],[-49.702167,-20.182628],[-49.701914,-20.182827]]}},{"type":"Feature","properties":{"id_backbone":"BB-9310D0B233C4","trecho":"AMR.PN-AMR.PZ","cluster":"CAMPINAS","cabo":"F-0310","capacidade":"12","extensao_km":9.135,"confianca":"MEDIA","fonte":"OSRM/OpenStreetMap","ponta_a":"AMR.PN","municipio_a":"AMERICANA","ponta_b":"AMR.PZ","municipio_b":"AMERICANA"},"geometry":{"type":"LineString","coordinates":[[-47.276275,-22.709617],[-47.275908,-22.709147],[-47.276515,-22.708714],[-47.276905,-22.709703],[-47.277052,-22.711954],[-47.278768,-22.714503],[-47.279971,-22.715389],[-47.281095,-22.717449],[-47.282885,-22.724844],[-47.283121,-22.726513],[-47.28568,-22.731825],[-47.283882,-22.73229],[-47.2827,-22.73298],[-47.275896,-22.738539],[-47.272521,-22.740216],[-47.270755,-22.741356],[-47.269047,-22.742749],[-47.262019,-22.749484],[-47.26108,-22.750139],[-47.259017,-22.752128],[-47.2588,-22.752155],[-47.257241,-22.751211],[-47.255398,-22.753105],[-47.243948,-22.74544],[-47.242757,-22.744147],[-47.241618,-22.740853],[-47.240921,-22.741335]]}},{"type":"Feature","properties":{"id_backbone":"BB-C1B72B1FCA31","trecho":"AMR.RD-STB.JM","cluster":"CAMPINAS","cabo":"F-1495","capacidade":"24","extensao_km":2.724,"confianca":"ALTA","fonte":"OSRM/OpenStreetMap","ponta_a":"AMR.RD","municipio_a":"AMERICANA","ponta_b":"STB.JM","municipio_b":"SANTA BARBARA D'OESTE"},"geometry":{"type":"LineString","coordinates":[[-47.354713,-22.744388],[-47.356554,-22.744717],[-47.357081,-22.745037],[-47.36706,-22.747235],[-47.367754,-22.747174],[-47.369521,-22.747566],[-47.371011,-22.741801],[-47.372564,-22.742138],[-47.372893,-22.740826],[-47.374297,-22.74144],[-47.374232,-22.741637]]}},{"type":"Feature","properties":{"id_backbone":"BB-83FD121DDD3C","trecho":"AMR.XN-SUM.AR","cluster":"CAMPINAS","cabo":"F-0114","capacidade":"18","extensao_km":11.35,"confianca":"BAIXA","fonte":"OSRM/OpenStreetMap","ponta_a":"AMR.XN","municipio_a":"AMERICANA","ponta_b":"SUM.AR","municipio_b":"SUMARE"},"geometry":{"type":"LineString","coordinates":[[-47.328176,-22.740592],[-47.325382,-22.749448],[-47.323003,-22.753486],[-47.320875,-22.758441],[-47.320262,-22.762311],[-47.319726,-22.763374],[-47.318936,-22.764225],[-47.319432,-22.764748],[-47.319417,-22.764987],[-47.312737,-22.771865],[-47.299258,-22.787192],[-47.275405,-22.818079],[-47.272028,-22.815863],[-47.269093,-22.819663],[-47.269625,-22.82]]}},{"type":"Feature","properties":{"id_backbone":"BB-7365E13BA1F6","trecho":"AMR.XN-RCO.AD","cluster":"CAMPINAS","cabo":"F-0115","capacidade":"48","extensao_km":56.412,"confianca":"ALTA","fonte":"OSRM/OpenStreetMap","ponta_a":"AMR.XN","municipio_a":"AMERICANA","ponta_b":"RCO.AD","municipio_b":"RIO CLARO"},"geometry":{"type":"LineString","coordinates":[[-47.328176,-22.740592],[-47.327954,-22.741172],[-47.325714,-22.740485],[-47.325507,-22.74025],[-47.325659,-22.739617],[-47.325113,-22.739518],[-47.325226,-22.737853],[-47.325795,-22.737522],[-47.325529,-22.73633],[-47.325843,-22.735386],[-47.326951,-22.734583],[-47.3291,-22.734286],[-47.329408,-22.73401],[-47.329657,-22.733411],[-47.329585,-22.73255],[-47.327495,-22.726999],[-47.327942,-22.725055],[-47.32793,-22.724449],[-47.327637,-22.72387],[-47.326186,-22.722726],[-47.325627,-22.722569],[-47.325444,-22.722349],[-47.326198,-22.719838],[-47.325853,-22.717684],[-47.324836,-22.715529],[-47.324292,-22.715312],[-47.322846,-22.713827],[-47.320487,-22.708261],[-47.320107,-22.706841],[-47.320389,-22.704164],[-47.320165,-22.703092],[-47.319342,-22.702319],[-47.318428,-22.702031],[-47.306683,-22.701737],[-47.306239,-22.701659],[-47.30609,-22.701287],[-47.305568,-22.700938],[-47.305245,-22.700926],[-47.305292,-22.700766],[-47.305735,-22.700618],[-47.306618,-22.699616],[-47.307657,-22.698869],[-47.309195,-22.696991],[-47.310325,-22.695102],[-47.310835,-22.693455],[-47.311003,-22.691606],[-47.310569,-22.684164],[-47.310833,-22.676353],[-47.31122,-22.674463],[-47.311674,-22.673347],[-47.312507,-22.671953],[-47.319135,-22.66225],[-47.323272,-22.654366],[-47.325743,-22.648442],[-47.32815,-22.641026],[-47.329381,-22.638945],[-47.335082,-22.632259],[-47.336237,-22.630555],[-47.342954,-22.623388],[-47.344968,-22.621741],[-47.353369,-22.612843],[-47.355071,-22.611535],[-47.359503,-22.609108],[-47.360671,-22.607994],[-47.36136,-22.60688],[-47.366808,-22.592713],[-47.367465,-22.590056],[-47.36743,-22.587275],[-47.36568,-22.565165],[-47.365773,-22.56303],[-47.366435,-22.560136],[-47.367263,-22.558199],[-47.368764,-22.555761],[-47.38972,-22.525433],[-47.392288,-22.521475],[-47.393422,-22.519027],[-47.394409,-22.516025],[-47.39879,-22.505914],[-47.399213,-22.504564],[-47.399398,-22.503158],[-47.399263,-22.500732],[-47.398955,-22.500348],[-47.398467,-22.500207],[-47.397838,-22.500379],[-47.397423,-22.500763],[-47.397245,-22.501568],[-47.397766,-22.502323],[-47.398608,-22.502525],[-47.399795,-22.502233],[-47.500123,-22.472411],[-47.523712,-22.462597],[-47.525786,-22.462069],[-47.527867,-22.46176],[-47.534551,-22.461665],[-47.536172,-22.461434],[-47.539007,-22.460627],[-47.542639,-22.459345],[-47.546334,-22.457736],[-47.549304,-22.456191],[-47.55331,-22.45371],[-47.556803,-22.451089],[-47.561105,-22.447157],[-47.564797,-22.442926],[-47.567133,-22.439686],[-47.568673,-22.437212],[-47.577208,-22.420374],[-47.576757,-22.41925],[-47.574961,-22.417672],[-47.574635,-22.417122],[-47.571475,-22.414651],[-47.569989,-22.413738],[-47.567661,-22.411351],[-47.56669,-22.410767],[-47.565003,-22.408753],[-47.564623,-22.407519],[-47.562086,-22.406756],[-47.561455,-22.408459],[-47.56092,-22.408285]]}},{"type":"Feature","properties":{"id_backbone":"BB-B0FBF5AA8C20","trecho":"AMR.XN-ARQ.FI","cluster":"CAMPINAS","cabo":"F-0215","capacidade":"36","extensao_km":156.719,"confianca":"REJEITADA","fonte":"OSRM/OpenStreetMap","ponta_a":"AMR.XN","municipio_a":"AMERICANA","ponta_b":"ARQ.FI","municipio_b":"ARARAQUARA"},"geometry":{"type":"LineString","coordinates":[[-47.328176,-22.740592],[-47.327954,-22.741172],[-47.325714,-22.740485],[-47.325507,-22.74025],[-47.325659,-22.739617],[-47.325113,-22.739518],[-47.325226,-22.737853],[-47.325795,-22.737522],[-47.325529,-22.73633],[-47.325843,-22.735386],[-47.326951,-22.734583],[-47.3291,-22.734286],[-47.329408,-22.73401],[-47.329657,-22.733411],[-47.329585,-22.73255],[-47.327495,-22.726999],[-47.327942,-22.725055],[-47.32793,-22.724449],[-47.327637,-22.72387],[-47.326186,-22.722726],[-47.325627,-22.722569],[-47.325444,-22.722349],[-47.326198,-22.719838],[-47.325853,-22.717684],[-47.324836,-22.715529],[-47.324292,-22.715312],[-47.322846,-22.713827],[-47.320487,-22.708261],[-47.320107,-22.706841],[-47.320389,-22.704164],[-47.320165,-22.703092],[-47.319342,-22.702319],[-47.318428,-22.702031],[-47.306683,-22.701737],[-47.306239,-22.701659],[-47.30609,-22.701287],[-47.305568,-22.700938],[-47.305245,-22.700926],[-47.305292,-22.700766],[-47.305735,-22.700618],[-47.306618,-22.699616],[-47.307657,-22.698869],[-47.309195,-22.696991],[-47.310325,-22.695102],[-47.310835,-22.693455],[-47.311003,-22.691606],[-47.310569,-22.684164],[-47.310833,-22.676353],[-47.31122,-22.674463],[-47.311674,-22.673347],[-47.312507,-22.671953],[-47.319135,-22.66225],[-47.323272,-22.654366],[-47.325743,-22.648442],[-47.32815,-22.641026],[-47.329381,-22.638945],[-47.335082,-22.632259],[-47.336237,-22.630555],[-47.342954,-22.623388],[-47.344968,-22.621741],[-47.353369,-22.612843],[-47.355071,-22.611535],[-47.359503,-22.609108],[-47.360671,-22.607994],[-47.36136,-22.60688],[-47.366808,-22.592713],[-47.367465,-22.590056],[-47.36743,-22.587275],[-47.36568,-22.565165],[-47.365773,-22.56303],[-47.366435,-22.560136],[-47.367263,-22.558199],[-47.368764,-22.555761],[-47.38972,-22.525433],[-47.392288,-22.521475],[-47.393422,-22.519027],[-47.394409,-22.516025],[-47.39879,-22.505914],[-47.399213,-22.504564],[-47.399398,-22.503158],[-47.399263,-22.500732],[-47.398955,-22.500348],[-47.398467,-22.500207],[-47.398043,-22.500281],[-47.397548,-22.500606],[-47.397241,-22.501223],[-47.397436,-22.502018],[-47.398087,-22.502474],[-47.398885,-22.502486],[-47.499271,-22.472671],[-47.501656,-22.471844],[-47.520809,-22.46371],[-47.524122,-22.462475],[-47.526198,-22.461987],[-47.528393,-22.461717],[-47.534952,-22.461635],[-47.539007,-22.460627],[-47.544166,-22.458713],[-47.549304,-22.456191],[-47.55417,-22.453098],[-47.556712,-22.451165],[-47.558955,-22.449212],[-47.561105,-22.447157],[-47.563659,-22.444337],[-47.567641,-22.4389],[-47.569299,-22.436074],[-47.578343,-22.418313],[-47.580006,-22.415619],[-47.581453,-22.413729],[-47.597316,-22.395357],[-47.601856,-22.390867],[-47.618519,-22.375548],[-47.62049,-22.373528],[-47.633296,-22.361974],[-47.635144,-22.360749],[-47.644113,-22.355639],[-47.645267,-22.354714],[-47.64627,-22.353672],[-47.650203,-22.348505],[-47.651001,-22.347093],[-47.651462,-22.345308],[-47.651484,-22.344102],[-47.650939,-22.33906],[-47.651122,-22.337338],[-47.651865,-22.335272],[-47.656439,-22.327063],[-47.656638,-22.325571],[-47.656242,-22.323259],[-47.656467,-22.322121],[-47.658387,-22.319127],[-47.66222,-22.313869],[-47.66288,-22.313412],[-47.665472,-22.312456],[-47.666376,-22.311776],[-47.667049,-22.310996],[-47.667538,-22.309957],[-47.669409,-22.303736],[-47.670048,-22.302266],[-47.675702,-22.293637],[-47.676463,-22.289574],[-47.677126,-22.288195],[-47.683026,-22.280001],[-47.684101,-22.278944],[-47.685486,-22.278346],[-47.688189,-22.277804],[-47.688805,-22.277862],[-47.690695,-22.278528],[-47.692063,-22.278567],[-47.692892,-22.278329],[-47.694362,-22.277562],[-47.695621,-22.277255],[-47.696177,-22.276872],[-47.696981,-22.275474],[-47.697645,-22.274784],[-47.699745,-22.273965],[-47.700348,-22.273532],[-47.703614,-22.269854],[-47.703871,-22.2692],[-47.703944,-22.268363],[-47.702955,-22.256154],[-47.702898,-22.253789],[-47.703208,-22.251952],[-47.703688,-22.250458],[-47.704534,-22.24889],[-47.705521,-22.247576],[-47.707308,-22.245914],[-47.709246,-22.244738],[-47.761696,-22.22117],[-47.76348,-22.220002],[-47.76514,-22.218185],[-47.76594,-22.216787],[-47.767872,-22.212532],[-47.771054,-22.204947],[-47.798724,-22.143496],[-47.805058,-22.133595],[-47.807915,-22.12883],[-47.809539,-22.126572],[-47.836214,-22.084607],[-47.839235,-22.080266],[-47.861405,-22.045347],[-47.861915,-22.043756],[-47.861974,-22.042006],[-47.859664,-22.03004],[-47.857192,-22.016073],[-47.857293,-22.014364],[-47.857753,-22.012603],[-47.858496,-22.011113],[-47.859442,-22.00984],[-47.86084,-22.008537],[-47.879807,-21.993417],[-47.882164,-21.992137],[-47.902621,-21.98559],[-47.973562,-21.963368],[-47.97546,-21.962598],[-47.977398,-21.961539],[-48.086401,-21.882825],[-48.088277,-21.881273],[-48.090758,-21.87821],[-48.091632,-21.877442],[-48.09336,-21.876594],[-48.097739,-21.875721],[-48.099804,-21.874713],[-48.139993,-21.845773],[-48.14461,-21.842683],[-48.173906,-21.821582],[-48.177119,-21.818933],[-48.178232,-21.816808],[-48.177809,-21.813074],[-48.177525,-21.812303],[-48.177553,-21.811659],[-48.176234,-21.805319],[-48.176263,-21.804407],[-48.176568,-21.804486],[-48.177137,-21.802701],[-48.173443,-21.801543],[-48.173084,-21.801654],[-48.173083,-21.799345],[-48.172891,-21.797583],[-48.1727,-21.797083],[-48.172506,-21.793403],[-48.172315,-21.792656],[-48.172206,-21.784655],[-48.170795,-21.781091],[-48.169184,-21.778545],[-48.172372,-21.775861],[-48.174602,-21.777948],[-48.174391,-21.777909]]}},{"type":"Feature","properties":{"id_backbone":"BB-16CFFFDEDA95","trecho":"AMX.CE-PTG.PT","cluster":"RIBEIRAO PRETO","cabo":"F-0255","capacidade":"72","extensao_km":147.366,"confianca":"SEM_REFERENCIA","fonte":"OSRM/OpenStreetMap","ponta_a":"AMX.CE","municipio_a":"ARAMINA","ponta_b":"PTG.PT","municipio_b":"PITANGUEIRAS"},"geometry":{"type":"LineString","coordinates":[[-47.78836,-20.088286],[-47.788635,-20.0882],[-47.788685,-20.088762],[-47.789574,-20.088529],[-47.790218,-20.10194],[-47.791788,-20.116789],[-47.789143,-20.156025],[-47.785617,-20.192453],[-47.785594,-20.195827],[-47.785813,-20.198021],[-47.791263,-20.232366],[-47.791867,-20.234249],[-47.792939,-20.236509],[-47.796354,-20.241439],[-47.7975,-20.243539],[-47.798396,-20.246084],[-47.799561,-20.25126],[-47.800082,-20.25654],[-47.80011,-20.260976],[-47.79792,-20.274026],[-47.79747,-20.279391],[-47.797532,-20.284478],[-47.798122,-20.290447],[-47.805006,-20.332202],[-47.805902,-20.335882],[-47.806743,-20.338102],[-47.807877,-20.340406],[-47.81503,-20.353139],[-47.815782,-20.35485],[-47.816223,-20.356429],[-47.816356,-20.358928],[-47.813782,-20.378647],[-47.81369,-20.380465],[-47.814902,-20.385132],[-47.816593,-20.389421],[-47.833852,-20.430129],[-47.834932,-20.433239],[-47.835364,-20.435317],[-47.835605,-20.437727],[-47.835623,-20.450254],[-47.835946,-20.45401],[-47.843934,-20.488786],[-47.844134,-20.49208],[-47.843862,-20.494335],[-47.843396,-20.496147],[-47.842674,-20.498051],[-47.836527,-20.510464],[-47.836135,-20.512177],[-47.836258,-20.514112],[-47.836653,-20.515437],[-47.838988,-20.52102],[-47.840079,-20.523216],[-47.841373,-20.525296],[-47.857994,-20.547386],[-47.8599,-20.550079],[-47.861133,-20.552235],[-47.88168,-20.59258],[-47.882879,-20.59663],[-47.884279,-20.605542],[-47.88446,-20.608292],[-47.884332,-20.61143],[-47.880427,-20.648321],[-47.880357,-20.651602],[-47.880992,-20.657132],[-47.890135,-20.695173],[-47.891885,-20.701486],[-47.892396,-20.704922],[-47.894149,-20.734967],[-47.89067,-20.786522],[-47.8908,-20.791804],[-47.891406,-20.799091],[-47.8917,-20.80024],[-47.89446,-20.802872],[-47.896625,-20.807007],[-47.927657,-20.828282],[-47.946145,-20.846101],[-47.952936,-20.85223],[-47.956926,-20.857512],[-47.959516,-20.862518],[-47.962803,-20.868163],[-47.973202,-20.877871],[-47.985216,-20.892866],[-47.989687,-20.894492],[-47.990031,-20.894734],[-47.990076,-20.895301],[-47.988784,-20.898207],[-47.986765,-20.903814],[-47.98657,-20.904883],[-47.986632,-20.905772],[-47.988122,-20.91226],[-47.989173,-20.915285],[-47.996402,-20.924126],[-48.004501,-20.928286],[-48.005818,-20.929464],[-48.010941,-20.937242],[-48.014299,-20.946589],[-48.019434,-20.952558],[-48.019811,-20.953538],[-48.020678,-20.95853],[-48.021042,-20.959596],[-48.026133,-20.965254],[-48.028643,-20.968866],[-48.029337,-20.970114],[-48.030145,-20.97229],[-48.035422,-20.990454],[-48.03608,-20.991499],[-48.038667,-20.994475],[-48.040031,-20.995212],[-48.040415,-20.996258],[-48.04164,-20.997668],[-48.041907,-20.998388],[-48.042006,-20.999887],[-48.041837,-21.001667],[-48.038735,-21.00983],[-48.039131,-21.011788],[-48.03974,-21.013049],[-48.039715,-21.01338],[-48.039383,-21.013473],[-48.040067,-21.015195],[-48.037389,-21.016335],[-48.035945,-21.018193],[-48.035983,-21.027295],[-48.035687,-21.027295],[-48.035705,-21.028312],[-48.036392,-21.029869],[-48.038486,-21.030894],[-48.039917,-21.034124],[-48.041432,-21.045309],[-48.042175,-21.046696],[-48.041834,-21.048215],[-48.043398,-21.058836],[-48.047813,-21.070458],[-48.049724,-21.074989],[-48.050637,-21.079223],[-48.050757,-21.082652],[-48.050393,-21.085245],[-48.049615,-21.088394],[-48.04952,-21.089373],[-48.047684,-21.095524],[-48.043492,-21.111883],[-48.043489,-21.112592],[-48.044093,-21.113213],[-48.044838,-21.113293],[-48.046168,-21.1124],[-48.094539,-21.074333],[-48.17655,-21.009298],[-48.178348,-21.00807],[-48.180917,-21.00694],[-48.205851,-21.000085],[-48.207734,-20.999206],[-48.209433,-20.998948],[-48.211743,-20.99829],[-48.212583,-20.997986],[-48.212722,-20.997574],[-48.212935,-20.997439],[-48.213176,-20.997655],[-48.213128,-20.998262],[-48.213502,-20.998565],[-48.213459,-20.999832],[-48.214052,-21.002317],[-48.214084,-21.004086],[-48.217585,-21.004901],[-48.217011,-21.008931],[-48.218006,-21.009065]]}},{"type":"Feature","properties":{"id_backbone":"BB-83A8B1FBEBA5","trecho":"ANG.IA-ANG.RD","cluster":"SOROCABA","cabo":"F-0133","capacidade":"24","extensao_km":13.399,"confianca":"BAIXA","fonte":"OSRM/OpenStreetMap","ponta_a":"ANG.IA","municipio_a":"ANGATUBA","ponta_b":"ANG.RD","municipio_b":"ANGATUBA"},"geometry":{"type":"LineString","coordinates":[[-48.414378,-23.490574],[-48.413785,-23.48911],[-48.411055,-23.490086],[-48.409858,-23.489841],[-48.409059,-23.490111],[-48.408192,-23.495198],[-48.408187,-23.496],[-48.407992,-23.496367],[-48.40755,-23.499017],[-48.407311,-23.503741],[-48.405947,-23.507034],[-48.405577,-23.507486],[-48.404046,-23.508225],[-48.401782,-23.511376],[-48.400637,-23.513267],[-48.398652,-23.517621],[-48.397815,-23.518117],[-48.396115,-23.51814],[-48.395623,-23.518686],[-48.396139,-23.521947],[-48.397066,-23.523154],[-48.397088,-23.524659],[-48.3969,-23.525274],[-48.396251,-23.526262],[-48.395607,-23.528028],[-48.394784,-23.528866],[-48.395012,-23.528903],[-48.396835,-23.528048],[-48.398415,-23.52779],[-48.401722,-23.527983],[-48.402498,-23.527757],[-48.403549,-23.527941],[-48.404264,-23.527781],[-48.404284,-23.528759],[-48.4024,-23.528436],[-48.401371,-23.52806],[-48.39783,-23.527989],[-48.396597,-23.528316],[-48.393959,-23.529597],[-48.39154,-23.530045],[-48.390013,-23.530502],[-48.382945,-23.531604],[-48.378274,-23.531159],[-48.377096,-23.530847],[-48.370583,-23.529846],[-48.36886,-23.529768],[-48.367454,-23.529401],[-48.360057,-23.528387],[-48.357398,-23.528358],[-48.353767,-23.529083],[-48.353406,-23.529007],[-48.353834,-23.528784],[-48.35598,-23.52845],[-48.355992,-23.528224],[-48.359665,-23.528051],[-48.359698,-23.527342],[-48.361816,-23.525766],[-48.362503,-23.525353],[-48.364495,-23.52473]]}},{"type":"Feature","properties":{"id_backbone":"BB-008282CD0162","trecho":"ARC.XN-LIS.SS","cluster":"ARACATUBA","cabo":"F-0206","capacidade":"36","extensao_km":92.531,"confianca":"MEDIA","fonte":"OSRM/OpenStreetMap","ponta_a":"ARC.XN","municipio_a":"ARACATUBA","ponta_b":"LIS.SS","municipio_b":"LINS"},"geometry":{"type":"LineString","coordinates":[[-50.438388,-21.205899],[-50.438415,-21.205672],[-50.436856,-21.20384],[-50.436671,-21.203872],[-50.436154,-21.211637],[-50.436756,-21.211672],[-50.436595,-21.215116],[-50.438044,-21.215248],[-50.437461,-21.221649],[-50.437604,-21.221927],[-50.437411,-21.222104],[-50.437166,-21.224766],[-50.437203,-21.226574],[-50.437924,-21.228993],[-50.440158,-21.233526],[-50.440753,-21.234632],[-50.44099,-21.234775],[-50.440983,-21.235273],[-50.441522,-21.236441],[-50.441322,-21.237008],[-50.440881,-21.237246],[-50.439729,-21.237253],[-50.438907,-21.237804],[-50.315769,-21.347864],[-50.30755,-21.355175],[-50.306136,-21.356205],[-50.168451,-21.430068],[-50.165232,-21.43199],[-50.099848,-21.467154],[-50.084413,-21.475367],[-50.07984,-21.4776],[-50.010325,-21.514903],[-50.001786,-21.519707],[-49.993149,-21.525176],[-49.906602,-21.5851],[-49.778338,-21.673604],[-49.770661,-21.679471],[-49.769999,-21.680202],[-49.769851,-21.680901],[-49.769242,-21.682096],[-49.768888,-21.68205],[-49.768717,-21.681488],[-49.768131,-21.680935],[-49.767575,-21.680768],[-49.767362,-21.680144],[-49.765086,-21.677783],[-49.764066,-21.67704],[-49.759354,-21.675425],[-49.752597,-21.671768],[-49.750547,-21.67333],[-49.750364,-21.673129]]}},{"type":"Feature","properties":{"id_backbone":"BB-5B9CE16375F1","trecho":"ARC.XN-VAP.FF","cluster":"ARACATUBA","cabo":"F-0208","capacidade":"12","extensao_km":47.867,"confianca":"SEM_REFERENCIA","fonte":"OSRM/OpenStreetMap","ponta_a":"ARC.XN","municipio_a":"ARACATUBA","ponta_b":"VAP.FF","municipio_b":"VALPARAISO"},"geometry":{"type":"LineString","coordinates":[[-50.438388,-21.205899],[-50.438415,-21.205672],[-50.439426,-21.205775],[-50.44075,-21.204567],[-50.443581,-21.206463],[-50.444719,-21.20676],[-50.445509,-21.206729],[-50.445763,-21.207167],[-50.446056,-21.207294],[-50.467289,-21.211952],[-50.469786,-21.209709],[-50.471038,-21.208875],[-50.474161,-21.207443],[-50.477051,-21.206752],[-50.478277,-21.206671],[-50.479648,-21.206819],[-50.56601,-21.199634],[-50.5681,-21.199569],[-50.66392,-21.208812],[-50.687074,-21.214401],[-50.689009,-21.214755],[-50.690969,-21.214887],[-50.693255,-21.214769],[-50.760629,-21.206791],[-50.806151,-21.204303],[-50.807777,-21.204463],[-50.810244,-21.205031],[-50.842323,-21.21623],[-50.844571,-21.216813],[-50.846116,-21.217028],[-50.849717,-21.217102],[-50.853473,-21.216437],[-50.867253,-21.211782],[-50.868098,-21.211331],[-50.868122,-21.211002],[-50.867775,-21.210689],[-50.867173,-21.210704],[-50.866829,-21.211112],[-50.866142,-21.217238],[-50.866291,-21.21812],[-50.868276,-21.218362],[-50.867723,-21.22316],[-50.865849,-21.222996],[-50.864321,-21.224115],[-50.864702,-21.224628],[-50.864998,-21.224556]]}},{"type":"Feature","properties":{"id_backbone":"BB-5C4FADF32BB8","trecho":"ARCC.AU-BRI.DP","cluster":"SOROCABA","cabo":"F-0070","capacidade":"6","extensao_km":19.049,"confianca":"REJEITADA","fonte":"OSRM/OpenStreetMap","ponta_a":"ARCC.AU","municipio_a":"BURI","ponta_b":"BRI.DP","municipio_b":"BURI"},"geometry":{"type":"LineString","coordinates":[[-48.474625,-23.709639],[-48.474126,-23.710892],[-48.474137,-23.711201],[-48.474416,-23.711545],[-48.476396,-23.712853],[-48.47735,-23.712668],[-48.478375,-23.711761],[-48.47981,-23.712421],[-48.479662,-23.712766],[-48.479979,-23.713156],[-48.480022,-23.713475],[-48.479662,-23.714143],[-48.479496,-23.715315],[-48.479979,-23.715674],[-48.481164,-23.716032],[-48.481334,-23.716351],[-48.481379,-23.7174],[-48.480062,-23.721989],[-48.481622,-23.724507],[-48.482262,-23.724849],[-48.484472,-23.725095],[-48.485287,-23.725397],[-48.487259,-23.726907],[-48.488507,-23.728798],[-48.491035,-23.73007],[-48.492698,-23.731357],[-48.495745,-23.732859],[-48.500414,-23.733765],[-48.502284,-23.734642],[-48.505646,-23.735607],[-48.510585,-23.74037],[-48.511167,-23.741586],[-48.511415,-23.744532],[-48.511216,-23.745425],[-48.510558,-23.747375],[-48.507342,-23.752257],[-48.50698,-23.753209],[-48.507167,-23.753789],[-48.509646,-23.757201],[-48.511899,-23.761069],[-48.512731,-23.761984],[-48.523548,-23.768212],[-48.531248,-23.770911],[-48.534336,-23.771569],[-48.539564,-23.773355],[-48.547192,-23.774432],[-48.552373,-23.77536],[-48.562298,-23.781796],[-48.570711,-23.78764],[-48.572494,-23.789444],[-48.577367,-23.794988],[-48.578049,-23.795569],[-48.584441,-23.799739],[-48.586057,-23.799872],[-48.587469,-23.799372],[-48.587952,-23.798977],[-48.588568,-23.79903],[-48.589619,-23.798788],[-48.597829,-23.798546],[-48.597828,-23.798674],[-48.599238,-23.798957],[-48.599246,-23.798382],[-48.5982,-23.7984]]}},{"type":"Feature","properties":{"id_backbone":"BB-599A01AC9001","trecho":"AREM.AG-SRE.SR","cluster":"OSASCO","cabo":"F-0397","capacidade":"24","extensao_km":17.517,"confianca":"ALTA","fonte":"OSRM/OpenStreetMap","ponta_a":"AREM.AG","municipio_a":"ARACARIGUAMA","ponta_b":"SRE.SR","municipio_b":"SAO ROQUE"},"geometry":{"type":"LineString","coordinates":[[-47.0624,-23.437498],[-47.06223,-23.437496],[-47.062275,-23.43831],[-47.063153,-23.439357],[-47.063705,-23.437673],[-47.06461,-23.438049],[-47.066609,-23.438037],[-47.076059,-23.436315],[-47.078775,-23.436158],[-47.092819,-23.436152],[-47.096109,-23.436472],[-47.104002,-23.438631],[-47.10656,-23.439179],[-47.107434,-23.439289],[-47.108333,-23.439144],[-47.108548,-23.438743],[-47.108432,-23.438386],[-47.107782,-23.438072],[-47.107298,-23.438436],[-47.106981,-23.441027],[-47.107145,-23.441681],[-47.107628,-23.442464],[-47.115066,-23.449477],[-47.129161,-23.465064],[-47.13033,-23.4667],[-47.134232,-23.474015],[-47.134788,-23.475404],[-47.135107,-23.477483],[-47.134812,-23.482096],[-47.13498,-23.483391],[-47.136075,-23.485529],[-47.138463,-23.487607],[-47.140569,-23.489978],[-47.140752,-23.490454],[-47.141072,-23.49228],[-47.142961,-23.513061],[-47.142326,-23.514166],[-47.141512,-23.514832],[-47.14022,-23.516628],[-47.139972,-23.519271],[-47.135533,-23.523966],[-47.134185,-23.524201],[-47.133284,-23.524812],[-47.134312,-23.526825],[-47.13331,-23.527591],[-47.135187,-23.529727],[-47.134481,-23.530738],[-47.135044,-23.531086],[-47.135457,-23.530778],[-47.135655,-23.530936]]}},{"type":"Feature","properties":{"id_backbone":"BB-F6BA9E979B2D","trecho":"ARH.ON-PNM.SS","cluster":"SAO JOSE DO RIO PRETO","cabo":"F-0013","capacidade":"12","extensao_km":14.001,"confianca":"ALTA","fonte":"OSRM/OpenStreetMap","ponta_a":"ARH.ON","municipio_a":"ARIRANHA","ponta_b":"PNM.SS","municipio_b":"PINDORAMA"},"geometry":{"type":"LineString","coordinates":[[-48.787929,-21.189325],[-48.788194,-21.189295],[-48.788274,-21.190013],[-48.795162,-21.189266],[-48.797702,-21.191339],[-48.800008,-21.19481],[-48.804651,-21.198705],[-48.805459,-21.199198],[-48.812684,-21.199859],[-48.829629,-21.200757],[-48.833849,-21.201404],[-48.835591,-21.202127],[-48.845814,-21.207709],[-48.846457,-21.207816],[-48.847807,-21.207651],[-48.848784,-21.208045],[-48.84962,-21.208528],[-48.850864,-21.209906],[-48.853189,-21.210796],[-48.85401,-21.210508],[-48.855749,-21.208341],[-48.857064,-21.207376],[-48.859763,-21.206083],[-48.863324,-21.204951],[-48.866379,-21.203292],[-48.869587,-21.200961],[-48.871652,-21.200191],[-48.876542,-21.197673],[-48.878401,-21.197162],[-48.881562,-21.197039],[-48.885066,-21.195688],[-48.886963,-21.195264],[-48.891799,-21.194915],[-48.892164,-21.194565],[-48.892757,-21.1946],[-48.898371,-21.192046],[-48.904343,-21.188544],[-48.903969,-21.187985],[-48.904659,-21.187605],[-48.904089,-21.186879],[-48.904766,-21.186452]]}},{"type":"Feature","properties":{"id_backbone":"BB-61DC9BC5F28E","trecho":"ARO.LR-PDA.AP","cluster":"CAMPINAS","cabo":"F-0208","capacidade":"36","extensao_km":18.815,"confianca":"ALTA","fonte":"OSRM/OpenStreetMap","ponta_a":"ARO.LR","municipio_a":"AMPARO","ponta_b":"PDA.AP","municipio_b":"PEDREIRA"},"geometry":{"type":"LineString","coordinates":[[-46.762104,-22.70051],[-46.76221,-22.699776],[-46.761143,-22.699512],[-46.761047,-22.698832],[-46.768352,-22.700727],[-46.767806,-22.701228],[-46.770193,-22.704724],[-46.773153,-22.707788],[-46.772916,-22.707993],[-46.774268,-22.709092],[-46.776991,-22.710879],[-46.778182,-22.710957],[-46.779804,-22.711847],[-46.780469,-22.712051],[-46.780429,-22.712891],[-46.780897,-22.7143],[-46.781892,-22.716076],[-46.785818,-22.719307],[-46.787553,-22.720449],[-46.789176,-22.720863],[-46.792947,-22.720962],[-46.795988,-22.720311],[-46.796898,-22.720262],[-46.801645,-22.721941],[-46.803032,-22.721924],[-46.806497,-22.720216],[-46.808768,-22.717828],[-46.809373,-22.717418],[-46.812107,-22.716799],[-46.814576,-22.715843],[-46.81592,-22.713997],[-46.819582,-22.711196],[-46.820472,-22.711038],[-46.8226,-22.711349],[-46.826795,-22.711436],[-46.828388,-22.71093],[-46.830563,-22.711061],[-46.834223,-22.7096],[-46.83636,-22.709119],[-46.837014,-22.709197],[-46.837728,-22.709636],[-46.839545,-22.712081],[-46.839979,-22.713404],[-46.840179,-22.715907],[-46.842416,-22.719355],[-46.845807,-22.722237],[-46.850452,-22.723581],[-46.851423,-22.724037],[-46.851993,-22.724671],[-46.852476,-22.726311],[-46.853718,-22.728381],[-46.855733,-22.730229],[-46.857211,-22.731968],[-46.857659,-22.732137],[-46.858135,-22.732106],[-46.860793,-22.731283],[-46.861435,-22.731268],[-46.862126,-22.731639],[-46.863301,-22.733333],[-46.863803,-22.733732],[-46.865614,-22.734235],[-46.868397,-22.734447],[-46.872748,-22.735094],[-46.873327,-22.735047],[-46.876768,-22.733754],[-46.877727,-22.733576],[-46.880872,-22.734475],[-46.881995,-22.734538],[-46.882416,-22.734335],[-46.883219,-22.733368],[-46.885341,-22.732711],[-46.885537,-22.732866],[-46.885488,-22.733368],[-46.885752,-22.733897],[-46.886573,-22.735014],[-46.889326,-22.737368],[-46.889956,-22.737695],[-46.890983,-22.737825],[-46.89321,-22.737371],[-46.895008,-22.737523],[-46.899276,-22.74122],[-46.900347,-22.741566],[-46.899852,-22.742659],[-46.901133,-22.743431]]}},{"type":"Feature","properties":{"id_backbone":"BB-D9E8427FF10B","trecho":"ARO.LR-SPO.AC","cluster":"CAMPINAS","cabo":"F-0020","capacidade":"12","extensao_km":141.695,"confianca":"SEM_REFERENCIA","fonte":"OSRM/OpenStreetMap","ponta_a":"ARO.LR","municipio_a":"AMPARO","ponta_b":"SPO.AC","municipio_b":"SAO PAULO"},"geometry":{"type":"LineString","coordinates":[[-46.762104,-22.70051],[-46.76221,-22.699776],[-46.761143,-22.699512],[-46.761047,-22.698832],[-46.768352,-22.700727],[-46.767806,-22.701228],[-46.770193,-22.704724],[-46.773153,-22.707788],[-46.772916,-22.707993],[-46.773421,-22.708485],[-46.771432,-22.710885],[-46.771574,-22.713229],[-46.772073,-22.715],[-46.772309,-22.715244],[-46.772535,-22.71644],[-46.771527,-22.719752],[-46.77125,-22.720257],[-46.770559,-22.720758],[-46.770474,-22.721846],[-46.769971,-22.722253],[-46.769144,-22.723879],[-46.76802,-22.725297],[-46.767703,-22.726364],[-46.7679,-22.727813],[-46.767417,-22.728768],[-46.76691,-22.729164],[-46.766636,-22.729193],[-46.764922,-22.728821],[-46.764521,-22.729274],[-46.764561,-22.729644],[-46.765228,-22.730375],[-46.764673,-22.731016],[-46.76454,-22.731455],[-46.764857,-22.732868],[-46.764887,-22.733741],[-46.765438,-22.734613],[-46.7649,-22.736024],[-46.764453,-22.7365],[-46.762157,-22.736856],[-46.760658,-22.738436],[-46.760154,-22.738543],[-46.758796,-22.738406],[-46.757899,-22.739658],[-46.757946,-22.74021],[-46.758578,-22.741411],[-46.759537,-22.742406],[-46.761864,-22.74355],[-46.761997,-22.744735],[-46.762272,-22.744987],[-46.763251,-22.745366],[-46.763417,-22.745939],[-46.763089,-22.74743],[-46.762046,-22.749401],[-46.761151,-22.754491],[-46.760479,-22.755359],[-46.757912,-22.756664],[-46.757734,-22.757126],[-46.758047,-22.75801],[-46.757994,-22.758431],[-46.757741,-22.758668],[-46.756507,-22.759018],[-46.756365,-22.760021],[-46.755249,-22.760439],[-46.754675,-22.760905],[-46.754534,-22.761939],[-46.754959,-22.762905],[-46.756112,-22.762919],[-46.756892,-22.763567],[-46.757478,-22.765555],[-46.757761,-22.765928],[-46.758072,-22.766057],[-46.760406,-22.766056],[-46.762467,-22.766968],[-46.762952,-22.767429],[-46.764398,-22.773549],[-46.76388,-22.776266],[-46.764742,-22.77763],[-46.764667,-22.777885],[-46.764059,-22.778375],[-46.762759,-22.778619],[-46.762242,-22.778973],[-46.762132,-22.779409],[-46.762556,-22.780615],[-46.762199,-22.781257],[-46.761668,-22.781716],[-46.761247,-22.781789],[-46.760233,-22.781623],[-46.759356,-22.780887],[-46.758753,-22.780792],[-46.757329,-22.781117],[-46.75418,-22.782626],[-46.753668,-22.783097],[-46.753273,-22.783787],[-46.753327,-22.785368],[-46.752993,-22.785734],[-46.751975,-22.7863],[-46.751723,-22.786776],[-46.751841,-22.787428],[-46.752824,-22.788651],[-46.75408,-22.788778],[-46.754759,-22.78934],[-46.755778,-22.789346],[-46.756474,-22.789995],[-46.756944,-22.790005],[-46.75816,-22.788793],[-46.758642,-22.788788],[-46.759556,-22.78992],[-46.759718,-22.791139],[-46.760553,-22.791603],[-46.76077,-22.79194],[-46.760639,-22.792983],[-46.760948,-22.79377],[-46.760887,-22.79401],[-46.760342,-22.794535],[-46.760181,-22.795476],[-46.759936,-22.795974],[-46.759925,-22.798119],[-46.758662,-22.798946],[-46.758192,-22.799935],[-46.757914,-22.801393],[-46.755962,-22.802881],[-46.755132,-22.804237],[-46.755763,-22.810675],[-46.75516,-22.813545],[-46.755215,-22.814653],[-46.757234,-22.819139],[-46.757795,-22.819669],[-46.759266,-22.820493],[-46.760579,-22.821881],[-46.761897,-22.822502],[-46.76344,-22.826191],[-46.763786,-22.826371],[-46.765434,-22.826411],[-46.766441,-22.826624],[-46.767644,-22.827945],[-46.769046,-22.831364],[-46.769123,-22.832819],[-46.768972,-22.834834],[-46.769751,-22.835686],[-46.770599,-22.83697],[-46.771281,-22.838779],[-46.772481,-22.83971],[-46.773133,-22.840785],[-46.774155,-22.841649],[-46.775001,-22.842637],[-46.777195,-22.844527],[-46.777884,-22.845512],[-46.784629,-22.852775],[-46.784643,-22.85391],[-46.784416,-22.854593],[-46.784329,-22.856073],[-46.783986,-22.856893],[-46.784045,-22.857165],[-46.784901,-22.857829],[-46.785943,-22.857761],[-46.786309,-22.857875],[-46.78683,-22.858303],[-46.787839,-22.858753],[-46.788465,-22.859518],[-46.788524,-22.861228],[-46.789125,-22.862202],[-46.793973,-22.87817],[-46.794007,-22.879045],[-46.793056,-22.883678],[-46.791712,-22.884642],[-46.79133,-22.885339],[-46.7917,-22.892946],[-46.791566,-22.893663],[-46.791102,-22.894346],[-46.790428,-22.894758],[-46.789817,-22.894849],[-46.788352,-22.894606],[-46.787577,-22.894912],[-46.787248,-22.895438],[-46.786725,-22.899064],[-46.78581,-22.900244],[-46.784558,-22.901151],[-46.784246,-22.902362],[-46.783528,-22.903375],[-46.783696,-22.903947],[-46.784291,-22.904863],[-46.784774,-22.906534],[-46.784651,-22.906946],[-46.783809,-22.90791],[-46.783754,-22.908536],[-46.784215,-22.910552],[-46.785809,-22.914631],[-46.785689,-22.915374],[-46.784585,-22.917768],[-46.783633,-22.919149],[-46.783889,-22.920813],[-46.784264,-22.921038],[-46.785455,-22.92107],[-46.787613,-22.922181],[-46.789584,-22.924712],[-46.789996,-22.925697],[-46.790519,-22.925926],[-46.791863,-22.926004],[-46.792145,-22.926246],[-46.792115,-22.92664],[-46.791681,-22.927366],[-46.791957,-22.929198],[-46.79149,-22.933294],[-46.791715,-22.933998],[-46.792019,-22.934393],[-46.793829,-22.935531],[-46.795503,-22.936006],[-46.79972,-22.938072],[-46.801665,-22.938595],[-46.803624,-22.940019],[-46.807167,-22.94132],[-46.810146,-22.942954],[-46.810454,-22.943333],[-46.811412,-22.946275],[-46.811732,-22.946635],[-46.815245,-22.948048],[-46.818253,-22.950274],[-46.818634,-22.950831],[-46.819525,-22.953262],[-46.820537,-22.954489],[-46.820957,-22.955691],[-46.820983,-22.957887],[-46.82244,-22.959392],[-46.823068,-22.961893],[-46.823548,-22.963092],[-46.823642,-22.96413],[-46.82328,-22.967651],[-46.823487,-22.969131],[-46.823292,-22.970032],[-46.823359,-22.970813],[-46.823633,-22.971368],[-46.825162,-22.972944],[-46.828597,-22.974639],[-46.835225,-22.975728],[-46.836044,-22.97611],[-46.837125,-22.977646],[-46.836972,-22.978167],[-46.835839,-22.979185],[-46.835596,-22.97981],[-46.836433,-22.982908],[-46.837215,-22.983421],[-46.839436,-22.983567],[-46.839988,-22.983805],[-46.842554,-22.986482],[-46.843868,-22.987066],[-46.845413,-22.988832],[-46.846214,-22.989094],[-46.846284,-22.989946],[-46.847028,-22.991165],[-46.847283,-22.991444],[-46.848521,-22.992065],[-46.850113,-22.99508],[-46.850388,-22.996023],[-46.848792,-22.998595],[-46.848104,-23.001884],[-46.84786,-23.002108],[-46.846962,-23.002393],[-46.844737,-23.004855],[-46.844314,-23.004983],[-46.844673,-23.006048],[-46.843955,-23.007779],[-46.844181,-23.008671],[-46.844106,-23.009756],[-46.843376,-23.014065],[-46.842671,-23.016127],[-46.842697,-23.018056],[-46.84242,-23.022264],[-46.841892,-23.022994],[-46.841764,-23.023439],[-46.841158,-23.023683],[-46.840222,-23.024597],[-46.83992,-23.025142],[-46.839704,-23.026091],[-46.839739,-23.026478],[-46.840072,-23.027067],[-46.841331,-23.027852],[-46.841756,-23.028552],[-46.841945,-23.029477],[-46.841754,-23.030973],[-46.842368,-23.033282],[-46.842612,-23.034873],[-46.843034,-23.035742],[-46.844158,-23.037185],[-46.844439,-23.03785],[-46.844225,-23.0414],[-46.845148,-23.049348],[-46.845058,-23.052277],[-46.845585,-23.054329],[-46.845223,-23.055298],[-46.841381,-23.06096],[-46.840763,-23.062151],[-46.839155,-23.07066],[-46.839105,-23.071787],[-46.839428,-23.072999],[-46.840424,-23.075291],[-46.841351,-23.076793],[-46.844072,-23.07989],[-46.846689,-23.084792],[-46.847431,-23.090092],[-46.848129,-23.093678],[-46.847817,-23.094947],[-46.845979,-23.098568],[-46.845804,-23.0997],[-46.846048,-23.101022],[-46.848625,-23.105434],[-46.849193,-23.107957],[-46.850704,-23.112715],[-46.853191,-23.115202],[-46.854206,-23.115835],[-46.858866,-23.117873],[-46.862365,-23.118964],[-46.864855,-23.12064],[-46.865541,-23.120851],[-46.868524,-23.120993],[-46.869375,-23.121182],[-46.870846,-23.122326],[-46.872055,-23.122988],[-46.872676,-23.123635],[-46.873221,-23.125179],[-46.873981,-23.126639],[-46.874596,-23.131013],[-46.874499,-23.13178],[-46.873889,-23.133367],[-46.873508,-23.135053],[-46.873314,-23.13689],[-46.873253,-23.140465],[-46.873631,-23.143698],[-46.874134,-23.144964],[-46.87788,-23.152109],[-46.878768,-23.153302],[-46.879763,-23.15376],[-46.891951,-23.156311],[-46.90196,-23.160726],[-46.908826,-23.163042],[-46.915911,-23.167476],[-46.923689,-23.170805],[-46.925887,-23.17293],[-46.927101,-23.173588],[-46.927927,-23.173664],[-46.939113,-23.171999],[-46.940525,-23.171543],[-46.940829,-23.171155],[-46.940696,-23.170765],[-46.940265,-23.170663],[-46.939181,-23.171559],[-46.937894,-23.173541],[-46.93634,-23.176613],[-46.926847,-23.204445],[-46.925688,-23.207003],[-46.92482,-23.208481],[-46.922826,-23.211152],[-46.921386,-23.21268],[-46.919627,-23.21423],[-46.892515,-23.234565],[-46.883587,-23.24226],[-46.879788,-23.246828],[-46.878705,-23.247921],[-46.872003,-23.253399],[-46.870863,-23.254498],[-46.869718,-23.256227],[-46.868064,-23.260366],[-46.866861,-23.262072],[-46.865683,-23.263106],[-46.858965,-23.267589],[-46.85752,-23.269079],[-46.855096,-23.272292],[-46.850626,-23.276007],[-46.849455,-23.277275],[-46.848927,-23.278322],[-46.848714,-23.279129],[-46.847781,-23.287154],[-46.847448,-23.288818],[-46.846914,-23.290007],[-46.846276,-23.290792],[-46.843111,-23.293621],[-46.842042,-23.294994],[-46.841535,-23.296446],[-46.84094,-23.30132],[-46.840215,-23.303107],[-46.839027,-23.304554],[-46.834229,-23.309284],[-46.832725,-23.310192],[-46.82639,-23.312619],[-46.825262,-23.313567],[-46.824323,-23.314919],[-46.82385,-23.31676],[-46.823757,-23.323105],[-46.823133,-23.334069],[-46.822735,-23.335723],[-46.822119,-23.337296],[-46.821361,-23.338706],[-46.820264,-23.340195],[-46.813127,-23.347347],[-46.809922,-23.34962],[-46.808954,-23.35008],[-46.806996,-23.350637],[-46.799581,-23.351513],[-46.798086,-23.351902],[-46.796131,-23.352838],[-46.792056,-23.355918],[-46.79098,-23.356353],[-46.788038,-23.357127],[-46.786515,-23.357964],[-46.785643,-23.358811],[-46.784873,-23.360075],[-46.784098,-23.363283],[-46.783481,-23.364711],[-46.778353,-23.373257],[-46.777047,-23.374651],[-46.771744,-23.379078],[-46.770564,-23.380471],[-46.769877,-23.381993],[-46.769512,-23.383755],[-46.769247,-23.389798],[-46.768073,-23.400023],[-46.767857,-23.407409],[-46.767455,-23.410494],[-46.767009,-23.412081],[-46.766012,-23.414458],[-46.761712,-23.421868],[-46.761227,-23.423047],[-46.760391,-23.434023],[-46.759954,-23.435363],[-46.757014,-23.441285],[-46.756607,-23.442406],[-46.752368,-23.462548],[-46.751968,-23.4638],[-46.748353,-23.472176],[-46.747505,-23.473494],[-46.74594,-23.474735],[-46.741206,-23.476907],[-46.739972,-23.47793],[-46.738979,-23.47916],[-46.738121,-23.481203],[-46.737219,-23.487515],[-46.73577,-23.490424],[-46.734947,-23.491461],[-46.731988,-23.494461],[-46.727977,-23.500045],[-46.724474,-23.503932],[-46.720934,-23.508399],[-46.720142,-23.508911],[-46.719413,-23.509087],[-46.716946,-23.508849],[-46.707602,-23.509386],[-46.696678,-23.508517],[-46.694366,-23.508641],[-46.684103,-23.51069],[-46.682283,-23.5116],[-46.679581,-23.513587],[-46.678255,-23.514168],[-46.677161,-23.514446],[-46.652852,-23.517479],[-46.64275,-23.518921],[-46.639625,-23.518906],[-46.637389,-23.519274],[-46.632635,-23.519444],[-46.630678,-23.519859],[-46.626918,-23.519959],[-46.62656,-23.520221],[-46.625455,-23.52213],[-46.625737,-23.531297],[-46.625997,-23.532081],[-46.625462,-23.53334],[-46.625467,-23.534506],[-46.629339,-23.543317],[-46.629515,-23.544103],[-46.630208,-23.545166],[-46.630296,-23.545566],[-46.630149,-23.54612],[-46.627563,-23.54965],[-46.626213,-23.552682],[-46.624885,-23.554456],[-46.623997,-23.555308],[-46.622256,-23.556387],[-46.615679,-23.55857],[-46.61389,-23.559799],[-46.612903,-23.561179],[-46.611714,-23.563744],[-46.609198,-23.568132],[-46.608562,-23.568704],[-46.605023,-23.570689],[-46.604564,-23.57116],[-46.604147,-23.573476],[-46.601379,-23.576671],[-46.600182,-23.578755],[-46.599786,-23.579824],[-46.59983,-23.584015],[-46.599465,-23.585178],[-46.598393,-23.586924],[-46.597337,-23.598054],[-46.597855,-23.599845],[-46.600317,-23.60328],[-46.600311,-23.603924],[-46.599749,-23.605011],[-46.599264,-23.6068],[-46.601771,-23.61698],[-46.601793,-23.619068],[-46.602142,-23.619313],[-46.602907,-23.618915],[-46.603567,-23.619304],[-46.602098,-23.62157]]}},{"type":"Feature","properties":{"id_backbone":"BB-5454BEDE7D94","trecho":"ARPE.AR-BNL.RJ","cluster":"SAO JOSE DOS CAMPOS","cabo":"F-S/N","capacidade":"72","extensao_km":18.95,"confianca":"MEDIA","fonte":"OSRM/OpenStreetMap","ponta_a":"ARPE.AR","municipio_a":"ARAPEI","ponta_b":"BNL.RJ","municipio_b":"BANANAL"},"geometry":{"type":"LineString","coordinates":[[-44.447702,-22.670587],[-44.44817,-22.670393],[-44.448218,-22.670529],[-44.447886,-22.671762],[-44.444414,-22.675292],[-44.443982,-22.675313],[-44.442478,-22.67484],[-44.438887,-22.675542],[-44.435754,-22.675735],[-44.430374,-22.677055],[-44.428875,-22.677831],[-44.425899,-22.677215],[-44.425061,-22.676803],[-44.424426,-22.676958],[-44.423611,-22.677424],[-44.419938,-22.676866],[-44.418302,-22.677482],[-44.417747,-22.677525],[-44.416798,-22.676879],[-44.416382,-22.675758],[-44.415396,-22.675354],[-44.415039,-22.675351],[-44.414354,-22.675679],[-44.411844,-22.6761],[-44.410208,-22.675353],[-44.407919,-22.673778],[-44.406431,-22.673636],[-44.404348,-22.674654],[-44.40213,-22.676336],[-44.400673,-22.67649],[-44.399892,-22.675853],[-44.399441,-22.675933],[-44.398431,-22.676845],[-44.397322,-22.678196],[-44.397328,-22.678449],[-44.39777,-22.679161],[-44.39762,-22.679675],[-44.397265,-22.679861],[-44.394996,-22.679258],[-44.394228,-22.678496],[-44.39316,-22.678434],[-44.392012,-22.677696],[-44.391737,-22.677818],[-44.391577,-22.678653],[-44.391348,-22.67886],[-44.390201,-22.678683],[-44.389801,-22.678852],[-44.389551,-22.679243],[-44.389534,-22.680463],[-44.388996,-22.680819],[-44.388432,-22.68056],[-44.38748,-22.679434],[-44.387148,-22.678654],[-44.38684,-22.678454],[-44.386331,-22.678477],[-44.384426,-22.67923],[-44.382607,-22.679059],[-44.381118,-22.678618],[-44.380574,-22.678626],[-44.379525,-22.679383],[-44.37832,-22.679544],[-44.377895,-22.679889],[-44.376967,-22.682497],[-44.374186,-22.687354],[-44.374191,-22.687705],[-44.374775,-22.688834],[-44.374198,-22.69038],[-44.374279,-22.692035],[-44.373655,-22.692501],[-44.373117,-22.693313],[-44.372856,-22.694446],[-44.372152,-22.694913],[-44.371595,-22.695057],[-44.371132,-22.694994],[-44.368978,-22.693772],[-44.366765,-22.691875],[-44.366617,-22.691489],[-44.366807,-22.690181],[-44.366615,-22.689664],[-44.366205,-22.689243],[-44.365363,-22.688842],[-44.365047,-22.688018],[-44.362771,-22.686193],[-44.3617,-22.684737],[-44.361363,-22.684537],[-44.360566,-22.684598],[-44.358383,-22.68547],[-44.358158,-22.685753],[-44.357948,-22.686626],[-44.357493,-22.687266],[-44.356813,-22.687588],[-44.355442,-22.687885],[-44.35299,-22.689724],[-44.351168,-22.690741],[-44.350187,-22.692411],[-44.349319,-22.693322],[-44.348778,-22.695453],[-44.34829,-22.69573],[-44.347932,-22.695597],[-44.347759,-22.6953],[-44.347647,-22.693936],[-44.347982,-22.69248],[-44.347818,-22.691902],[-44.346945,-22.690771],[-44.345961,-22.688543],[-44.341019,-22.684604],[-44.340442,-22.684558],[-44.338613,-22.685179],[-44.337396,-22.68611],[-44.336246,-22.686209],[-44.335541,-22.686678],[-44.33459,-22.686822],[-44.33415,-22.687245],[-44.332932,-22.687191],[-44.332034,-22.687683],[-44.331104,-22.687212],[-44.33015,-22.687257],[-44.329532,-22.687014],[-44.328731,-22.686018],[-44.327664,-22.685445],[-44.327885,-22.684751],[-44.326768,-22.68375],[-44.3227,-22.683203],[-44.32271,-22.683601],[-44.322207,-22.68374],[-44.320509,-22.682928],[-44.320701,-22.68196],[-44.32096,-22.682163],[-44.321826,-22.682354],[-44.321697,-22.682878]]}},{"type":"Feature","properties":{"id_backbone":"BB-C38D4F6CA789","trecho":"ARQ.AD-ARQ.GVT","cluster":"RIBEIRAO PRETO","cabo":"TR#1733","capacidade":"24 F","extensao_km":1.572,"confianca":"ALTA","fonte":"OSRM/OpenStreetMap","ponta_a":"ARQ.AD","municipio_a":"ARARAQUARA","ponta_b":"ARQ.GVT","municipio_b":"ARARAQUARA"},"geometry":{"type":"LineString","coordinates":[[-48.175642,-21.792387],[-48.175559,-21.792715],[-48.177177,-21.793076],[-48.177714,-21.791585],[-48.178287,-21.789828],[-48.175657,-21.789207],[-48.177009,-21.784271],[-48.178336,-21.784531]]}},{"type":"Feature","properties":{"id_backbone":"BB-59B0F5DA0486","trecho":"ARQ.FI-ARQ.JI","cluster":"RIBEIRAO PRETO","cabo":"F-0404","capacidade":"36","extensao_km":4.203,"confianca":"MEDIA","fonte":"OSRM/OpenStreetMap","ponta_a":"ARQ.FI","municipio_a":"ARARAQUARA","ponta_b":"ARQ.JI","municipio_b":"ARARAQUARA"},"geometry":{"type":"LineString","coordinates":[[-48.174391,-21.777909],[-48.172355,-21.776],[-48.169245,-21.77864],[-48.165009,-21.770899],[-48.164539,-21.768935],[-48.164163,-21.768361],[-48.16407,-21.767647],[-48.163107,-21.767747],[-48.161905,-21.766651],[-48.161977,-21.766313],[-48.161073,-21.764023],[-48.160452,-21.761307],[-48.160249,-21.760941],[-48.160421,-21.760407],[-48.160453,-21.758775],[-48.160297,-21.758004],[-48.158313,-21.754686],[-48.157842,-21.754191],[-48.159588,-21.752577],[-48.159393,-21.752096],[-48.158989,-21.751946]]}},{"type":"Feature","properties":{"id_backbone":"BB-F46E8CD4F0F1","trecho":"ARQ.FI-MOM.MO","cluster":"RIBEIRAO PRETO","cabo":"F-0210","capacidade":"36","extensao_km":33.211,"confianca":"REJEITADA","fonte":"OSRM/OpenStreetMap","ponta_a":"ARQ.FI","municipio_a":"ARARAQUARA","ponta_b":"MOM.MO","municipio_b":"MATAO"},"geometry":{"type":"LineString","coordinates":[[-48.174391,-21.777909],[-48.173146,-21.776755],[-48.17229,-21.777501],[-48.174277,-21.779354],[-48.178463,-21.779114],[-48.178561,-21.778712],[-48.178759,-21.778578],[-48.179483,-21.779161],[-48.192221,-21.782168],[-48.195228,-21.783099],[-48.196155,-21.783175],[-48.21342,-21.788005],[-48.214767,-21.788219],[-48.216343,-21.788198],[-48.216924,-21.787977],[-48.217855,-21.787924],[-48.219586,-21.787267],[-48.221796,-21.78578],[-48.328279,-21.698335],[-48.331694,-21.694458],[-48.337216,-21.689299],[-48.338321,-21.687591],[-48.338831,-21.685733],[-48.335914,-21.625625],[-48.335003,-21.622755],[-48.335159,-21.622657],[-48.336041,-21.622794],[-48.336363,-21.622624],[-48.342042,-21.622056],[-48.342854,-21.62175],[-48.347745,-21.617451],[-48.349888,-21.61397],[-48.349978,-21.613261],[-48.362577,-21.607366],[-48.362829,-21.607106],[-48.363219,-21.607059],[-48.366165,-21.605662]]}},{"type":"Feature","properties":{"id_backbone":"BB-1B4517A76756","trecho":"ARQ.FI-BUAN.BA","cluster":"RIBEIRAO PRETO","cabo":"F-0285","capacidade":"36","extensao_km":15.695,"confianca":"REJEITADA","fonte":"OSRM/OpenStreetMap","ponta_a":"ARQ.FI","municipio_a":"ARARAQUARA","ponta_b":"BUAN.BA","municipio_b":"ARARAQUARA"},"geometry":{"type":"LineString","coordinates":[[-48.174391,-21.777909],[-48.172289,-21.775932],[-48.174048,-21.774257],[-48.173981,-21.774034],[-48.17171,-21.771835],[-48.171092,-21.771513],[-48.171249,-21.770992],[-48.170996,-21.769962],[-48.171107,-21.769128],[-48.177108,-21.759247],[-48.180935,-21.756334],[-48.189698,-21.730909],[-48.201235,-21.711468],[-48.201784,-21.71092],[-48.208261,-21.708104],[-48.218839,-21.700715],[-48.222106,-21.700501],[-48.222948,-21.700211],[-48.223731,-21.699519],[-48.22708,-21.695072],[-48.236693,-21.688346],[-48.237341,-21.687439],[-48.238425,-21.684458],[-48.240386,-21.68189],[-48.240395,-21.681274],[-48.240075,-21.680145],[-48.2389,-21.679411],[-48.238611,-21.678786],[-48.239461,-21.675793],[-48.240164,-21.674746],[-48.24599,-21.668935]]}},{"type":"Feature","properties":{"id_backbone":"BB-3142048B00D4","trecho":"ARQ.VX-BRH.GV","cluster":"RIBEIRAO PRETO","cabo":"F-0220","capacidade":"72","extensao_km":91.104,"confianca":"ALTA","fonte":"OSRM/OpenStreetMap","ponta_a":"ARQ.VX","municipio_a":"ARARAQUARA","ponta_b":"BRH.GV","municipio_b":"BARRINHA"},"geometry":{"type":"LineString","coordinates":[[-48.150995,-21.782647],[-48.151901,-21.782707],[-48.15207,-21.781701],[-48.152929,-21.781823],[-48.153192,-21.780376],[-48.159411,-21.783998],[-48.185358,-21.790033],[-48.186877,-21.785164],[-48.191772,-21.782578],[-48.192042,-21.78215],[-48.193511,-21.78266],[-48.195228,-21.783099],[-48.196155,-21.783175],[-48.202721,-21.784974],[-48.203207,-21.78524],[-48.204649,-21.785521],[-48.205122,-21.785778],[-48.214123,-21.788139],[-48.216465,-21.78818],[-48.216924,-21.787977],[-48.218053,-21.787867],[-48.219586,-21.787267],[-48.221796,-21.78578],[-48.328279,-21.698335],[-48.331694,-21.694458],[-48.337216,-21.689299],[-48.338414,-21.687374],[-48.338851,-21.685464],[-48.333379,-21.574813],[-48.328509,-21.470495],[-48.328482,-21.464557],[-48.327603,-21.446251],[-48.326965,-21.438925],[-48.326555,-21.430769],[-48.321529,-21.32144],[-48.321833,-21.317606],[-48.322783,-21.313561],[-48.332895,-21.289071],[-48.333333,-21.287831],[-48.333229,-21.287048],[-48.332658,-21.285923],[-48.332202,-21.285515],[-48.330304,-21.284638],[-48.306969,-21.276096],[-48.302173,-21.274008],[-48.296055,-21.270681],[-48.273392,-21.256124],[-48.250276,-21.244017],[-48.248415,-21.242704],[-48.246521,-21.240959],[-48.242954,-21.236767],[-48.240697,-21.234657],[-48.231303,-21.227624],[-48.21968,-21.21864],[-48.204625,-21.209746],[-48.203086,-21.209076],[-48.201883,-21.208748],[-48.178231,-21.204459],[-48.164822,-21.200851],[-48.161175,-21.200051],[-48.160441,-21.200174],[-48.160448,-21.199858],[-48.160909,-21.199796],[-48.161992,-21.198708],[-48.161567,-21.196761],[-48.165086,-21.196067],[-48.164875,-21.195258],[-48.163891,-21.195456]]}},{"type":"Feature","properties":{"id_backbone":"BB-86C6B90806F4","trecho":"ARTE.AD-PAA.ST","cluster":"CAMPINAS","cabo":"F-0297","capacidade":"72","extensao_km":11.382,"confianca":"ALTA","fonte":"OSRM/OpenStreetMap","ponta_a":"ARTE.AD","municipio_a":"PIRACICABA","ponta_b":"PAA.ST","municipio_b":"PIRACICABA"},"geometry":{"type":"LineString","coordinates":[[-47.771714,-22.682285],[-47.773269,-22.681812],[-47.772023,-22.679159],[-47.769389,-22.675376],[-47.769077,-22.675335],[-47.767522,-22.676236],[-47.766161,-22.676673],[-47.764882,-22.676832],[-47.763142,-22.676746],[-47.761004,-22.676082],[-47.756668,-22.673761],[-47.754234,-22.673263],[-47.70109,-22.680408],[-47.686967,-22.683133],[-47.686158,-22.683432],[-47.686136,-22.68365],[-47.686399,-22.683842],[-47.686828,-22.683726],[-47.687117,-22.683374],[-47.68788,-22.678791],[-47.687728,-22.677473],[-47.687353,-22.676731],[-47.686585,-22.675779],[-47.685867,-22.675621],[-47.684878,-22.676142],[-47.684075,-22.676311],[-47.681514,-22.677388]]}},{"type":"Feature","properties":{"id_backbone":"BB-1308A55AC467","trecho":"ASI.RP-CDM.HV","cluster":"ARACATUBA","cabo":"F-0102","capacidade":"6","extensao_km":10.723,"confianca":"ALTA","fonte":"OSRM/OpenStreetMap","ponta_a":"ASI.RP","municipio_a":"ASSIS","ponta_b":"CDM.HV","municipio_b":"CANDIDO MOTA"},"geometry":{"type":"LineString","coordinates":[[-50.415723,-22.656001],[-50.415724,-22.655768],[-50.414883,-22.655738],[-50.414849,-22.65742],[-50.416632,-22.657451],[-50.416425,-22.670579],[-50.416535,-22.670957],[-50.416271,-22.671688],[-50.416088,-22.671734],[-50.414168,-22.675289],[-50.41312,-22.681805],[-50.412713,-22.682444],[-50.411469,-22.685548],[-50.410473,-22.687575],[-50.408022,-22.691528],[-50.404845,-22.700767],[-50.398161,-22.711789],[-50.393538,-22.723956],[-50.392742,-22.726722],[-50.391582,-22.728197],[-50.389992,-22.731764],[-50.38971,-22.732885],[-50.390422,-22.73816],[-50.390414,-22.739209],[-50.390142,-22.740269],[-50.389553,-22.741408],[-50.388235,-22.742643],[-50.388388,-22.743367],[-50.38821,-22.743477]]}},{"type":"Feature","properties":{"id_backbone":"BB-BBFA75297722","trecho":"ASI.RP-RAC.HD","cluster":"ARACATUBA","cabo":null,"capacidade":"72","extensao_km":75.082,"confianca":"SEM_REFERENCIA","fonte":"OSRM/OpenStreetMap","ponta_a":"ASI.RP","municipio_a":"ASSIS","ponta_b":"RAC.HD","municipio_b":"RANCHARIA"},"geometry":{"type":"LineString","coordinates":[[-50.415723,-22.656001],[-50.415727,-22.654075],[-50.417078,-22.654078],[-50.418407,-22.64556],[-50.418415,-22.644193],[-50.41857,-22.643906],[-50.419351,-22.638847],[-50.419168,-22.638252],[-50.419507,-22.637735],[-50.41923,-22.636783],[-50.418951,-22.636699],[-50.418627,-22.636879],[-50.418634,-22.637336],[-50.419234,-22.637542],[-50.431947,-22.636724],[-50.432867,-22.636372],[-50.516056,-22.573278],[-50.518525,-22.57117],[-50.519733,-22.569889],[-50.52106,-22.56843],[-50.522913,-22.565904],[-50.54467,-22.527753],[-50.544996,-22.526414],[-50.545536,-22.526039],[-50.54599,-22.525444],[-50.555712,-22.508181],[-50.575798,-22.465818],[-50.582409,-22.447851],[-50.582984,-22.445782],[-50.584096,-22.443244],[-50.59381,-22.416751],[-50.594771,-22.414532],[-50.595973,-22.412335],[-50.597688,-22.409528],[-50.603054,-22.402296],[-50.690184,-22.28019],[-50.700957,-22.265338],[-50.704579,-22.261654],[-50.705721,-22.260144],[-50.709041,-22.259399],[-50.763508,-22.257083],[-50.764711,-22.256862],[-50.76845,-22.256673],[-50.770397,-22.256783],[-50.782424,-22.256253],[-50.786,-22.256021],[-50.790479,-22.255325],[-50.86356,-22.243307],[-50.864855,-22.242932],[-50.867835,-22.242427],[-50.869659,-22.242297],[-50.88275,-22.240123],[-50.883595,-22.23969],[-50.887712,-22.239037],[-50.888319,-22.238573],[-50.891806,-22.230227],[-50.892141,-22.230346]]}},{"type":"Feature","properties":{"id_backbone":"BB-E9539325D004","trecho":"ASO.CM-SPD.VA","cluster":"CAMPINAS","cabo":"F-0166","capacidade":"12","extensao_km":8.28,"confianca":"SEM_REFERENCIA","fonte":"OSRM/OpenStreetMap","ponta_a":"ASO.CM","municipio_a":"AGUAS DE SAO PEDRO","ponta_b":"SPD.VA","municipio_b":"SAO PEDRO"},"geometry":{"type":"LineString","coordinates":[[-47.874193,-22.599098],[-47.874482,-22.598787],[-47.87401,-22.597754],[-47.873445,-22.59709],[-47.872511,-22.596599],[-47.871109,-22.596368],[-47.871329,-22.595752],[-47.871742,-22.595271],[-47.873141,-22.59458],[-47.875217,-22.594322],[-47.876895,-22.592802],[-47.880162,-22.591539],[-47.880669,-22.591],[-47.88157,-22.589016],[-47.882047,-22.588625],[-47.886862,-22.588177],[-47.887529,-22.587978],[-47.89376,-22.581577],[-47.902261,-22.56698],[-47.904876,-22.559952],[-47.905355,-22.559008],[-47.905733,-22.558593],[-47.907677,-22.557891],[-47.910406,-22.557685],[-47.910179,-22.55574],[-47.910574,-22.554288],[-47.910391,-22.552689],[-47.914205,-22.552544],[-47.914178,-22.549864],[-47.913186,-22.549883],[-47.913193,-22.550005]]}},{"type":"Feature","properties":{"id_backbone":"BB-8A0183FF643B","trecho":"ASPA.AI-SYD.SO","cluster":"SAO JOSE DO RIO PRETO","cabo":"TR#1541","capacidade":"24 F","extensao_km":16.757,"confianca":"ALTA","fonte":"OSRM/OpenStreetMap","ponta_a":"ASPA.AI","municipio_a":"ASPASIA","ponta_b":"SYD.SO","municipio_b":"SANTA RITA D'OESTE"},"geometry":{"type":"LineString","coordinates":[[-50.727551,-20.16054],[-50.727964,-20.16015],[-50.725095,-20.157484],[-50.734228,-20.142102],[-50.751828,-20.116074],[-50.760497,-20.102922],[-50.78753,-20.118242],[-50.78862,-20.11867],[-50.790343,-20.119036],[-50.790731,-20.119423],[-50.791031,-20.120467],[-50.791438,-20.121005],[-50.793293,-20.121552],[-50.794249,-20.122012],[-50.834349,-20.143578],[-50.833453,-20.145037]]}},{"type":"Feature","properties":{"id_backbone":"BB-1F0DEE6A07DA","trecho":"AVD.PC-LUP.FC","cluster":"BAURU","cabo":"F-0311-00","capacidade":"12","extensao_km":12.984,"confianca":"MEDIA","fonte":"OSRM/OpenStreetMap","ponta_a":"AVD.PC","municipio_a":"ALVINLANDIA","ponta_b":"LUP.FC","municipio_b":"LUPERCIO"},"geometry":{"type":"LineString","coordinates":[[-49.762935,-22.442189],[-49.762914,-22.441954],[-49.765294,-22.441815],[-49.765492,-22.440484],[-49.767956,-22.436989],[-49.76832,-22.435747],[-49.768268,-22.432364],[-49.767981,-22.430172],[-49.76749,-22.42842],[-49.763716,-22.417997],[-49.763348,-22.416304],[-49.763123,-22.413087],[-49.76355,-22.406477],[-49.764105,-22.405007],[-49.765784,-22.402746],[-49.766298,-22.401433],[-49.766322,-22.400502],[-49.765614,-22.396469],[-49.76583,-22.395347],[-49.766908,-22.392992],[-49.767158,-22.39191],[-49.767117,-22.390793],[-49.766695,-22.388766],[-49.766444,-22.388197],[-49.766563,-22.38789],[-49.784782,-22.394709],[-49.794815,-22.401731],[-49.798496,-22.401487],[-49.79925,-22.401675],[-49.805167,-22.406591],[-49.805852,-22.406906],[-49.807482,-22.40729],[-49.810093,-22.408734],[-49.814428,-22.414759],[-49.817316,-22.41272],[-49.816692,-22.411927]]}},{"type":"Feature","properties":{"id_backbone":"BB-004EC06BCC03","trecho":"AVI.MQ-SLDG.LG","cluster":"BAURU","cabo":"F-0003","capacidade":"12","extensao_km":18.958,"confianca":"SEM_REFERENCIA","fonte":"OSRM/OpenStreetMap","ponta_a":"AVI.MQ","municipio_a":"AVAI","ponta_b":"SLDG.LG","municipio_b":"PRESIDENTE ALVES"},"geometry":{"type":"LineString","coordinates":[[-49.332317,-22.156075],[-49.332928,-22.154299],[-49.32779,-22.152792],[-49.326271,-22.15229],[-49.325588,-22.151902],[-49.317274,-22.143391],[-49.30645,-22.120965],[-49.305941,-22.11999],[-49.305381,-22.119447],[-49.305546,-22.119264],[-49.306414,-22.11921],[-49.308084,-22.118355],[-49.323792,-22.107122],[-49.325352,-22.106332],[-49.33107,-22.104232],[-49.333417,-22.102937],[-49.359496,-22.079004],[-49.359931,-22.078338],[-49.360161,-22.077708],[-49.360033,-22.077413],[-49.358224,-22.075698],[-49.357295,-22.075088],[-49.356163,-22.074692],[-49.350544,-22.073611],[-49.342165,-22.069654],[-49.337786,-22.068202],[-49.333551,-22.065542],[-49.329751,-22.064166],[-49.324056,-22.060652],[-49.322262,-22.059241],[-49.323296,-22.057064],[-49.323938,-22.05629],[-49.325971,-22.054783],[-49.327805,-22.053807],[-49.330128,-22.051557],[-49.330745,-22.051462],[-49.334719,-22.051793],[-49.334558,-22.053314]]}},{"type":"Feature","properties":{"id_backbone":"BB-E7D2D818519B","trecho":"AVR.SC-JRUM.JU","cluster":"BAURU","cabo":"F-0125-00","capacidade":"24","extensao_km":29.084,"confianca":"ALTA","fonte":"OSRM/OpenStreetMap","ponta_a":"AVR.SC","municipio_a":"AVARE","ponta_b":"JRUM.JU","municipio_b":"JURUMIRIM"},"geometry":{"type":"LineString","coordinates":[[-48.920016,-23.10005],[-48.920126,-23.100578],[-48.919161,-23.100771],[-48.918973,-23.099865],[-48.939615,-23.09597],[-48.940256,-23.095733],[-48.940487,-23.095871],[-48.940217,-23.096787],[-48.939374,-23.097156],[-48.939257,-23.097441],[-48.940833,-23.109583],[-48.941031,-23.113156],[-48.940505,-23.115215],[-48.938489,-23.119694],[-48.938169,-23.121667],[-48.938292,-23.122902],[-48.938955,-23.125383],[-48.939189,-23.127381],[-48.940574,-23.133599],[-48.948475,-23.159455],[-48.94934,-23.161508],[-48.956427,-23.17472],[-48.956944,-23.175931],[-48.981387,-23.246557],[-48.982254,-23.248509],[-48.983184,-23.249727],[-48.983999,-23.250483],[-49.024521,-23.278787],[-49.02876,-23.283151],[-49.043464,-23.29925],[-49.043809,-23.299208],[-49.044998,-23.297985],[-49.045948,-23.298213]]}},{"type":"Feature","properties":{"id_backbone":"BB-54E7A05EED98","trecho":"AVV.MI-JLQ.JM","cluster":"BAURU","cabo":"F-0310-01","capacidade":"12","extensao_km":12.368,"confianca":"ALTA","fonte":"OSRM/OpenStreetMap","ponta_a":"AVV.MI","municipio_a":"ALVARO DE CARVALHO","ponta_b":"JLQ.JM","municipio_b":"JULIO MESQUITA"},"geometry":{"type":"LineString","coordinates":[[-49.720002,-22.076172],[-49.721994,-22.078358],[-49.724614,-22.077812],[-49.725708,-22.077432],[-49.729154,-22.075006],[-49.730502,-22.073607],[-49.731353,-22.072097],[-49.731792,-22.070474],[-49.732067,-22.066121],[-49.73251,-22.065179],[-49.732901,-22.064802],[-49.733718,-22.064392],[-49.736473,-22.063932],[-49.737595,-22.063422],[-49.738244,-22.06273],[-49.739553,-22.060344],[-49.740414,-22.059512],[-49.741188,-22.059069],[-49.748873,-22.055943],[-49.749997,-22.055297],[-49.751242,-22.054969],[-49.755736,-22.053253],[-49.757027,-22.053213],[-49.759135,-22.053828],[-49.760692,-22.05482],[-49.762733,-22.055627],[-49.76409,-22.055494],[-49.765171,-22.054805],[-49.765749,-22.053918],[-49.767352,-22.049214],[-49.767412,-22.047966],[-49.766979,-22.044035],[-49.767176,-22.043178],[-49.767496,-22.042583],[-49.768284,-22.041858],[-49.769013,-22.041505],[-49.774906,-22.039695],[-49.776487,-22.038807],[-49.7777,-22.037278],[-49.780313,-22.031398],[-49.780838,-22.03056],[-49.781723,-22.029724],[-49.786373,-22.026378],[-49.786394,-22.025829],[-49.786879,-22.025315],[-49.787112,-22.02425],[-49.787268,-22.02338],[-49.7871,-22.022683],[-49.787457,-22.022335],[-49.787926,-22.02091],[-49.788673,-22.019853],[-49.790608,-22.018204],[-49.791119,-22.017142],[-49.791115,-22.014665],[-49.788645,-22.011871],[-49.788939,-22.011643]]}},{"type":"Feature","properties":{"id_backbone":"BB-7A49061CE106","trecho":"BAB.BL-RGP.AR","cluster":"BAURU","cabo":"F-0116-00","capacidade":"24","extensao_km":17.361,"confianca":"ALTA","fonte":"OSRM/OpenStreetMap","ponta_a":"BAB.BL","municipio_a":"BALBINOS","ponta_b":"RGP.AR","municipio_b":"REGINOPOLIS"},"geometry":{"type":"LineString","coordinates":[[-49.354529,-21.901255],[-49.356429,-21.899893],[-49.358209,-21.902093],[-49.35881,-21.903361],[-49.358985,-21.904523],[-49.358882,-21.905465],[-49.358323,-21.906713],[-49.356302,-21.909261],[-49.338255,-21.930041],[-49.337756,-21.930761],[-49.337672,-21.931499],[-49.337257,-21.931639],[-49.336005,-21.93072],[-49.327675,-21.926719],[-49.245623,-21.887876],[-49.244379,-21.887507],[-49.242689,-21.887251],[-49.236902,-21.887204],[-49.23529,-21.887461],[-49.231772,-21.888667],[-49.231215,-21.88905],[-49.230396,-21.888581],[-49.226221,-21.888699]]}},{"type":"Feature","properties":{"id_backbone":"BB-323AC8EB7025","trecho":"BAS.RD-IAK.CA","cluster":"BAURU","cabo":"F-0321-01","capacidade":"12","extensao_km":6.807,"confianca":"ALTA","fonte":"OSRM/OpenStreetMap","ponta_a":"BAS.RD","municipio_a":"BASTOS","ponta_b":"IAK.CA","municipio_b":"IACRI"},"geometry":{"type":"LineString","coordinates":[[-50.712473,-21.91604],[-50.712111,-21.915909],[-50.692886,-21.86521],[-50.691486,-21.86225],[-50.692247,-21.861684],[-50.69042,-21.859572],[-50.690722,-21.859807]]}},{"type":"Feature","properties":{"id_backbone":"BB-0DEC58983997","trecho":"BBN.RC-JAU.AG","cluster":"BAURU","cabo":"F-0168-00","capacidade":"12","extensao_km":25.504,"confianca":"ALTA","fonte":"OSRM/OpenStreetMap","ponta_a":"BBN.RC","municipio_a":"BARRA BONITA","ponta_b":"JAU.AG","municipio_b":"JAU"},"geometry":{"type":"LineString","coordinates":[[-48.559483,-22.495138],[-48.558543,-22.495392],[-48.557938,-22.4932],[-48.555668,-22.491464],[-48.553489,-22.490597],[-48.552601,-22.489978],[-48.547758,-22.484723],[-48.544457,-22.480777],[-48.542777,-22.480109],[-48.542181,-22.480359],[-48.542371,-22.48073],[-48.543116,-22.480989],[-48.543499,-22.480899],[-48.544702,-22.478998],[-48.55112,-22.472646],[-48.551777,-22.471626],[-48.552145,-22.470394],[-48.553051,-22.469496],[-48.556086,-22.464229],[-48.557447,-22.460787],[-48.561866,-22.455657],[-48.562371,-22.454472],[-48.563488,-22.449771],[-48.563129,-22.415823],[-48.563227,-22.413886],[-48.563903,-22.409358],[-48.56393,-22.408001],[-48.564156,-22.407663],[-48.564317,-22.406884],[-48.572251,-22.357954],[-48.572396,-22.355121],[-48.572014,-22.329157],[-48.572604,-22.323254],[-48.574947,-22.307276],[-48.575309,-22.30331],[-48.575203,-22.303005],[-48.574841,-22.302764],[-48.572354,-22.302638],[-48.569416,-22.301314],[-48.567843,-22.300385],[-48.567325,-22.30088],[-48.556349,-22.294008]]}},{"type":"Feature","properties":{"id_backbone":"BB-87C6E68053A1","trecho":"BDO.JM-VDR.XN","cluster":"SAO JOSE DO RIO PRETO","cabo":"F-0002","capacidade":"12","extensao_km":23.702,"confianca":"ALTA","fonte":"OSRM/OpenStreetMap","ponta_a":"BDO.JM","municipio_a":"BEBEDOURO","ponta_b":"VDR.XN","municipio_b":"VIRADOURO"},"geometry":{"type":"LineString","coordinates":[[-48.477539,-20.948737],[-48.47773,-20.948933],[-48.474854,-20.951296],[-48.474212,-20.950646],[-48.473954,-20.95061],[-48.473818,-20.950257],[-48.473214,-20.94977],[-48.472145,-20.948365],[-48.471801,-20.94824],[-48.471674,-20.947811],[-48.470979,-20.947075],[-48.466666,-20.945902],[-48.466269,-20.945992],[-48.466051,-20.945885],[-48.466041,-20.945693],[-48.466294,-20.94545],[-48.467312,-20.941146],[-48.467276,-20.940614],[-48.466793,-20.940308],[-48.455474,-20.937249],[-48.454306,-20.937123],[-48.453466,-20.936741],[-48.450714,-20.935986],[-48.450354,-20.936225],[-48.45047,-20.936616],[-48.450803,-20.936653],[-48.451065,-20.936371],[-48.451685,-20.934321],[-48.451514,-20.93377],[-48.45067,-20.933099],[-48.449091,-20.933272],[-48.441522,-20.935311],[-48.440489,-20.93573],[-48.43985,-20.9368],[-48.439263,-20.936796],[-48.438615,-20.935384],[-48.437932,-20.935078],[-48.437647,-20.934517],[-48.423958,-20.92219],[-48.421941,-20.920567],[-48.419956,-20.919314],[-48.312986,-20.862165],[-48.312307,-20.86207],[-48.311958,-20.862213],[-48.30784,-20.866758],[-48.306,-20.868208],[-48.303936,-20.869398],[-48.303183,-20.869712],[-48.302108,-20.868966],[-48.299521,-20.867823],[-48.29651,-20.869219]]}},{"type":"Feature","properties":{"id_backbone":"BB-CB28E28ABE8D","trecho":"BDO.JM-BRS.BR","cluster":"SAO JOSE DO RIO PRETO","cabo":"F-0012","capacidade":"72","extensao_km":50.02,"confianca":"ALTA","fonte":"OSRM/OpenStreetMap","ponta_a":"BDO.JM","municipio_a":"BEBEDOURO","ponta_b":"BRS.BR","municipio_b":"BARRETOS"},"geometry":{"type":"LineString","coordinates":[[-48.477539,-20.948737],[-48.47773,-20.948933],[-48.474854,-20.951296],[-48.474212,-20.950646],[-48.473954,-20.95061],[-48.473818,-20.950257],[-48.473214,-20.94977],[-48.472145,-20.948365],[-48.471801,-20.94824],[-48.471674,-20.947811],[-48.470979,-20.947075],[-48.466666,-20.945902],[-48.466269,-20.945992],[-48.466051,-20.945885],[-48.466041,-20.945693],[-48.466294,-20.94545],[-48.467367,-20.940856],[-48.46737,-20.940697],[-48.466793,-20.940308],[-48.455474,-20.937249],[-48.454306,-20.937123],[-48.453466,-20.936741],[-48.450714,-20.935986],[-48.450324,-20.936342],[-48.45047,-20.936616],[-48.450803,-20.936653],[-48.451157,-20.936175],[-48.454267,-20.926939],[-48.499093,-20.789275],[-48.530767,-20.704453],[-48.554394,-20.641755],[-48.555548,-20.639807],[-48.556455,-20.638848],[-48.559048,-20.636719],[-48.55978,-20.635787],[-48.560511,-20.634417],[-48.582711,-20.575553],[-48.582656,-20.573919],[-48.582273,-20.573593],[-48.572189,-20.567574],[-48.571318,-20.56716],[-48.570896,-20.567839],[-48.563674,-20.563448],[-48.567443,-20.557747],[-48.568256,-20.558207],[-48.567812,-20.558866]]}},{"type":"Feature","properties":{"id_backbone":"BB-D58A5BD5F136","trecho":"BDO.JM-SRR.RD","cluster":"SAO JOSE DO RIO PRETO","cabo":"F-0067","capacidade":"24","extensao_km":114.351,"confianca":"SEM_REFERENCIA","fonte":"OSRM/OpenStreetMap","ponta_a":"BDO.JM","municipio_a":"BEBEDOURO","ponta_b":"SRR.RD","municipio_b":"SAO JOSE DO RIO PRETO"},"geometry":{"type":"LineString","coordinates":[[-48.477539,-20.948737],[-48.47956,-20.950779],[-48.48145,-20.948833],[-48.482153,-20.948254],[-48.482468,-20.948435],[-48.490087,-20.942144],[-48.490286,-20.941667],[-48.490501,-20.941555],[-48.490811,-20.941769],[-48.490738,-20.942283],[-48.490998,-20.942934],[-48.4938,-20.947914],[-48.494975,-20.947747],[-48.498647,-20.946606],[-48.500414,-20.944797],[-48.50171,-20.943795],[-48.503363,-20.942738],[-48.505069,-20.942057],[-48.511223,-20.938118],[-48.512294,-20.937012],[-48.512827,-20.935807],[-48.512929,-20.934601],[-48.511763,-20.929795],[-48.511468,-20.927861],[-48.514917,-20.927427],[-48.524478,-20.925067],[-48.52615,-20.924538],[-48.528124,-20.923664],[-48.531933,-20.922721],[-48.535489,-20.921639],[-48.611053,-20.897883],[-48.628331,-20.89346],[-48.63481,-20.891645],[-48.636245,-20.891418],[-48.644016,-20.889428],[-48.64525,-20.888957],[-48.65045,-20.887615],[-48.652114,-20.887369],[-48.6568,-20.88623],[-48.663045,-20.884597],[-48.664343,-20.88412],[-48.667406,-20.883348],[-48.668426,-20.88323],[-48.682784,-20.879609],[-48.710019,-20.872635],[-48.711252,-20.872177],[-48.716076,-20.870948],[-48.718321,-20.870568],[-48.720873,-20.869679],[-48.722816,-20.868702],[-48.769238,-20.835605],[-48.770016,-20.834871],[-48.784718,-20.824538],[-48.791107,-20.819918],[-48.79241,-20.818763],[-48.794379,-20.816143],[-48.801595,-20.804396],[-48.805074,-20.79926],[-48.810902,-20.789546],[-48.81235,-20.787618],[-48.823491,-20.769918],[-48.82602,-20.766592],[-48.828435,-20.763782],[-48.857907,-20.733218],[-48.862063,-20.728867],[-48.862584,-20.728149],[-48.868845,-20.721776],[-48.869317,-20.721109],[-48.870812,-20.719795],[-48.905016,-20.684383],[-48.905081,-20.684049],[-48.90477,-20.683936],[-48.904099,-20.6841],[-48.904018,-20.684378],[-48.925695,-20.69461],[-48.939326,-20.700774],[-48.943763,-20.702462],[-48.947969,-20.70372],[-48.993178,-20.715018],[-48.994231,-20.715124],[-48.999959,-20.716548],[-49.001387,-20.717109],[-49.023905,-20.722714],[-49.025013,-20.722856],[-49.03048,-20.724202],[-49.031772,-20.724698],[-49.10399,-20.742731],[-49.139361,-20.751519],[-49.140713,-20.751705],[-49.149228,-20.75399],[-49.169053,-20.758878],[-49.17054,-20.75909],[-49.185355,-20.762952],[-49.18983,-20.763896],[-49.19117,-20.764403],[-49.202611,-20.76727],[-49.215773,-20.770535],[-49.218593,-20.771063],[-49.29942,-20.7913],[-49.333376,-20.799522],[-49.337191,-20.800175],[-49.356202,-20.802535],[-49.35646,-20.802416],[-49.356532,-20.8022],[-49.356067,-20.801651],[-49.355752,-20.8017],[-49.35564,-20.802077],[-49.358037,-20.823725],[-49.358331,-20.825028],[-49.358959,-20.826639],[-49.359756,-20.827924],[-49.360596,-20.828844],[-49.361469,-20.829151],[-49.36271,-20.828992],[-49.365118,-20.826852],[-49.366765,-20.825724],[-49.36934,-20.824438],[-49.371364,-20.823853],[-49.373757,-20.82351],[-49.381008,-20.823411],[-49.383097,-20.823076],[-49.38499,-20.823031],[-49.385352,-20.823618],[-49.38693,-20.825213],[-49.38908,-20.827838],[-49.390505,-20.829262],[-49.391913,-20.831756],[-49.392851,-20.834344],[-49.396533,-20.833593],[-49.396575,-20.833747],[-49.395991,-20.833861]]}},{"type":"Feature","properties":{"id_backbone":"BB-C383FF737155","trecho":"BEP.BE-DUD.XN","cluster":"RIBEIRAO PRETO","cabo":"F-0221","capacidade":"12","extensao_km":26.243,"confianca":"SEM_REFERENCIA","fonte":"OSRM/OpenStreetMap","ponta_a":"BEP.BE","municipio_a":"BOA ESPERANCA DO SUL","ponta_b":"DUD.XN","municipio_b":"DOURADO"},"geometry":{"type":"LineString","coordinates":[[-48.386791,-21.990985],[-48.386762,-21.991319],[-48.391172,-21.991652],[-48.390806,-21.996092],[-48.390494,-21.997648],[-48.388195,-22.000098],[-48.385836,-22.002168],[-48.387021,-22.004666],[-48.431342,-22.066582],[-48.4337,-22.068212],[-48.433925,-22.068621],[-48.433901,-22.068908],[-48.432844,-22.069647],[-48.431816,-22.069911],[-48.384508,-22.069168],[-48.380093,-22.069146],[-48.379455,-22.069294],[-48.369911,-22.068962],[-48.367655,-22.069432],[-48.366348,-22.070151],[-48.365501,-22.070932],[-48.357022,-22.082203],[-48.356251,-22.082972],[-48.355283,-22.083586],[-48.353238,-22.084177],[-48.334598,-22.086375],[-48.333018,-22.086835],[-48.331428,-22.087514],[-48.329929,-22.088404],[-48.328355,-22.089717],[-48.319057,-22.100477],[-48.316011,-22.103581],[-48.315539,-22.104355],[-48.315333,-22.105104],[-48.315382,-22.105999],[-48.319353,-22.115141],[-48.317607,-22.115761],[-48.317493,-22.115503]]}},{"type":"Feature","properties":{"id_backbone":"BB-C05A537BBE84","trecho":"BGP.DN-BGP.SC","cluster":"JUNDIAI","cabo":"F-0675","capacidade":"10","extensao_km":3.927,"confianca":"BAIXA","fonte":"OSRM/OpenStreetMap","ponta_a":"BGP.DN","municipio_a":"BRAGANCA PAULISTA","ponta_b":"BGP.SC","municipio_b":"BRAGANCA PAULISTA"},"geometry":{"type":"LineString","coordinates":[[-46.525856,-22.938191],[-46.525871,-22.937878],[-46.527007,-22.936858],[-46.528874,-22.94992],[-46.539275,-22.952145],[-46.539102,-22.952738],[-46.539858,-22.952803],[-46.539938,-22.952481],[-46.540106,-22.952448],[-46.540142,-22.952873],[-46.539185,-22.957122],[-46.541944,-22.958082],[-46.542189,-22.957519],[-46.542213,-22.957136],[-46.5421,-22.957089]]}},{"type":"Feature","properties":{"id_backbone":"BB-4B80A8D151EA","trecho":"BGP.SC-PBK.PT","cluster":"JUNDIAI","cabo":"F-0721","capacidade":"12","extensao_km":31.689,"confianca":"MEDIA","fonte":"OSRM/OpenStreetMap","ponta_a":"BGP.SC","municipio_a":"BRAGANCA PAULISTA","ponta_b":"PBK.PT","municipio_b":"PEDRA BELA"},"geometry":{"type":"LineString","coordinates":[[-46.5421,-22.957089],[-46.541556,-22.957063],[-46.541922,-22.95538],[-46.544258,-22.955388],[-46.546371,-22.955736],[-46.546992,-22.954244],[-46.547189,-22.953219],[-46.548158,-22.952944],[-46.549089,-22.952456],[-46.554732,-22.949151],[-46.556324,-22.948493],[-46.556755,-22.948003],[-46.556898,-22.946573],[-46.556274,-22.944158],[-46.556613,-22.935461],[-46.556509,-22.934643],[-46.556648,-22.933573],[-46.556434,-22.932675],[-46.554232,-22.927673],[-46.549108,-22.916336],[-46.548556,-22.915489],[-46.548385,-22.914614],[-46.547828,-22.913239],[-46.543053,-22.902706],[-46.542731,-22.901743],[-46.542583,-22.900634],[-46.542854,-22.894788],[-46.54276,-22.894055],[-46.54082,-22.889619],[-46.539685,-22.887279],[-46.538919,-22.886095],[-46.538765,-22.885339],[-46.53428,-22.876139],[-46.533748,-22.874322],[-46.533862,-22.872802],[-46.534249,-22.871449],[-46.53846,-22.861036],[-46.539371,-22.859979],[-46.542319,-22.858047],[-46.542812,-22.857326],[-46.5456,-22.848072],[-46.546259,-22.846445],[-46.547274,-22.84538],[-46.549728,-22.843416],[-46.550092,-22.842792],[-46.551535,-22.838943],[-46.55209,-22.838167],[-46.55323,-22.837643],[-46.55625,-22.836665],[-46.556699,-22.836361],[-46.557071,-22.835837],[-46.558398,-22.8295],[-46.558362,-22.828827],[-46.55791,-22.827387],[-46.555992,-22.825722],[-46.553918,-22.822752],[-46.553338,-22.822481],[-46.550628,-22.821888],[-46.549933,-22.821332],[-46.548052,-22.81883],[-46.547248,-22.816884],[-46.546643,-22.816108],[-46.544223,-22.816015],[-46.543057,-22.815519],[-46.537781,-22.809332],[-46.535219,-22.807546],[-46.533892,-22.806366],[-46.533528,-22.806155],[-46.532704,-22.80605],[-46.529188,-22.806897],[-46.528336,-22.806896],[-46.527369,-22.806646],[-46.524955,-22.805445],[-46.52286,-22.802894],[-46.521789,-22.802182],[-46.520872,-22.801868],[-46.517312,-22.801762],[-46.515759,-22.801459],[-46.514466,-22.800942],[-46.51136,-22.799267],[-46.506553,-22.798189],[-46.50565,-22.798126],[-46.50488,-22.798351],[-46.503251,-22.799288],[-46.501034,-22.801662],[-46.500103,-22.802319],[-46.495401,-22.804014],[-46.494496,-22.804059],[-46.49364,-22.803886],[-46.484817,-22.801135],[-46.483684,-22.801264],[-46.481297,-22.802187],[-46.478859,-22.802349],[-46.477746,-22.802103],[-46.476755,-22.801594],[-46.475698,-22.801415],[-46.474654,-22.80176],[-46.471331,-22.803321],[-46.470607,-22.803855],[-46.468814,-22.805838],[-46.467976,-22.806147],[-46.465292,-22.805798],[-46.462112,-22.806424],[-46.461396,-22.806283],[-46.459516,-22.805408],[-46.458762,-22.805286],[-46.455042,-22.805837],[-46.45402,-22.806166],[-46.45198,-22.806356],[-46.451296,-22.806178],[-46.45085,-22.805879],[-46.448876,-22.803622],[-46.446662,-22.802836],[-46.445253,-22.80169],[-46.445092,-22.801283],[-46.444871,-22.798373],[-46.443834,-22.796823],[-46.443309,-22.794825],[-46.442395,-22.795039],[-46.442352,-22.794439],[-46.442674,-22.794045],[-46.442789,-22.794379]]}},{"type":"Feature","properties":{"id_backbone":"BB-3F7F47337CBF","trecho":"BGU.BC-PNI.LO","cluster":"ARACATUBA","cabo":"F-0046","capacidade":"24","extensao_km":41.452,"confianca":"SEM_REFERENCIA","fonte":"OSRM/OpenStreetMap","ponta_a":"BGU.BC","municipio_a":"BIRIGUI","ponta_b":"PNI.LO","municipio_b":"PENAPOLIS"},"geometry":{"type":"LineString","coordinates":[[-50.338714,-21.289451],[-50.342953,-21.289713],[-50.341823,-21.30191],[-50.342035,-21.301935],[-50.342543,-21.304893],[-50.341466,-21.322861],[-50.341748,-21.325261],[-50.34208,-21.325651],[-50.342422,-21.325352],[-50.342766,-21.324406],[-50.342532,-21.324166],[-50.342109,-21.324316],[-50.341365,-21.324967],[-50.306876,-21.355696],[-50.305287,-21.356698],[-50.293788,-21.362889],[-50.168451,-21.430068],[-50.165232,-21.43199],[-50.103083,-21.465338],[-50.097647,-21.468315],[-50.097247,-21.46869],[-50.097283,-21.468985],[-50.097463,-21.469116],[-50.09854,-21.469131],[-50.098624,-21.468688],[-50.095475,-21.465349],[-50.094401,-21.463623],[-50.093901,-21.461994],[-50.093201,-21.457651],[-50.092332,-21.455601],[-50.090036,-21.452919],[-50.089164,-21.452427],[-50.08663,-21.449699],[-50.086196,-21.448833],[-50.083273,-21.445518],[-50.082735,-21.444504],[-50.081885,-21.442259],[-50.082009,-21.440752],[-50.081818,-21.434882],[-50.078373,-21.428873],[-50.077452,-21.427797],[-50.076253,-21.4268],[-50.078626,-21.423816],[-50.07524,-21.420567],[-50.075768,-21.42007]]}},{"type":"Feature","properties":{"id_backbone":"BB-D135AC1A6563","trecho":"BLO.MG-MRS.SP","cluster":"SAO JOSE DO RIO PRETO","cabo":"F-0009","capacidade":"6","extensao_km":14.627,"confianca":"SEM_REFERENCIA","fonte":"OSRM/OpenStreetMap","ponta_a":"BLO.MG","municipio_a":"BALSAMO","ponta_b":"MRS.SP","municipio_b":"MIRASSOL"},"geometry":{"type":"LineString","coordinates":[[-49.581457,-20.732927],[-49.581094,-20.732413],[-49.581876,-20.731899],[-49.58042,-20.729915],[-49.580026,-20.729885],[-49.577828,-20.732227],[-49.571389,-20.740418],[-49.534581,-20.790768],[-49.526497,-20.801905],[-49.524549,-20.805814],[-49.524134,-20.806092],[-49.523498,-20.806228],[-49.520869,-20.805901],[-49.51779,-20.806068],[-49.510042,-20.807495],[-49.50906,-20.807861],[-49.50906,-20.80802],[-49.512382,-20.80746],[-49.515988,-20.81193],[-49.51793,-20.812042],[-49.518157,-20.815193],[-49.519199,-20.815137],[-49.519318,-20.81721],[-49.516068,-20.817342],[-49.516028,-20.816774]]}},{"type":"Feature","properties":{"id_backbone":"BB-D5160070D298","trecho":"BNS.MF-IAC.SC","cluster":"BAURU","cabo":"F-0325-00","capacidade":"24","extensao_km":18.112,"confianca":"ALTA","fonte":"OSRM/OpenStreetMap","ponta_a":"BNS.MF","municipio_a":"BERNARDINO DE CAMPOS","ponta_b":"IAC.SC","municipio_b":"IPAUSSU"},"geometry":{"type":"LineString","coordinates":[[-49.47527,-23.012962],[-49.475217,-23.012644],[-49.474789,-23.012709],[-49.474649,-23.011803],[-49.491526,-23.009249],[-49.493702,-23.009247],[-49.497894,-23.009736],[-49.499298,-23.010253],[-49.506021,-23.014038],[-49.510481,-23.013962],[-49.516477,-23.015623],[-49.517024,-23.016004],[-49.520313,-23.019268],[-49.5256,-23.021507],[-49.526443,-23.02155],[-49.532332,-23.02033],[-49.533798,-23.020227],[-49.542785,-23.020602],[-49.548403,-23.021957],[-49.55381,-23.024054],[-49.554169,-23.024518],[-49.555159,-23.026638],[-49.555558,-23.02713],[-49.557072,-23.02812],[-49.559145,-23.030022],[-49.562551,-23.031759],[-49.569462,-23.039355],[-49.570018,-23.039756],[-49.571139,-23.039931],[-49.582619,-23.038072],[-49.601873,-23.04351],[-49.61695,-23.041944],[-49.61756,-23.04224],[-49.61798,-23.042803],[-49.621934,-23.050052],[-49.62238,-23.050274],[-49.623052,-23.050172],[-49.623454,-23.050446],[-49.623203,-23.051383],[-49.623517,-23.051444],[-49.623115,-23.053235],[-49.6266,-23.0539]]}},{"type":"Feature","properties":{"id_backbone":"BB-C001679922E5","trecho":"BOC.FP-IPY.LT","cluster":"BAURU","cabo":"F-0141-01","capacidade":"24","extensao_km":43.378,"confianca":"REJEITADA","fonte":"OSRM/OpenStreetMap","ponta_a":"BOC.FP","municipio_a":"BOCAINA","ponta_b":"IPY.LT","municipio_b":"ITAPUI"},"geometry":{"type":"LineString","coordinates":[[-48.520465,-22.136239],[-48.519132,-22.136825],[-48.524411,-22.14727],[-48.524548,-22.148102],[-48.524372,-22.149499],[-48.52449,-22.149774],[-48.524178,-22.14995],[-48.522828,-22.151791],[-48.499627,-22.184322],[-48.499467,-22.184653],[-48.499489,-22.185213],[-48.500549,-22.186429],[-48.502178,-22.187607],[-48.503281,-22.188874],[-48.528099,-22.227822],[-48.530093,-22.2302],[-48.533833,-22.233241],[-48.535371,-22.234866],[-48.567735,-22.280312],[-48.568455,-22.281075],[-48.569635,-22.281922],[-48.571153,-22.282601],[-48.576245,-22.284361],[-48.576937,-22.284789],[-48.577479,-22.285374],[-48.577873,-22.286222],[-48.577938,-22.287157],[-48.576357,-22.298102],[-48.576064,-22.301447],[-48.576256,-22.302156],[-48.576708,-22.30252],[-48.598516,-22.304036],[-48.68304,-22.308957],[-48.687886,-22.30915],[-48.69073,-22.308936],[-48.69128,-22.308284],[-48.691443,-22.307768],[-48.692836,-22.287709],[-48.6933,-22.285054],[-48.693852,-22.283339],[-48.694713,-22.281264],[-48.695738,-22.279457],[-48.71783,-22.244434],[-48.718406,-22.242936],[-48.71873,-22.2409],[-48.71854,-22.240799],[-48.717498,-22.238894],[-48.717802,-22.238634],[-48.717888,-22.233651],[-48.720105,-22.233664]]}},{"type":"Feature","properties":{"id_backbone":"BB-92A11E401EBB","trecho":"BOPU.BP-RPO.SL","cluster":"RIBEIRAO PRETO","cabo":"F-0553","capacidade":"36","extensao_km":8.316,"confianca":"MEDIA","fonte":"OSRM/OpenStreetMap","ponta_a":"BOPU.BP","municipio_a":"RIBEIRAO PRETO","ponta_b":"RPO.SL","municipio_b":"RIBEIRAO PRETO"},"geometry":{"type":"LineString","coordinates":[[-47.816775,-21.266365],[-47.817373,-21.265459],[-47.818083,-21.265897],[-47.819305,-21.263994],[-47.81919,-21.263119],[-47.81854,-21.261223],[-47.819462,-21.248771],[-47.819166,-21.241549],[-47.818767,-21.235307],[-47.817705,-21.22906],[-47.817078,-21.223917],[-47.81672,-21.222255],[-47.815019,-21.218003],[-47.814753,-21.214215],[-47.812972,-21.210249],[-47.812313,-21.209415],[-47.812011,-21.208743],[-47.811978,-21.208233],[-47.809672,-21.203185],[-47.809922,-21.202954],[-47.810495,-21.203401],[-47.814403,-21.200533],[-47.812769,-21.198633],[-47.813021,-21.198432]]}},{"type":"Feature","properties":{"id_backbone":"BB-559DFF230507","trecho":"BRAL.BA-BTA.FP","cluster":"ARACATUBA","cabo":"F-0135","capacidade":"36","extensao_km":17.788,"confianca":"ALTA","fonte":"OSRM/OpenStreetMap","ponta_a":"BRAL.BA","municipio_a":"BREJO ALEGRE","ponta_b":"BTA.FP","municipio_b":"BURITAMA"},"geometry":{"type":"LineString","coordinates":[[-50.183952,-21.167957],[-50.182568,-21.166104],[-50.186522,-21.163518],[-50.186918,-21.163025],[-50.187748,-21.162738],[-50.198923,-21.155357],[-50.212745,-21.146042],[-50.212946,-21.145748],[-50.213162,-21.143659],[-50.213126,-21.130412],[-50.212937,-21.098346],[-50.21272,-21.097183],[-50.212205,-21.096783],[-50.205339,-21.093912],[-50.202525,-21.093404],[-50.200959,-21.093454],[-50.192939,-21.094656],[-50.183521,-21.094423],[-50.158285,-21.080345],[-50.157767,-21.07993],[-50.155938,-21.077394],[-50.154954,-21.076496],[-50.154646,-21.075496],[-50.152825,-21.072817],[-50.150216,-21.065286],[-50.151145,-21.064996],[-50.150928,-21.06435]]}},{"type":"Feature","properties":{"id_backbone":"BB-AA124181A65B","trecho":"BRE.AL-CIV.VD","cluster":"OSASCO","cabo":"F-0690","capacidade":"36","extensao_km":7.015,"confianca":"ALTA","fonte":"OSRM/OpenStreetMap","ponta_a":"BRE.AL","municipio_a":"BARUERI","ponta_b":"CIV.VD","municipio_b":"CARAPICUIBA"},"geometry":{"type":"LineString","coordinates":[[-46.847109,-23.500915],[-46.847875,-23.500862],[-46.848119,-23.499016],[-46.848028,-23.498744],[-46.846761,-23.498655],[-46.845643,-23.499081],[-46.843799,-23.50013],[-46.832321,-23.502934],[-46.833558,-23.511289],[-46.83651,-23.516509],[-46.836989,-23.518077],[-46.837376,-23.518295],[-46.837796,-23.517952],[-46.837692,-23.517756],[-46.837465,-23.517726],[-46.836833,-23.518098],[-46.836819,-23.518351],[-46.83714,-23.518747],[-46.836829,-23.519338],[-46.837306,-23.52045],[-46.837275,-23.520738],[-46.835865,-23.521274],[-46.835304,-23.523656],[-46.835694,-23.525356],[-46.835048,-23.527579],[-46.835441,-23.528579],[-46.835437,-23.529595],[-46.835969,-23.530848],[-46.836434,-23.531244],[-46.83632,-23.532098],[-46.836488,-23.533944],[-46.836054,-23.534918],[-46.834418,-23.543217]]}},{"type":"Feature","properties":{"id_backbone":"BB-5F814579A945","trecho":"BRE.AL-SPO.VJ","cluster":"OSASCO","cabo":"F-1134","capacidade":"72","extensao_km":14.108,"confianca":"ALTA","fonte":"OSRM/OpenStreetMap","ponta_a":"BRE.AL","municipio_a":"BARUERI","ponta_b":"SPO.VJ","municipio_b":"SAO PAULO"},"geometry":{"type":"LineString","coordinates":[[-46.847109,-23.500915],[-46.847875,-23.500862],[-46.848119,-23.499016],[-46.848028,-23.498744],[-46.846761,-23.498655],[-46.845643,-23.499081],[-46.843911,-23.500096],[-46.838362,-23.501438],[-46.838778,-23.506076],[-46.838518,-23.506724],[-46.838052,-23.507016],[-46.833169,-23.507455],[-46.811011,-23.510494],[-46.806611,-23.511235],[-46.800628,-23.512843],[-46.784435,-23.519247],[-46.778022,-23.520462],[-46.76694,-23.521849],[-46.761026,-23.523898],[-46.750256,-23.527232],[-46.748779,-23.527118],[-46.74775,-23.526378],[-46.747324,-23.525518],[-46.747045,-23.522438],[-46.746406,-23.520854],[-46.745719,-23.519927],[-46.744909,-23.519241],[-46.744522,-23.519315],[-46.744502,-23.519959],[-46.744699,-23.520137],[-46.749251,-23.520407],[-46.74939,-23.518362],[-46.749037,-23.518103],[-46.748482,-23.517256],[-46.748947,-23.51643],[-46.748481,-23.516439],[-46.748092,-23.516762],[-46.747601,-23.516519],[-46.747394,-23.514831],[-46.746483,-23.514891],[-46.746667,-23.514239]]}},{"type":"Feature","properties":{"id_backbone":"BB-C41CBE6BD8EB","trecho":"BRE.AL-BRE.TIC","cluster":"OSASCO","cabo":null,"capacidade":"72","extensao_km":2.048,"confianca":"BAIXA","fonte":"OSRM/OpenStreetMap","ponta_a":"BRE.AL","municipio_a":"BARUERI","ponta_b":"BRE.TIC","municipio_b":"BARUERI"},"geometry":{"type":"LineString","coordinates":[[-46.847109,-23.500915],[-46.847875,-23.500862],[-46.848119,-23.499016],[-46.84833,-23.498811],[-46.84833,-23.499703],[-46.847747,-23.503614],[-46.847367,-23.50426],[-46.846402,-23.505196],[-46.846482,-23.506438],[-46.846996,-23.507167],[-46.846887,-23.507369],[-46.846333,-23.507508],[-46.846025,-23.507166],[-46.84604,-23.506882],[-46.846382,-23.506398],[-46.846226,-23.505536],[-46.845835,-23.504944],[-46.84502,-23.504552],[-46.844001,-23.503701],[-46.843559,-23.503104]]}},{"type":"Feature","properties":{"id_backbone":"BB-DA2617292908","trecho":"BRE.AS-BRE.CN","cluster":"OSASCO","cabo":"TR-1276","capacidade":"72","extensao_km":12.803,"confianca":"REJEITADA","fonte":"OSRM/OpenStreetMap","ponta_a":"BRE.AS","municipio_a":"BARUERI","ponta_b":"BRE.CN","municipio_b":"BARUERI"},"geometry":{"type":"LineString","coordinates":[[-46.954381,-23.489392],[-46.954276,-23.489408],[-46.954937,-23.487984],[-46.954838,-23.486969],[-46.953431,-23.485115],[-46.95357,-23.484423],[-46.953164,-23.483074],[-46.953259,-23.481822],[-46.952823,-23.481391],[-46.951793,-23.479755],[-46.951614,-23.478066],[-46.949813,-23.477161],[-46.949035,-23.47634],[-46.948892,-23.47584],[-46.9494,-23.474672],[-46.949421,-23.473834],[-46.949207,-23.473083],[-46.948388,-23.472096],[-46.946413,-23.471464],[-46.945814,-23.470818],[-46.945216,-23.470559],[-46.944118,-23.470863],[-46.940866,-23.470923],[-46.937988,-23.472115],[-46.936531,-23.472244],[-46.936011,-23.472078],[-46.934977,-23.472085],[-46.934519,-23.471487],[-46.934712,-23.470455],[-46.934254,-23.469694],[-46.932963,-23.469168],[-46.932773,-23.468938],[-46.932759,-23.468509],[-46.933028,-23.467933],[-46.932382,-23.466971],[-46.93237,-23.465484],[-46.933002,-23.464252],[-46.932862,-23.463735],[-46.930489,-23.462467],[-46.929025,-23.462024],[-46.928638,-23.461472],[-46.927071,-23.460115],[-46.925841,-23.459532],[-46.924781,-23.458678],[-46.923625,-23.458527],[-46.922371,-23.458644],[-46.921399,-23.458277],[-46.920159,-23.458939],[-46.916043,-23.457552],[-46.914986,-23.458319],[-46.913814,-23.458206],[-46.911687,-23.458828],[-46.910546,-23.458857],[-46.910015,-23.459125],[-46.907974,-23.460952],[-46.907862,-23.461438],[-46.908129,-23.463783],[-46.906262,-23.465683],[-46.903862,-23.465928],[-46.903514,-23.466221],[-46.903009,-23.467144],[-46.902546,-23.467495],[-46.902039,-23.467694],[-46.900412,-23.467525],[-46.89971,-23.467684],[-46.897559,-23.469439],[-46.897102,-23.469577],[-46.896106,-23.46954],[-46.894937,-23.46992],[-46.892973,-23.471276],[-46.8922,-23.473629],[-46.891087,-23.475731],[-46.890874,-23.476851],[-46.890409,-23.477859],[-46.888856,-23.479614],[-46.888859,-23.481358],[-46.888331,-23.481714],[-46.886604,-23.482119],[-46.884089,-23.481913],[-46.883542,-23.482452],[-46.883408,-23.482996],[-46.882824,-23.483125],[-46.881076,-23.484396],[-46.880859,-23.484758],[-46.880787,-23.485734],[-46.881223,-23.486519],[-46.881223,-23.487726],[-46.881444,-23.48844],[-46.880781,-23.488562],[-46.880745,-23.489079],[-46.880016,-23.48919]]}},{"type":"Feature","properties":{"id_backbone":"BB-022A1CC3D0E1","trecho":"BRE.CN-SPB.DV","cluster":"OSASCO","cabo":"F-1452","capacidade":"36","extensao_km":4.11,"confianca":"MEDIA","fonte":"OSRM/OpenStreetMap","ponta_a":"BRE.CN","municipio_a":"BARUERI","ponta_b":"SPB.DV","municipio_b":"SANTANA DE PARNAIBA"},"geometry":{"type":"LineString","coordinates":[[-46.880016,-23.48919],[-46.880745,-23.489079],[-46.880781,-23.488562],[-46.881344,-23.488457],[-46.881159,-23.487928],[-46.881136,-23.486593],[-46.880674,-23.485821],[-46.880766,-23.484784],[-46.881018,-23.484341],[-46.882796,-23.483051],[-46.883002,-23.482606],[-46.88406,-23.481845],[-46.886501,-23.482056],[-46.888626,-23.481485],[-46.88887,-23.481043],[-46.888703,-23.480146],[-46.888783,-23.479587],[-46.890338,-23.477829],[-46.890821,-23.476744],[-46.891063,-23.475277],[-46.892132,-23.473605],[-46.892831,-23.471335],[-46.894308,-23.470076],[-46.896098,-23.469474],[-46.897419,-23.46943],[-46.898563,-23.468249],[-46.898848,-23.468208],[-46.897453,-23.469494],[-46.896106,-23.46954],[-46.894937,-23.46992],[-46.894437,-23.470249]]}},{"type":"Feature","properties":{"id_backbone":"BB-72CFA1A1471E","trecho":"BRH.GV-PTG.PT","cluster":"RIBEIRAO PRETO","cabo":"F-0283","capacidade":"18","extensao_km":49.001,"confianca":"REJEITADA","fonte":"OSRM/OpenStreetMap","ponta_a":"BRH.GV","municipio_a":"BARRINHA","ponta_b":"PTG.PT","municipio_b":"PITANGUEIRAS"},"geometry":{"type":"LineString","coordinates":[[-48.163891,-21.195456],[-48.16137,-21.195946],[-48.161992,-21.198708],[-48.161806,-21.198923],[-48.161709,-21.199506],[-48.161212,-21.199511],[-48.160757,-21.200173],[-48.160493,-21.200209],[-48.160243,-21.199579],[-48.158312,-21.198366],[-48.139701,-21.188195],[-48.138355,-21.187194],[-48.124801,-21.175471],[-48.123143,-21.174476],[-48.121457,-21.173962],[-48.116794,-21.1739],[-48.114756,-21.174383],[-48.112976,-21.175498],[-48.110016,-21.178646],[-48.10801,-21.179655],[-48.106497,-21.1799],[-48.097933,-21.180154],[-48.095393,-21.179781],[-48.071992,-21.173123],[-48.060647,-21.172787],[-48.027845,-21.168781],[-48.026257,-21.168737],[-48.026092,-21.168944],[-48.026308,-21.169235],[-48.027854,-21.169151],[-48.028026,-21.168999],[-48.027942,-21.168444],[-48.027773,-21.16801],[-48.025326,-21.164959],[-48.025408,-21.163424],[-48.022681,-21.158084],[-48.022187,-21.157807],[-48.018974,-21.157368],[-48.016189,-21.154931],[-48.013665,-21.151672],[-48.013259,-21.151635],[-48.012145,-21.149892],[-48.011875,-21.149823],[-48.011863,-21.149557],[-48.010613,-21.147628],[-48.007807,-21.143562],[-48.007178,-21.14291],[-48.010192,-21.140768],[-48.033788,-21.122273],[-48.177769,-21.008426],[-48.17957,-21.007443],[-48.180917,-21.00694],[-48.205851,-21.000085],[-48.207734,-20.999206],[-48.209433,-20.998948],[-48.212348,-20.9981],[-48.212583,-20.997986],[-48.212722,-20.997574],[-48.212935,-20.997439],[-48.213176,-20.997655],[-48.213128,-20.998262],[-48.213502,-20.998565],[-48.213459,-20.999832],[-48.214052,-21.002317],[-48.214084,-21.004086],[-48.217585,-21.004901],[-48.217011,-21.008931],[-48.218006,-21.009065]]}},{"type":"Feature","properties":{"id_backbone":"BB-A3F05A929C24","trecho":"BRH.GV-PTL.AF","cluster":"RIBEIRAO PRETO","cabo":"F-0218","capacidade":"72","extensao_km":35.6,"confianca":"SEM_REFERENCIA","fonte":"OSRM/OpenStreetMap","ponta_a":"BRH.GV","municipio_a":"BARRINHA","ponta_b":"PTL.AF","municipio_b":"PONTAL"},"geometry":{"type":"LineString","coordinates":[[-48.163891,-21.195456],[-48.16137,-21.195946],[-48.161992,-21.198708],[-48.161806,-21.198923],[-48.161709,-21.199506],[-48.161212,-21.199511],[-48.160757,-21.200173],[-48.160493,-21.200209],[-48.160243,-21.199579],[-48.158312,-21.198366],[-48.139701,-21.188195],[-48.138355,-21.187194],[-48.124801,-21.175471],[-48.123143,-21.174476],[-48.121457,-21.173962],[-48.116794,-21.1739],[-48.114756,-21.174383],[-48.112976,-21.175498],[-48.110016,-21.178646],[-48.10801,-21.179655],[-48.106497,-21.1799],[-48.097933,-21.180154],[-48.095393,-21.179781],[-48.071992,-21.173123],[-48.060647,-21.172787],[-48.027845,-21.168781],[-48.026257,-21.168737],[-48.026092,-21.168944],[-48.026308,-21.169235],[-48.027854,-21.169151],[-48.028026,-21.168999],[-48.027942,-21.168444],[-48.027773,-21.16801],[-48.025326,-21.164959],[-48.025408,-21.163424],[-48.022681,-21.158084],[-48.022187,-21.157807],[-48.018868,-21.157308],[-48.016189,-21.154931],[-48.013665,-21.151672],[-48.013259,-21.151635],[-48.012145,-21.149892],[-48.011875,-21.149823],[-48.011863,-21.149557],[-48.010613,-21.147628],[-48.007807,-21.143562],[-48.007178,-21.14291],[-48.010192,-21.140768],[-48.033788,-21.122273],[-48.04104,-21.116473],[-48.04225,-21.115207],[-48.042848,-21.114041],[-48.043193,-21.112918],[-48.050242,-21.085295],[-48.05059,-21.083062],[-48.050653,-21.081412],[-48.050399,-21.078454],[-48.049988,-21.076665],[-48.045668,-21.065072],[-48.043854,-21.060658],[-48.043079,-21.058145],[-48.041642,-21.048007],[-48.04111,-21.046948],[-48.041365,-21.045514],[-48.03995,-21.03475],[-48.038266,-21.031064],[-48.036941,-21.030321],[-48.036948,-21.027297],[-48.038906,-21.0273],[-48.038921,-21.024995]]}},{"type":"Feature","properties":{"id_backbone":"BB-D68C1DA1C33E","trecho":"BRI.DP-BRI.RD","cluster":"SOROCABA","cabo":"F-0094","capacidade":"12","extensao_km":4.209,"confianca":"MEDIA","fonte":"OSRM/OpenStreetMap","ponta_a":"BRI.DP","municipio_a":"BURI","ponta_b":"BRI.RD","municipio_b":"BURI"},"geometry":{"type":"LineString","coordinates":[[-48.5982,-23.7984],[-48.597834,-23.798403],[-48.597741,-23.800742],[-48.597438,-23.801142],[-48.597975,-23.813667],[-48.599943,-23.819102],[-48.600564,-23.819887],[-48.602406,-23.819191],[-48.603957,-23.818882],[-48.607024,-23.81795],[-48.608681,-23.817166],[-48.611981,-23.821547],[-48.613526,-23.82136],[-48.613546,-23.822195]]}},{"type":"Feature","properties":{"id_backbone":"BB-F34D3D1459F2","trecho":"BRJE.JC-ITV.GU","cluster":"JUNDIAI","cabo":null,"capacidade":"72","extensao_km":6.085,"confianca":"SEM_REFERENCIA","fonte":"OSRM/OpenStreetMap","ponta_a":"BRJE.JC","municipio_a":"CABREUVA","ponta_b":"ITV.GU","municipio_b":"ITUPEVA"},"geometry":{"type":"LineString","coordinates":[[-47.0603,-23.245099],[-47.060453,-23.245116],[-47.060514,-23.244448],[-47.06018,-23.244265],[-47.060258,-23.244013],[-47.061833,-23.244331],[-47.061829,-23.243094],[-47.062143,-23.24179],[-47.061647,-23.240832],[-47.061664,-23.238282],[-47.065106,-23.238077],[-47.06919,-23.237536],[-47.071652,-23.23681],[-47.077664,-23.234056],[-47.078897,-23.233955],[-47.081194,-23.234817],[-47.082091,-23.234314],[-47.082927,-23.233507],[-47.083003,-23.232972],[-47.08257,-23.231568],[-47.082624,-23.231194],[-47.085974,-23.22686],[-47.086033,-23.226244],[-47.080737,-23.218569],[-47.079228,-23.213392],[-47.078377,-23.212398],[-47.078064,-23.212216],[-47.078024,-23.212335]]}},{"type":"Feature","properties":{"id_backbone":"BB-522F113DC1BA","trecho":"BRJE.RD-CVA.CM","cluster":"JUNDIAI","cabo":"F-0560","capacidade":"12","extensao_km":13.493,"confianca":"BAIXA","fonte":"OSRM/OpenStreetMap","ponta_a":"BRJE.RD","municipio_a":"CABREUVA","ponta_b":"CVA.CM","municipio_b":"CABREUVA"},"geometry":{"type":"LineString","coordinates":[[-47.060697,-23.237425],[-47.060332,-23.237379],[-47.060176,-23.237711],[-47.061664,-23.238282],[-47.061647,-23.240832],[-47.062137,-23.241711],[-47.063057,-23.241875],[-47.065278,-23.242976],[-47.068254,-23.243407],[-47.070185,-23.244106],[-47.07177,-23.245394],[-47.072752,-23.245968],[-47.072821,-23.246289],[-47.072508,-23.247436],[-47.099012,-23.254755],[-47.103002,-23.256471],[-47.115072,-23.262307],[-47.115669,-23.262445],[-47.116925,-23.262241],[-47.117614,-23.262663],[-47.117622,-23.262942],[-47.117102,-23.263464],[-47.117153,-23.263969],[-47.116513,-23.264376],[-47.115322,-23.266585],[-47.114814,-23.268605],[-47.114767,-23.270155],[-47.114959,-23.271197],[-47.115256,-23.272068],[-47.116275,-23.27396],[-47.117598,-23.275721],[-47.11898,-23.278253],[-47.120994,-23.280314],[-47.123788,-23.282571],[-47.126547,-23.283561],[-47.128225,-23.284436],[-47.129622,-23.284346],[-47.130313,-23.284589],[-47.1306,-23.284928],[-47.131756,-23.287486],[-47.132748,-23.288031],[-47.132946,-23.288301],[-47.132624,-23.289428],[-47.132922,-23.290403],[-47.132936,-23.291365],[-47.132607,-23.292897],[-47.13247,-23.294534],[-47.130209,-23.298927],[-47.129905,-23.299155],[-47.128963,-23.299202],[-47.128471,-23.299463],[-47.128267,-23.29981],[-47.128148,-23.300697],[-47.128774,-23.303353],[-47.129722,-23.304585],[-47.13069,-23.305393],[-47.131794,-23.307905],[-47.132274,-23.307749],[-47.132661,-23.308502],[-47.13284,-23.308503]]}},{"type":"Feature","properties":{"id_backbone":"BB-EDC50D5D901F","trecho":"BRR.RD-BRR.XN","cluster":"BAURU","cabo":"F-0154-00","capacidade":"24","extensao_km":6.771,"confianca":"ALTA","fonte":"OSRM/OpenStreetMap","ponta_a":"BRR.RD","municipio_a":"BARIRI","ponta_b":"BRR.XN","municipio_b":"BARIRI"},"geometry":{"type":"LineString","coordinates":[[-48.703495,-22.033177],[-48.702995,-22.033817],[-48.717526,-22.048948],[-48.724827,-22.056266],[-48.726183,-22.058078],[-48.727027,-22.059889],[-48.727611,-22.061713],[-48.726404,-22.065432],[-48.726333,-22.066414],[-48.727752,-22.067227],[-48.728703,-22.067363],[-48.729735,-22.068396],[-48.740948,-22.07479],[-48.741873,-22.073389],[-48.742997,-22.074105]]}},{"type":"Feature","properties":{"id_backbone":"BB-6636F7B74D98","trecho":"BRS.BR-SRR.MC","cluster":"SAO JOSE DO RIO PRETO","cabo":"F-0042","capacidade":"72","extensao_km":93.964,"confianca":"ALTA","fonte":"OSRM/OpenStreetMap","ponta_a":"BRS.BR","municipio_a":"BARRETOS","ponta_b":"SRR.MC","municipio_b":"SAO JOSE DO RIO PRETO"},"geometry":{"type":"LineString","coordinates":[[-48.567812,-20.558866],[-48.567008,-20.560061],[-48.572744,-20.563414],[-48.573573,-20.563926],[-48.573614,-20.564096],[-48.578009,-20.563123],[-48.579594,-20.562632],[-48.584124,-20.560084],[-48.588179,-20.557444],[-48.588533,-20.557315],[-48.588886,-20.557518],[-48.589293,-20.557321],[-48.590416,-20.554495],[-48.590818,-20.553049],[-48.591405,-20.551921],[-48.597733,-20.530863],[-48.597576,-20.530197],[-48.596438,-20.529575],[-48.596011,-20.529638],[-48.595848,-20.530031],[-48.596569,-20.53061],[-48.642984,-20.555789],[-48.725347,-20.600036],[-48.72763,-20.601074],[-48.751238,-20.61028],[-48.753116,-20.611336],[-48.758354,-20.614823],[-48.759685,-20.615521],[-48.766972,-20.620577],[-48.768438,-20.621395],[-48.770517,-20.622279],[-48.772596,-20.622858],[-48.790504,-20.626527],[-48.793575,-20.627562],[-48.79832,-20.629637],[-48.800661,-20.630315],[-48.802909,-20.630642],[-48.80897,-20.63094],[-48.811023,-20.631366],[-48.813179,-20.632133],[-48.814691,-20.632941],[-48.874397,-20.669911],[-48.880946,-20.673708],[-48.925695,-20.69461],[-48.937769,-20.700122],[-48.943763,-20.702462],[-48.947969,-20.70372],[-48.993178,-20.715018],[-48.994231,-20.715124],[-48.999959,-20.716548],[-49.001387,-20.717109],[-49.023905,-20.722714],[-49.025013,-20.722856],[-49.03048,-20.724202],[-49.031772,-20.724698],[-49.10399,-20.742731],[-49.139361,-20.751519],[-49.140713,-20.751705],[-49.146303,-20.753254],[-49.162494,-20.757267],[-49.169053,-20.758878],[-49.17054,-20.75909],[-49.18453,-20.762747],[-49.18983,-20.763896],[-49.19117,-20.764403],[-49.202611,-20.76727],[-49.215773,-20.770535],[-49.218593,-20.771063],[-49.29942,-20.7913],[-49.333376,-20.799522],[-49.33593,-20.800005],[-49.356202,-20.802535],[-49.359602,-20.80312],[-49.358829,-20.798822],[-49.359107,-20.798587],[-49.359269,-20.798718],[-49.364086,-20.799218],[-49.366965,-20.801171],[-49.367951,-20.800304],[-49.368445,-20.800782],[-49.367638,-20.801537]]}},{"type":"Feature","properties":{"id_backbone":"BB-ED38A89E4061","trecho":"BRS.PQ-BRS.RD","cluster":"SAO JOSE DO RIO PRETO","cabo":"TR-0005","capacidade":"6","extensao_km":7.658,"confianca":"ALTA","fonte":"OSRM/OpenStreetMap","ponta_a":"BRS.PQ","municipio_a":"BARRETOS","ponta_b":"BRS.RD","municipio_b":"BARRETOS"},"geometry":{"type":"LineString","coordinates":[[-48.597647,-20.505701],[-48.597686,-20.507174],[-48.597459,-20.507663],[-48.601465,-20.507363],[-48.601719,-20.507206],[-48.60187,-20.507399],[-48.601768,-20.508493],[-48.602076,-20.508892],[-48.60256,-20.508965],[-48.603756,-20.508699],[-48.604444,-20.508974],[-48.604948,-20.508827],[-48.605092,-20.509035],[-48.604472,-20.509474],[-48.603387,-20.512368],[-48.592037,-20.550624],[-48.589344,-20.55882],[-48.58956,-20.558878],[-48.589763,-20.558669],[-48.589589,-20.558148],[-48.588552,-20.557703],[-48.588208,-20.557751],[-48.588076,-20.557354],[-48.587376,-20.556922],[-48.586911,-20.557672],[-48.585844,-20.557083]]}},{"type":"Feature","properties":{"id_backbone":"BB-98AB02B069A9","trecho":"BRU.AC-GUNS.GA","cluster":"BAURU","cabo":"F-0155-01","capacidade":"12","extensao_km":24.222,"confianca":"ALTA","fonte":"OSRM/OpenStreetMap","ponta_a":"BRU.AC","municipio_a":"BAURU","ponta_b":"GUNS.GA","municipio_b":"PEDERNEIRAS"},"geometry":{"type":"LineString","coordinates":[[-49.067312,-22.328003],[-49.067411,-22.327657],[-49.068397,-22.327903],[-49.068126,-22.328863],[-49.05733,-22.326236],[-49.05241,-22.325367],[-49.04788,-22.339937],[-49.047938,-22.340578],[-49.048459,-22.340648],[-49.048701,-22.340403],[-49.048707,-22.340065],[-49.048108,-22.339676],[-49.044612,-22.338905],[-49.043763,-22.338553],[-49.040811,-22.337881],[-49.032569,-22.335515],[-49.031025,-22.335436],[-49.029058,-22.336909],[-49.028803,-22.337341],[-49.028369,-22.337442],[-49.023994,-22.3408],[-49.023774,-22.341464],[-49.023063,-22.341521],[-49.022569,-22.341865],[-49.0226,-22.342222],[-49.022372,-22.342338],[-49.022162,-22.342099],[-49.022348,-22.341681],[-49.020459,-22.339202],[-49.001715,-22.317928],[-49.000364,-22.316918],[-48.999506,-22.316609],[-48.998313,-22.316461],[-48.90313,-22.333666],[-48.902072,-22.333989],[-48.901119,-22.334897],[-48.900444,-22.335089],[-48.899874,-22.334865],[-48.899394,-22.333586],[-48.898154,-22.332671],[-48.897762,-22.331952],[-48.892639,-22.314654],[-48.891931,-22.309243]]}},{"type":"Feature","properties":{"id_backbone":"BB-0AC07937E6B2","trecho":"BRU.AC-BRU.IN","cluster":"BAURU","cabo":"F-0104-02","capacidade":"12","extensao_km":4.059,"confianca":"ALTA","fonte":"OSRM/OpenStreetMap","ponta_a":"BRU.AC","municipio_a":"BAURU","ponta_b":"BRU.IN","municipio_b":"BAURU"},"geometry":{"type":"LineString","coordinates":[[-49.067312,-22.328003],[-49.067411,-22.327657],[-49.068397,-22.327903],[-49.068144,-22.3288],[-49.076099,-22.330749],[-49.084003,-22.332241],[-49.084723,-22.332232],[-49.085504,-22.332072],[-49.085725,-22.33185],[-49.08632,-22.331887],[-49.087569,-22.331564],[-49.08755,-22.331818],[-49.086803,-22.331878],[-49.086744,-22.332067],[-49.088114,-22.334151],[-49.087807,-22.334761],[-49.09022,-22.338447],[-49.093556,-22.342165],[-49.094017,-22.343656],[-49.094747,-22.343818]]}},{"type":"Feature","properties":{"id_backbone":"BB-3F151D66EEA7","trecho":"BRU.AC-BRU.NH","cluster":"BAURU","cabo":"F-0109-00","capacidade":"24","extensao_km":1.171,"confianca":"ALTA","fonte":"OSRM/OpenStreetMap","ponta_a":"BRU.AC","municipio_a":"BAURU","ponta_b":"BRU.NH","municipio_b":"BAURU"},"geometry":{"type":"LineString","coordinates":[[-49.067312,-22.328003],[-49.069572,-22.319999],[-49.068586,-22.319752],[-49.068341,-22.320627],[-49.068799,-22.320742]]}},{"type":"Feature","properties":{"id_backbone":"BB-AF6E63F23A54","trecho":"BRU.AC-BRU.RAG","cluster":"BAURU","cabo":"F-0205","capacidade":"12","extensao_km":3.042,"confianca":"BAIXA","fonte":"OSRM/OpenStreetMap","ponta_a":"BRU.AC","municipio_a":"BAURU","ponta_b":"BRU.RAG","municipio_b":"BAURU"},"geometry":{"type":"LineString","coordinates":[[-49.067312,-22.328003],[-49.067411,-22.327657],[-49.068397,-22.327903],[-49.068126,-22.328863],[-49.05733,-22.326236],[-49.052684,-22.325399],[-49.051414,-22.325319],[-49.051076,-22.327102],[-49.050144,-22.326959],[-49.050158,-22.327722],[-49.048653,-22.332717],[-49.04921,-22.332867]]}},{"type":"Feature","properties":{"id_backbone":"BB-4ADCEFD3147D","trecho":"BRU.IN-PIA.RG","cluster":"BAURU","cabo":"F-0133","capacidade":"36","extensao_km":9.302,"confianca":"ALTA","fonte":"OSRM/OpenStreetMap","ponta_a":"BRU.IN","municipio_a":"BAURU","ponta_b":"PIA.RG","municipio_b":"PIRATININGA"},"geometry":{"type":"LineString","coordinates":[[-49.094747,-22.343818],[-49.095091,-22.343895],[-49.104389,-22.354475],[-49.107463,-22.363995],[-49.108422,-22.365455],[-49.10984,-22.366469],[-49.120337,-22.371243],[-49.123222,-22.373104],[-49.124039,-22.373927],[-49.124391,-22.375226],[-49.124633,-22.37996],[-49.12482,-22.380817],[-49.125451,-22.381892],[-49.125507,-22.38267],[-49.13139,-22.397785],[-49.13063,-22.4058],[-49.130633,-22.406352],[-49.130833,-22.406842],[-49.130728,-22.407019],[-49.130803,-22.40842],[-49.129809,-22.410412],[-49.133084,-22.411829]]}},{"type":"Feature","properties":{"id_backbone":"BB-4EF9F1176F60","trecho":"BRU.VA-TIBI.TB","cluster":"BAURU","cabo":"F-0110-00","capacidade":"12","extensao_km":21.803,"confianca":"ALTA","fonte":"OSRM/OpenStreetMap","ponta_a":"BRU.VA","municipio_a":"BAURU","ponta_b":"TIBI.TB","municipio_b":"BAURU"},"geometry":{"type":"LineString","coordinates":[[-49.067483,-22.301363],[-49.069052,-22.29943],[-49.070431,-22.298121],[-49.070064,-22.29644],[-49.070752,-22.29499],[-49.072354,-22.294038],[-49.07551,-22.291325],[-49.096836,-22.272795],[-49.104633,-22.265785],[-49.105642,-22.264773],[-49.107946,-22.261116],[-49.109083,-22.259716],[-49.115515,-22.253997],[-49.117707,-22.252357],[-49.125809,-22.247334],[-49.1579,-22.229414],[-49.160043,-22.227401],[-49.167181,-22.219136],[-49.168373,-22.217962],[-49.170266,-22.216655],[-49.178097,-22.21188],[-49.179823,-22.210493],[-49.18174,-22.207789],[-49.182563,-22.205461],[-49.182792,-22.205519],[-49.182856,-22.205833],[-49.183616,-22.20609],[-49.183714,-22.206546],[-49.19109,-22.212678],[-49.195451,-22.215795],[-49.201149,-22.22108],[-49.202873,-22.2238],[-49.209226,-22.228401],[-49.210387,-22.229671],[-49.211946,-22.231814],[-49.214054,-22.233838],[-49.215018,-22.234459],[-49.216015,-22.234687],[-49.220863,-22.234074],[-49.221245,-22.236266]]}},{"type":"Feature","properties":{"id_backbone":"BB-C447C8083B44","trecho":"BSS.VA-PRC.SG","cluster":"JUNDIAI","cabo":"F-0549","capacidade":"48","extensao_km":18.942,"confianca":"SEM_REFERENCIA","fonte":"OSRM/OpenStreetMap","ponta_a":"BSS.VA","municipio_a":"BOM JESUS DOS PERDOES","ponta_b":"PRC.SG","municipio_b":"PIRACAIA"},"geometry":{"type":"LineString","coordinates":[[-46.46289,-23.139012],[-46.462297,-23.138588],[-46.464721,-23.135414],[-46.461459,-23.133222],[-46.462276,-23.132032],[-46.462227,-23.131778],[-46.461629,-23.131436],[-46.461334,-23.131496],[-46.461286,-23.131205],[-46.461845,-23.131179],[-46.463412,-23.129942],[-46.474504,-23.12044],[-46.479104,-23.117425],[-46.482513,-23.115744],[-46.482683,-23.115503],[-46.482563,-23.115192],[-46.471288,-23.110316],[-46.462979,-23.105848],[-46.43911,-23.094435],[-46.437477,-23.093974],[-46.428555,-23.093076],[-46.414812,-23.088723],[-46.413487,-23.088045],[-46.410828,-23.085756],[-46.408885,-23.084611],[-46.39928,-23.081326],[-46.397541,-23.08018],[-46.389895,-23.072574],[-46.388892,-23.071806],[-46.386842,-23.071033],[-46.38184,-23.070629],[-46.380503,-23.070198],[-46.379541,-23.069666],[-46.374951,-23.065982],[-46.36795,-23.059989],[-46.367351,-23.05967],[-46.365837,-23.058282],[-46.364206,-23.056555],[-46.362537,-23.053973],[-46.361644,-23.054403],[-46.360157,-23.054465],[-46.36017,-23.054947],[-46.359101,-23.055012]]}},{"type":"Feature","properties":{"id_backbone":"BB-74F823228CD7","trecho":"BTA.FP-LUDS.LD","cluster":"ARACATUBA","cabo":"F-0043","capacidade":"12","extensao_km":14.051,"confianca":"ALTA","fonte":"OSRM/OpenStreetMap","ponta_a":"BTA.FP","municipio_a":"BURITAMA","ponta_b":"LUDS.LD","municipio_b":"LOURDES"},"geometry":{"type":"LineString","coordinates":[[-50.150928,-21.06435],[-50.149659,-21.060548],[-50.150585,-21.060237],[-50.153584,-21.058435],[-50.155367,-21.057775],[-50.157136,-21.05632],[-50.157999,-21.053433],[-50.158994,-21.051147],[-50.160935,-21.048147],[-50.163768,-21.042756],[-50.16423,-21.042221],[-50.165314,-21.041567],[-50.165978,-21.040958],[-50.169775,-21.035758],[-50.174271,-21.030064],[-50.17673,-21.025946],[-50.176774,-21.025484],[-50.177363,-21.025093],[-50.177383,-21.024686],[-50.180566,-21.022143],[-50.181416,-21.021853],[-50.185355,-21.021254],[-50.186234,-21.020844],[-50.187021,-21.020054],[-50.198758,-21.000428],[-50.20068,-20.994653],[-50.211008,-20.977597],[-50.211422,-20.977196],[-50.211992,-20.976932],[-50.221128,-20.975318],[-50.222332,-20.974813],[-50.2235,-20.973638],[-50.222266,-20.97276],[-50.223386,-20.970386],[-50.22374,-20.968818]]}},{"type":"Feature","properties":{"id_backbone":"BB-F60BEBC3F81D","trecho":"BTU.JP-BTU.RD","cluster":"BAURU","cabo":"F-0130-00","capacidade":"36","extensao_km":2.758,"confianca":"MEDIA","fonte":"OSRM/OpenStreetMap","ponta_a":"BTU.JP","municipio_a":"BOTUCATU","ponta_b":"BTU.RD","municipio_b":"BOTUCATU"},"geometry":{"type":"LineString","coordinates":[[-48.436035,-22.888069],[-48.435379,-22.889509],[-48.43556,-22.892468],[-48.442007,-22.892029],[-48.442674,-22.900735],[-48.448116,-22.900283],[-48.447902,-22.899735]]}},{"type":"Feature","properties":{"id_backbone":"BB-73557E11CCD2","trecho":"BTV.AB-SOC.CR","cluster":"SOROCABA","cabo":"F-0011A","capacidade":"6","extensao_km":42.685,"confianca":"ALTA","fonte":"OSRM/OpenStreetMap","ponta_a":"BTV.AB","municipio_a":"BOITUVA","ponta_b":"SOC.CR","municipio_b":"SOROCABA"},"geometry":{"type":"LineString","coordinates":[[-47.6715,-23.2846],[-47.669824,-23.284149],[-47.669591,-23.284862],[-47.674503,-23.28616],[-47.674796,-23.286485],[-47.678929,-23.288611],[-47.679627,-23.291452],[-47.680003,-23.291801],[-47.679931,-23.292413],[-47.680411,-23.29595],[-47.678174,-23.297081],[-47.678033,-23.297457],[-47.679224,-23.298555],[-47.680725,-23.298192],[-47.680793,-23.297824],[-47.680497,-23.297572],[-47.678636,-23.297874],[-47.664419,-23.301762],[-47.660672,-23.303163],[-47.657394,-23.304902],[-47.640351,-23.316063],[-47.638612,-23.31694],[-47.636996,-23.317477],[-47.634731,-23.317816],[-47.584825,-23.320153],[-47.582018,-23.320437],[-47.579969,-23.320879],[-47.57674,-23.322037],[-47.533084,-23.342672],[-47.53231,-23.343154],[-47.529577,-23.345737],[-47.529393,-23.346348],[-47.529428,-23.348797],[-47.529807,-23.351495],[-47.530533,-23.353589],[-47.533857,-23.360796],[-47.534323,-23.362857],[-47.534344,-23.365078],[-47.534008,-23.366795],[-47.533152,-23.369117],[-47.531686,-23.371168],[-47.530024,-23.37251],[-47.519193,-23.37992],[-47.517937,-23.381261],[-47.517196,-23.382343],[-47.516709,-23.383273],[-47.516234,-23.384858],[-47.515882,-23.394037],[-47.516084,-23.398599],[-47.516405,-23.39983],[-47.519968,-23.406939],[-47.520521,-23.408568],[-47.520712,-23.410063],[-47.520657,-23.416959],[-47.520808,-23.417903],[-47.520552,-23.419315],[-47.51922,-23.422149],[-47.517378,-23.427166],[-47.515932,-23.433364],[-47.515987,-23.434013],[-47.516722,-23.434916],[-47.516835,-23.435625],[-47.516176,-23.438035],[-47.516032,-23.439181],[-47.515556,-23.440145],[-47.515195,-23.441407],[-47.514432,-23.444933],[-47.513707,-23.449296],[-47.513958,-23.450287],[-47.513823,-23.450543],[-47.512742,-23.451161],[-47.510973,-23.452652],[-47.509842,-23.453051],[-47.507675,-23.453443],[-47.505943,-23.454576],[-47.498032,-23.463131],[-47.497711,-23.46365],[-47.497201,-23.464017],[-47.495061,-23.466339],[-47.49453,-23.467243],[-47.493471,-23.468089],[-47.482793,-23.479729],[-47.478943,-23.481284],[-47.48031,-23.483273],[-47.48224,-23.486662],[-47.481181,-23.487239],[-47.480736,-23.487801],[-47.481855,-23.489433],[-47.481811,-23.489817],[-47.481522,-23.490201],[-47.482365,-23.491134],[-47.482801,-23.491305],[-47.486038,-23.491291],[-47.486231,-23.491497],[-47.481571,-23.49574],[-47.481434,-23.496024],[-47.481449,-23.496448],[-47.482,-23.497305],[-47.48248,-23.498977],[-47.481848,-23.50139],[-47.481935,-23.50241],[-47.481704,-23.503041],[-47.482334,-23.503463],[-47.481756,-23.505413],[-47.4846,-23.507796],[-47.488469,-23.510371],[-47.488749,-23.510838],[-47.489228,-23.514193],[-47.488655,-23.51089]]}},{"type":"Feature","properties":{"id_backbone":"BB-95550F6AA864","trecho":"BYT.PT-SRR.RD","cluster":"SAO JOSE DO RIO PRETO","cabo":"F-0041","capacidade":"24","extensao_km":11.461,"confianca":"SEM_REFERENCIA","fonte":"OSRM/OpenStreetMap","ponta_a":"BYT.PT","municipio_a":"BADY BASSITT","ponta_b":"SRR.RD","municipio_b":"SAO JOSE DO RIO PRETO"},"geometry":{"type":"LineString","coordinates":[[-49.446505,-20.917135],[-49.446008,-20.917291],[-49.445266,-20.915525],[-49.441929,-20.905552],[-49.439996,-20.899181],[-49.439633,-20.898765],[-49.439492,-20.898292],[-49.433949,-20.894323],[-49.431948,-20.892384],[-49.419127,-20.875188],[-49.408968,-20.86121],[-49.40577,-20.857323],[-49.405236,-20.857115],[-49.404562,-20.857277],[-49.404179,-20.857021],[-49.404131,-20.856725],[-49.404281,-20.856461],[-49.404804,-20.856355],[-49.405306,-20.85577],[-49.405365,-20.855136],[-49.404893,-20.854346],[-49.404535,-20.852696],[-49.404592,-20.852177],[-49.403855,-20.849339],[-49.40277,-20.846132],[-49.40274,-20.84483],[-49.402433,-20.844311],[-49.402582,-20.844112],[-49.399797,-20.833687],[-49.399578,-20.833079],[-49.395991,-20.833861]]}},{"type":"Feature","properties":{"id_backbone":"BB-5D67EDF3F42D","trecho":"CAEM.CE-PAG.GO","cluster":"CAMPINAS","cabo":"F-0101","capacidade":"24","extensao_km":11.562,"confianca":"MEDIA","fonte":"OSRM/OpenStreetMap","ponta_a":"CAEM.CE","municipio_a":"PIRASSUNUNGA","ponta_b":"PAG.GO","municipio_b":"PIRASSUNUNGA"},"geometry":{"type":"LineString","coordinates":[[-47.369988,-21.935041],[-47.36779,-21.933374],[-47.36654,-21.929532],[-47.368795,-21.929526],[-47.369551,-21.929215],[-47.369843,-21.929274],[-47.370077,-21.929535],[-47.369207,-21.928031],[-47.369252,-21.927801],[-47.369532,-21.927658],[-47.36986,-21.927915],[-47.370274,-21.929691],[-47.370465,-21.929865],[-47.370971,-21.929831],[-47.371184,-21.929992],[-47.370789,-21.930949],[-47.370844,-21.93163],[-47.37341,-21.939168],[-47.373976,-21.940449],[-47.38386,-21.954203],[-47.385522,-21.955705],[-47.392938,-21.960686],[-47.399453,-21.966534],[-47.407185,-21.972214],[-47.408472,-21.973779],[-47.411152,-21.979425],[-47.415037,-21.984364],[-47.41587,-21.985342],[-47.417222,-21.986447],[-47.418396,-21.987093],[-47.420548,-21.988636],[-47.421756,-21.989822],[-47.422658,-21.991367],[-47.424945,-21.996083],[-47.428301,-21.996496]]}},{"type":"Feature","properties":{"id_backbone":"BB-B7BFBAD6E962","trecho":"CAHO.CH-PRC.SG","cluster":"JUNDIAI","cabo":"F-0686","capacidade":"12","extensao_km":10.908,"confianca":"SEM_REFERENCIA","fonte":"OSRM/OpenStreetMap","ponta_a":"CAHO.CH","municipio_a":"PIRACAIA","ponta_b":"PRC.SG","municipio_b":"PIRACAIA"},"geometry":{"type":"LineString","coordinates":[[-46.439461,-23.088255],[-46.440096,-23.088886],[-46.440231,-23.089693],[-46.439437,-23.091689],[-46.439315,-23.09263],[-46.439491,-23.092999],[-46.440041,-23.093448],[-46.440556,-23.094842],[-46.44102,-23.095155],[-46.440865,-23.095276],[-46.43911,-23.094435],[-46.437477,-23.093974],[-46.428555,-23.093076],[-46.414353,-23.088555],[-46.413487,-23.088045],[-46.410828,-23.085756],[-46.408885,-23.084611],[-46.400049,-23.08161],[-46.398308,-23.080797],[-46.389895,-23.072574],[-46.388371,-23.071516],[-46.386379,-23.070963],[-46.38184,-23.070629],[-46.380503,-23.070198],[-46.379541,-23.069666],[-46.374951,-23.065982],[-46.36795,-23.059989],[-46.367351,-23.05967],[-46.365837,-23.058282],[-46.364206,-23.056555],[-46.362537,-23.053973],[-46.361644,-23.054403],[-46.360157,-23.054465],[-46.36017,-23.054947],[-46.359101,-23.055012]]}},{"type":"Feature","properties":{"id_backbone":"BB-2E52B6927099","trecho":"CAS.AM-CAS.SG","cluster":"CAMPINAS","cabo":"F-0213","capacidade":"36","extensao_km":6.585,"confianca":"MEDIA","fonte":"OSRM/OpenStreetMap","ponta_a":"CAS.AM","municipio_a":"CAMPINAS","ponta_b":"CAS.SG","municipio_b":"CAMPINAS"},"geometry":{"type":"LineString","coordinates":[[-47.109515,-22.855487],[-47.109925,-22.855088],[-47.110451,-22.855532],[-47.112703,-22.853455],[-47.113309,-22.852616],[-47.113277,-22.852211],[-47.113058,-22.851904],[-47.112221,-22.851526],[-47.091057,-22.847157],[-47.082994,-22.846037],[-47.081875,-22.845984],[-47.081196,-22.846128],[-47.078216,-22.84803],[-47.077623,-22.848899],[-47.073042,-22.85749],[-47.072938,-22.85742],[-47.074114,-22.854984],[-47.074073,-22.85464],[-47.068177,-22.852041]]}},{"type":"Feature","properties":{"id_backbone":"BB-2829A26E355E","trecho":"CAS.BE-CAS.CB","cluster":"CAMPINAS","cabo":"F-0080","capacidade":"24","extensao_km":4.051,"confianca":"ALTA","fonte":"OSRM/OpenStreetMap","ponta_a":"CAS.BE","municipio_a":"CAMPINAS","ponta_b":"CAS.CB","municipio_b":"CAMPINAS"},"geometry":{"type":"LineString","coordinates":[[-47.023603,-22.875805],[-47.023524,-22.876079],[-47.02409,-22.876141],[-47.024107,-22.877287],[-47.024252,-22.877623],[-47.024083,-22.878077],[-47.02474,-22.880773],[-47.024951,-22.881052],[-47.025255,-22.881272],[-47.025674,-22.881296],[-47.026632,-22.880534],[-47.027165,-22.880389],[-47.028377,-22.880912],[-47.029536,-22.8811],[-47.030268,-22.882144],[-47.028859,-22.883224],[-47.030143,-22.884167],[-47.03128,-22.884232],[-47.032029,-22.884692],[-47.031013,-22.886155],[-47.030984,-22.886804],[-47.031298,-22.887479],[-47.033061,-22.88945],[-47.033694,-22.889717],[-47.03931,-22.890308],[-47.040436,-22.890574],[-47.040977,-22.891178],[-47.041204,-22.892287],[-47.04083,-22.893274],[-47.040977,-22.893913],[-47.040036,-22.895108],[-47.040687,-22.895521],[-47.041063,-22.894883]]}},{"type":"Feature","properties":{"id_backbone":"BB-B666DCE1F611","trecho":"CAS.BG-CAS.TQ","cluster":"CAMPINAS","cabo":"F-0181","capacidade":"36","extensao_km":8.775,"confianca":"BAIXA","fonte":"OSRM/OpenStreetMap","ponta_a":"CAS.BG","municipio_a":"CAMPINAS","ponta_b":"CAS.TQ","municipio_b":"CAMPINAS"},"geometry":{"type":"LineString","coordinates":[[-47.077057,-22.824569],[-47.077983,-22.823455],[-47.07287,-22.818549],[-47.072582,-22.818736],[-47.071951,-22.819841],[-47.07003,-22.821857],[-47.069903,-22.822163],[-47.066794,-22.825428],[-47.066807,-22.825628],[-47.067703,-22.826097],[-47.067684,-22.82687],[-47.067501,-22.827315],[-47.063895,-22.83109],[-47.061156,-22.832674],[-47.060869,-22.833278],[-47.063535,-22.836208],[-47.063806,-22.836781],[-47.063735,-22.837375],[-47.062724,-22.839921],[-47.06226,-22.842561],[-47.062152,-22.843813],[-47.062466,-22.844086],[-47.062796,-22.844035],[-47.062913,-22.843581],[-47.062227,-22.843238],[-47.053536,-22.842285],[-47.051241,-22.842601],[-47.046272,-22.843986],[-47.041547,-22.844436],[-47.040695,-22.844773],[-47.040399,-22.84525],[-47.04045,-22.845945],[-47.041448,-22.847522],[-47.044324,-22.855106],[-47.044597,-22.85621],[-47.044756,-22.856291],[-47.046143,-22.855954],[-47.045565,-22.85367],[-47.044899,-22.853813]]}},{"type":"Feature","properties":{"id_backbone":"BB-D61AE93D90D8","trecho":"CAS.BV-CAS.CL","cluster":"CAMPINAS","cabo":"F-0130","capacidade":"36","extensao_km":8.289,"confianca":"MEDIA","fonte":"OSRM/OpenStreetMap","ponta_a":"CAS.BV","municipio_a":"CAMPINAS","ponta_b":"CAS.CL","municipio_b":"CAMPINAS"},"geometry":{"type":"LineString","coordinates":[[-47.123765,-22.884257],[-47.124232,-22.88381],[-47.124448,-22.883831],[-47.124543,-22.884014],[-47.12629,-22.882994],[-47.123623,-22.879141],[-47.121034,-22.877662],[-47.119688,-22.878657],[-47.118448,-22.879837],[-47.117113,-22.881324],[-47.115716,-22.883246],[-47.114328,-22.88585],[-47.113301,-22.888436],[-47.110211,-22.898001],[-47.109243,-22.901729],[-47.108724,-22.90298],[-47.107754,-22.904488],[-47.101261,-22.911898],[-47.10072,-22.912718],[-47.100765,-22.913236],[-47.101224,-22.913983],[-47.101743,-22.91447],[-47.102186,-22.914627],[-47.104484,-22.913201],[-47.104826,-22.913211],[-47.104893,-22.913521],[-47.104301,-22.913912],[-47.103771,-22.914008],[-47.101305,-22.91553],[-47.10019,-22.916496],[-47.099983,-22.918],[-47.097632,-22.925332],[-47.097555,-22.925994],[-47.097837,-22.926636],[-47.096478,-22.927518],[-47.096051,-22.926962]]}},{"type":"Feature","properties":{"id_backbone":"BB-8D9637F754A9","trecho":"CAS.CB-CAS.MD","cluster":"CAMPINAS","cabo":"F-0007","capacidade":"6","extensao_km":13.526,"confianca":"SEM_REFERENCIA","fonte":"OSRM/OpenStreetMap","ponta_a":"CAS.CB","municipio_a":"CAMPINAS","ponta_b":"CAS.MD","municipio_b":"CAMPINAS"},"geometry":{"type":"LineString","coordinates":[[-47.041063,-22.894883],[-47.041309,-22.894439],[-47.04076,-22.893825],[-47.040744,-22.893099],[-47.040864,-22.893137],[-47.040875,-22.893732],[-47.041322,-22.894268],[-47.041838,-22.893227],[-47.041655,-22.892836],[-47.042685,-22.891081],[-47.0434,-22.889583],[-47.04337,-22.889381],[-47.044553,-22.888159],[-47.04397,-22.885738],[-47.042441,-22.884725],[-47.042029,-22.88405],[-47.042512,-22.881572],[-47.04333,-22.880604],[-47.043076,-22.879112],[-47.043147,-22.878404],[-47.043741,-22.877316],[-47.045811,-22.875963],[-47.046165,-22.875283],[-47.04483,-22.871193],[-47.043441,-22.864306],[-47.044167,-22.857421],[-47.044054,-22.855589],[-47.043727,-22.854173],[-47.041331,-22.847588],[-47.040295,-22.846114],[-47.038823,-22.844809],[-47.037137,-22.842282],[-47.035946,-22.839693],[-47.033353,-22.834778],[-47.032837,-22.833319],[-47.032711,-22.831181],[-47.033116,-22.829325],[-47.033933,-22.827674],[-47.036867,-22.823889],[-47.037292,-22.82251],[-47.037259,-22.821548],[-47.036555,-22.818175],[-47.033182,-22.806906],[-47.03189,-22.793211],[-47.031292,-22.790292],[-47.030355,-22.788084],[-47.029843,-22.787638],[-47.029532,-22.787666],[-47.028052,-22.788481],[-47.02792,-22.78874],[-47.026825,-22.789462]]}},{"type":"Feature","properties":{"id_backbone":"BB-8C31938995DD","trecho":"CAS.CB-CAS.CL","cluster":"CAMPINAS","cabo":"F-0255","capacidade":"72","extensao_km":9.035,"confianca":"BAIXA","fonte":"OSRM/OpenStreetMap","ponta_a":"CAS.CB","municipio_a":"CAMPINAS","ponta_b":"CAS.CL","municipio_b":"CAMPINAS"},"geometry":{"type":"LineString","coordinates":[[-47.041063,-22.894883],[-47.041309,-22.894439],[-47.04076,-22.893825],[-47.040782,-22.893086],[-47.040977,-22.893913],[-47.041996,-22.894946],[-47.043427,-22.898409],[-47.043759,-22.898491],[-47.043867,-22.898682],[-47.04375,-22.898981],[-47.043341,-22.899171],[-47.042569,-22.900901],[-47.044539,-22.901886],[-47.045592,-22.901963],[-47.047887,-22.902975],[-47.048782,-22.903265],[-47.049021,-22.903143],[-47.049149,-22.903283],[-47.049014,-22.903474],[-47.049088,-22.904152],[-47.049596,-22.903751],[-47.050024,-22.903795],[-47.050586,-22.907422],[-47.051138,-22.908624],[-47.058643,-22.911912],[-47.059,-22.912564],[-47.059062,-22.913891],[-47.05947,-22.915222],[-47.06026,-22.916331],[-47.061392,-22.917404],[-47.062075,-22.917676],[-47.064494,-22.918088],[-47.06971,-22.916228],[-47.078186,-22.922051],[-47.081746,-22.925384],[-47.083749,-22.928625],[-47.085725,-22.929881],[-47.089355,-22.930449],[-47.094601,-22.930551],[-47.096171,-22.929793],[-47.097563,-22.928896],[-47.096051,-22.926962]]}},{"type":"Feature","properties":{"id_backbone":"BB-7878AB5B20D3","trecho":"CAS.CE-SPO.LP","cluster":"CAMPINAS","cabo":"F-1143","capacidade":"108","extensao_km":89.276,"confianca":"SEM_REFERENCIA","fonte":"OSRM/OpenStreetMap","ponta_a":"CAS.CE","municipio_a":"CAMPINAS","ponta_b":"SPO.LP","municipio_b":"SAO PAULO"},"geometry":{"type":"LineString","coordinates":[[-47.061994,-22.903653],[-47.062174,-22.903309],[-47.064836,-22.904553],[-47.062784,-22.908141],[-47.062768,-22.908516],[-47.06333,-22.908894],[-47.063485,-22.909266],[-47.063227,-22.909596],[-47.062729,-22.909788],[-47.062664,-22.910002],[-47.06802,-22.926628],[-47.07068,-22.930735],[-47.072093,-22.931961],[-47.073225,-22.93258],[-47.07498,-22.933247],[-47.079705,-22.934053],[-47.081387,-22.934626],[-47.08366,-22.935988],[-47.085428,-22.937836],[-47.089142,-22.945202],[-47.093085,-22.953654],[-47.095368,-22.958031],[-47.098612,-22.963333],[-47.100484,-22.967076],[-47.101739,-22.970534],[-47.104803,-22.980798],[-47.105478,-22.982603],[-47.107251,-22.988898],[-47.108002,-22.989963],[-47.109608,-22.991009],[-47.110074,-22.991474],[-47.110559,-22.992766],[-47.110513,-22.993459],[-47.110225,-22.994268],[-47.109619,-22.995024],[-47.108857,-22.995533],[-47.105458,-22.996455],[-47.103898,-22.997512],[-47.102306,-22.998943],[-47.09647,-23.005899],[-47.094929,-23.007434],[-47.085844,-23.013977],[-47.082682,-23.016632],[-47.077312,-23.022638],[-47.076315,-23.024079],[-47.070399,-23.036178],[-47.069556,-23.037666],[-47.068379,-23.039001],[-47.066715,-23.040259],[-47.062308,-23.042624],[-47.060641,-23.043726],[-47.052964,-23.050022],[-47.048562,-23.053999],[-47.044546,-23.058331],[-47.0417,-23.060507],[-47.03138,-23.070105],[-47.030215,-23.071682],[-47.025852,-23.079433],[-47.024285,-23.081945],[-47.018796,-23.08917],[-47.018132,-23.090771],[-47.016933,-23.094689],[-47.016359,-23.095945],[-47.015242,-23.097687],[-47.004887,-23.110175],[-47.003749,-23.111349],[-47.002251,-23.112432],[-46.998963,-23.114193],[-46.99636,-23.11588],[-46.982043,-23.128496],[-46.981369,-23.129361],[-46.980575,-23.130822],[-46.978496,-23.136768],[-46.978081,-23.137572],[-46.976771,-23.139297],[-46.975801,-23.140192],[-46.974629,-23.140984],[-46.964915,-23.146453],[-46.96193,-23.14868],[-46.960739,-23.149812],[-46.954468,-23.156718],[-46.943196,-23.166905],[-46.940614,-23.169624],[-46.937894,-23.173541],[-46.93634,-23.176613],[-46.927449,-23.202745],[-46.926238,-23.205888],[-46.92482,-23.208481],[-46.922197,-23.211857],[-46.919627,-23.21423],[-46.892515,-23.234565],[-46.883587,-23.24226],[-46.879788,-23.246828],[-46.878705,-23.247921],[-46.872003,-23.253399],[-46.870863,-23.254498],[-46.869718,-23.256227],[-46.868064,-23.260366],[-46.866861,-23.262072],[-46.865683,-23.263106],[-46.858965,-23.267589],[-46.85752,-23.269079],[-46.855096,-23.272292],[-46.849864,-23.276752],[-46.849106,-23.277908],[-46.848714,-23.279129],[-46.847781,-23.287154],[-46.847448,-23.288818],[-46.846914,-23.290007],[-46.846276,-23.290792],[-46.843111,-23.293621],[-46.842042,-23.294994],[-46.841535,-23.296446],[-46.84094,-23.30132],[-46.840215,-23.303107],[-46.839027,-23.304554],[-46.834229,-23.309284],[-46.832725,-23.310192],[-46.82639,-23.312619],[-46.825262,-23.313567],[-46.824323,-23.314919],[-46.82385,-23.31676],[-46.823757,-23.323105],[-46.823133,-23.334069],[-46.822735,-23.335723],[-46.822119,-23.337296],[-46.821361,-23.338706],[-46.819927,-23.340581],[-46.813127,-23.347347],[-46.809922,-23.34962],[-46.808954,-23.35008],[-46.806996,-23.350637],[-46.799581,-23.351513],[-46.798086,-23.351902],[-46.796131,-23.352838],[-46.792056,-23.355918],[-46.79098,-23.356353],[-46.787786,-23.357221],[-46.786515,-23.357964],[-46.785643,-23.358811],[-46.784715,-23.360454],[-46.784098,-23.363283],[-46.783481,-23.364711],[-46.778353,-23.373257],[-46.777047,-23.374651],[-46.771148,-23.379683],[-46.770564,-23.380471],[-46.769877,-23.381993],[-46.769512,-23.383755],[-46.769116,-23.391369],[-46.768073,-23.400023],[-46.767857,-23.407409],[-46.767455,-23.410494],[-46.767009,-23.412081],[-46.766012,-23.414458],[-46.761712,-23.421868],[-46.761227,-23.423047],[-46.760391,-23.434023],[-46.759954,-23.435363],[-46.757014,-23.441285],[-46.756607,-23.442406],[-46.752368,-23.462548],[-46.751552,-23.464824],[-46.748353,-23.472176],[-46.747505,-23.473494],[-46.74594,-23.474735],[-46.741206,-23.476907],[-46.739972,-23.47793],[-46.738979,-23.47916],[-46.738121,-23.481203],[-46.737219,-23.487515],[-46.73619,-23.489735],[-46.734947,-23.491461],[-46.731371,-23.495213],[-46.727977,-23.500045],[-46.72343,-23.505208],[-46.72222,-23.506797],[-46.721571,-23.507942],[-46.721462,-23.50857],[-46.72164,-23.509459],[-46.722896,-23.511417],[-46.724154,-23.512719],[-46.727115,-23.514493],[-46.731084,-23.516382],[-46.731552,-23.515069],[-46.731496,-23.514779],[-46.730374,-23.514229],[-46.730414,-23.5138],[-46.727798,-23.513247],[-46.72774,-23.513141],[-46.728102,-23.512706],[-46.728086,-23.512387],[-46.727775,-23.512162],[-46.727355,-23.512255],[-46.727014,-23.512828],[-46.725757,-23.517344],[-46.725087,-23.518412],[-46.723555,-23.519449],[-46.719084,-23.521554],[-46.71927,-23.522781],[-46.719056,-23.525602]]}},{"type":"Feature","properties":{"id_backbone":"BB-8686148D2773","trecho":"CAS.CE-CAS.TQ","cluster":"CAMPINAS","cabo":"F-0245","capacidade":"72","extensao_km":7.598,"confianca":"BAIXA","fonte":"OSRM/OpenStreetMap","ponta_a":"CAS.CE","municipio_a":"CAMPINAS","ponta_b":"CAS.TQ","municipio_b":"CAMPINAS"},"geometry":{"type":"LineString","coordinates":[[-47.061994,-22.903653],[-47.062644,-22.902322],[-47.059605,-22.900893],[-47.058201,-22.900326],[-47.055854,-22.899946],[-47.051463,-22.898143],[-47.046985,-22.896972],[-47.047346,-22.893288],[-47.047071,-22.891908],[-47.044686,-22.888527],[-47.04397,-22.885738],[-47.042441,-22.884725],[-47.042052,-22.884195],[-47.042512,-22.881572],[-47.04333,-22.880604],[-47.043076,-22.879112],[-47.043186,-22.878309],[-47.043741,-22.877316],[-47.045811,-22.875963],[-47.046165,-22.875283],[-47.04483,-22.871193],[-47.043441,-22.864306],[-47.044167,-22.857421],[-47.043998,-22.855023],[-47.044274,-22.855001],[-47.044675,-22.856276],[-47.046143,-22.855954],[-47.045565,-22.85367],[-47.044899,-22.853813]]}},{"type":"Feature","properties":{"id_backbone":"BB-3A82EF1B9BB1","trecho":"CAS.CL-CAS.SL","cluster":"CAMPINAS","cabo":"F-0300","capacidade":"36","extensao_km":3.752,"confianca":"MEDIA","fonte":"OSRM/OpenStreetMap","ponta_a":"CAS.CL","municipio_a":"CAMPINAS","ponta_b":"CAS.SL","municipio_b":"CAMPINAS"},"geometry":{"type":"LineString","coordinates":[[-47.096051,-22.926962],[-47.096478,-22.927518],[-47.09436,-22.928945],[-47.09703,-22.931214],[-47.097514,-22.932169],[-47.097241,-22.933483],[-47.09787,-22.935037],[-47.100744,-22.937184],[-47.10299,-22.939166],[-47.104727,-22.939934],[-47.106912,-22.941944],[-47.108439,-22.943112],[-47.109069,-22.943385],[-47.109379,-22.944886],[-47.109187,-22.946934],[-47.109303,-22.947493],[-47.11078,-22.949436],[-47.113056,-22.952029]]}},{"type":"Feature","properties":{"id_backbone":"BB-13DBBBD3D443","trecho":"CAS.CL-CAS.VC","cluster":"CAMPINAS","cabo":"F-0009","capacidade":"12","extensao_km":12.921,"confianca":"SEM_REFERENCIA","fonte":"OSRM/OpenStreetMap","ponta_a":"CAS.CL","municipio_a":"CAMPINAS","ponta_b":"CAS.VC","municipio_b":"CAMPINAS"},"geometry":{"type":"LineString","coordinates":[[-47.096051,-22.926962],[-47.097563,-22.928896],[-47.096452,-22.92962],[-47.096348,-22.930104],[-47.09563,-22.930251],[-47.091032,-22.933063],[-47.090235,-22.933404],[-47.089282,-22.934359],[-47.089015,-22.935184],[-47.087807,-22.941879],[-47.089574,-22.945494],[-47.090699,-22.948569],[-47.093085,-22.953654],[-47.095368,-22.958031],[-47.098612,-22.963333],[-47.100606,-22.967367],[-47.101739,-22.970534],[-47.104803,-22.980798],[-47.105369,-22.98224],[-47.107251,-22.988898],[-47.108002,-22.989963],[-47.109993,-22.99135],[-47.110435,-22.992256],[-47.110559,-22.992766],[-47.110461,-22.993831],[-47.109828,-22.996284],[-47.110164,-22.997994],[-47.114101,-23.006636],[-47.118384,-23.014596],[-47.118306,-23.014951],[-47.117871,-23.015089],[-47.117604,-23.014872],[-47.112172,-23.004453],[-47.111861,-23.004437],[-47.110545,-23.001316],[-47.10934,-23.001761]]}},{"type":"Feature","properties":{"id_backbone":"BB-B2CF62BFBB9F","trecho":"CAS.CT-HORT.SC","cluster":"CAMPINAS","cabo":"F-0177","capacidade":"24","extensao_km":12.65,"confianca":"MEDIA","fonte":"OSRM/OpenStreetMap","ponta_a":"CAS.CT","municipio_a":"CAMPINAS","ponta_b":"HORT.SC","municipio_b":"HORTOLANDIA"},"geometry":{"type":"LineString","coordinates":[[-47.081209,-22.892562],[-47.081208,-22.892243],[-47.081475,-22.892158],[-47.08168,-22.892467],[-47.087332,-22.893924],[-47.088532,-22.89382],[-47.090292,-22.892997],[-47.091214,-22.893095],[-47.092762,-22.893784],[-47.094454,-22.894162],[-47.095825,-22.895038],[-47.096557,-22.896055],[-47.098002,-22.896185],[-47.104756,-22.898365],[-47.10563,-22.898363],[-47.106405,-22.898108],[-47.107147,-22.897654],[-47.108383,-22.896528],[-47.110154,-22.896387],[-47.110998,-22.896787],[-47.111994,-22.898148],[-47.11345,-22.899085],[-47.114664,-22.899484],[-47.115966,-22.899495],[-47.118869,-22.898696],[-47.122012,-22.89687],[-47.122963,-22.896124],[-47.125049,-22.8937],[-47.126286,-22.893016],[-47.127933,-22.892835],[-47.131906,-22.893623],[-47.133291,-22.8935],[-47.146652,-22.886932],[-47.152105,-22.885435],[-47.154329,-22.885212],[-47.156719,-22.885421],[-47.159514,-22.88621],[-47.160966,-22.886996],[-47.165896,-22.890437],[-47.167817,-22.891321],[-47.170462,-22.891862],[-47.178523,-22.892848],[-47.19043,-22.897115],[-47.191176,-22.897082],[-47.192013,-22.897379],[-47.192085,-22.897167]]}},{"type":"Feature","properties":{"id_backbone":"BB-EE746A5D61A1","trecho":"CAS.CT-HORT.HT","cluster":"CAMPINAS","cabo":"F-0010","capacidade":"12","extensao_km":17.181,"confianca":"SEM_REFERENCIA","fonte":"OSRM/OpenStreetMap","ponta_a":"CAS.CT","municipio_a":"CAMPINAS","ponta_b":"HORT.HT","municipio_b":"HORTOLANDIA"},"geometry":{"type":"LineString","coordinates":[[-47.081209,-22.892562],[-47.081208,-22.892243],[-47.081475,-22.892158],[-47.08168,-22.892467],[-47.087332,-22.893924],[-47.088532,-22.89382],[-47.090292,-22.892997],[-47.091214,-22.893095],[-47.092762,-22.893784],[-47.094454,-22.894162],[-47.095825,-22.895038],[-47.096557,-22.896055],[-47.098002,-22.896185],[-47.104756,-22.898365],[-47.10563,-22.898363],[-47.106405,-22.898108],[-47.107147,-22.897654],[-47.108383,-22.896528],[-47.110154,-22.896387],[-47.110998,-22.896787],[-47.111994,-22.898148],[-47.11345,-22.899085],[-47.114664,-22.899484],[-47.115966,-22.899495],[-47.118869,-22.898696],[-47.122012,-22.89687],[-47.122963,-22.896124],[-47.125049,-22.8937],[-47.126286,-22.893016],[-47.127933,-22.892835],[-47.131906,-22.893623],[-47.133291,-22.8935],[-47.146652,-22.886932],[-47.152105,-22.885435],[-47.154329,-22.885212],[-47.156719,-22.885421],[-47.159514,-22.88621],[-47.160966,-22.886996],[-47.165896,-22.890437],[-47.168338,-22.891482],[-47.170462,-22.891862],[-47.177455,-22.892641],[-47.178523,-22.892848],[-47.18428,-22.894932],[-47.18609,-22.895394],[-47.186637,-22.895457],[-47.187529,-22.895163],[-47.188645,-22.89532],[-47.18894,-22.895084],[-47.193336,-22.886663],[-47.195719,-22.882697],[-47.195961,-22.881622],[-47.20083,-22.872555],[-47.202368,-22.86915],[-47.204811,-22.867209],[-47.209245,-22.86405],[-47.212717,-22.86463],[-47.214954,-22.864444],[-47.214873,-22.863765],[-47.215646,-22.863613],[-47.215875,-22.86391]]}},{"type":"Feature","properties":{"id_backbone":"BB-50BB480A6396","trecho":"CAS.CT-CAS.EHK","cluster":"CAMPINAS","cabo":null,"capacidade":"36","extensao_km":0.772,"confianca":"SEM_REFERENCIA","fonte":"OSRM/OpenStreetMap","ponta_a":"CAS.CT","municipio_a":"CAMPINAS","ponta_b":"CAS.EHK","municipio_b":"CAMPINAS"},"geometry":{"type":"LineString","coordinates":[[-47.081209,-22.892562],[-47.081159,-22.892323],[-47.080796,-22.892017],[-47.079447,-22.893378],[-47.080057,-22.894518],[-47.080344,-22.894684],[-47.080291,-22.894953],[-47.081342,-22.896909],[-47.081628,-22.896772]]}},{"type":"Feature","properties":{"id_backbone":"BB-8DFFAF569D7F","trecho":"CAS.IE-CAS.VC","cluster":"CAMPINAS","cabo":"F-0085","capacidade":"72","extensao_km":6.04,"confianca":"ALTA","fonte":"OSRM/OpenStreetMap","ponta_a":"CAS.IE","municipio_a":"CAMPINAS","ponta_b":"CAS.VC","municipio_b":"CAMPINAS"},"geometry":{"type":"LineString","coordinates":[[-47.14488,-23.016168],[-47.143592,-23.016327],[-47.143057,-23.016176],[-47.142535,-23.016367],[-47.142133,-23.016114],[-47.142038,-23.015712],[-47.141128,-23.014631],[-47.140969,-23.014653],[-47.139134,-23.01571],[-47.131157,-23.021404],[-47.129486,-23.022085],[-47.125497,-23.02494],[-47.125133,-23.025521],[-47.125211,-23.025812],[-47.125509,-23.026034],[-47.125897,-23.026038],[-47.126196,-23.0258],[-47.126263,-23.025442],[-47.126066,-23.025053],[-47.118812,-23.016234],[-47.115639,-23.01118],[-47.112172,-23.004453],[-47.111861,-23.004437],[-47.110545,-23.001316],[-47.10934,-23.001761]]}},{"type":"Feature","properties":{"id_backbone":"BB-0FA359A187AB","trecho":"CAS.MD-CAS.TQ","cluster":"CAMPINAS","cabo":"F-0273","capacidade":"72","extensao_km":9.827,"confianca":"MEDIA","fonte":"OSRM/OpenStreetMap","ponta_a":"CAS.MD","municipio_a":"CAMPINAS","ponta_b":"CAS.TQ","municipio_b":"CAMPINAS"},"geometry":{"type":"LineString","coordinates":[[-47.026825,-22.789462],[-47.02792,-22.78874],[-47.028052,-22.788481],[-47.029715,-22.787492],[-47.029626,-22.786877],[-47.029112,-22.786142],[-47.028121,-22.785607],[-47.027968,-22.784933],[-47.028691,-22.784611],[-47.029141,-22.784956],[-47.029128,-22.785698],[-47.030872,-22.788604],[-47.03191,-22.791543],[-47.033361,-22.806797],[-47.03681,-22.81834],[-47.037498,-22.821811],[-47.037411,-22.822941],[-47.037041,-22.82397],[-47.034102,-22.827795],[-47.0333,-22.829381],[-47.032884,-22.831211],[-47.033042,-22.833276],[-47.033534,-22.834691],[-47.03601,-22.839419],[-47.037124,-22.841965],[-47.038963,-22.844711],[-47.040451,-22.846069],[-47.041448,-22.847522],[-47.044324,-22.855106],[-47.044597,-22.85621],[-47.044756,-22.856291],[-47.046143,-22.855954],[-47.045565,-22.85367],[-47.044899,-22.853813]]}},{"type":"Feature","properties":{"id_backbone":"BB-1453F7631792","trecho":"CAS.NA-CAS.TK","cluster":"CAMPINAS","cabo":"F-0006","capacidade":"72","extensao_km":7.512,"confianca":"REJEITADA","fonte":"OSRM/OpenStreetMap","ponta_a":"CAS.NA","municipio_a":"CAMPINAS","ponta_b":"CAS.TK","municipio_b":"CAMPINAS"},"geometry":{"type":"LineString","coordinates":[[-47.149762,-22.863044],[-47.149895,-22.862954],[-47.149764,-22.862734],[-47.149878,-22.862671],[-47.148554,-22.860635],[-47.147977,-22.860562],[-47.148266,-22.860051],[-47.147851,-22.858816],[-47.147411,-22.858946],[-47.146999,-22.85951],[-47.146281,-22.859861],[-47.144591,-22.85988],[-47.143719,-22.860106],[-47.135671,-22.864797],[-47.134707,-22.86574],[-47.133658,-22.867428],[-47.133072,-22.868089],[-47.132231,-22.868612],[-47.130286,-22.869412],[-47.128348,-22.871071],[-47.126465,-22.873182],[-47.125664,-22.872517],[-47.125787,-22.872287],[-47.128425,-22.870391],[-47.13198,-22.867395],[-47.134557,-22.86487],[-47.13992,-22.861837],[-47.14266,-22.860029],[-47.143585,-22.858443],[-47.144157,-22.857883],[-47.144866,-22.857616],[-47.1471,-22.857202],[-47.149022,-22.856174],[-47.153198,-22.853521],[-47.152697,-22.852733],[-47.152206,-22.852692],[-47.151947,-22.85224],[-47.152133,-22.851882],[-47.152492,-22.851755],[-47.15289,-22.851909],[-47.153043,-22.852314]]}},{"type":"Feature","properties":{"id_backbone":"BB-8D70ECD5CF97","trecho":"CAS.TQ-JGU.AE","cluster":"CAMPINAS","cabo":"F-0194","capacidade":"36","extensao_km":23.05,"confianca":"MEDIA","fonte":"OSRM/OpenStreetMap","ponta_a":"CAS.TQ","municipio_a":"CAMPINAS","ponta_b":"JGU.AE","municipio_b":"JAGUARIUNA"},"geometry":{"type":"LineString","coordinates":[[-47.044899,-22.853813],[-47.044154,-22.853987],[-47.044604,-22.856352],[-47.044444,-22.856596],[-47.044178,-22.860047],[-47.044022,-22.860118],[-47.04388,-22.859956],[-47.044167,-22.857421],[-47.044054,-22.855589],[-47.043727,-22.854173],[-47.04144,-22.847824],[-47.040295,-22.846114],[-47.038823,-22.844809],[-47.037137,-22.842282],[-47.035946,-22.839693],[-47.033353,-22.834778],[-47.032837,-22.833319],[-47.032711,-22.831181],[-47.033116,-22.829325],[-47.033933,-22.827674],[-47.036867,-22.823889],[-47.037292,-22.82251],[-47.037259,-22.821548],[-47.036555,-22.818175],[-47.033182,-22.806906],[-47.03189,-22.793211],[-47.031292,-22.790292],[-47.030631,-22.788642],[-47.029815,-22.787143],[-47.023441,-22.777962],[-47.023054,-22.777195],[-47.022342,-22.774815],[-47.021791,-22.771017],[-47.021616,-22.766478],[-47.019588,-22.744425],[-47.019292,-22.74312],[-47.014877,-22.729611],[-47.014352,-22.727088],[-47.012998,-22.701584],[-47.012685,-22.6987],[-47.010552,-22.696043],[-47.009588,-22.69565],[-47.008354,-22.695443],[-47.005009,-22.697162],[-47.002473,-22.697949],[-47.002119,-22.698421],[-47.001819,-22.698446],[-47.001422,-22.698234],[-46.998332,-22.699184],[-46.997645,-22.699693],[-46.997004,-22.700436],[-46.99625,-22.702534],[-46.99556,-22.703636],[-46.994742,-22.704179],[-46.9919,-22.705227],[-46.991265,-22.705431],[-46.990766,-22.705301],[-46.990155,-22.705371],[-46.98998,-22.704958],[-46.984978,-22.703106]]}},{"type":"Feature","properties":{"id_backbone":"BB-3E8DA7908986","trecho":"CBC.RD-CBC.RI","cluster":"CAMPINAS","cabo":"F-0029","capacidade":"12","extensao_km":4.042,"confianca":"MEDIA","fonte":"OSRM/OpenStreetMap","ponta_a":"CBC.RD","municipio_a":"CASA BRANCA","ponta_b":"CBC.RI","municipio_b":"CASA BRANCA"},"geometry":{"type":"LineString","coordinates":[[-47.073074,-21.794418],[-47.066481,-21.787394],[-47.065929,-21.786918],[-47.065064,-21.786681],[-47.064895,-21.786419],[-47.064924,-21.785834],[-47.06574,-21.785378],[-47.066064,-21.784965],[-47.068412,-21.780807],[-47.068963,-21.780209],[-47.072268,-21.779427],[-47.07292,-21.779128],[-47.073188,-21.779142],[-47.073734,-21.780005],[-47.074019,-21.779883],[-47.075435,-21.778453],[-47.076516,-21.77798],[-47.077311,-21.778128],[-47.078307,-21.779114],[-47.081303,-21.776559],[-47.080212,-21.775139],[-47.080968,-21.774569],[-47.081398,-21.775136]]}},{"type":"Feature","properties":{"id_backbone":"BB-C0856EC2EE00","trecho":"CBC.VB-SZS.SC","cluster":"CAMPINAS","cabo":"F-0201","capacidade":"24","extensao_km":44.333,"confianca":"SEM_REFERENCIA","fonte":"OSRM/OpenStreetMap","ponta_a":"CBC.VB","municipio_a":"CASA BRANCA","ponta_b":"SZS.SC","municipio_b":"SANTA CRUZ DAS PALMEIRAS"},"geometry":{"type":"LineString","coordinates":[[-47.117228,-21.948273],[-47.117788,-21.948076],[-47.117966,-21.9478],[-47.117489,-21.94675],[-47.116835,-21.944483],[-47.116652,-21.942294],[-47.114993,-21.935459],[-47.11353,-21.927179],[-47.112969,-21.925902],[-47.111934,-21.924727],[-47.110291,-21.923899],[-47.10455,-21.923137],[-47.103152,-21.922825],[-47.08934,-21.917622],[-47.087575,-21.916342],[-47.084283,-21.912095],[-47.083798,-21.911641],[-47.082955,-21.911212],[-47.056127,-21.901448],[-47.054582,-21.901198],[-47.054252,-21.901393],[-47.054234,-21.901742],[-47.054446,-21.902064],[-47.054644,-21.902076],[-47.054911,-21.901403],[-47.068393,-21.827351],[-47.06834,-21.82558],[-47.067942,-21.824051],[-47.060165,-21.805474],[-47.059588,-21.803784],[-47.059221,-21.801669],[-47.059251,-21.798948],[-47.059475,-21.797638],[-47.060103,-21.795672],[-47.060892,-21.793949],[-47.063903,-21.788497],[-47.064143,-21.786914],[-47.064077,-21.78614],[-47.063731,-21.785335],[-47.063218,-21.785382],[-47.063115,-21.78569],[-47.063326,-21.786118],[-47.06397,-21.786344],[-47.064658,-21.786279],[-47.065098,-21.785641],[-47.06557,-21.785677],[-47.066481,-21.787394],[-47.07485,-21.796328],[-47.075939,-21.797282],[-47.077701,-21.797982],[-47.186067,-21.807406],[-47.236659,-21.811653],[-47.237556,-21.813453],[-47.240012,-21.81696],[-47.241169,-21.817846],[-47.242368,-21.818347],[-47.244139,-21.819985],[-47.245344,-21.821384],[-47.245866,-21.821039],[-47.247552,-21.824975],[-47.248984,-21.827771],[-47.252014,-21.826425]]}},{"type":"Feature","properties":{"id_backbone":"BB-B447CEB9FBC2","trecho":"CCC2.AO-SRR.VS","cluster":"SAO JOSE DO RIO PRETO","cabo":"TR-0060","capacidade":"12","extensao_km":3.134,"confianca":"ALTA","fonte":"OSRM/OpenStreetMap","ponta_a":"CCC2.AO","municipio_a":"SAO JOSE DO RIO PRETO","ponta_b":"SRR.VS","municipio_b":"SAO JOSE DO RIO PRETO"},"geometry":{"type":"LineString","coordinates":[[-49.368393,-20.795088],[-49.369665,-20.795031],[-49.369672,-20.795283],[-49.370752,-20.795339],[-49.374516,-20.799801],[-49.377321,-20.799841],[-49.377818,-20.799721],[-49.378233,-20.801289],[-49.378241,-20.801899],[-49.376981,-20.806529],[-49.382815,-20.812022],[-49.381114,-20.813607]]}},{"type":"Feature","properties":{"id_backbone":"BB-6AEDC7C42F79","trecho":"CDM.HV-PMT.GC","cluster":"ARACATUBA","cabo":"F-0106","capacidade":"18","extensao_km":30.398,"confianca":"ALTA","fonte":"OSRM/OpenStreetMap","ponta_a":"CDM.HV","municipio_a":"CANDIDO MOTA","ponta_b":"PMT.GC","municipio_b":"PALMITAL"},"geometry":{"type":"LineString","coordinates":[[-50.38821,-22.743477],[-50.388388,-22.743367],[-50.388237,-22.742874],[-50.387896,-22.74264],[-50.383781,-22.745105],[-50.383863,-22.745244],[-50.381117,-22.746996],[-50.379574,-22.745573],[-50.37644,-22.741389],[-50.374908,-22.740447],[-50.373721,-22.740219],[-50.372982,-22.739759],[-50.277201,-22.70459],[-50.276106,-22.704226],[-50.275304,-22.704199],[-50.273904,-22.704696],[-50.271134,-22.706031],[-50.188952,-22.747595],[-50.187866,-22.748389],[-50.18769,-22.749251],[-50.187288,-22.749958],[-50.187422,-22.750824],[-50.198958,-22.774244],[-50.199657,-22.77527],[-50.200633,-22.777636],[-50.206639,-22.789823],[-50.207266,-22.790799],[-50.207622,-22.790919],[-50.208026,-22.790813],[-50.208535,-22.791717],[-50.221793,-22.78731],[-50.220785,-22.784701],[-50.221484,-22.784461]]}},{"type":"Feature","properties":{"id_backbone":"BB-51F31F20E9D3","trecho":"CEG.AV-TTI.TI","cluster":"SOROCABA","cabo":"F-0187","capacidade":"36","extensao_km":29.842,"confianca":"BAIXA","fonte":"OSRM/OpenStreetMap","ponta_a":"CEG.AV","municipio_a":"CESARIO LANGE","ponta_b":"TTI.TI","municipio_b":"TATUI"},"geometry":{"type":"LineString","coordinates":[[-47.957982,-23.225756],[-47.956905,-23.224682],[-47.952546,-23.228529],[-47.951917,-23.228077],[-47.949068,-23.23064],[-47.948386,-23.23185],[-47.947683,-23.234652],[-47.946857,-23.236057],[-47.938355,-23.245107],[-47.937616,-23.246672],[-47.937423,-23.24779],[-47.937921,-23.255568],[-47.93759,-23.256701],[-47.936904,-23.257798],[-47.936647,-23.257955],[-47.936478,-23.257862],[-47.936531,-23.257365],[-47.936324,-23.257018],[-47.932592,-23.254757],[-47.931734,-23.25454],[-47.92982,-23.254531],[-47.85797,-23.259571],[-47.853876,-23.260092],[-47.850468,-23.261075],[-47.843381,-23.263766],[-47.841162,-23.264751],[-47.838882,-23.266162],[-47.829264,-23.273622],[-47.826942,-23.275168],[-47.823802,-23.276756],[-47.812953,-23.281031],[-47.811573,-23.281981],[-47.81108,-23.282934],[-47.809843,-23.286803],[-47.809808,-23.287687],[-47.810122,-23.28862],[-47.828273,-23.320949],[-47.829022,-23.322042],[-47.830459,-23.323424],[-47.8321,-23.324408],[-47.852005,-23.33262],[-47.85727,-23.335715],[-47.858856,-23.336126],[-47.859219,-23.33639],[-47.859038,-23.336959],[-47.858356,-23.337251],[-47.856261,-23.337841],[-47.854247,-23.33809],[-47.853095,-23.33962],[-47.852755,-23.33983],[-47.850962,-23.340479],[-47.8495,-23.340558],[-47.849353,-23.341041],[-47.849549,-23.342364],[-47.849442,-23.344081],[-47.846195,-23.349515],[-47.849816,-23.35154],[-47.848619,-23.353722],[-47.848375,-23.353578]]}},{"type":"Feature","properties":{"id_backbone":"BB-386CB536B3EA","trecho":"CER.AC-CER.JL","cluster":"JUNDIAI","cabo":null,"capacidade":"42","extensao_km":7.975,"confianca":"ALTA","fonte":"OSRM/OpenStreetMap","ponta_a":"CER.AC","municipio_a":"CAIEIRAS","ponta_b":"CER.JL","municipio_b":"CAIEIRAS"},"geometry":{"type":"LineString","coordinates":[[-46.754363,-23.363797],[-46.754014,-23.365121],[-46.752789,-23.365072],[-46.752449,-23.364738],[-46.75246,-23.363944],[-46.7522,-23.363205],[-46.75195,-23.363246],[-46.75192,-23.367793],[-46.751593,-23.370376],[-46.751151,-23.371042],[-46.749878,-23.371951],[-46.749034,-23.374797],[-46.748242,-23.375001],[-46.746897,-23.37445],[-46.744752,-23.374502],[-46.744112,-23.374749],[-46.743614,-23.375292],[-46.742746,-23.378315],[-46.74217,-23.379056],[-46.740062,-23.379988],[-46.73822,-23.380243],[-46.737907,-23.380543],[-46.737632,-23.381222],[-46.736206,-23.381663],[-46.734315,-23.384375],[-46.733693,-23.384898],[-46.729047,-23.386672],[-46.728719,-23.387137],[-46.728658,-23.387596],[-46.729327,-23.388871],[-46.729569,-23.390071],[-46.729382,-23.390816],[-46.729132,-23.391124],[-46.727897,-23.391759],[-46.726778,-23.392677],[-46.725109,-23.39284],[-46.724325,-23.393236],[-46.723405,-23.393264],[-46.719964,-23.394805],[-46.719716,-23.395223],[-46.720048,-23.396181],[-46.719979,-23.396672],[-46.719242,-23.397632],[-46.71839,-23.397767],[-46.717977,-23.398168],[-46.717197,-23.397052],[-46.716579,-23.396774],[-46.716174,-23.39636],[-46.715369,-23.3948],[-46.715314,-23.393833],[-46.714323,-23.394026],[-46.713009,-23.393071],[-46.712609,-23.392106],[-46.7122,-23.39228],[-46.711987,-23.394157]]}},{"type":"Feature","properties":{"id_backbone":"BB-B8B47E8124EF","trecho":"CEX.MF-SRR.VS","cluster":"SAO JOSE DO RIO PRETO","cabo":"F-0006","capacidade":"12","extensao_km":17.097,"confianca":"SEM_REFERENCIA","fonte":"OSRM/OpenStreetMap","ponta_a":"CEX.MF","municipio_a":"CEDRAL","ponta_b":"SRR.VS","municipio_b":"SAO JOSE DO RIO PRETO"},"geometry":{"type":"LineString","coordinates":[[-49.268532,-20.90307],[-49.268642,-20.902175],[-49.269438,-20.902706],[-49.269797,-20.902569],[-49.270995,-20.901183],[-49.272792,-20.902723],[-49.27309,-20.902822],[-49.277792,-20.90115],[-49.278827,-20.901017],[-49.279893,-20.901274],[-49.287194,-20.905023],[-49.288655,-20.905513],[-49.290224,-20.905636],[-49.292653,-20.905562],[-49.294518,-20.905164],[-49.295564,-20.904583],[-49.341764,-20.853014],[-49.362838,-20.829102],[-49.364892,-20.827042],[-49.365272,-20.826265],[-49.366047,-20.825479],[-49.366411,-20.825478],[-49.369702,-20.823978],[-49.371644,-20.819461],[-49.373352,-20.819559],[-49.380871,-20.812509],[-49.381583,-20.81317],[-49.381114,-20.813607]]}},{"type":"Feature","properties":{"id_backbone":"BB-CD659ED01328","trecho":"CFL.AC-PAY.CC","cluster":"BAURU","cabo":"TR#1611","capacidade":"24 F","extensao_km":41.204,"confianca":"MEDIA","fonte":"OSRM/OpenStreetMap","ponta_a":"CFL.AC","municipio_a":"CAFELANDIA","ponta_b":"PAY.CC","municipio_b":"PONGAI"},"geometry":{"type":"LineString","coordinates":[[-49.605533,-21.803243],[-49.605097,-21.803328],[-49.60426,-21.804633],[-49.603514,-21.805429],[-49.603382,-21.805843],[-49.603435,-21.807453],[-49.604485,-21.808505],[-49.60427,-21.808689],[-49.604718,-21.809175],[-49.602844,-21.810779],[-49.609752,-21.817934],[-49.610599,-21.818574],[-49.615846,-21.820917],[-49.616512,-21.820961],[-49.616786,-21.821358],[-49.61754,-21.821819],[-49.617679,-21.821824],[-49.618583,-21.820681],[-49.618662,-21.820351],[-49.618452,-21.8202],[-49.617938,-21.820639],[-49.60171,-21.841179],[-49.597914,-21.845233],[-49.561387,-21.874977],[-49.561088,-21.875385],[-49.561165,-21.875858],[-49.562887,-21.877251],[-49.563382,-21.87706],[-49.563368,-21.876539],[-49.557876,-21.871742],[-49.478106,-21.803187],[-49.476194,-21.802083],[-49.475467,-21.801413],[-49.474547,-21.800141],[-49.383034,-21.721283],[-49.382621,-21.721132],[-49.38205,-21.721346],[-49.365936,-21.733431],[-49.364542,-21.734318],[-49.358432,-21.736334],[-49.357311,-21.733256],[-49.356562,-21.733499]]}},{"type":"Feature","properties":{"id_backbone":"BB-C9569F623310","trecho":"CGT.AA-CGT.MG","cluster":"SAO JOSE DOS CAMPOS","cabo":"F-0101","capacidade":"24","extensao_km":13.047,"confianca":"ALTA","fonte":"OSRM/OpenStreetMap","ponta_a":"CGT.AA","municipio_a":"CARAGUATATUBA","ponta_b":"CGT.MG","municipio_b":"CARAGUATATUBA"},"geometry":{"type":"LineString","coordinates":[[-45.411679,-23.623811],[-45.411272,-23.623453],[-45.406727,-23.6209],[-45.406809,-23.620502],[-45.39865,-23.618309],[-45.397805,-23.618231],[-45.395836,-23.617538],[-45.394884,-23.61756],[-45.393991,-23.617022],[-45.387705,-23.615192],[-45.38682,-23.615038],[-45.385233,-23.615263],[-45.384748,-23.61494],[-45.384067,-23.614028],[-45.383296,-23.613505],[-45.379275,-23.613233],[-45.376443,-23.611228],[-45.37423,-23.61097],[-45.372976,-23.610346],[-45.372698,-23.610027],[-45.372559,-23.608761],[-45.372322,-23.608464],[-45.370579,-23.608385],[-45.369781,-23.608184],[-45.369175,-23.607729],[-45.369073,-23.607153],[-45.369442,-23.60589],[-45.370338,-23.605201],[-45.37062,-23.60469],[-45.370582,-23.604246],[-45.370087,-23.603323],[-45.370024,-23.602389],[-45.36968,-23.601928],[-45.368379,-23.600981],[-45.36794,-23.600121],[-45.366214,-23.598724],[-45.365695,-23.598772],[-45.36482,-23.59953],[-45.364142,-23.599766],[-45.35708,-23.600293],[-45.354626,-23.601768],[-45.353853,-23.602593],[-45.35331,-23.602792],[-45.347983,-23.603712],[-45.347253,-23.603702],[-45.346659,-23.603474],[-45.346189,-23.603074],[-45.339845,-23.594522],[-45.329139,-23.584797],[-45.327248,-23.582589],[-45.326924,-23.581845],[-45.325929,-23.580638],[-45.324612,-23.579586],[-45.32333,-23.578905],[-45.318539,-23.577413],[-45.317445,-23.576385],[-45.315389,-23.575475],[-45.315669,-23.574405]]}},{"type":"Feature","properties":{"id_backbone":"BB-7976C351BCDF","trecho":"CGT.MG-UTB.LG","cluster":"SAO JOSE DOS CAMPOS","cabo":"F-0102","capacidade":"12","extensao_km":15.244,"confianca":"SEM_REFERENCIA","fonte":"OSRM/OpenStreetMap","ponta_a":"CGT.MG","municipio_a":"CARAGUATATUBA","ponta_b":"UTB.LG","municipio_b":"UBATUBA"},"geometry":{"type":"LineString","coordinates":[[-45.315669,-23.574405],[-45.316241,-23.573258],[-45.314433,-23.571604],[-45.313076,-23.57095],[-45.312097,-23.57104],[-45.311213,-23.572306],[-45.310537,-23.572533],[-45.299321,-23.570592],[-45.295582,-23.569602],[-45.294901,-23.569821],[-45.293891,-23.571218],[-45.293184,-23.571379],[-45.288511,-23.569557],[-45.285814,-23.567423],[-45.284845,-23.567053],[-45.278033,-23.566002],[-45.265761,-23.565865],[-45.263153,-23.565804],[-45.262485,-23.565641],[-45.259222,-23.563012],[-45.253085,-23.559022],[-45.252726,-23.55855],[-45.248976,-23.550988],[-45.24773,-23.549354],[-45.246384,-23.548827],[-45.232505,-23.545935],[-45.231626,-23.54559],[-45.23128,-23.545124],[-45.22683,-23.533244],[-45.225763,-23.53187],[-45.223243,-23.529683],[-45.205631,-23.520286],[-45.199603,-23.517854],[-45.19932,-23.517926],[-45.199265,-23.517721],[-45.1995,-23.5175],[-45.199175,-23.517376],[-45.19946,-23.51675],[-45.198754,-23.516481]]}},{"type":"Feature","properties":{"id_backbone":"BB-54255601794B","trecho":"CHL.NJ-MGU.MP","cluster":"CAMPINAS","cabo":"F-0111","capacidade":"12","extensao_km":9.721,"confianca":"SEM_REFERENCIA","fonte":"OSRM/OpenStreetMap","ponta_a":"CHL.NJ","municipio_a":"CONCHAL","ponta_b":"MGU.MP","municipio_b":"MOGI GUACU"},"geometry":{"type":"LineString","coordinates":[[-47.1747,-22.333319],[-47.173299,-22.334813],[-47.172778,-22.334393],[-47.169939,-22.338244],[-47.169959,-22.338595],[-47.169532,-22.33872],[-47.167191,-22.341899],[-47.166663,-22.342166],[-47.158786,-22.343532],[-47.158076,-22.34401],[-47.157798,-22.343922],[-47.157641,-22.342322],[-47.15583,-22.334891],[-47.155286,-22.333689],[-47.154569,-22.332727],[-47.135148,-22.317133],[-47.134101,-22.316161],[-47.133031,-22.314455],[-47.132583,-22.313034],[-47.132464,-22.312051],[-47.132689,-22.298035],[-47.132832,-22.297613],[-47.133406,-22.289403],[-47.13376,-22.289125],[-47.133793,-22.2871]]}},{"type":"Feature","properties":{"id_backbone":"BB-F14345B1B3F0","trecho":"CHP.CD-CRO.NR","cluster":"SAO JOSE DOS CAMPOS","cabo":"F-0102","capacidade":"36","extensao_km":18.131,"confianca":"ALTA","fonte":"OSRM/OpenStreetMap","ponta_a":"CHP.CD","municipio_a":"CACHOEIRA PAULISTA","ponta_b":"CRO.NR","municipio_b":"CRUZEIRO"},"geometry":{"type":"LineString","coordinates":[[-45.009702,-22.666261],[-45.008403,-22.665302],[-45.007155,-22.666956],[-45.003984,-22.67034],[-45.003888,-22.670716],[-45.003721,-22.670707],[-44.999788,-22.675923],[-44.999801,-22.676311],[-45.000652,-22.677058],[-45.000986,-22.676983],[-45.001021,-22.676633],[-44.997236,-22.673817],[-44.994924,-22.670987],[-44.993839,-22.670463],[-44.99143,-22.670117],[-44.990484,-22.669807],[-44.986179,-22.666274],[-44.980329,-22.662061],[-44.965322,-22.658398],[-44.963732,-22.65776],[-44.962522,-22.65701],[-44.960804,-22.655636],[-44.958044,-22.653274],[-44.957761,-22.652743],[-44.957226,-22.652399],[-44.957416,-22.651748],[-44.957409,-22.650954],[-44.958559,-22.650302],[-44.961025,-22.648022],[-44.969963,-22.640861],[-44.972925,-22.637772],[-44.973915,-22.635329],[-44.97473,-22.627399],[-44.975843,-22.623253],[-44.975655,-22.622537],[-44.970919,-22.614116],[-44.970956,-22.613552],[-44.971686,-22.611381],[-44.972854,-22.608711],[-44.973119,-22.607722],[-44.972836,-22.606223],[-44.970037,-22.601877],[-44.969764,-22.600982],[-44.971229,-22.594845],[-44.97117,-22.593661],[-44.971913,-22.592677],[-44.971989,-22.592352],[-44.97147,-22.59212],[-44.970087,-22.592149],[-44.969085,-22.592342],[-44.96757,-22.592965],[-44.966677,-22.593001],[-44.962828,-22.591464],[-44.962206,-22.590493],[-44.962377,-22.589109],[-44.962259,-22.588657],[-44.962417,-22.587853],[-44.962347,-22.58728],[-44.961052,-22.583717],[-44.960488,-22.583002],[-44.957571,-22.583983],[-44.957753,-22.584644],[-44.957491,-22.586406],[-44.958502,-22.589209],[-44.95781,-22.589432],[-44.957059,-22.589075],[-44.956836,-22.589168]]}},{"type":"Feature","properties":{"id_backbone":"BB-D64EF5C5E7B2","trecho":"CHV.CG-IAC.SC","cluster":"BAURU","cabo":"F-0324-00","capacidade":"24","extensao_km":10.992,"confianca":"MEDIA","fonte":"OSRM/OpenStreetMap","ponta_a":"CHV.CG","municipio_a":"CHAVANTES","ponta_b":"IAC.SC","municipio_b":"IPAUSSU"},"geometry":{"type":"LineString","coordinates":[[-49.706107,-23.038191],[-49.708383,-23.039581],[-49.707636,-23.040613],[-49.707919,-23.040811],[-49.707843,-23.040944],[-49.707449,-23.041458],[-49.707166,-23.041329],[-49.702717,-23.047518],[-49.703054,-23.047884],[-49.704895,-23.047437],[-49.70502,-23.047547],[-49.704956,-23.047769],[-49.700352,-23.048782],[-49.699245,-23.048831],[-49.695373,-23.049654],[-49.637056,-23.062746],[-49.636875,-23.062618],[-49.637043,-23.062443],[-49.639186,-23.06194],[-49.639428,-23.06166],[-49.639342,-23.061119],[-49.634623,-23.05731],[-49.633361,-23.056464],[-49.63219,-23.056033],[-49.625854,-23.054697],[-49.626059,-23.053796],[-49.6266,-23.0539]]}},{"type":"Feature","properties":{"id_backbone":"BB-8E07E06CF8AF","trecho":"CIV.AD-CIV.VD","cluster":"OSASCO","cabo":"F-0694","capacidade":"12","extensao_km":2.72,"confianca":"MEDIA","fonte":"OSRM/OpenStreetMap","ponta_a":"CIV.AD","municipio_a":"CARAPICUIBA","ponta_b":"CIV.VD","municipio_b":"CARAPICUIBA"},"geometry":{"type":"LineString","coordinates":[[-46.832442,-23.562789],[-46.832957,-23.563283],[-46.835717,-23.562274],[-46.837689,-23.56057],[-46.837937,-23.55996],[-46.837908,-23.559608],[-46.837372,-23.558599],[-46.837325,-23.556296],[-46.835372,-23.553234],[-46.835174,-23.551442],[-46.834917,-23.550763],[-46.835221,-23.549609],[-46.833565,-23.54596],[-46.83358,-23.545557],[-46.834103,-23.544662],[-46.834418,-23.543217]]}},{"type":"Feature","properties":{"id_backbone":"BB-1718CCD2AF59","trecho":"CIV.CA-CIV.VD","cluster":"OSASCO","cabo":"F-0695","capacidade":"72","extensao_km":2.728,"confianca":"ALTA","fonte":"OSRM/OpenStreetMap","ponta_a":"CIV.CA","municipio_a":"CARAPICUIBA","ponta_b":"CIV.VD","municipio_b":"CARAPICUIBA"},"geometry":{"type":"LineString","coordinates":[[-46.83387,-23.521709],[-46.833938,-23.521889],[-46.833148,-23.522167],[-46.834182,-23.523637],[-46.835406,-23.523249],[-46.83531,-23.523725],[-46.835684,-23.52548],[-46.835048,-23.527579],[-46.835441,-23.528579],[-46.835437,-23.529595],[-46.835969,-23.530848],[-46.83644,-23.531326],[-46.83632,-23.532098],[-46.836488,-23.533944],[-46.836054,-23.534918],[-46.834418,-23.543217]]}},{"type":"Feature","properties":{"id_backbone":"BB-61E584B611E5","trecho":"CIV.VD-OCO.SN","cluster":"OSASCO","cabo":"F-1151","capacidade":"72","extensao_km":5.971,"confianca":"ALTA","fonte":"OSRM/OpenStreetMap","ponta_a":"CIV.VD","municipio_a":"CARAPICUIBA","ponta_b":"OCO.SN","municipio_b":"OSASCO"},"geometry":{"type":"LineString","coordinates":[[-46.834418,-23.543217],[-46.834161,-23.544443],[-46.826352,-23.544632],[-46.824905,-23.545148],[-46.823637,-23.546576],[-46.822102,-23.546806],[-46.822169,-23.546269],[-46.821156,-23.546287],[-46.820796,-23.546882],[-46.819735,-23.547204],[-46.819969,-23.548186],[-46.819666,-23.548637],[-46.81952,-23.549394],[-46.81924,-23.549638],[-46.81831,-23.549968],[-46.815012,-23.550501],[-46.813953,-23.551865],[-46.812528,-23.552835],[-46.812229,-23.553574],[-46.81232,-23.554733],[-46.811728,-23.556023],[-46.811143,-23.556522],[-46.809909,-23.55709],[-46.809058,-23.55805],[-46.807367,-23.558331],[-46.806307,-23.558147],[-46.805918,-23.558389],[-46.805534,-23.558925],[-46.804884,-23.559237],[-46.803893,-23.558907],[-46.80326,-23.558512],[-46.801751,-23.558347],[-46.800588,-23.55744],[-46.799839,-23.558413],[-46.798959,-23.560765],[-46.798921,-23.561647],[-46.798038,-23.562825],[-46.797966,-23.563379],[-46.795514,-23.56431],[-46.794608,-23.565286],[-46.794409,-23.565079],[-46.794215,-23.564363],[-46.793531,-23.56449]]}},{"type":"Feature","properties":{"id_backbone":"BB-1C57A47E271B","trecho":"CJR.CJ-JORN.JN","cluster":"JUNDIAI","cabo":"F-0462","capacidade":"12","extensao_km":6.849,"confianca":"SEM_REFERENCIA","fonte":"OSRM/OpenStreetMap","ponta_a":"CJR.CJ","municipio_a":"CAJAMAR","ponta_b":"JORN.JN","municipio_b":"CAJAMAR"},"geometry":{"type":"LineString","coordinates":[[-46.87179,-23.361711],[-46.871814,-23.361435],[-46.872824,-23.3618],[-46.873542,-23.360053],[-46.876223,-23.358872],[-46.876527,-23.358645],[-46.877097,-23.357537],[-46.876897,-23.356589],[-46.877709,-23.355184],[-46.877747,-23.354822],[-46.877288,-23.354122],[-46.877344,-23.352967],[-46.8767,-23.351954],[-46.876736,-23.350453],[-46.876469,-23.350075],[-46.875545,-23.349596],[-46.871578,-23.349353],[-46.869025,-23.348435],[-46.867265,-23.348087],[-46.864358,-23.345625],[-46.863369,-23.345085],[-46.862719,-23.344917],[-46.86138,-23.344809],[-46.85952,-23.345382],[-46.857361,-23.345457],[-46.854082,-23.346674],[-46.852201,-23.34636],[-46.851423,-23.346016],[-46.848821,-23.344146],[-46.847625,-23.342891],[-46.846476,-23.342413],[-46.846218,-23.342129],[-46.845408,-23.339386],[-46.845822,-23.33613],[-46.840417,-23.334759],[-46.840597,-23.334122],[-46.837888,-23.333463],[-46.837949,-23.333235]]}},{"type":"Feature","properties":{"id_backbone":"BB-5695DC860155","trecho":"CMAL.CM-SLO.NJ","cluster":"SOROCABA","cabo":"F-0865","capacidade":"6","extensao_km":166.195,"confianca":"SEM_REFERENCIA","fonte":"OSRM/OpenStreetMap","ponta_a":"CMAL.CM","municipio_a":"CAMPINA DO MONTE ALEGRE","ponta_b":"SLO.NJ","municipio_b":"SALTO"},"geometry":{"type":"LineString","coordinates":[[-48.477099,-23.591305],[-48.477143,-23.592728],[-48.476036,-23.592795],[-48.47537,-23.593401],[-48.473514,-23.594406],[-48.462549,-23.596284],[-48.461661,-23.596179],[-48.46101,-23.595711],[-48.457829,-23.589082],[-48.4574,-23.587804],[-48.457303,-23.584251],[-48.457722,-23.579599],[-48.457647,-23.578641],[-48.455562,-23.572358],[-48.454114,-23.570726],[-48.45372,-23.569922],[-48.451638,-23.561725],[-48.450917,-23.554679],[-48.449364,-23.551522],[-48.448865,-23.549872],[-48.449256,-23.544979],[-48.449294,-23.54234],[-48.448522,-23.540028],[-48.446492,-23.537617],[-48.445641,-23.53726],[-48.44403,-23.537465],[-48.440193,-23.537431],[-48.439358,-23.537052],[-48.437923,-23.535247],[-48.437178,-23.534972],[-48.435817,-23.534812],[-48.434531,-23.533891],[-48.433971,-23.534143],[-48.433195,-23.533805],[-48.429731,-23.534041],[-48.425314,-23.534737],[-48.423599,-23.534667],[-48.420071,-23.533468],[-48.413738,-23.531816],[-48.412244,-23.531051],[-48.409679,-23.529014],[-48.408415,-23.528503],[-48.407273,-23.528305],[-48.39783,-23.527989],[-48.396597,-23.528316],[-48.393959,-23.529597],[-48.39154,-23.530045],[-48.390013,-23.530502],[-48.382945,-23.531604],[-48.378274,-23.531159],[-48.377096,-23.530847],[-48.370583,-23.529846],[-48.36886,-23.529768],[-48.367454,-23.529401],[-48.360057,-23.528387],[-48.357398,-23.528358],[-48.353424,-23.529152],[-48.352122,-23.529243],[-48.344772,-23.531885],[-48.341928,-23.533097],[-48.34107,-23.533771],[-48.336555,-23.538849],[-48.333203,-23.541488],[-48.332272,-23.542461],[-48.331398,-23.542993],[-48.330033,-23.543524],[-48.326388,-23.54409],[-48.318129,-23.545792],[-48.310766,-23.545428],[-48.309561,-23.545598],[-48.308068,-23.545525],[-48.299454,-23.54644],[-48.297939,-23.546727],[-48.295515,-23.546772],[-48.28897,-23.54745],[-48.286858,-23.547832],[-48.280468,-23.547088],[-48.278424,-23.546623],[-48.26696,-23.54499],[-48.262706,-23.544659],[-48.259831,-23.544958],[-48.250936,-23.546568],[-48.232778,-23.548806],[-48.230519,-23.548906],[-48.216207,-23.550655],[-48.201742,-23.557459],[-48.190404,-23.565402],[-48.189149,-23.565821],[-48.188079,-23.565934],[-48.183444,-23.565531],[-48.182009,-23.565826],[-48.181011,-23.566277],[-48.179424,-23.567593],[-48.175427,-23.573052],[-48.174533,-23.573996],[-48.167461,-23.57992],[-48.166026,-23.580884],[-48.164279,-23.581712],[-48.157313,-23.584343],[-48.155859,-23.58461],[-48.152947,-23.584657],[-48.146976,-23.583962],[-48.141692,-23.583593],[-48.138273,-23.583147],[-48.119095,-23.581405],[-48.117343,-23.581514],[-48.115981,-23.581966],[-48.114926,-23.582622],[-48.105464,-23.59072],[-48.103876,-23.592265],[-48.098075,-23.600586],[-48.085968,-23.614601],[-48.081775,-23.619197],[-48.081602,-23.61955],[-48.081672,-23.620054],[-48.082111,-23.620457],[-48.082424,-23.620517],[-48.083683,-23.620159],[-48.083869,-23.619759],[-48.08367,-23.619365],[-48.053671,-23.60648],[-48.034135,-23.598189],[-48.032783,-23.597743],[-48.002872,-23.596155],[-47.975815,-23.589853],[-47.974512,-23.589729],[-47.972606,-23.590039],[-47.97094,-23.59084],[-47.969979,-23.591632],[-47.96672,-23.595033],[-47.965275,-23.595969],[-47.963093,-23.596542],[-47.960575,-23.596353],[-47.956299,-23.595347],[-47.954965,-23.594714],[-47.953897,-23.593841],[-47.952505,-23.592047],[-47.951369,-23.589096],[-47.95085,-23.588165],[-47.947684,-23.58395],[-47.945942,-23.582756],[-47.944175,-23.582282],[-47.936608,-23.581786],[-47.934373,-23.581359],[-47.904516,-23.571865],[-47.851236,-23.562375],[-47.841133,-23.560448],[-47.839429,-23.559939],[-47.82956,-23.556193],[-47.827854,-23.55573],[-47.82649,-23.555694],[-47.824822,-23.556032],[-47.817592,-23.559204],[-47.816188,-23.559392],[-47.812152,-23.559277],[-47.810408,-23.558852],[-47.807842,-23.557567],[-47.806596,-23.557187],[-47.779601,-23.553056],[-47.77783,-23.552908],[-47.764668,-23.550772],[-47.763239,-23.550379],[-47.761834,-23.549702],[-47.757213,-23.546216],[-47.755168,-23.545124],[-47.753677,-23.544696],[-47.745377,-23.543208],[-47.743321,-23.542125],[-47.740607,-23.539989],[-47.737848,-23.538722],[-47.731906,-23.536568],[-47.726459,-23.535498],[-47.724812,-23.535301],[-47.723549,-23.535419],[-47.71944,-23.536695],[-47.714668,-23.537637],[-47.712902,-23.53832],[-47.712159,-23.538773],[-47.710179,-23.540593],[-47.70895,-23.541498],[-47.707209,-23.54199],[-47.674924,-23.546865],[-47.673682,-23.546973],[-47.672357,-23.546838],[-47.65067,-23.543535],[-47.649036,-23.542956],[-47.647391,-23.542099],[-47.637743,-23.536217],[-47.635183,-23.534428],[-47.629117,-23.53073],[-47.627477,-23.53021],[-47.624334,-23.530012],[-47.622739,-23.529458],[-47.607483,-23.517979],[-47.605806,-23.517065],[-47.604166,-23.516726],[-47.602742,-23.516797],[-47.601258,-23.51722],[-47.598816,-23.51842],[-47.597502,-23.518872],[-47.595506,-23.519145],[-47.593717,-23.518998],[-47.565665,-23.51126],[-47.563259,-23.510454],[-47.558029,-23.509269],[-47.555169,-23.509168],[-47.552547,-23.509549],[-47.540194,-23.513567],[-47.538655,-23.5142],[-47.537117,-23.515262],[-47.536224,-23.516141],[-47.53402,-23.519741],[-47.533053,-23.520972],[-47.532081,-23.521859],[-47.530726,-23.522882],[-47.52566,-23.525694],[-47.523942,-23.526181],[-47.522173,-23.526346],[-47.520049,-23.526109],[-47.51779,-23.525402],[-47.516323,-23.525115],[-47.514884,-23.525162],[-47.513336,-23.525632],[-47.512335,-23.526231],[-47.511295,-23.527186],[-47.506074,-23.534133],[-47.504305,-23.535401],[-47.502724,-23.536034],[-47.50157,-23.536266],[-47.499314,-23.536234],[-47.442046,-23.52523],[-47.440606,-23.524642],[-47.439499,-23.523891],[-47.431005,-23.516533],[-47.429144,-23.515549],[-47.424997,-23.514138],[-47.422873,-23.512883],[-47.404408,-23.496625],[-47.402949,-23.495535],[-47.401509,-23.494892],[-47.400223,-23.494665],[-47.394502,-23.495237],[-47.392816,-23.495653],[-47.391813,-23.495389],[-47.391153,-23.494887],[-47.390754,-23.494054],[-47.388511,-23.485093],[-47.387986,-23.483785],[-47.387018,-23.482626],[-47.382063,-23.478081],[-47.381188,-23.476626],[-47.380705,-23.474798],[-47.380847,-23.472828],[-47.381195,-23.471849],[-47.382411,-23.469584],[-47.3827,-23.468089],[-47.382366,-23.466594],[-47.38009,-23.46205],[-47.379806,-23.460484],[-47.379953,-23.458636],[-47.380427,-23.457274],[-47.381078,-23.45619],[-47.385108,-23.451493],[-47.385926,-23.45032],[-47.386545,-23.44831],[-47.386689,-23.446111],[-47.386442,-23.445171],[-47.385838,-23.44443],[-47.384223,-23.443117],[-47.345822,-23.416029],[-47.343191,-23.413616],[-47.340443,-23.410301],[-47.338913,-23.407843],[-47.337231,-23.404382],[-47.328893,-23.386223],[-47.327966,-23.383559],[-47.327419,-23.380228],[-47.324545,-23.342606],[-47.324131,-23.335063],[-47.324622,-23.331651],[-47.331573,-23.306507],[-47.331956,-23.303921],[-47.332013,-23.301428],[-47.331293,-23.296803],[-47.324434,-23.264344],[-47.323395,-23.260958],[-47.316492,-23.244585],[-47.315852,-23.241949],[-47.315666,-23.239768],[-47.315685,-23.237703],[-47.315242,-23.236252],[-47.314566,-23.235485],[-47.313222,-23.234674],[-47.307319,-23.231745],[-47.305093,-23.231258],[-47.304711,-23.2313],[-47.304382,-23.231683],[-47.304531,-23.232415],[-47.305017,-23.232595],[-47.305398,-23.232154],[-47.304879,-23.230392],[-47.302609,-23.225661],[-47.301856,-23.224781],[-47.301566,-23.223696],[-47.299929,-23.220156],[-47.299016,-23.218748],[-47.298679,-23.217474],[-47.296569,-23.212986],[-47.296198,-23.21256],[-47.296262,-23.212043],[-47.29576,-23.210971],[-47.295236,-23.210562],[-47.293216,-23.210281],[-47.292156,-23.210978],[-47.291887,-23.210938],[-47.291267,-23.210184],[-47.291733,-23.209783],[-47.288145,-23.205152],[-47.290793,-23.203567],[-47.291383,-23.204302],[-47.291891,-23.203988]]}},{"type":"Feature","properties":{"id_backbone":"BB-029FDD33750C","trecho":"CMX.MS-VRP.AS","cluster":"JUNDIAI","cabo":null,"capacidade":null,"extensao_km":5.423,"confianca":"ALTA","fonte":"OSRM/OpenStreetMap","ponta_a":"CMX.MS","municipio_a":"CAMPO LIMPO PAULISTA","ponta_b":"VRP.AS","municipio_b":"VARZEA PAULISTA"},"geometry":{"type":"LineString","coordinates":[[-46.78929,-23.206177],[-46.789455,-23.205821],[-46.793701,-23.201922],[-46.793941,-23.201896],[-46.794368,-23.202111],[-46.794779,-23.202724],[-46.795777,-23.203607],[-46.798208,-23.204005],[-46.799635,-23.204749],[-46.801925,-23.206281],[-46.803683,-23.207608],[-46.80464,-23.209295],[-46.805292,-23.209853],[-46.806526,-23.209976],[-46.81149,-23.209384],[-46.813935,-23.207615],[-46.815337,-23.207134],[-46.816684,-23.207033],[-46.81857,-23.207515],[-46.821943,-23.209429],[-46.826695,-23.210749],[-46.82731,-23.210698],[-46.82975,-23.209963],[-46.830922,-23.210178],[-46.831506,-23.209804],[-46.831157,-23.210628],[-46.831794,-23.211726],[-46.83137,-23.212218],[-46.8315,-23.2123]]}},{"type":"Feature","properties":{"id_backbone":"BB-6FC79D0A4F06","trecho":"CPV.MI-GTA.MF","cluster":"SAO JOSE DOS CAMPOS","cabo":"F-0934","capacidade":"144","extensao_km":64.585,"confianca":"ALTA","fonte":"OSRM/OpenStreetMap","ponta_a":"CPV.MI","municipio_a":"CACAPAVA","ponta_b":"GTA.MF","municipio_b":"GUARATINGUETA"},"geometry":{"type":"LineString","coordinates":[[-45.705543,-23.106788],[-45.705307,-23.106532],[-45.704608,-23.107031],[-45.704026,-23.106417],[-45.703633,-23.109326],[-45.703711,-23.110179],[-45.703401,-23.110909],[-45.703183,-23.110979],[-45.702921,-23.110535],[-45.701113,-23.10901],[-45.6521,-23.075453],[-45.645258,-23.071864],[-45.60501,-23.051834],[-45.598873,-23.049207],[-45.593126,-23.047277],[-45.563913,-23.039747],[-45.561495,-23.03905],[-45.558258,-23.037602],[-45.554303,-23.035172],[-45.548803,-23.031313],[-45.519997,-23.010645],[-45.515416,-23.007894],[-45.366167,-22.932933],[-45.360687,-22.930304],[-45.30984,-22.904472],[-45.308001,-22.903339],[-45.283223,-22.886261],[-45.27344,-22.878329],[-45.271749,-22.87719],[-45.270163,-22.876437],[-45.26875,-22.876013],[-45.256146,-22.874196],[-45.248476,-22.872255],[-45.246336,-22.871464],[-45.245151,-22.870643],[-45.244432,-22.869924],[-45.242574,-22.86736],[-45.241985,-22.866785],[-45.238406,-22.864368],[-45.229312,-22.854217],[-45.227142,-22.850432],[-45.227013,-22.849411],[-45.227196,-22.847531],[-45.226879,-22.846449],[-45.224621,-22.843337],[-45.223455,-22.83928],[-45.222722,-22.838038],[-45.222005,-22.83727],[-45.21383,-22.830824],[-45.204826,-22.826601],[-45.203801,-22.825567],[-45.202587,-22.823369],[-45.201942,-22.822513],[-45.201052,-22.821958],[-45.199701,-22.821431],[-45.198151,-22.821371],[-45.194811,-22.822646],[-45.194043,-22.823026],[-45.193509,-22.823571],[-45.192722,-22.823846],[-45.192726,-22.822745],[-45.192529,-22.822204],[-45.192695,-22.822111],[-45.193142,-22.822242],[-45.194173,-22.821606],[-45.194552,-22.821134],[-45.194639,-22.820613],[-45.195847,-22.819817],[-45.195675,-22.819332],[-45.195137,-22.819137],[-45.196337,-22.815813]]}},{"type":"Feature","properties":{"id_backbone":"BB-BCC124F9E5DC","trecho":"GSG.NG-NHA.RR","cluster":"SAO JOSE DO RIO PRETO","cabo":"F-0031","capacidade":"36","extensao_km":37.398,"confianca":"ALTA","fonte":"OSRM/OpenStreetMap","ponta_a":"GSG.NG","municipio_a":"GENERAL SALGADO","ponta_b":"NHA.RR","municipio_b":"NHANDEARA"},"geometry":{"type":"LineString","coordinates":[[-50.360865,-20.649962],[-50.360175,-20.649882],[-50.3611,-20.641779],[-50.359863,-20.64174],[-50.359859,-20.641533],[-50.358664,-20.641324],[-50.2798,-20.639183],[-50.24319,-20.638398],[-50.239636,-20.638566],[-50.23417,-20.640276],[-50.232649,-20.640519],[-50.228564,-20.64173],[-50.22725,-20.642315],[-50.22442,-20.642961],[-50.221666,-20.643962],[-50.216552,-20.645294],[-50.215608,-20.645812],[-50.214369,-20.646179],[-50.155984,-20.676289],[-50.150318,-20.679242],[-50.148755,-20.68024],[-50.147651,-20.680671],[-50.145262,-20.681112],[-50.143148,-20.680971],[-50.140472,-20.680503],[-50.119245,-20.675434],[-50.110361,-20.673411],[-50.107512,-20.672905],[-50.092305,-20.6719],[-50.089474,-20.6719],[-50.087674,-20.672113],[-50.075287,-20.675228],[-50.072218,-20.676495],[-50.069539,-20.678422],[-50.061703,-20.686953],[-50.059582,-20.688854],[-50.053602,-20.692443],[-50.052213,-20.6936],[-50.050191,-20.694745],[-50.048542,-20.695366],[-50.044687,-20.697874],[-50.042973,-20.698742],[-50.040502,-20.692985],[-50.037734,-20.694075]]}},{"type":"Feature","properties":{"id_backbone":"BB-4CEAC78AEC7A","trecho":"LUDS.LD-NLZ.TM","cluster":"ARACATUBA","cabo":"TR-0247","capacidade":"72","extensao_km":15.179,"confianca":"ALTA","fonte":"OSRM/OpenStreetMap","ponta_a":"LUDS.LD","municipio_a":"LOURDES","ponta_b":"NLZ.TM","municipio_b":"NOVA LUZITANIA"},"geometry":{"type":"LineString","coordinates":[[-50.22374,-20.968818],[-50.223974,-20.967396],[-50.226109,-20.967723],[-50.226443,-20.966279],[-50.229047,-20.962261],[-50.229782,-20.959213],[-50.230344,-20.958463],[-50.232094,-20.957139],[-50.23409,-20.954188],[-50.23553,-20.952776],[-50.237147,-20.949677],[-50.238008,-20.947128],[-50.240929,-20.942969],[-50.241125,-20.942433],[-50.240886,-20.941428],[-50.237782,-20.935298],[-50.233363,-20.925791],[-50.232762,-20.924942],[-50.231531,-20.921642],[-50.232432,-20.919052],[-50.233086,-20.917907],[-50.237512,-20.913011],[-50.242624,-20.902462],[-50.242627,-20.900628],[-50.244588,-20.895739],[-50.247696,-20.892249],[-50.2487,-20.890106],[-50.248662,-20.889457],[-50.24679,-20.88766],[-50.246235,-20.886936],[-50.244891,-20.883044],[-50.245285,-20.879606],[-50.245439,-20.875951],[-50.246182,-20.870836],[-50.247263,-20.868361],[-50.247851,-20.867536],[-50.262261,-20.858924],[-50.264185,-20.856711],[-50.262469,-20.855426],[-50.262621,-20.855243]]}},{"type":"Feature","properties":{"id_backbone":"BB-18444B94257E","trecho":"CPV.MI-SJC.EM","cluster":"SAO JOSE DOS CAMPOS","cabo":"F-0137","capacidade":"36","extensao_km":10.794,"confianca":"ALTA","fonte":"OSRM/OpenStreetMap","ponta_a":"CPV.MI","municipio_a":"CACAPAVA","ponta_b":"SJC.EM","municipio_b":"SAO JOSE DOS CAMPOS"},"geometry":{"type":"LineString","coordinates":[[-45.705543,-23.106788],[-45.705307,-23.106532],[-45.704608,-23.107031],[-45.704026,-23.106417],[-45.703622,-23.109694],[-45.703867,-23.110326],[-45.705028,-23.111019],[-45.705914,-23.111797],[-45.780423,-23.14949],[-45.780667,-23.149438],[-45.780708,-23.149274],[-45.779275,-23.148262],[-45.779227,-23.148086],[-45.77973,-23.147685],[-45.78478,-23.141647]]}},{"type":"Feature","properties":{"id_backbone":"BB-B43151E51873","trecho":"GTA.MF-GTA.NG","cluster":"SAO JOSE DOS CAMPOS","cabo":"F-0104","capacidade":"12","extensao_km":2.805,"confianca":"ALTA","fonte":"OSRM/OpenStreetMap","ponta_a":"GTA.MF","municipio_a":"GUARATINGUETA","ponta_b":"GTA.NG","municipio_b":"GUARATINGUETA"},"geometry":{"type":"LineString","coordinates":[[-45.196337,-22.815813],[-45.196196,-22.81617],[-45.195835,-22.815894],[-45.195413,-22.816818],[-45.19715,-22.817624],[-45.199433,-22.811456],[-45.199078,-22.811094],[-45.198521,-22.810893],[-45.196224,-22.80822],[-45.195569,-22.807742],[-45.195581,-22.807044],[-45.194704,-22.806023],[-45.194281,-22.805668],[-45.193784,-22.805524],[-45.193781,-22.805298],[-45.194074,-22.80517],[-45.194211,-22.804869],[-45.194212,-22.804217],[-45.194599,-22.803199],[-45.194398,-22.803018],[-45.193052,-22.802929],[-45.193084,-22.802217],[-45.192408,-22.800362]]}},{"type":"Feature","properties":{"id_backbone":"BB-2C3EF600C8A0","trecho":"CPB.CB-GPA.RL","cluster":"SOROCABA","cabo":"F-0026","capacidade":"12","extensao_km":32.899,"confianca":"ALTA","fonte":"OSRM/OpenStreetMap","ponta_a":"CPB.CB","municipio_a":"CAPAO BONITO","ponta_b":"GPA.RL","municipio_b":"GUAPIARA"},"geometry":{"type":"LineString","coordinates":[[-48.345585,-24.006479],[-48.345246,-24.009413],[-48.34424,-24.009397],[-48.343996,-24.010903],[-48.344245,-24.012098],[-48.34893,-24.015839],[-48.349726,-24.016272],[-48.350363,-24.017022],[-48.354882,-24.020916],[-48.361092,-24.029078],[-48.36442,-24.031386],[-48.371918,-24.035789],[-48.37466,-24.039044],[-48.37705,-24.040718],[-48.381789,-24.047493],[-48.385914,-24.053003],[-48.387801,-24.056047],[-48.390897,-24.057938],[-48.405659,-24.060855],[-48.417185,-24.067184],[-48.430858,-24.078842],[-48.431619,-24.079674],[-48.433503,-24.082481],[-48.436474,-24.084742],[-48.438296,-24.089793],[-48.440431,-24.092505],[-48.445875,-24.10407],[-48.446484,-24.104766],[-48.448249,-24.105353],[-48.449153,-24.106089],[-48.449475,-24.106941],[-48.449416,-24.108491],[-48.449539,-24.109093],[-48.449971,-24.109733],[-48.451017,-24.110612],[-48.451611,-24.112163],[-48.45165,-24.112998],[-48.451092,-24.114411],[-48.449407,-24.123801],[-48.449391,-24.124691],[-48.449954,-24.127393],[-48.450287,-24.127767],[-48.452225,-24.12874],[-48.452922,-24.129686],[-48.45429,-24.132537],[-48.455374,-24.133267],[-48.457267,-24.1351],[-48.45941,-24.137575],[-48.459697,-24.138177],[-48.459958,-24.140122],[-48.460206,-24.140673],[-48.461962,-24.141258],[-48.462748,-24.142035],[-48.464504,-24.142786],[-48.465039,-24.143831],[-48.466432,-24.145189],[-48.467498,-24.145281],[-48.468283,-24.145935],[-48.469193,-24.145936],[-48.470097,-24.146765],[-48.470745,-24.147063],[-48.472077,-24.147203],[-48.473704,-24.146626],[-48.474076,-24.146657],[-48.474908,-24.147145],[-48.475128,-24.148234],[-48.475501,-24.148612],[-48.476379,-24.149067],[-48.478493,-24.149711],[-48.478843,-24.149571],[-48.480347,-24.147322],[-48.482538,-24.14649],[-48.484126,-24.145407],[-48.485593,-24.144824],[-48.488866,-24.14442],[-48.489923,-24.143762],[-48.49101,-24.144104],[-48.492434,-24.143661],[-48.494358,-24.144436],[-48.494985,-24.144388],[-48.497251,-24.143689],[-48.497537,-24.143868],[-48.497899,-24.144526],[-48.498758,-24.144589],[-48.499279,-24.145057],[-48.499467,-24.14549],[-48.49932,-24.145915],[-48.49885,-24.146463],[-48.498214,-24.149054],[-48.498477,-24.149945],[-48.499003,-24.156672],[-48.498288,-24.157996],[-48.498443,-24.158299],[-48.498836,-24.158433],[-48.501938,-24.156906],[-48.502396,-24.156885],[-48.502932,-24.157253],[-48.502951,-24.157726],[-48.501701,-24.159631],[-48.502269,-24.161451],[-48.50202,-24.161823],[-48.501128,-24.16224],[-48.501003,-24.162718],[-48.501297,-24.163063],[-48.502979,-24.163666],[-48.503428,-24.164081],[-48.503426,-24.164452],[-48.502806,-24.16556],[-48.502766,-24.166099],[-48.502915,-24.166335],[-48.503739,-24.166956],[-48.50508,-24.167352],[-48.506143,-24.168611],[-48.507047,-24.169352],[-48.50733,-24.170169],[-48.506622,-24.171453],[-48.507588,-24.171664],[-48.508886,-24.171444],[-48.509209,-24.172208],[-48.509601,-24.172623],[-48.511434,-24.173856],[-48.512508,-24.175111],[-48.513957,-24.176229],[-48.514516,-24.177239],[-48.515114,-24.177562],[-48.515928,-24.177596],[-48.51798,-24.178813],[-48.519595,-24.179265],[-48.519336,-24.179876],[-48.519337,-24.180469],[-48.519542,-24.180801],[-48.519204,-24.181526],[-48.519255,-24.181736],[-48.521492,-24.182194],[-48.522237,-24.181852],[-48.523426,-24.181745],[-48.524601,-24.182816],[-48.525583,-24.184537],[-48.527141,-24.184935],[-48.529709,-24.184986],[-48.529623,-24.18536],[-48.529917,-24.185402]]}},{"type":"Feature","properties":{"id_backbone":"BB-A73FDE614AA9","trecho":"GEI.AC-IGA.QB","cluster":"SOROCABA","cabo":"F-0024","capacidade":"12","extensao_km":36.304,"confianca":"ALTA","fonte":"OSRM/OpenStreetMap","ponta_a":"GEI.AC","municipio_a":"GUAREI","ponta_b":"IGA.QB","municipio_b":"ITAPETININGA"},"geometry":{"type":"LineString","coordinates":[[-48.185512,-23.371824],[-48.187261,-23.372712],[-48.187071,-23.373261],[-48.187562,-23.373634],[-48.187868,-23.374428],[-48.188665,-23.379086],[-48.187084,-23.383254],[-48.1876,-23.40421],[-48.189817,-23.410218],[-48.189592,-23.413669],[-48.190777,-23.41715],[-48.191679,-23.421678],[-48.191544,-23.422436],[-48.190241,-23.42567],[-48.188905,-23.434062],[-48.189629,-23.437291],[-48.190769,-23.440527],[-48.191373,-23.442986],[-48.191882,-23.447139],[-48.196608,-23.457528],[-48.196667,-23.459506],[-48.197008,-23.461546],[-48.196659,-23.463719],[-48.197727,-23.464836],[-48.198923,-23.467914],[-48.199186,-23.46814],[-48.200361,-23.468494],[-48.201005,-23.469186],[-48.2009,-23.470994],[-48.199474,-23.474991],[-48.198833,-23.475314],[-48.197343,-23.475659],[-48.194347,-23.475631],[-48.192211,-23.476292],[-48.191991,-23.476688],[-48.19191,-23.477374],[-48.190659,-23.47914],[-48.190489,-23.480716],[-48.190095,-23.481486],[-48.187836,-23.482548],[-48.178608,-23.490276],[-48.176224,-23.493892],[-48.175884,-23.494143],[-48.175447,-23.494072],[-48.174769,-23.493228],[-48.173794,-23.492672],[-48.171433,-23.492097],[-48.165028,-23.494168],[-48.157019,-23.49464],[-48.154396,-23.495905],[-48.152687,-23.498315],[-48.150383,-23.502917],[-48.143112,-23.520218],[-48.142626,-23.520606],[-48.141215,-23.521253],[-48.139319,-23.521302],[-48.13793,-23.521836],[-48.135537,-23.523447],[-48.134,-23.525124],[-48.132231,-23.526303],[-48.129569,-23.529511],[-48.126812,-23.531172],[-48.122457,-23.537682],[-48.120458,-23.538659],[-48.119924,-23.538494],[-48.118454,-23.536134],[-48.117333,-23.533188],[-48.116872,-23.532657],[-48.11582,-23.532258],[-48.101167,-23.536071],[-48.10066,-23.536317],[-48.096924,-23.541373],[-48.095495,-23.546501],[-48.094829,-23.549911],[-48.094739,-23.551865],[-48.09456,-23.552312],[-48.094135,-23.552506],[-48.093569,-23.552335],[-48.093181,-23.551865],[-48.092838,-23.550724],[-48.091742,-23.549963],[-48.09119,-23.549949],[-48.089907,-23.550933],[-48.08896,-23.552029],[-48.088229,-23.553476],[-48.086913,-23.554511],[-48.08637,-23.556346],[-48.086523,-23.558366],[-48.0855,-23.560354],[-48.086006,-23.562484],[-48.085938,-23.563292],[-48.085429,-23.564433],[-48.08416,-23.570051],[-48.083702,-23.570478],[-48.083027,-23.57071],[-48.07932,-23.570783],[-48.078787,-23.571089],[-48.07643,-23.573172],[-48.075566,-23.574743],[-48.075292,-23.575877],[-48.074838,-23.578382],[-48.07493,-23.580521],[-48.074651,-23.582077],[-48.06978,-23.58466],[-48.068823,-23.586172],[-48.067216,-23.586772],[-48.066855,-23.586473],[-48.064019,-23.588439],[-48.062521,-23.589673],[-48.060515,-23.591437],[-48.060575,-23.591822],[-48.059935,-23.591924],[-48.057711,-23.593031],[-48.056086,-23.593028],[-48.054686,-23.592587],[-48.050959,-23.591853]]}},{"type":"Feature","properties":{"id_backbone":"BB-2DFC96E9528E","trecho":"GRAA.GD-SGJ.MH","cluster":"SOROCABA","cabo":"TR#0001","capacidade":"12 F","extensao_km":18.995,"confianca":"MEDIA","fonte":"OSRM/OpenStreetMap","ponta_a":"GRAA.GD","municipio_a":"ITAPETININGA","ponta_b":"SGJ.MH","municipio_b":"SAO MIGUEL ARCANJO"},"geometry":{"type":"LineString","coordinates":[[-48.130875,-23.768903],[-48.129414,-23.769212],[-48.129601,-23.770129],[-48.127573,-23.770576],[-48.126513,-23.77111],[-48.119468,-23.776106],[-48.113221,-23.779539],[-48.109253,-23.781115],[-48.09948,-23.787459],[-48.098625,-23.789814],[-48.096126,-23.79218],[-48.095601,-23.792904],[-48.093582,-23.797444],[-48.093759,-23.799162],[-48.093655,-23.799651],[-48.091863,-23.802826],[-48.090085,-23.804365],[-48.089379,-23.805251],[-48.086335,-23.81248],[-48.082459,-23.814566],[-48.080388,-23.816514],[-48.073112,-23.824651],[-48.068233,-23.828709],[-48.065607,-23.83137],[-48.062333,-23.835764],[-48.061711,-23.836071],[-48.055587,-23.837491],[-48.051335,-23.838133],[-48.044935,-23.841636],[-48.03741,-23.846818],[-48.036731,-23.847005],[-48.033499,-23.846973],[-48.032695,-23.847203],[-48.031985,-23.84762],[-48.02363,-23.853476],[-48.022439,-23.854533],[-48.021908,-23.855438],[-48.018527,-23.8634],[-48.016297,-23.866508],[-48.009797,-23.872526],[-48.009357,-23.873265],[-48.009102,-23.874336],[-48.008601,-23.874454],[-48.00743,-23.873995],[-48.004016,-23.874776],[-48.00288,-23.875479],[-48.001498,-23.877072],[-48.000498,-23.877511]]}},{"type":"Feature","properties":{"id_backbone":"BB-062C0AFB7D05","trecho":"IBN.GN-IBN.RU","cluster":"SOROCABA","cabo":"F-0098","capacidade":"12","extensao_km":5.387,"confianca":"ALTA","fonte":"OSRM/OpenStreetMap","ponta_a":"IBN.GN","municipio_a":"IBIUNA","ponta_b":"IBN.RU","municipio_b":"IBIUNA"},"geometry":{"type":"LineString","coordinates":[[-47.220811,-23.655558],[-47.220956,-23.656862],[-47.218286,-23.657172],[-47.217046,-23.658494],[-47.21577,-23.661816],[-47.215876,-23.662351],[-47.216208,-23.662862],[-47.217135,-23.663113],[-47.219007,-23.663199],[-47.219256,-23.663383],[-47.21959,-23.664075],[-47.219768,-23.66535],[-47.219507,-23.666917],[-47.219728,-23.668772],[-47.219421,-23.670057],[-47.219529,-23.670954],[-47.218489,-23.673897],[-47.218202,-23.6743],[-47.21746,-23.674541],[-47.217173,-23.67491],[-47.217162,-23.67519],[-47.220472,-23.682202],[-47.221749,-23.682845],[-47.2223,-23.683876],[-47.221858,-23.686818],[-47.22186,-23.688063],[-47.222229,-23.689627],[-47.221768,-23.690927],[-47.221411,-23.693143],[-47.22103,-23.694314],[-47.219905,-23.693468],[-47.219395,-23.693403]]}},{"type":"Feature","properties":{"id_backbone":"BB-17C80EBCDE1D","trecho":"IEO.GC-IEO.RC","cluster":"SOROCABA","cabo":"F-0011","capacidade":"6","extensao_km":17.511,"confianca":"BAIXA","fonte":"OSRM/OpenStreetMap","ponta_a":"IEO.GC","municipio_a":"IPERO","ponta_b":"IEO.RC","municipio_b":"IPERO"},"geometry":{"type":"LineString","coordinates":[[-47.68685,-23.349282],[-47.686935,-23.349492],[-47.68999,-23.34843],[-47.689919,-23.350479],[-47.690344,-23.351329],[-47.691582,-23.352588],[-47.694622,-23.354831],[-47.694491,-23.355225],[-47.694303,-23.361391],[-47.693847,-23.362402],[-47.693379,-23.362403],[-47.690615,-23.363168],[-47.689228,-23.363968],[-47.68837,-23.364713],[-47.687616,-23.36577],[-47.68734,-23.36704],[-47.686694,-23.368437],[-47.685251,-23.369909],[-47.684263,-23.371697],[-47.683255,-23.372625],[-47.681565,-23.373806],[-47.679905,-23.37732],[-47.677236,-23.378763],[-47.67525,-23.379354],[-47.671054,-23.380272],[-47.664218,-23.383092],[-47.662111,-23.383235],[-47.658315,-23.383947],[-47.651106,-23.385768],[-47.649648,-23.390418],[-47.647785,-23.392038],[-47.646153,-23.392356],[-47.645259,-23.393091],[-47.644333,-23.39356],[-47.644298,-23.394011],[-47.644621,-23.395298],[-47.644543,-23.395824],[-47.642742,-23.397384],[-47.64114,-23.399724],[-47.639641,-23.400872],[-47.639365,-23.401593],[-47.639326,-23.402617],[-47.638732,-23.403223],[-47.633564,-23.403894],[-47.628598,-23.406518],[-47.627778,-23.406501],[-47.623535,-23.405711],[-47.622701,-23.405803],[-47.619813,-23.408552],[-47.618019,-23.40892],[-47.617688,-23.409131],[-47.617477,-23.409494],[-47.617421,-23.410923],[-47.617251,-23.411146],[-47.61325,-23.412892],[-47.610979,-23.413279],[-47.609888,-23.414005],[-47.609304,-23.413955],[-47.606546,-23.412489],[-47.602525,-23.411029],[-47.601346,-23.411115],[-47.600966,-23.411309],[-47.600555,-23.411858],[-47.600272,-23.413145],[-47.599799,-23.413499],[-47.599314,-23.413533],[-47.598631,-23.413098],[-47.597479,-23.41084],[-47.596147,-23.412303],[-47.596383,-23.414766],[-47.594202,-23.419244],[-47.594129,-23.419793],[-47.594246,-23.420026],[-47.596412,-23.421455],[-47.598012,-23.42358],[-47.597998,-23.424109],[-47.597402,-23.425551],[-47.59771,-23.426207],[-47.599397,-23.427111],[-47.599197,-23.427774]]}},{"type":"Feature","properties":{"id_backbone":"BB-1D5AE30C1558","trecho":"IEO.GC-SOC.PE","cluster":"SOROCABA","cabo":"F-0066","capacidade":"12","extensao_km":33.643,"confianca":"SEM_REFERENCIA","fonte":"OSRM/OpenStreetMap","ponta_a":"IEO.GC","municipio_a":"IPERO","ponta_b":"SOC.PE","municipio_b":"SOROCABA"},"geometry":{"type":"LineString","coordinates":[[-47.68685,-23.349282],[-47.686935,-23.349492],[-47.68999,-23.34843],[-47.689919,-23.350479],[-47.690344,-23.351329],[-47.691582,-23.352588],[-47.694622,-23.354831],[-47.694491,-23.355225],[-47.694303,-23.361391],[-47.693847,-23.362402],[-47.693379,-23.362403],[-47.690615,-23.363168],[-47.689228,-23.363968],[-47.68837,-23.364713],[-47.687616,-23.36577],[-47.68734,-23.36704],[-47.686694,-23.368437],[-47.685251,-23.369909],[-47.684263,-23.371697],[-47.683255,-23.372625],[-47.681565,-23.373806],[-47.680163,-23.376946],[-47.679556,-23.377583],[-47.677572,-23.378632],[-47.676421,-23.379026],[-47.671054,-23.380272],[-47.664218,-23.383092],[-47.662111,-23.383235],[-47.659526,-23.38379],[-47.658512,-23.381814],[-47.658097,-23.379694],[-47.657826,-23.379383],[-47.657358,-23.379262],[-47.653126,-23.380054],[-47.648364,-23.38256],[-47.648148,-23.382506],[-47.647465,-23.381753],[-47.644885,-23.380082],[-47.644463,-23.379969],[-47.640787,-23.381565],[-47.639848,-23.381834],[-47.631953,-23.381598],[-47.628346,-23.382091],[-47.625939,-23.382225],[-47.620764,-23.384104],[-47.619809,-23.384672],[-47.618012,-23.386143],[-47.616049,-23.388842],[-47.614277,-23.390646],[-47.613693,-23.391017],[-47.608899,-23.391919],[-47.604688,-23.392943],[-47.604286,-23.392899],[-47.600442,-23.393683],[-47.59464,-23.396133],[-47.590181,-23.399791],[-47.590011,-23.400158],[-47.589893,-23.401501],[-47.589379,-23.402499],[-47.587194,-23.405164],[-47.585164,-23.406448],[-47.584904,-23.406982],[-47.584834,-23.407614],[-47.584561,-23.408028],[-47.580038,-23.410717],[-47.576175,-23.41241],[-47.575108,-23.413203],[-47.571417,-23.41802],[-47.566822,-23.423297],[-47.565037,-23.425812],[-47.557487,-23.43319],[-47.556195,-23.433905],[-47.547725,-23.436599],[-47.547181,-23.436965],[-47.546272,-23.437218],[-47.544746,-23.438186],[-47.542546,-23.440034],[-47.53955,-23.441651],[-47.529252,-23.441432],[-47.526579,-23.442357],[-47.524571,-23.442331],[-47.522982,-23.442725],[-47.520956,-23.444482],[-47.519861,-23.446142],[-47.518897,-23.447218],[-47.515934,-23.449398],[-47.512742,-23.451161],[-47.510973,-23.452652],[-47.509842,-23.453051],[-47.507675,-23.453443],[-47.505943,-23.454576],[-47.498032,-23.463131],[-47.497711,-23.46365],[-47.497201,-23.464017],[-47.495061,-23.466339],[-47.49453,-23.467243],[-47.493471,-23.468089],[-47.482793,-23.479729],[-47.470988,-23.484405],[-47.467976,-23.485219],[-47.464617,-23.487264],[-47.463186,-23.489073],[-47.459611,-23.49277],[-47.458923,-23.4951],[-47.458688,-23.495454],[-47.458073,-23.495758],[-47.457411,-23.495774],[-47.455445,-23.496261],[-47.454965,-23.497249],[-47.456414,-23.498078]]}},{"type":"Feature","properties":{"id_backbone":"BB-F889AF7E30D3","trecho":"IER.IR-IVA.MP","cluster":"SOROCABA","cabo":"TR#0256","capacidade":"24 F","extensao_km":35.312,"confianca":"ALTA","fonte":"OSRM/OpenStreetMap","ponta_a":"IER.IR","municipio_a":"ITABERA","ponta_b":"IVA.MP","municipio_b":"ITAPEVA"},"geometry":{"type":"LineString","coordinates":[[-49.13821,-23.86238],[-49.13845,-23.862564],[-49.137975,-23.863095],[-49.132572,-23.859801],[-49.128645,-23.859284],[-49.128042,-23.859687],[-49.127161,-23.858759],[-49.125602,-23.858889],[-49.111888,-23.862145],[-49.106215,-23.866234],[-49.093558,-23.871012],[-49.091522,-23.872307],[-49.087566,-23.875924],[-49.087121,-23.876133],[-49.070852,-23.877535],[-49.06671,-23.878884],[-49.066165,-23.879635],[-49.0658,-23.881642],[-49.065419,-23.882464],[-49.062077,-23.886338],[-49.061015,-23.887869],[-49.058944,-23.889222],[-49.058214,-23.889517],[-49.057131,-23.889909],[-49.054963,-23.890154],[-49.054073,-23.890478],[-49.053086,-23.891302],[-49.052644,-23.891873],[-49.052324,-23.892714],[-49.052024,-23.894539],[-49.052657,-23.896207],[-49.053569,-23.897609],[-49.054202,-23.898208],[-49.055993,-23.898884],[-49.056669,-23.899434],[-49.057163,-23.900689],[-49.056278,-23.908043],[-49.055918,-23.909831],[-49.05476,-23.913077],[-49.05403,-23.913989],[-49.051648,-23.915127],[-49.05049,-23.915127],[-49.04991,-23.91499],[-49.044835,-23.912597],[-49.04387,-23.912538],[-49.041477,-23.913793],[-49.038666,-23.916657],[-49.037632,-23.917368],[-49.036628,-23.917981],[-49.034868,-23.918599],[-49.033066,-23.91908],[-49.027819,-23.919933],[-49.024687,-23.921424],[-49.022444,-23.922071],[-49.012783,-23.922717],[-49.011291,-23.923127],[-49.008612,-23.92429],[-49.007675,-23.924945],[-49.006837,-23.925905],[-49.005797,-23.928097],[-49.005121,-23.928972],[-49.002961,-23.931083],[-49.000817,-23.932606],[-48.996187,-23.934415],[-48.991668,-23.936692],[-48.982089,-23.940821],[-48.976162,-23.943794],[-48.968572,-23.948236],[-48.96818,-23.948951],[-48.968186,-23.9518],[-48.967756,-23.952941],[-48.966948,-23.953731],[-48.964071,-23.954873],[-48.963453,-23.955312],[-48.962928,-23.956358],[-48.962511,-23.959367],[-48.961499,-23.961216],[-48.960098,-23.962515],[-48.95698,-23.964219],[-48.954857,-23.964862],[-48.953337,-23.964905],[-48.952116,-23.964726],[-48.942627,-23.960901],[-48.94167,-23.960702],[-48.940887,-23.960852],[-48.939964,-23.961405],[-48.938589,-23.963827],[-48.938202,-23.964235],[-48.937443,-23.964481],[-48.934685,-23.964816],[-48.932371,-23.965787],[-48.931687,-23.965726],[-48.92519,-23.963689],[-48.924049,-23.963714],[-48.92204,-23.964389],[-48.921084,-23.964784],[-48.918003,-23.966631],[-48.915919,-23.968406],[-48.913296,-23.969769],[-48.909101,-23.972541],[-48.908653,-23.97303],[-48.908152,-23.973994],[-48.906278,-23.976292],[-48.897982,-23.980335],[-48.897207,-23.981273],[-48.896149,-23.983837],[-48.893757,-23.985772],[-48.89307,-23.987084],[-48.892401,-23.986993],[-48.890003,-23.986134],[-48.885373,-23.985968],[-48.883291,-23.985493],[-48.881125,-23.984055],[-48.879497,-23.981509],[-48.87932,-23.980739],[-48.877133,-23.98103],[-48.877164,-23.981373]]}},{"type":"Feature","properties":{"id_backbone":"BB-3CBF4D7D01FB","trecho":"IGA.QB-SRP.LV","cluster":"SOROCABA","cabo":"F-0025","capacidade":"6","extensao_km":35.932,"confianca":"SEM_REFERENCIA","fonte":"OSRM/OpenStreetMap","ponta_a":"IGA.QB","municipio_a":"ITAPETININGA","ponta_b":"SRP.LV","municipio_b":"SARAPUI"},"geometry":{"type":"LineString","coordinates":[[-48.050959,-23.591853],[-48.049086,-23.591476],[-48.049161,-23.590969],[-48.053783,-23.591427],[-48.053621,-23.59266],[-48.053736,-23.593219],[-48.054764,-23.595043],[-48.055932,-23.597755],[-48.056064,-23.600081],[-48.055926,-23.601814],[-48.055215,-23.605527],[-48.054493,-23.607334],[-48.054332,-23.607086],[-48.052387,-23.605998],[-48.034135,-23.598189],[-48.032783,-23.597743],[-48.002872,-23.596155],[-47.975422,-23.589789],[-47.974284,-23.589729],[-47.973105,-23.5899],[-47.971289,-23.590611],[-47.969979,-23.591632],[-47.96672,-23.595033],[-47.965275,-23.595969],[-47.963367,-23.596509],[-47.961289,-23.596475],[-47.956299,-23.595347],[-47.954582,-23.594465],[-47.953286,-23.593209],[-47.952731,-23.59243],[-47.95094,-23.588291],[-47.948076,-23.584411],[-47.94694,-23.583319],[-47.945255,-23.582492],[-47.944175,-23.582282],[-47.936608,-23.581786],[-47.934511,-23.581395],[-47.904516,-23.571865],[-47.846549,-23.561496],[-47.845914,-23.5615],[-47.845513,-23.56169],[-47.844613,-23.562612],[-47.843876,-23.562793],[-47.839019,-23.566973],[-47.838519,-23.568001],[-47.838292,-23.57134],[-47.837779,-23.573723],[-47.835672,-23.576225],[-47.83489,-23.577039],[-47.834251,-23.577346],[-47.829328,-23.577681],[-47.828717,-23.577978],[-47.827963,-23.579146],[-47.826686,-23.58183],[-47.824603,-23.583835],[-47.823793,-23.585426],[-47.823419,-23.591554],[-47.822524,-23.597822],[-47.82323,-23.604385],[-47.823808,-23.607581],[-47.823234,-23.614956],[-47.823979,-23.619289],[-47.824268,-23.619748],[-47.824328,-23.620324],[-47.826222,-23.625192],[-47.825707,-23.634848],[-47.825729,-23.635364],[-47.82629,-23.636747],[-47.826647,-23.642212],[-47.825812,-23.642308],[-47.825245,-23.64256],[-47.825739,-23.642272]]}},{"type":"Feature","properties":{"id_backbone":"BB-26A44F6ED7A9","trecho":"ITR.RD-ITR.SP","cluster":"SOROCABA","cabo":"F-0057","capacidade":"24","extensao_km":1.127,"confianca":"MEDIA","fonte":"OSRM/OpenStreetMap","ponta_a":"ITR.RD","municipio_a":"ITARARE","ponta_b":"ITR.SP","municipio_b":"ITARARE"},"geometry":{"type":"LineString","coordinates":[[-49.333563,-24.107266],[-49.333437,-24.107686],[-49.335195,-24.108109],[-49.334852,-24.109374],[-49.336635,-24.10977],[-49.336208,-24.111517],[-49.338115,-24.112073],[-49.337772,-24.113494]]}},{"type":"Feature","properties":{"id_backbone":"BB-C041CC237957","trecho":"IVA.MP-RIC.EM","cluster":"SOROCABA","cabo":"F-0185","capacidade":"36","extensao_km":34.753,"confianca":"ALTA","fonte":"OSRM/OpenStreetMap","ponta_a":"IVA.MP","municipio_a":"ITAPEVA","ponta_b":"RIC.EM","municipio_b":"RIBEIRAO BRANCO"},"geometry":{"type":"LineString","coordinates":[[-48.877164,-23.981373],[-48.877398,-23.985716],[-48.878751,-23.985668],[-48.878904,-23.985949],[-48.876551,-23.985959],[-48.876879,-23.991075],[-48.877737,-23.995156],[-48.878401,-23.996534],[-48.878645,-23.997794],[-48.878653,-24.001412],[-48.878329,-24.002233],[-48.87664,-24.004715],[-48.87676,-24.006136],[-48.876645,-24.006595],[-48.875851,-24.00787],[-48.874156,-24.009072],[-48.873346,-24.010392],[-48.872693,-24.012704],[-48.872229,-24.013726],[-48.871616,-24.014578],[-48.870281,-24.015814],[-48.869711,-24.016568],[-48.869653,-24.017388],[-48.870079,-24.019956],[-48.869931,-24.021634],[-48.869369,-24.023213],[-48.867059,-24.026709],[-48.8656,-24.028237],[-48.86297,-24.030514],[-48.857534,-24.033403],[-48.856417,-24.034711],[-48.854723,-24.037301],[-48.85015,-24.039705],[-48.845926,-24.045688],[-48.842683,-24.047403],[-48.841505,-24.048275],[-48.832111,-24.068936],[-48.832084,-24.070868],[-48.831032,-24.075131],[-48.830144,-24.077245],[-48.830059,-24.079326],[-48.830386,-24.080839],[-48.829919,-24.082953],[-48.829632,-24.083821],[-48.828299,-24.085789],[-48.827221,-24.088819],[-48.825287,-24.091601],[-48.824929,-24.091899],[-48.824375,-24.091905],[-48.823151,-24.091351],[-48.821533,-24.091046],[-48.820779,-24.091267],[-48.820296,-24.091949],[-48.820263,-24.092698],[-48.822708,-24.09646],[-48.822867,-24.097333],[-48.820907,-24.101813],[-48.818007,-24.104784],[-48.817762,-24.106209],[-48.817481,-24.106696],[-48.817001,-24.106948],[-48.816174,-24.107038],[-48.816311,-24.108044],[-48.815764,-24.107996],[-48.815174,-24.106901],[-48.815823,-24.106528],[-48.816,-24.106295],[-48.815894,-24.106093],[-48.814552,-24.106389],[-48.814292,-24.107411],[-48.813908,-24.107573],[-48.813781,-24.107392],[-48.813734,-24.106204],[-48.813519,-24.105899],[-48.811186,-24.105448],[-48.80982,-24.107201],[-48.808367,-24.107874],[-48.80768,-24.108398],[-48.806457,-24.111071],[-48.806478,-24.111568],[-48.807353,-24.113262],[-48.808705,-24.115267],[-48.808439,-24.11572],[-48.806771,-24.117383],[-48.806685,-24.118239],[-48.808982,-24.120708],[-48.809708,-24.124927],[-48.812129,-24.128223],[-48.81237,-24.128783],[-48.811819,-24.136638],[-48.81095,-24.138968],[-48.808868,-24.143153],[-48.808525,-24.143584],[-48.80628,-24.145212],[-48.803617,-24.146702],[-48.798402,-24.151781],[-48.798005,-24.152799],[-48.79861,-24.167962],[-48.805129,-24.186456],[-48.805022,-24.187307],[-48.804553,-24.188342],[-48.802287,-24.192893],[-48.80132,-24.193868],[-48.800598,-24.194247],[-48.78781,-24.197488],[-48.785053,-24.198393],[-48.782894,-24.198728],[-48.778516,-24.199841],[-48.777275,-24.20046],[-48.776773,-24.201016],[-48.776588,-24.201586],[-48.776658,-24.202787],[-48.775923,-24.20642],[-48.775928,-24.209798],[-48.775649,-24.210549],[-48.774364,-24.211704],[-48.772844,-24.212149],[-48.771533,-24.213158],[-48.770502,-24.213624],[-48.770247,-24.21406],[-48.770084,-24.215833],[-48.76981,-24.216291],[-48.768582,-24.216729],[-48.765134,-24.219746]]}},{"type":"Feature","properties":{"id_backbone":"BB-839444ED2803","trecho":"LJP.JP-LJP.MR","cluster":"SOROCABA","cabo":"F-0019","capacidade":"6","extensao_km":7.306,"confianca":"ALTA","fonte":"OSRM/OpenStreetMap","ponta_a":"LJP.JP","municipio_a":"LARANJAL PAULISTA","ponta_b":"LJP.MR","municipio_b":"LARANJAL PAULISTA"},"geometry":{"type":"LineString","coordinates":[[-47.835076,-23.051706],[-47.83458,-23.051963],[-47.834446,-23.049939],[-47.836241,-23.049837],[-47.834701,-23.043811],[-47.836706,-23.043609],[-47.839729,-23.042555],[-47.840547,-23.041788],[-47.84051,-23.041501],[-47.840224,-23.04125],[-47.840279,-23.041035],[-47.840843,-23.041324],[-47.841845,-23.04235],[-47.843658,-23.043821],[-47.844908,-23.044265],[-47.845981,-23.044333],[-47.847287,-23.044037],[-47.848448,-23.043349],[-47.852352,-23.039015],[-47.853036,-23.038659],[-47.880966,-23.036365],[-47.882129,-23.036311],[-47.882785,-23.036467],[-47.883253,-23.036187],[-47.884056,-23.036126],[-47.884842,-23.036289],[-47.887647,-23.037864],[-47.887962,-23.037391]]}},{"type":"Feature","properties":{"id_backbone":"BB-E0CE77F3C4F6","trecho":"PLL.FZPL-PLL.JM","cluster":"SOROCABA","cabo":"F-0085","capacidade":"12","extensao_km":14.063,"confianca":"SEM_REFERENCIA","fonte":"OSRM/OpenStreetMap","ponta_a":"PLL.FZPL","municipio_a":"PILAR DO SUL","ponta_b":"PLL.JM","municipio_b":"PILAR DO SUL"},"geometry":{"type":"LineString","coordinates":[[-47.818434,-23.82321],[-47.81736,-23.823463],[-47.815248,-23.81888],[-47.809829,-23.814513],[-47.805949,-23.808796],[-47.805427,-23.808463],[-47.802151,-23.807196],[-47.801487,-23.8067],[-47.801059,-23.80582],[-47.800838,-23.804405],[-47.800933,-23.802721],[-47.801398,-23.801156],[-47.80013,-23.799468],[-47.797937,-23.798615],[-47.796261,-23.798951],[-47.79391,-23.798337],[-47.782874,-23.791535],[-47.781099,-23.790927],[-47.780371,-23.790829],[-47.769212,-23.791414],[-47.766691,-23.792087],[-47.765461,-23.79321],[-47.763907,-23.79398],[-47.762748,-23.794811],[-47.761275,-23.795216],[-47.758081,-23.794683],[-47.756858,-23.794076],[-47.753548,-23.793385],[-47.741979,-23.794212],[-47.740575,-23.794775],[-47.740103,-23.795257],[-47.739175,-23.797109],[-47.738879,-23.799788],[-47.738439,-23.80009],[-47.737216,-23.800486],[-47.73685,-23.800849],[-47.736631,-23.802122],[-47.735324,-23.804814],[-47.734459,-23.805548],[-47.732222,-23.806821],[-47.730125,-23.808613],[-47.728554,-23.810264],[-47.72754,-23.810538],[-47.722804,-23.810394],[-47.720703,-23.810486],[-47.718384,-23.809911],[-47.714858,-23.810718],[-47.715582,-23.813632],[-47.715782,-23.813601]]}},{"type":"Feature","properties":{"id_backbone":"BB-269619A340E9","trecho":"PRF.DI-PRF.PF","cluster":"SOROCABA","cabo":null,"capacidade":null,"extensao_km":17.067,"confianca":"SEM_REFERENCIA","fonte":"OSRM/OpenStreetMap","ponta_a":"PRF.DI","municipio_a":"PORTO FELIZ","ponta_b":"PRF.PF","municipio_b":"PORTO FELIZ"},"geometry":{"type":"LineString","coordinates":[[-47.528112,-23.351736],[-47.526339,-23.349183],[-47.529455,-23.3493],[-47.52918,-23.32518],[-47.529286,-23.323948],[-47.529744,-23.322059],[-47.531356,-23.318628],[-47.531933,-23.316848],[-47.533333,-23.308808],[-47.533383,-23.307599],[-47.533995,-23.304296],[-47.534055,-23.302841],[-47.533391,-23.300068],[-47.531069,-23.294459],[-47.530391,-23.293236],[-47.529727,-23.291176],[-47.521757,-23.271841],[-47.52126,-23.26975],[-47.521038,-23.267603],[-47.521102,-23.265238],[-47.521614,-23.261332],[-47.521403,-23.258757],[-47.519466,-23.252611],[-47.517774,-23.248094],[-47.51698,-23.245141],[-47.51746,-23.240646],[-47.518486,-23.234572],[-47.518356,-23.233753],[-47.518568,-23.233501],[-47.518727,-23.232835],[-47.518649,-23.232411],[-47.51902,-23.232345],[-47.519101,-23.232765],[-47.519294,-23.232906],[-47.522694,-23.232687],[-47.524642,-23.230323],[-47.525139,-23.22859],[-47.524097,-23.22308],[-47.525544,-23.217336],[-47.524712,-23.217186],[-47.524518,-23.216954],[-47.524747,-23.214245],[-47.524431,-23.213471],[-47.52487,-23.213314],[-47.523756,-23.211596]]}},{"type":"Feature","properties":{"id_backbone":"BB-BB0B07BE785D","trecho":"SOC.AP-SOC.CR","cluster":"SOROCABA","cabo":"F-0058","capacidade":"36","extensao_km":8.885,"confianca":"MEDIA","fonte":"OSRM/OpenStreetMap","ponta_a":"SOC.AP","municipio_a":"SOROCABA","ponta_b":"SOC.CR","municipio_b":"SOROCABA"},"geometry":{"type":"LineString","coordinates":[[-47.429191,-23.503957],[-47.4299,-23.504425],[-47.430227,-23.504441],[-47.428834,-23.505091],[-47.428909,-23.50535],[-47.430124,-23.506032],[-47.432247,-23.506262],[-47.433213,-23.50668],[-47.434685,-23.507995],[-47.436009,-23.510232],[-47.440888,-23.507625],[-47.4418,-23.50893],[-47.444129,-23.511426],[-47.4444,-23.511294],[-47.444877,-23.510646],[-47.445771,-23.511163],[-47.447884,-23.508712],[-47.449369,-23.50749],[-47.451091,-23.507846],[-47.452347,-23.506958],[-47.452852,-23.508538],[-47.454731,-23.511857],[-47.455136,-23.511914],[-47.455948,-23.511701],[-47.459613,-23.512645],[-47.469262,-23.517694],[-47.470186,-23.517993],[-47.471325,-23.517884],[-47.472172,-23.517393],[-47.473501,-23.516027],[-47.473719,-23.515734],[-47.473747,-23.515255],[-47.473932,-23.515156],[-47.474473,-23.51556],[-47.479695,-23.515513],[-47.485817,-23.517247],[-47.488621,-23.517331],[-47.489778,-23.517683],[-47.489919,-23.517506],[-47.489225,-23.514901],[-47.488655,-23.51089]]}},{"type":"Feature","properties":{"id_backbone":"BB-262E8E5C8B16","trecho":"SOC.AS-SOC.CD","cluster":"SOROCABA","cabo":"F-0006A","capacidade":"6","extensao_km":5.548,"confianca":"SEM_REFERENCIA","fonte":"OSRM/OpenStreetMap","ponta_a":"SOC.AS","municipio_a":"SOROCABA","ponta_b":"SOC.CD","municipio_b":"SOROCABA"},"geometry":{"type":"LineString","coordinates":[[-47.457861,-23.497763],[-47.459419,-23.498374],[-47.459923,-23.498329],[-47.462376,-23.495401],[-47.462473,-23.494558],[-47.463743,-23.494743],[-47.471524,-23.491171],[-47.47187,-23.490915],[-47.47338,-23.488606],[-47.473152,-23.48727],[-47.471334,-23.484116],[-47.474057,-23.47977],[-47.476697,-23.47244],[-47.478682,-23.466001],[-47.479952,-23.459385]]}},{"type":"Feature","properties":{"id_backbone":"BB-2FA2186604A5","trecho":"SOC.CD-SOC.IT","cluster":"SOROCABA","cabo":"F-S/N","capacidade":"24","extensao_km":8.371,"confianca":"SEM_REFERENCIA","fonte":"OSRM/OpenStreetMap","ponta_a":"SOC.CD","municipio_a":"SOROCABA","ponta_b":"SOC.IT","municipio_b":"SOROCABA"},"geometry":{"type":"LineString","coordinates":[[-47.479952,-23.459385],[-47.480389,-23.457245],[-47.48093,-23.456429],[-47.481989,-23.455624],[-47.482572,-23.454667],[-47.482669,-23.454069],[-47.482403,-23.452131],[-47.482146,-23.451471],[-47.480675,-23.450317],[-47.479767,-23.448455],[-47.478519,-23.444269],[-47.478533,-23.441038],[-47.477432,-23.438826],[-47.477199,-23.437973],[-47.477211,-23.437376],[-47.477611,-23.435143],[-47.47829,-23.433973],[-47.480119,-23.431916],[-47.482863,-23.429668],[-47.483051,-23.426443],[-47.478322,-23.411844],[-47.478419,-23.410494],[-47.47721,-23.409546],[-47.476862,-23.408895],[-47.477052,-23.407838],[-47.477903,-23.407145],[-47.478367,-23.406551],[-47.478592,-23.405903],[-47.478721,-23.40531],[-47.478725,-23.401585],[-47.478253,-23.400253],[-47.476339,-23.396694],[-47.474309,-23.391357],[-47.47384,-23.390699]]}},{"type":"Feature","properties":{"id_backbone":"BB-950373BADEB1","trecho":"SOC.CR-SPR.JG","cluster":"SOROCABA","cabo":"F-0055","capacidade":"24","extensao_km":22.315,"confianca":"ALTA","fonte":"OSRM/OpenStreetMap","ponta_a":"SOC.CR","municipio_a":"SOROCABA","ponta_b":"SPR.JG","municipio_b":"SALTO DE PIRAPORA"},"geometry":{"type":"LineString","coordinates":[[-47.488655,-23.51089],[-47.488141,-23.510251],[-47.485119,-23.508306],[-47.483987,-23.510179],[-47.484849,-23.510477],[-47.48248,-23.514649],[-47.481473,-23.515835],[-47.481564,-23.515998],[-47.485817,-23.517247],[-47.488621,-23.517331],[-47.490064,-23.517733],[-47.49128,-23.521969],[-47.491337,-23.523046],[-47.491174,-23.523951],[-47.488093,-23.537123],[-47.486991,-23.54124],[-47.486274,-23.542153],[-47.483374,-23.544527],[-47.483032,-23.545308],[-47.483383,-23.546793],[-47.486472,-23.554622],[-47.492038,-23.562829],[-47.498834,-23.568083],[-47.513264,-23.576174],[-47.514668,-23.576519],[-47.519322,-23.576833],[-47.524365,-23.578894],[-47.527589,-23.580738],[-47.534496,-23.585316],[-47.535374,-23.586062],[-47.536208,-23.587529],[-47.538353,-23.59516],[-47.538354,-23.596656],[-47.53667,-23.603268],[-47.536765,-23.604427],[-47.537315,-23.605579],[-47.539465,-23.608359],[-47.540693,-23.609541],[-47.54285,-23.611146],[-47.548614,-23.614245],[-47.551911,-23.615219],[-47.55283,-23.615634],[-47.554159,-23.6166],[-47.565507,-23.629219],[-47.567182,-23.630863],[-47.574349,-23.639113],[-47.574885,-23.639618],[-47.575663,-23.63996],[-47.575584,-23.640224],[-47.575235,-23.640235],[-47.574527,-23.639437],[-47.573865,-23.639022],[-47.573449,-23.640652],[-47.573002,-23.644393],[-47.572218,-23.644387],[-47.571496,-23.647672],[-47.57114,-23.64844],[-47.57126,-23.648546]]}},{"type":"Feature","properties":{"id_backbone":"BB-72FDB47A2775","trecho":"SOC.PA-VOM.AF","cluster":"SOROCABA","cabo":"F-0017","capacidade":"36","extensao_km":5.736,"confianca":"ALTA","fonte":"OSRM/OpenStreetMap","ponta_a":"SOC.PA","municipio_a":"SOROCABA","ponta_b":"VOM.AF","municipio_b":"VOTORANTIM"},"geometry":{"type":"LineString","coordinates":[[-47.459249,-23.501629],[-47.458718,-23.50126],[-47.456036,-23.505689],[-47.455764,-23.50751],[-47.455764,-23.509325],[-47.456165,-23.511245],[-47.455756,-23.512751],[-47.454753,-23.515283],[-47.453716,-23.516603],[-47.453049,-23.518049],[-47.453415,-23.521327],[-47.452867,-23.522704],[-47.451926,-23.523443],[-47.451128,-23.524534],[-47.450599,-23.525727],[-47.449726,-23.528738],[-47.449829,-23.529689],[-47.451055,-23.532166],[-47.454284,-23.534614],[-47.454565,-23.535189],[-47.454573,-23.535622],[-47.454286,-23.536119],[-47.453581,-23.536778],[-47.453624,-23.537205],[-47.45337,-23.537008],[-47.452348,-23.537932],[-47.450928,-23.538432],[-47.450848,-23.538578],[-47.451655,-23.541639],[-47.452037,-23.542167],[-47.45196,-23.54235],[-47.449837,-23.542318],[-47.449506,-23.54206],[-47.448297,-23.542028]]}},{"type":"Feature","properties":{"id_backbone":"BB-452647C9BDE9","trecho":"TIE.RD-TIE.TT","cluster":"SOROCABA","cabo":"F-0022","capacidade":"24","extensao_km":3.975,"confianca":"ALTA","fonte":"OSRM/OpenStreetMap","ponta_a":"TIE.RD","municipio_a":"TIETE","ponta_b":"TIE.TT","municipio_b":"TIETE"},"geometry":{"type":"LineString","coordinates":[[-47.684942,-23.106701],[-47.68535,-23.105589],[-47.686206,-23.104222],[-47.68818,-23.102426],[-47.689478,-23.102012],[-47.688387,-23.100629],[-47.69034,-23.099292],[-47.690976,-23.099875],[-47.691679,-23.101323],[-47.691912,-23.101408],[-47.692945,-23.103216],[-47.696122,-23.103196],[-47.697686,-23.102712],[-47.705709,-23.103128],[-47.711511,-23.104065],[-47.712966,-23.102127],[-47.712102,-23.102072]]}},{"type":"Feature","properties":{"id_backbone":"BB-BFDD366E871D","trecho":"CRS.VR-SJMH.JM","cluster":"SAO JOSE DO RIO PRETO","cabo":"F-0065","capacidade":"4","extensao_km":16.154,"confianca":"ALTA","fonte":"OSRM/OpenStreetMap","ponta_a":"CRS.VR","municipio_a":"CARDOSO","ponta_b":"SJMH.JM","municipio_b":"CARDOSO"},"geometry":{"type":"LineString","coordinates":[[-49.913458,-20.082389],[-49.913589,-20.081017],[-49.92387,-20.081843],[-49.924423,-20.081637],[-49.924618,-20.081194],[-49.925026,-20.068296],[-49.924623,-20.067772],[-49.924765,-20.067537],[-49.925338,-20.067141],[-49.929074,-20.063378],[-49.930029,-20.06266],[-49.93734,-20.059106],[-49.939689,-20.056745],[-49.958951,-20.046272],[-49.961503,-20.045596],[-49.975216,-20.042834],[-49.980504,-20.040557],[-50.007788,-20.033565],[-50.022856,-20.029408],[-50.024391,-20.02933],[-50.029271,-20.030082],[-50.032472,-20.030012],[-50.033552,-20.029781],[-50.035298,-20.028767],[-50.03721,-20.028643],[-50.039728,-20.029763],[-50.039046,-20.030973]]}},{"type":"Feature","properties":{"id_backbone":"BB-E43B242B07A3","trecho":"CSM.CS-VOT.RP","cluster":"SAO JOSE DO RIO PRETO","cabo":"F-0085","capacidade":"18","extensao_km":22.775,"confianca":"BAIXA","fonte":"OSRM/OpenStreetMap","ponta_a":"CSM.CS","municipio_a":"COSMORAMA","ponta_b":"VOT.RP","municipio_b":"VOTUPORANGA"},"geometry":{"type":"LineString","coordinates":[[-49.77856,-20.48092],[-49.779457,-20.482446],[-49.780574,-20.481848],[-49.792601,-20.489183],[-49.793342,-20.489234],[-49.793822,-20.489717],[-49.794253,-20.489758],[-49.798233,-20.487502],[-49.805857,-20.482487],[-49.808579,-20.481151],[-49.899383,-20.447421],[-49.904914,-20.445347],[-49.90967,-20.443346],[-49.915271,-20.440553],[-49.940283,-20.426736],[-49.953064,-20.419545],[-49.953823,-20.418735],[-49.958919,-20.415942],[-49.958948,-20.415712],[-49.960001,-20.417025],[-49.960847,-20.41771],[-49.961432,-20.417978],[-49.973169,-20.419735]]}},{"type":"Feature","properties":{"id_backbone":"BB-BBF18DF19B3B","trecho":"CTD.RB-PPT.PP","cluster":"SAO JOSE DO RIO PRETO","cabo":"F-0035","capacidade":"12","extensao_km":20.791,"confianca":"ALTA","fonte":"OSRM/OpenStreetMap","ponta_a":"CTD.RB","municipio_a":"CATANDUVA","ponta_b":"PPT.PP","municipio_b":"PALMARES PAULISTA"},"geometry":{"type":"LineString","coordinates":[[-48.971033,-21.136429],[-48.9706,-21.136576],[-48.968894,-21.132078],[-48.966819,-21.1215],[-48.964322,-21.116862],[-48.963661,-21.116127],[-48.962444,-21.112184],[-48.962122,-21.111541],[-48.961611,-21.109316],[-48.960522,-21.108132],[-48.956649,-21.106398],[-48.953176,-21.105717],[-48.92423,-21.101022],[-48.921952,-21.100861],[-48.921166,-21.100561],[-48.916296,-21.099749],[-48.915497,-21.099827],[-48.914318,-21.099383],[-48.906414,-21.098027],[-48.800156,-21.080567],[-48.799273,-21.080707],[-48.798795,-21.081117],[-48.798482,-21.081828],[-48.799877,-21.08235]]}},{"type":"Feature","properties":{"id_backbone":"BB-860DA594E7C1","trecho":"ECAU.EU-VOT.RP","cluster":"SAO JOSE DO RIO PRETO","cabo":"F-0085","capacidade":"18","extensao_km":31.708,"confianca":"BAIXA","fonte":"OSRM/OpenStreetMap","ponta_a":"ECAU.EU","municipio_a":"TANABI","ponta_b":"VOT.RP","municipio_b":"VOTUPORANGA"},"geometry":{"type":"LineString","coordinates":[[-49.724613,-20.545299],[-49.724641,-20.543345],[-49.722553,-20.543331],[-49.718743,-20.542323],[-49.718378,-20.541779],[-49.717865,-20.541496],[-49.717287,-20.541455],[-49.71719,-20.541126],[-49.71743,-20.540972],[-49.717969,-20.541036],[-49.72221,-20.537653],[-49.804669,-20.483244],[-49.806854,-20.481933],[-49.808998,-20.480993],[-49.904914,-20.445347],[-49.90967,-20.443346],[-49.915271,-20.440553],[-49.940283,-20.426736],[-49.953064,-20.419545],[-49.953823,-20.418735],[-49.958919,-20.415942],[-49.958948,-20.415712],[-49.960001,-20.417025],[-49.960847,-20.41771],[-49.961432,-20.417978],[-49.973169,-20.419735]]}},{"type":"Feature","properties":{"id_backbone":"BB-1D88D556EC05","trecho":"CRG.RP-FPS.JA","cluster":"RIBEIRAO PRETO","cabo":"F-0220","capacidade":"72","extensao_km":10.701,"confianca":"SEM_REFERENCIA","fonte":"OSRM/OpenStreetMap","ponta_a":"CRG.RP","municipio_a":"CANDIDO RODRIGUES","ponta_b":"FPS.JA","municipio_b":"FERNANDO PRESTES"},"geometry":{"type":"LineString","coordinates":[[-48.631557,-21.324556],[-48.630331,-21.324743],[-48.630232,-21.324506],[-48.633155,-21.32261],[-48.633026,-21.322367],[-48.633071,-21.316608],[-48.633385,-21.310903],[-48.633589,-21.310003],[-48.634125,-21.308984],[-48.634844,-21.308144],[-48.637108,-21.306815],[-48.637741,-21.306238],[-48.638631,-21.304089],[-48.639028,-21.303556],[-48.640005,-21.302889],[-48.642386,-21.302149],[-48.64406,-21.30059],[-48.644897,-21.3002],[-48.64715,-21.30012],[-48.649832,-21.299278],[-48.650894,-21.299361],[-48.653523,-21.30002],[-48.654381,-21.299838],[-48.654896,-21.299291],[-48.655068,-21.298581],[-48.654456,-21.297039],[-48.654542,-21.296292],[-48.65495,-21.295649],[-48.655288,-21.295447],[-48.656528,-21.295523],[-48.658545,-21.297179],[-48.659695,-21.297533],[-48.660749,-21.297249],[-48.662744,-21.29565],[-48.664579,-21.294841],[-48.664957,-21.294368],[-48.665114,-21.293874],[-48.664724,-21.291994],[-48.664808,-21.291561],[-48.665147,-21.291049],[-48.66577,-21.290728],[-48.667359,-21.290505],[-48.668291,-21.289952],[-48.670309,-21.287651],[-48.671652,-21.286568],[-48.672375,-21.284896],[-48.673946,-21.282686],[-48.67452,-21.28231],[-48.676276,-21.281862],[-48.676862,-21.281493],[-48.678092,-21.278976],[-48.678608,-21.27827],[-48.68108,-21.276807],[-48.681533,-21.276343],[-48.682197,-21.274515],[-48.682086,-21.273962],[-48.682618,-21.273843],[-48.684513,-21.272857],[-48.686531,-21.271012],[-48.689011,-21.268132],[-48.689616,-21.2674],[-48.688975,-21.266926]]}},{"type":"Feature","properties":{"id_backbone":"BB-178A31049C80","trecho":"CRUP.CA-NEU.NE","cluster":"RIBEIRAO PRETO","cabo":"F-0227","capacidade":"12","extensao_km":8.056,"confianca":"ALTA","fonte":"OSRM/OpenStreetMap","ponta_a":"CRUP.CA","municipio_a":"TABATINGA","ponta_b":"NEU.NE","municipio_b":"NOVA EUROPA"},"geometry":{"type":"LineString","coordinates":[[-48.579156,-21.721763],[-48.578717,-21.7217],[-48.578548,-21.722705],[-48.578031,-21.722801],[-48.57669,-21.723619],[-48.576166,-21.724284],[-48.569688,-21.750159],[-48.569938,-21.750698],[-48.56107,-21.749886],[-48.560077,-21.75027],[-48.559605,-21.750915],[-48.557272,-21.774099],[-48.557474,-21.77503],[-48.558031,-21.776072],[-48.560166,-21.778604],[-48.560578,-21.778294],[-48.561894,-21.77977]]}},{"type":"Feature","properties":{"id_backbone":"BB-FD0099AA36C5","trecho":"CVH.CB-RPO.LE","cluster":"RIBEIRAO PRETO","cabo":"F-0218","capacidade":"36","extensao_km":20.228,"confianca":"MEDIA","fonte":"OSRM/OpenStreetMap","ponta_a":"CVH.CB","municipio_a":"CRAVINHOS","ponta_b":"RPO.LE","municipio_b":"RIBEIRAO PRETO"},"geometry":{"type":"LineString","coordinates":[[-47.730037,-21.337798],[-47.73046,-21.338029],[-47.725479,-21.335369],[-47.728753,-21.329122],[-47.737462,-21.310617],[-47.754676,-21.273789],[-47.75536,-21.272244],[-47.755859,-21.270528],[-47.756029,-21.268924],[-47.755948,-21.267426],[-47.754283,-21.260479],[-47.754146,-21.257881],[-47.754423,-21.255972],[-47.758896,-21.236672],[-47.759291,-21.234001],[-47.759445,-21.231492],[-47.75849,-21.21059],[-47.758064,-21.207919],[-47.757657,-21.207453],[-47.75652,-21.20683],[-47.75624,-21.206322],[-47.756264,-21.205824],[-47.756511,-21.205381],[-47.757606,-21.204616],[-47.758365,-21.204454],[-47.760245,-21.20454],[-47.762296,-21.203351],[-47.783638,-21.188075],[-47.784149,-21.187447],[-47.78441,-21.186528],[-47.785654,-21.18579],[-47.786011,-21.184885],[-47.785932,-21.183064],[-47.786303,-21.181854],[-47.785716,-21.181522]]}},{"type":"Feature","properties":{"id_backbone":"BB-2482CBAC192C","trecho":"DBD.BB-SEW.VO","cluster":"RIBEIRAO PRETO","cabo":"TR#1728","capacidade":"24 F","extensao_km":6.565,"confianca":"ALTA","fonte":"OSRM/OpenStreetMap","ponta_a":"DBD.BB","municipio_a":"DOBRADA","ponta_b":"SEW.VO","municipio_b":"SANTA ERNESTINA"},"geometry":{"type":"LineString","coordinates":[[-48.395449,-21.520191],[-48.396044,-21.520438],[-48.397864,-21.517371],[-48.398964,-21.516584],[-48.397678,-21.514757],[-48.396666,-21.512818],[-48.396165,-21.510756],[-48.395919,-21.51032],[-48.395986,-21.509843],[-48.394891,-21.504681],[-48.394189,-21.503637],[-48.392852,-21.498494],[-48.392848,-21.49795],[-48.393688,-21.494304],[-48.39404,-21.491917],[-48.391252,-21.479754],[-48.393778,-21.474983],[-48.393666,-21.472809],[-48.393053,-21.471103],[-48.391216,-21.46985],[-48.389067,-21.467324],[-48.388957,-21.467154],[-48.389445,-21.46682]]}},{"type":"Feature","properties":{"id_backbone":"BB-AD69222A5262","trecho":"DUT.SD-STZ.CS","cluster":"RIBEIRAO PRETO","cabo":"F-0261","capacidade":"12","extensao_km":14.344,"confianca":"ALTA","fonte":"OSRM/OpenStreetMap","ponta_a":"DUT.SD","municipio_a":"DUMONT","ponta_b":"STZ.CS","municipio_b":"SERTAOZINHO"},"geometry":{"type":"LineString","coordinates":[[-47.972566,-21.238144],[-47.973125,-21.238523],[-47.974194,-21.237312],[-47.976484,-21.237577],[-47.976917,-21.236932],[-47.978118,-21.236369],[-47.980598,-21.234593],[-47.987742,-21.229312],[-47.995216,-21.223492],[-47.999804,-21.220679],[-48.004797,-21.216945],[-48.007348,-21.215892],[-48.008432,-21.215252],[-48.012686,-21.211643],[-48.013065,-21.210939],[-48.013118,-21.21027],[-48.007625,-21.197934],[-48.006826,-21.196503],[-47.998264,-21.185029],[-47.992297,-21.178352],[-47.990025,-21.175195],[-47.989542,-21.174192],[-47.989247,-21.172232],[-47.990074,-21.166235],[-47.989964,-21.164961],[-47.990315,-21.164469],[-47.990391,-21.163871],[-47.990203,-21.163459],[-47.990529,-21.162684],[-47.991959,-21.150876],[-47.992425,-21.149836],[-47.992012,-21.149339],[-47.9923,-21.148703],[-47.992226,-21.148076],[-47.988011,-21.142872],[-47.991098,-21.140637],[-47.990444,-21.13984]]}},{"type":"Feature","properties":{"id_backbone":"BB-7308CE9BDF7C","trecho":"FPS.JA-SDL.SA","cluster":"RIBEIRAO PRETO","cabo":"F-0083","capacidade":"6","extensao_km":13.842,"confianca":"BAIXA","fonte":"OSRM/OpenStreetMap","ponta_a":"FPS.JA","municipio_a":"FERNANDO PRESTES","ponta_b":"SDL.SA","municipio_b":"SANTA ADELIA"},"geometry":{"type":"LineString","coordinates":[[-48.688975,-21.266926],[-48.690054,-21.267714],[-48.692533,-21.265505],[-48.694994,-21.264423],[-48.700215,-21.264798],[-48.700479,-21.264372],[-48.701663,-21.26078],[-48.702588,-21.258888],[-48.707703,-21.255972],[-48.710256,-21.255312],[-48.711023,-21.255394],[-48.714436,-21.256412],[-48.71535,-21.256389],[-48.718207,-21.254319],[-48.721164,-21.25066],[-48.726542,-21.248232],[-48.728951,-21.247894],[-48.730234,-21.247489],[-48.731849,-21.246159],[-48.732887,-21.244897],[-48.736579,-21.242397],[-48.738621,-21.239739],[-48.741029,-21.238959],[-48.750738,-21.239391],[-48.784362,-21.241581],[-48.786618,-21.241519],[-48.788158,-21.240737],[-48.788742,-21.241551],[-48.789362,-21.24183],[-48.791661,-21.241974],[-48.80625,-21.244177],[-48.806387,-21.243449]]}},{"type":"Feature","properties":{"id_backbone":"BB-0A4C17CDA882","trecho":"GIB.FS-MKC.MT","cluster":"RIBEIRAO PRETO","cabo":"F-0410","capacidade":"36","extensao_km":21.473,"confianca":"ALTA","fonte":"OSRM/OpenStreetMap","ponta_a":"GIB.FS","municipio_a":"GUARIBA","ponta_b":"MKC.MT","municipio_b":"MOTUCA"},"geometry":{"type":"LineString","coordinates":[[-48.226121,-21.361202],[-48.226145,-21.360963],[-48.225948,-21.360939],[-48.223968,-21.362713],[-48.220284,-21.364566],[-48.219076,-21.365453],[-48.218416,-21.366515],[-48.217535,-21.369451],[-48.216716,-21.370661],[-48.215537,-21.374558],[-48.214624,-21.375197],[-48.210642,-21.376201],[-48.207683,-21.376679],[-48.206588,-21.376631],[-48.203951,-21.376115],[-48.18776,-21.376977],[-48.187227,-21.377133],[-48.180452,-21.383814],[-48.174908,-21.388117],[-48.169647,-21.392674],[-48.165326,-21.397324],[-48.160556,-21.400544],[-48.158048,-21.402465],[-48.154539,-21.405595],[-48.154204,-21.406051],[-48.151781,-21.412476],[-48.148097,-21.424909],[-48.147411,-21.426352],[-48.147153,-21.427509],[-48.147373,-21.428228],[-48.148344,-21.429049],[-48.148629,-21.429626],[-48.148696,-21.438401],[-48.15187,-21.446172],[-48.152068,-21.446977],[-48.151883,-21.44843],[-48.150635,-21.450946],[-48.150253,-21.45273],[-48.150462,-21.466134],[-48.150185,-21.466665],[-48.149267,-21.467543],[-48.147626,-21.471843],[-48.147441,-21.472931],[-48.148128,-21.478195],[-48.148503,-21.482605],[-48.14861,-21.491263],[-48.151641,-21.50181],[-48.152139,-21.502748],[-48.152137,-21.503418],[-48.152825,-21.506138],[-48.152785,-21.506686],[-48.151814,-21.508295]]}},{"type":"Feature","properties":{"id_backbone":"BB-804467EE82F4","trecho":"IAL.JS-TGA.DC","cluster":"RIBEIRAO PRETO","cabo":"F-0252","capacidade":"24","extensao_km":42.184,"confianca":"MEDIA","fonte":"OSRM/OpenStreetMap","ponta_a":"IAL.JS","municipio_a":"ITAPOLIS","ponta_b":"TGA.DC","municipio_b":"TAQUARITINGA"},"geometry":{"type":"LineString","coordinates":[[-48.80896,-21.59317],[-48.808184,-21.593378],[-48.807918,-21.592461],[-48.809717,-21.592002],[-48.804576,-21.57555],[-48.804124,-21.574834],[-48.80342,-21.574157],[-48.799186,-21.571474],[-48.798614,-21.570974],[-48.796202,-21.567722],[-48.795785,-21.566684],[-48.794776,-21.556547],[-48.794512,-21.552413],[-48.794823,-21.550039],[-48.795389,-21.548935],[-48.796981,-21.54683],[-48.797291,-21.545926],[-48.797281,-21.545581],[-48.797031,-21.545355],[-48.796514,-21.545149],[-48.789296,-21.543918],[-48.784391,-21.542848],[-48.700067,-21.52694],[-48.695827,-21.525872],[-48.693166,-21.524874],[-48.56755,-21.459362],[-48.518236,-21.433757],[-48.513974,-21.431558],[-48.513583,-21.431511],[-48.513449,-21.431645],[-48.513489,-21.431935],[-48.513824,-21.432408],[-48.514162,-21.432476],[-48.514302,-21.432105],[-48.51408,-21.429733],[-48.511305,-21.424569],[-48.510671,-21.423818],[-48.51068,-21.423486],[-48.508014,-21.418734],[-48.507641,-21.418332],[-48.5074,-21.417655],[-48.505021,-21.4165],[-48.502076,-21.41361],[-48.500683,-21.411907],[-48.500476,-21.408249],[-48.502416,-21.4081],[-48.502259,-21.406089]]}},{"type":"Feature","properties":{"id_backbone":"BB-620D74FB1D3E","trecho":"IIV.ID-PTG.PT","cluster":"RIBEIRAO PRETO","cabo":"F-0277","capacidade":"6","extensao_km":15.27,"confianca":"SEM_REFERENCIA","fonte":"OSRM/OpenStreetMap","ponta_a":"IIV.ID","municipio_a":"PITANGUEIRAS","ponta_b":"PTG.PT","municipio_b":"PITANGUEIRAS"},"geometry":{"type":"LineString","coordinates":[[-48.329232,-20.997163],[-48.329528,-20.996693],[-48.326671,-20.99496],[-48.324288,-20.992694],[-48.322899,-20.990594],[-48.322254,-20.988756],[-48.318062,-20.971048],[-48.317068,-20.970081],[-48.316104,-20.96988],[-48.241296,-20.990445],[-48.240203,-20.990911],[-48.24001,-20.991458],[-48.23921,-20.991827],[-48.223113,-21.008015],[-48.220152,-21.007404],[-48.217231,-21.007338],[-48.217011,-21.008931],[-48.218006,-21.009065]]}},{"type":"Feature","properties":{"id_backbone":"BB-43FA3FEE7959","trecho":"IYG.CL-IYG.RD","cluster":"RIBEIRAO PRETO","cabo":"F-0224","capacidade":"24","extensao_km":4.03,"confianca":"ALTA","fonte":"OSRM/OpenStreetMap","ponta_a":"IYG.CL","municipio_a":"IBITINGA","ponta_b":"IYG.RD","municipio_b":"IBITINGA"},"geometry":{"type":"LineString","coordinates":[[-48.830672,-21.757118],[-48.831165,-21.757022],[-48.830226,-21.753143],[-48.828894,-21.751879],[-48.8275,-21.746218],[-48.824957,-21.745058],[-48.825105,-21.744898],[-48.824644,-21.742891],[-48.822928,-21.736561],[-48.824452,-21.731435],[-48.821579,-21.724413]]}},{"type":"Feature","properties":{"id_backbone":"BB-B327E9ED2054","trecho":"JAL.SS-MNT.RM","cluster":"RIBEIRAO PRETO","cabo":"F-0247","capacidade":"24","extensao_km":21.312,"confianca":"ALTA","fonte":"OSRM/OpenStreetMap","ponta_a":"JAL.SS","municipio_a":"JABOTICABAL","ponta_b":"MNT.RM","municipio_b":"MONTE ALTO"},"geometry":{"type":"LineString","coordinates":[[-48.317839,-21.255101],[-48.318264,-21.255689],[-48.319885,-21.254618],[-48.330642,-21.268464],[-48.333698,-21.270924],[-48.336326,-21.272266],[-48.338572,-21.273128],[-48.33938,-21.272998],[-48.340369,-21.271139],[-48.344418,-21.261434],[-48.344758,-21.260077],[-48.344746,-21.259593],[-48.344501,-21.259376],[-48.34465,-21.259154],[-48.345675,-21.259074],[-48.346002,-21.258843],[-48.346525,-21.259021],[-48.396718,-21.25434],[-48.399333,-21.254433],[-48.452832,-21.260682],[-48.457496,-21.261202],[-48.458491,-21.261178],[-48.460832,-21.261618],[-48.465075,-21.262103],[-48.466121,-21.261973],[-48.466799,-21.262336],[-48.473043,-21.263012],[-48.475488,-21.262753],[-48.478172,-21.261693],[-48.481302,-21.259598],[-48.48629,-21.25576],[-48.486774,-21.256263],[-48.486936,-21.25691],[-48.487227,-21.258793],[-48.487002,-21.259679],[-48.494644,-21.261139],[-48.494753,-21.260673]]}},{"type":"Feature","properties":{"id_backbone":"BB-2B4B62F8970E","trecho":"JURM.JP-VING.VG","cluster":"RIBEIRAO PRETO","cabo":"F-0249","capacidade":"12","extensao_km":8.167,"confianca":"ALTA","fonte":"OSRM/OpenStreetMap","ponta_a":"JURM.JP","municipio_a":"TAQUARITINGA","ponta_b":"VING.VG","municipio_b":"TAQUARITINGA"},"geometry":{"type":"LineString","coordinates":[[-48.569557,-21.367915],[-48.570108,-21.368095],[-48.57248,-21.366191],[-48.573203,-21.365845],[-48.574652,-21.365582],[-48.576554,-21.365732],[-48.59777,-21.373885],[-48.602411,-21.376805],[-48.603156,-21.37743],[-48.603726,-21.378677],[-48.60384,-21.381131],[-48.604336,-21.382165],[-48.606616,-21.384497],[-48.609079,-21.388598],[-48.611144,-21.39112],[-48.611855,-21.391688],[-48.613966,-21.39263],[-48.614901,-21.392903],[-48.618279,-21.393375],[-48.62278,-21.393456],[-48.630204,-21.394921],[-48.63383,-21.395016],[-48.633859,-21.394635],[-48.633486,-21.394562]]}},{"type":"Feature","properties":{"id_backbone":"BB-CD2538256FC0","trecho":"MNT.RM-VSG.MM","cluster":"RIBEIRAO PRETO","cabo":"F-0415","capacidade":"36","extensao_km":20.208,"confianca":"ALTA","fonte":"OSRM/OpenStreetMap","ponta_a":"MNT.RM","municipio_a":"MONTE ALTO","ponta_b":"VSG.MM","municipio_b":"VISTA ALEGRE DO ALTO"},"geometry":{"type":"LineString","coordinates":[[-48.494753,-21.260673],[-48.494644,-21.261139],[-48.503216,-21.262719],[-48.504481,-21.263927],[-48.508325,-21.264692],[-48.508542,-21.264606],[-48.508353,-21.264104],[-48.506274,-21.26292],[-48.506164,-21.262614],[-48.506361,-21.262542],[-48.508049,-21.263823],[-48.509528,-21.264634],[-48.51356,-21.265892],[-48.520162,-21.268734],[-48.521224,-21.269133],[-48.522013,-21.269243],[-48.523116,-21.268956],[-48.525583,-21.267199],[-48.526882,-21.266462],[-48.542552,-21.258299],[-48.543413,-21.257646],[-48.544372,-21.257329],[-48.545378,-21.25675],[-48.548415,-21.254389],[-48.556582,-21.249469],[-48.561361,-21.245946],[-48.621055,-21.196668],[-48.622425,-21.195153],[-48.623592,-21.19348],[-48.630605,-21.180386],[-48.631595,-21.178231],[-48.632598,-21.176582],[-48.632658,-21.176264],[-48.632506,-21.176103],[-48.628662,-21.17455],[-48.629604,-21.172475],[-48.630148,-21.172698]]}},{"type":"Feature","properties":{"id_backbone":"BB-E8B438AD793F","trecho":"RNA.CM-SFL.DZ","cluster":"RIBEIRAO PRETO","cabo":"F-0087","capacidade":"12","extensao_km":10.313,"confianca":"MEDIA","fonte":"OSRM/OpenStreetMap","ponta_a":"RNA.CM","municipio_a":"RUBINEIA","ponta_b":"SFL.DZ","municipio_b":"SANTA FE DO SUL"},"geometry":{"type":"LineString","coordinates":[[-50.998424,-20.171608],[-50.998708,-20.172013],[-50.99862,-20.172069],[-50.997501,-20.170479],[-50.996929,-20.17086],[-50.996865,-20.17077],[-50.988704,-20.176503],[-50.988368,-20.176938],[-50.985612,-20.177354],[-50.946546,-20.185743],[-50.944115,-20.186517],[-50.928143,-20.189909],[-50.927483,-20.190288],[-50.925308,-20.19089],[-50.925087,-20.191199],[-50.925217,-20.19212],[-50.925033,-20.192682],[-50.925082,-20.193208],[-50.924073,-20.193317],[-50.923977,-20.196069],[-50.924246,-20.196112],[-50.924373,-20.196992],[-50.925696,-20.20809]]}},{"type":"Feature","properties":{"id_backbone":"BB-BCB9030CBC7E","trecho":"RPO.AN-RPO.OE","cluster":"RIBEIRAO PRETO","cabo":"F-0627","capacidade":"72","extensao_km":3.952,"confianca":"MEDIA","fonte":"OSRM/OpenStreetMap","ponta_a":"RPO.AN","municipio_a":"RIBEIRAO PRETO","ponta_b":"RPO.OE","municipio_b":"RIBEIRAO PRETO"},"geometry":{"type":"LineString","coordinates":[[-47.837966,-21.135708],[-47.838332,-21.135914],[-47.838458,-21.135696],[-47.839003,-21.136302],[-47.838356,-21.136578],[-47.837456,-21.135926],[-47.837598,-21.135759],[-47.837505,-21.135696],[-47.836335,-21.13705],[-47.835798,-21.137262],[-47.834814,-21.13877],[-47.834831,-21.139525],[-47.834134,-21.139844],[-47.833308,-21.14122],[-47.831384,-21.14662],[-47.826382,-21.150483],[-47.832447,-21.157234],[-47.83436,-21.157781],[-47.835159,-21.157154],[-47.834757,-21.156703],[-47.834027,-21.157329]]}},{"type":"Feature","properties":{"id_backbone":"BB-1713A682A42D","trecho":"RPO.DB-RPO.SO","cluster":"RIBEIRAO PRETO","cabo":"F-0644","capacidade":"72","extensao_km":1.861,"confianca":"ALTA","fonte":"OSRM/OpenStreetMap","ponta_a":"RPO.DB","municipio_a":"RIBEIRAO PRETO","ponta_b":"RPO.SO","municipio_b":"RIBEIRAO PRETO"},"geometry":{"type":"LineString","coordinates":[[-47.824343,-21.19259],[-47.824747,-21.191033],[-47.825168,-21.190531],[-47.825987,-21.189985],[-47.825868,-21.189419],[-47.825962,-21.189197],[-47.826246,-21.189194],[-47.826558,-21.189762],[-47.834352,-21.18614],[-47.834692,-21.186231],[-47.836228,-21.189231]]}},{"type":"Feature","properties":{"id_backbone":"BB-2E4E5B249F8A","trecho":"RPO.GC-RPO.QF","cluster":"RIBEIRAO PRETO","cabo":"F-0503","capacidade":"12","extensao_km":3.946,"confianca":"ALTA","fonte":"OSRM/OpenStreetMap","ponta_a":"RPO.GC","municipio_a":"RIBEIRAO PRETO","ponta_b":"RPO.QF","municipio_b":"RIBEIRAO PRETO"},"geometry":{"type":"LineString","coordinates":[[-47.813151,-21.124791],[-47.813776,-21.1255],[-47.810956,-21.12768],[-47.806927,-21.123102],[-47.806273,-21.123257],[-47.804812,-21.120897],[-47.803584,-21.119631],[-47.803034,-21.119793],[-47.802805,-21.120671],[-47.802326,-21.120745],[-47.802111,-21.120379],[-47.802171,-21.119032],[-47.80201,-21.118703],[-47.796121,-21.115381],[-47.795827,-21.115763],[-47.795364,-21.115727],[-47.794565,-21.11452],[-47.792788,-21.113523],[-47.793027,-21.113082],[-47.792985,-21.111612],[-47.791557,-21.11166],[-47.791285,-21.111422],[-47.792204,-21.110044]]}},{"type":"Feature","properties":{"id_backbone":"BB-BFFD69AE9057","trecho":"RPO.LE-RPO.NR","cluster":"RIBEIRAO PRETO","cabo":"F-0506","capacidade":"36","extensao_km":6.023,"confianca":"ALTA","fonte":"OSRM/OpenStreetMap","ponta_a":"RPO.LE","municipio_a":"RIBEIRAO PRETO","ponta_b":"RPO.NR","municipio_b":"RIBEIRAO PRETO"},"geometry":{"type":"LineString","coordinates":[[-47.785716,-21.181522],[-47.785163,-21.181206],[-47.78556,-21.180639],[-47.786578,-21.181227],[-47.787085,-21.180164],[-47.787739,-21.179351],[-47.790801,-21.177062],[-47.791211,-21.176537],[-47.794355,-21.174272],[-47.794587,-21.173647],[-47.794351,-21.173036],[-47.79371,-21.172243],[-47.789148,-21.16711],[-47.789058,-21.16629],[-47.789923,-21.164381],[-47.789758,-21.163709],[-47.781122,-21.152718],[-47.780585,-21.152559],[-47.780394,-21.152297],[-47.780606,-21.151893],[-47.781138,-21.151854],[-47.786767,-21.147976],[-47.789197,-21.146908],[-47.78945,-21.146076],[-47.78793,-21.142774]]}},{"type":"Feature","properties":{"id_backbone":"BB-0ABA26C38EA9","trecho":"RPO.NO-RPO.NR","cluster":"RIBEIRAO PRETO","cabo":"F-0639","capacidade":"36","extensao_km":6.457,"confianca":"MEDIA","fonte":"OSRM/OpenStreetMap","ponta_a":"RPO.NO","municipio_a":"RIBEIRAO PRETO","ponta_b":"RPO.NR","municipio_b":"RIBEIRAO PRETO"},"geometry":{"type":"LineString","coordinates":[[-47.810702,-21.176617],[-47.810382,-21.176858],[-47.809754,-21.176135],[-47.813307,-21.1735],[-47.81096,-21.169199],[-47.813761,-21.167288],[-47.813654,-21.165967],[-47.807284,-21.158472],[-47.805895,-21.154699],[-47.803597,-21.149764],[-47.802596,-21.148566],[-47.801164,-21.148219],[-47.800413,-21.147657],[-47.799394,-21.145626],[-47.799526,-21.143468],[-47.79939,-21.143049],[-47.799165,-21.142734],[-47.798989,-21.142752],[-47.790826,-21.14632],[-47.790558,-21.146561],[-47.790437,-21.147058],[-47.789993,-21.147291],[-47.78956,-21.147184],[-47.789332,-21.146922],[-47.78945,-21.146076],[-47.78793,-21.142774]]}},{"type":"Feature","properties":{"id_backbone":"BB-AC9030214135","trecho":"RPO.NO-RPO.SO","cluster":"RIBEIRAO PRETO","cabo":"F-0651","capacidade":"36","extensao_km":4.132,"confianca":"BAIXA","fonte":"OSRM/OpenStreetMap","ponta_a":"RPO.NO","municipio_a":"RIBEIRAO PRETO","ponta_b":"RPO.SO","municipio_b":"RIBEIRAO PRETO"},"geometry":{"type":"LineString","coordinates":[[-47.810702,-21.176617],[-47.810382,-21.176858],[-47.809754,-21.176135],[-47.813525,-21.173339],[-47.815113,-21.176061],[-47.817153,-21.178107],[-47.81853,-21.177664],[-47.820466,-21.177479],[-47.823151,-21.177597],[-47.823563,-21.177868],[-47.823657,-21.178676],[-47.826913,-21.179646],[-47.827023,-21.179808],[-47.828676,-21.179704],[-47.831146,-21.179139],[-47.836228,-21.189231]]}},{"type":"Feature","properties":{"id_backbone":"BB-A864A7705AB3","trecho":"RPO.OE-RPO.QF","cluster":"RIBEIRAO PRETO","cabo":"F-0554","capacidade":"36","extensao_km":7.983,"confianca":"BAIXA","fonte":"OSRM/OpenStreetMap","ponta_a":"RPO.OE","municipio_a":"RIBEIRAO PRETO","ponta_b":"RPO.QF","municipio_b":"RIBEIRAO PRETO"},"geometry":{"type":"LineString","coordinates":[[-47.834027,-21.157329],[-47.833745,-21.15757],[-47.828721,-21.156265],[-47.81036,-21.135461],[-47.808607,-21.136829],[-47.804665,-21.132366],[-47.804149,-21.131456],[-47.802984,-21.120062],[-47.802805,-21.120671],[-47.802326,-21.120745],[-47.802111,-21.120379],[-47.802171,-21.119032],[-47.80201,-21.118703],[-47.796121,-21.115381],[-47.795827,-21.115763],[-47.795364,-21.115727],[-47.794565,-21.11452],[-47.792788,-21.113523],[-47.793027,-21.113082],[-47.792985,-21.111612],[-47.791557,-21.11166],[-47.791285,-21.111422],[-47.792204,-21.110044]]}},{"type":"Feature","properties":{"id_backbone":"BB-BF240FFFB870","trecho":"CNH.BI-CNH.BS","cluster":"BAURU","cabo":"F-0159-00","capacidade":"12","extensao_km":15.245,"confianca":"ALTA","fonte":"OSRM/OpenStreetMap","ponta_a":"CNH.BI","municipio_a":"CONCHAS","ponta_b":"CNH.BS","municipio_b":"CONCHAS"},"geometry":{"type":"LineString","coordinates":[[-48.006996,-23.01287],[-48.006846,-23.012294],[-48.007138,-23.013084],[-48.008068,-23.012832],[-48.008702,-23.014638],[-48.00963,-23.014354],[-48.009878,-23.01501],[-48.012364,-23.014781],[-48.015932,-23.015648],[-48.017035,-23.016156],[-48.017604,-23.016769],[-48.018148,-23.01778],[-48.017753,-23.019953],[-48.018105,-23.021036],[-48.018744,-23.021631],[-48.02119,-23.022848],[-48.021671,-23.023335],[-48.023675,-23.023534],[-48.044852,-23.028207],[-48.046661,-23.028447],[-48.050421,-23.02846],[-48.061829,-23.026707],[-48.062129,-23.027111],[-48.065876,-23.028311],[-48.067591,-23.028307],[-48.069392,-23.027794],[-48.070121,-23.02798],[-48.070474,-23.028596],[-48.070533,-23.032088],[-48.070866,-23.034222],[-48.069714,-23.036023],[-48.069137,-23.037484],[-48.068745,-23.039848],[-48.068892,-23.041848],[-48.071202,-23.043136],[-48.072278,-23.044782],[-48.073559,-23.046131],[-48.074267,-23.046411],[-48.075874,-23.0463],[-48.076646,-23.046492],[-48.07819,-23.047397],[-48.079559,-23.049071],[-48.081119,-23.052421],[-48.08211,-23.057315],[-48.081986,-23.059703],[-48.081527,-23.061422],[-48.080168,-23.064109],[-48.080433,-23.065185],[-48.081797,-23.066264],[-48.086169,-23.068097],[-48.086293,-23.068498],[-48.086102,-23.070944],[-48.08621,-23.071713],[-48.088712,-23.076785],[-48.089203,-23.077163],[-48.090518,-23.077563],[-48.091199,-23.078705],[-48.092447,-23.080103],[-48.093515,-23.080851],[-48.096249,-23.081994],[-48.096051,-23.082447],[-48.096198,-23.082505]]}},{"type":"Feature","properties":{"id_backbone":"BB-BD342816F9ED","trecho":"COA.CI-COA.GJ","cluster":"OSASCO","cabo":"F-0410","capacidade":"24","extensao_km":11.6,"confianca":"ALTA","fonte":"OSRM/OpenStreetMap","ponta_a":"COA.CI","municipio_a":"COTIA","ponta_b":"COA.GJ","municipio_b":"COTIA"},"geometry":{"type":"LineString","coordinates":[[-46.915507,-23.603518],[-46.915533,-23.603262],[-46.913894,-23.603113],[-46.904012,-23.600678],[-46.894706,-23.599435],[-46.89118,-23.598787],[-46.890188,-23.598842],[-46.888072,-23.59949],[-46.883983,-23.600389],[-46.88289,-23.600324],[-46.882193,-23.600033],[-46.881742,-23.599563],[-46.880702,-23.597123],[-46.879767,-23.596162],[-46.878411,-23.595633],[-46.875872,-23.595457],[-46.874197,-23.595105],[-46.870126,-23.595872],[-46.867588,-23.595536],[-46.865123,-23.596788],[-46.859981,-23.596923],[-46.856395,-23.598554],[-46.849088,-23.599036],[-46.847003,-23.600036],[-46.846173,-23.600127],[-46.845505,-23.599865],[-46.841275,-23.59722],[-46.840517,-23.59647],[-46.839294,-23.594677],[-46.838716,-23.594248],[-46.83256,-23.591225],[-46.830695,-23.589766],[-46.829981,-23.589643],[-46.829462,-23.589804],[-46.829186,-23.590071],[-46.829231,-23.590381],[-46.829411,-23.590404],[-46.829948,-23.589929],[-46.829907,-23.589234],[-46.829741,-23.589142],[-46.829532,-23.589269],[-46.829642,-23.589485],[-46.830869,-23.589705],[-46.832346,-23.590934],[-46.838907,-23.594211],[-46.839203,-23.594187],[-46.83955,-23.593805],[-46.839853,-23.594204],[-46.841559,-23.594744],[-46.841654,-23.595794]]}},{"type":"Feature","properties":{"id_backbone":"BB-E2FA69910375","trecho":"CPR.PF-MOR.JF","cluster":"CAMPINAS","cabo":"F-0138","capacidade":"36","extensao_km":23.358,"confianca":"MEDIA","fonte":"OSRM/OpenStreetMap","ponta_a":"CPR.PF","municipio_a":"CAPIVARI","ponta_b":"MOR.JF","municipio_b":"MONTE MOR"},"geometry":{"type":"LineString","coordinates":[[-47.505192,-22.9971],[-47.505189,-22.998438],[-47.501143,-22.998469],[-47.500939,-22.998693],[-47.500963,-22.999393],[-47.497749,-22.999413],[-47.493155,-22.9984],[-47.491873,-22.997968],[-47.486609,-22.996987],[-47.4828,-22.994804],[-47.479695,-22.994533],[-47.475656,-22.995106],[-47.474599,-22.995466],[-47.473263,-22.99543],[-47.461304,-22.997187],[-47.459617,-22.997739],[-47.4586,-22.997622],[-47.457168,-22.997809],[-47.455844,-22.998309],[-47.452999,-22.99804],[-47.449724,-22.997029],[-47.444855,-22.997685],[-47.442409,-22.997471],[-47.439984,-22.998033],[-47.437318,-22.999334],[-47.434849,-22.99993],[-47.426438,-23.001481],[-47.422044,-23.001672],[-47.421037,-23.001537],[-47.420345,-23.001176],[-47.419024,-22.999527],[-47.418427,-22.999003],[-47.415589,-22.997539],[-47.414502,-22.997216],[-47.413114,-22.997136],[-47.407842,-22.998015],[-47.403135,-22.998413],[-47.402457,-22.998333],[-47.401615,-22.997969],[-47.400142,-22.996756],[-47.399772,-22.995922],[-47.399217,-22.992621],[-47.398498,-22.992002],[-47.395875,-22.991228],[-47.392281,-22.989444],[-47.391,-22.988985],[-47.385814,-22.98813],[-47.379221,-22.985233],[-47.378679,-22.98522],[-47.377924,-22.985596],[-47.377271,-22.984513],[-47.376345,-22.983862],[-47.368682,-22.980477],[-47.367898,-22.980355],[-47.361492,-22.98039],[-47.359892,-22.980217],[-47.351367,-22.978168],[-47.346365,-22.97674],[-47.343136,-22.974606],[-47.31959,-22.9635],[-47.317783,-22.96289],[-47.317158,-22.963121],[-47.31704,-22.962931],[-47.317354,-22.962228],[-47.317273,-22.96199],[-47.317531,-22.96071],[-47.318261,-22.958763],[-47.320411,-22.95585],[-47.320926,-22.95419],[-47.320276,-22.952293],[-47.318432,-22.950004],[-47.316436,-22.949063],[-47.316517,-22.948872],[-47.316978,-22.949074],[-47.317241,-22.948657],[-47.317833,-22.948397],[-47.317562,-22.947918]]}},{"type":"Feature","properties":{"id_backbone":"BB-B55FB1221D0C","trecho":"CPR.PF-TIE.TT","cluster":"CAMPINAS","cabo":"F-0138","capacidade":"24","extensao_km":29.443,"confianca":"SEM_REFERENCIA","fonte":"OSRM/OpenStreetMap","ponta_a":"CPR.PF","municipio_a":"CAPIVARI","ponta_b":"TIE.TT","municipio_b":"TIETE"},"geometry":{"type":"LineString","coordinates":[[-47.505192,-22.9971],[-47.505169,-23.004868],[-47.504362,-23.004919],[-47.503529,-23.005363],[-47.501397,-23.007207],[-47.49997,-23.007888],[-47.498471,-23.008988],[-47.497995,-23.009478],[-47.496657,-23.01151],[-47.496374,-23.013001],[-47.496026,-23.01386],[-47.494351,-23.015701],[-47.52585,-23.038577],[-47.534418,-23.04022],[-47.535972,-23.040379],[-47.537419,-23.040181],[-47.538302,-23.03965],[-47.539434,-23.039609],[-47.545944,-23.037755],[-47.547619,-23.037688],[-47.549386,-23.038412],[-47.56074,-23.046157],[-47.562406,-23.04712],[-47.578698,-23.051739],[-47.581536,-23.051881],[-47.584249,-23.051469],[-47.586353,-23.050837],[-47.588808,-23.049505],[-47.590148,-23.049082],[-47.599728,-23.048973],[-47.599837,-23.049261],[-47.599231,-23.049542],[-47.599055,-23.049969],[-47.599967,-23.056695],[-47.600498,-23.058233],[-47.601381,-23.059533],[-47.607925,-23.066603],[-47.609022,-23.067531],[-47.609838,-23.067982],[-47.612024,-23.068663],[-47.628095,-23.069779],[-47.632036,-23.070571],[-47.6339,-23.071215],[-47.651286,-23.078681],[-47.653478,-23.079482],[-47.679168,-23.086706],[-47.681007,-23.087628],[-47.682975,-23.089379],[-47.690043,-23.098372],[-47.691679,-23.101323],[-47.691912,-23.101408],[-47.692945,-23.103216],[-47.696122,-23.103196],[-47.697686,-23.102712],[-47.705709,-23.103128],[-47.711511,-23.104065],[-47.712966,-23.102127],[-47.712102,-23.102072]]}},{"type":"Feature","properties":{"id_backbone":"BB-F343126E2250","trecho":"CTY.RD-CTY.RJ","cluster":"ARACATUBA","cabo":"F-0038","capacidade":"12","extensao_km":0.857,"confianca":"ALTA","fonte":"OSRM/OpenStreetMap","ponta_a":"CTY.RD","municipio_a":"CLEMENTINA","ponta_b":"CTY.RJ","municipio_b":"CLEMENTINA"},"geometry":{"type":"LineString","coordinates":[[-50.447443,-21.56298],[-50.448749,-21.562428],[-50.448044,-21.561074],[-50.451417,-21.55845],[-50.450837,-21.557893]]}},{"type":"Feature","properties":{"id_backbone":"BB-9BB1F22EA1D3","trecho":"CTY.RJ-PNI.LO","cluster":"ARACATUBA","cabo":"F-0226","capacidade":"36","extensao_km":49.707,"confianca":"ALTA","fonte":"OSRM/OpenStreetMap","ponta_a":"CTY.RJ","municipio_a":"CLEMENTINA","ponta_b":"PNI.LO","municipio_b":"PENAPOLIS"},"geometry":{"type":"LineString","coordinates":[[-50.450837,-21.557893],[-50.452122,-21.559243],[-50.452692,-21.559601],[-50.444843,-21.571404],[-50.44465,-21.5721],[-50.444444,-21.572226],[-50.443475,-21.571456],[-50.441649,-21.570532],[-50.43819,-21.569584],[-50.364824,-21.559778],[-50.345295,-21.557795],[-50.34355,-21.55735],[-50.341907,-21.556456],[-50.340785,-21.555412],[-50.316799,-21.526913],[-50.315334,-21.525585],[-50.313949,-21.524741],[-50.257431,-21.501212],[-50.208799,-21.484036],[-50.207579,-21.48353],[-50.206197,-21.482686],[-50.151521,-21.444802],[-50.149631,-21.44369],[-50.143809,-21.439657],[-50.141197,-21.437635],[-50.132281,-21.431477],[-50.130898,-21.43013],[-50.130028,-21.428983],[-50.111113,-21.400411],[-50.108614,-21.397815],[-50.106899,-21.396432],[-50.106289,-21.396581],[-50.103312,-21.399759],[-50.10206,-21.401391],[-50.09821,-21.411539],[-50.098021,-21.412166],[-50.098055,-21.412758],[-50.097592,-21.413272],[-50.0963,-21.416186],[-50.090253,-21.422775],[-50.089454,-21.423953],[-50.088357,-21.424814],[-50.086827,-21.426426],[-50.086034,-21.427632],[-50.085788,-21.427633],[-50.08568,-21.427467],[-50.086016,-21.427046],[-50.085928,-21.425629],[-50.082592,-21.423885],[-50.082043,-21.423812],[-50.081147,-21.423405],[-50.08081,-21.422938],[-50.079407,-21.421926],[-50.075825,-21.418489],[-50.075103,-21.419108],[-50.075961,-21.419889],[-50.075768,-21.42007]]}},{"type":"Feature","properties":{"id_backbone":"BB-C8D9749B9EC9","trecho":"CYU.AM-PVL.BC","cluster":"ARACATUBA","cabo":"F-0127","capacidade":"72","extensao_km":21.666,"confianca":"ALTA","fonte":"OSRM/OpenStreetMap","ponta_a":"CYU.AM","municipio_a":"CAIUA","ponta_b":"PVL.BC","municipio_b":"PRESIDENTE VENCESLAU"},"geometry":{"type":"LineString","coordinates":[[-51.988636,-21.831287],[-51.9876,-21.830293],[-51.984924,-21.832782],[-51.983184,-21.834671],[-51.978217,-21.850239],[-51.977566,-21.852368],[-51.977437,-21.853377],[-51.976241,-21.856681],[-51.975736,-21.85755],[-51.975819,-21.858154],[-51.976008,-21.858382],[-51.97632,-21.858511],[-51.976953,-21.858428],[-51.9771,-21.858239],[-51.977006,-21.857998],[-51.976267,-21.857882],[-51.927161,-21.864592],[-51.90624,-21.871612],[-51.843893,-21.893104],[-51.840582,-21.89427],[-51.840053,-21.894695],[-51.840146,-21.894967],[-51.8404,-21.895079],[-51.840779,-21.894923],[-51.840793,-21.894525],[-51.839976,-21.892361],[-51.840526,-21.886263],[-51.841024,-21.884889],[-51.845183,-21.875747],[-51.843946,-21.875267],[-51.844671,-21.873487],[-51.841441,-21.872179],[-51.841666,-21.871729]]}},{"type":"Feature","properties":{"id_backbone":"BB-288CCA7677A4","trecho":"DGS.DG-TNH.AB","cluster":"BAURU","cabo":"F-0122-01","capacidade":"12","extensao_km":27.771,"confianca":"ALTA","fonte":"OSRM/OpenStreetMap","ponta_a":"DGS.DG","municipio_a":"DOIS CORREGOS","ponta_b":"TNH.AB","municipio_b":"TORRINHA"},"geometry":{"type":"LineString","coordinates":[[-48.382101,-22.367899],[-48.379536,-22.366355],[-48.377356,-22.369417],[-48.377802,-22.369698],[-48.377174,-22.370671],[-48.376783,-22.371885],[-48.376197,-22.372926],[-48.370228,-22.381176],[-48.367704,-22.384277],[-48.363267,-22.387419],[-48.364128,-22.388393],[-48.360448,-22.390134],[-48.359606,-22.390705],[-48.358016,-22.391294],[-48.342482,-22.398642],[-48.34126,-22.399043],[-48.340104,-22.399206],[-48.331371,-22.398749],[-48.329594,-22.398864],[-48.327547,-22.399271],[-48.325144,-22.400102],[-48.308612,-22.407243],[-48.307117,-22.40769],[-48.305726,-22.407638],[-48.296775,-22.405849],[-48.278688,-22.403918],[-48.276929,-22.403935],[-48.264861,-22.404977],[-48.261528,-22.405132],[-48.256887,-22.405689],[-48.255097,-22.406337],[-48.241763,-22.416434],[-48.24064,-22.417025],[-48.235132,-22.419219],[-48.234202,-22.419416],[-48.233225,-22.419414],[-48.221573,-22.417188],[-48.219991,-22.417245],[-48.218592,-22.417634],[-48.21695,-22.418602],[-48.215598,-22.42011],[-48.20469,-22.437511],[-48.20392,-22.438368],[-48.202273,-22.439631],[-48.201073,-22.440272],[-48.199548,-22.440793],[-48.198081,-22.441064],[-48.196604,-22.441127],[-48.173069,-22.439807],[-48.172569,-22.439927],[-48.172054,-22.440476],[-48.17176,-22.440512],[-48.169908,-22.437498],[-48.17241,-22.436348],[-48.172168,-22.435355],[-48.172096,-22.433241],[-48.171439,-22.430811],[-48.168536,-22.424842],[-48.169295,-22.424491]]}},{"type":"Feature","properties":{"id_backbone":"BB-22E12AB59A25","trecho":"DGS.RD-TNH.AB","cluster":"BAURU","cabo":"F-0122","capacidade":"24","extensao_km":26.416,"confianca":"SEM_REFERENCIA","fonte":"OSRM/OpenStreetMap","ponta_a":"DGS.RD","municipio_a":"DOIS CORREGOS","ponta_b":"TNH.AB","municipio_b":"TORRINHA"},"geometry":{"type":"LineString","coordinates":[[-48.376209,-22.378489],[-48.375501,-22.377888],[-48.373601,-22.379695],[-48.372127,-22.378599],[-48.367704,-22.384277],[-48.363267,-22.387419],[-48.364128,-22.388393],[-48.360448,-22.390134],[-48.359606,-22.390705],[-48.358016,-22.391294],[-48.342482,-22.398642],[-48.34126,-22.399043],[-48.340104,-22.399206],[-48.331371,-22.398749],[-48.329594,-22.398864],[-48.327547,-22.399271],[-48.32568,-22.399878],[-48.307593,-22.407596],[-48.306614,-22.407723],[-48.305726,-22.407638],[-48.296569,-22.405822],[-48.278688,-22.403918],[-48.276929,-22.403935],[-48.260924,-22.405185],[-48.256887,-22.405689],[-48.255097,-22.406337],[-48.241763,-22.416434],[-48.24064,-22.417025],[-48.235132,-22.419219],[-48.234202,-22.419416],[-48.233225,-22.419414],[-48.222012,-22.417234],[-48.220586,-22.417187],[-48.219055,-22.417459],[-48.217362,-22.418278],[-48.215893,-22.419689],[-48.205039,-22.437052],[-48.204325,-22.437952],[-48.202273,-22.439631],[-48.201073,-22.440272],[-48.19926,-22.440869],[-48.196604,-22.441127],[-48.173069,-22.439807],[-48.172569,-22.439927],[-48.172054,-22.440476],[-48.17176,-22.440512],[-48.169908,-22.437498],[-48.17241,-22.436348],[-48.172168,-22.435355],[-48.172096,-22.433241],[-48.171439,-22.430811],[-48.168536,-22.424842],[-48.169295,-22.424491]]}},{"type":"Feature","properties":{"id_backbone":"BB-1D7CE9A3677C","trecho":"DRA.RB-TPL.DC","cluster":"ARACATUBA","cabo":"F-0017","capacidade":"12","extensao_km":18.803,"confianca":"ALTA","fonte":"OSRM/OpenStreetMap","ponta_a":"DRA.RB","municipio_a":"DRACENA","ponta_b":"TPL.DC","municipio_b":"TUPI PAULISTA"},"geometry":{"type":"LineString","coordinates":[[-51.532553,-21.488386],[-51.532445,-21.488016],[-51.534212,-21.487577],[-51.530858,-21.475861],[-51.53066,-21.474416],[-51.530465,-21.473947],[-51.529945,-21.473453],[-51.529908,-21.472798],[-51.532361,-21.472111],[-51.535359,-21.470808],[-51.536884,-21.470419],[-51.539488,-21.469339],[-51.552915,-21.463459],[-51.553943,-21.462811],[-51.556194,-21.46202],[-51.560941,-21.459961],[-51.581164,-21.450998],[-51.607838,-21.42651],[-51.608876,-21.425296],[-51.609307,-21.42405],[-51.609778,-21.423296],[-51.609792,-21.422987],[-51.608469,-21.420756],[-51.603814,-21.411519],[-51.602854,-21.410321],[-51.594092,-21.401181],[-51.593007,-21.399779],[-51.591738,-21.397565],[-51.587674,-21.388558],[-51.58662,-21.387151],[-51.585805,-21.386677],[-51.584975,-21.38657],[-51.582087,-21.386641],[-51.580545,-21.386961],[-51.57937,-21.387585],[-51.578074,-21.38972],[-51.576279,-21.390929],[-51.57162,-21.386893],[-51.571221,-21.386949]]}},{"type":"Feature","properties":{"id_backbone":"BB-15F21893CF49","trecho":"DVN.CM-DVN.SS","cluster":"CAMPINAS","cabo":"F-0018","capacidade":"12","extensao_km":14.844,"confianca":"SEM_REFERENCIA","fonte":"OSRM/OpenStreetMap","ponta_a":"DVN.CM","municipio_a":"DIVINOLANDIA","ponta_b":"DVN.SS","municipio_b":"DIVINOLANDIA"},"geometry":{"type":"LineString","coordinates":[[-46.649446,-21.724081],[-46.648758,-21.721696],[-46.648097,-21.720304],[-46.648128,-21.718941],[-46.647282,-21.717694],[-46.647108,-21.717094],[-46.647293,-21.716718],[-46.648398,-21.715707],[-46.649038,-21.714674],[-46.648958,-21.713745],[-46.647981,-21.712526],[-46.647879,-21.711969],[-46.648302,-21.710026],[-46.650728,-21.70273],[-46.651494,-21.701544],[-46.652376,-21.700731],[-46.654745,-21.70034],[-46.656306,-21.699826],[-46.657516,-21.699847],[-46.658504,-21.699174],[-46.659362,-21.696459],[-46.658932,-21.695265],[-46.658911,-21.694357],[-46.659258,-21.69266],[-46.659054,-21.691371],[-46.659622,-21.688675],[-46.661105,-21.68653],[-46.661461,-21.685286],[-46.662333,-21.683839],[-46.663854,-21.682015],[-46.66424,-21.680639],[-46.665882,-21.679274],[-46.666382,-21.679119],[-46.66744,-21.679207],[-46.669109,-21.678774],[-46.670547,-21.67887],[-46.670965,-21.678757],[-46.671393,-21.678285],[-46.671769,-21.677271],[-46.67267,-21.675885],[-46.674281,-21.6744],[-46.675069,-21.673883],[-46.677171,-21.67338],[-46.679157,-21.672309],[-46.681596,-21.671389],[-46.682001,-21.670918],[-46.683236,-21.66842],[-46.684195,-21.667639],[-46.68524,-21.667621],[-46.686397,-21.667257],[-46.688107,-21.667786],[-46.69083,-21.666751],[-46.694502,-21.66624],[-46.697445,-21.666863],[-46.700775,-21.665962],[-46.701758,-21.665549],[-46.704725,-21.665805],[-46.706413,-21.665378],[-46.70783,-21.66599],[-46.708939,-21.665651],[-46.710528,-21.665788],[-46.711852,-21.66539],[-46.713531,-21.665845],[-46.714433,-21.666633],[-46.71527,-21.666924],[-46.718054,-21.666385],[-46.719305,-21.666856],[-46.719991,-21.666893],[-46.721017,-21.666457],[-46.721909,-21.665607],[-46.722843,-21.665138],[-46.723955,-21.664007],[-46.724486,-21.662314],[-46.725374,-21.660353],[-46.725394,-21.659945],[-46.726103,-21.659681],[-46.72658,-21.660161],[-46.730773,-21.66124],[-46.733175,-21.661537],[-46.734022,-21.661903],[-46.736848,-21.661459],[-46.73724,-21.663293]]}},{"type":"Feature","properties":{"id_backbone":"BB-835E6779F593","trecho":"EBG.CO-SPO.ML","cluster":"OSASCO","cabo":"TR#1573","capacidade":"24","extensao_km":9.499,"confianca":"SEM_REFERENCIA","fonte":"OSRM/OpenStreetMap","ponta_a":"EBG.CO","municipio_a":"EMBU-GUACU","ponta_b":"SPO.ML","municipio_b":"SAO PAULO"},"geometry":{"type":"LineString","coordinates":[[-46.7943,-23.879907],[-46.794288,-23.879075],[-46.793676,-23.878349],[-46.792876,-23.877756],[-46.792714,-23.877303],[-46.792385,-23.876045],[-46.792404,-23.874749],[-46.791941,-23.872781],[-46.790533,-23.871279],[-46.790374,-23.870335],[-46.789215,-23.868327],[-46.788893,-23.867089],[-46.789409,-23.866169],[-46.78934,-23.865898],[-46.788381,-23.86536],[-46.785929,-23.865309],[-46.784842,-23.864962],[-46.780794,-23.859872],[-46.778469,-23.856123],[-46.778062,-23.855736],[-46.777572,-23.85567],[-46.774539,-23.856785],[-46.77343,-23.857033],[-46.772483,-23.856775],[-46.771518,-23.855844],[-46.769802,-23.855661],[-46.767503,-23.854662],[-46.76628,-23.854502],[-46.762816,-23.855106],[-46.756687,-23.854507],[-46.755873,-23.854032],[-46.754818,-23.85472],[-46.753091,-23.855335],[-46.751906,-23.857392],[-46.751627,-23.859389],[-46.750999,-23.860025],[-46.750508,-23.860852],[-46.749443,-23.861544],[-46.748683,-23.862988],[-46.748671,-23.863994],[-46.748421,-23.864477],[-46.747979,-23.864786],[-46.746529,-23.864964],[-46.746358,-23.865213],[-46.746491,-23.865772],[-46.746368,-23.866102],[-46.745268,-23.866257],[-46.742991,-23.867767],[-46.742522,-23.868286],[-46.741929,-23.867993],[-46.741483,-23.868314],[-46.741059,-23.868385],[-46.740974,-23.86855],[-46.741227,-23.869229],[-46.740982,-23.869753],[-46.740335,-23.870062],[-46.739932,-23.869724],[-46.739542,-23.870286],[-46.738051,-23.871088],[-46.737872,-23.872161],[-46.738651,-23.875779],[-46.738077,-23.87589]]}},{"type":"Feature","properties":{"id_backbone":"BB-6A290D30B3A1","trecho":"ECP.ED-PLSU.PL","cluster":"ARACATUBA","cabo":"F-0101","capacidade":"24","extensao_km":78.614,"confianca":"BAIXA","fonte":"OSRM/OpenStreetMap","ponta_a":"ECP.ED","municipio_a":"EUCLIDES DA CUNHA PAULISTA","ponta_b":"PLSU.PL","municipio_b":"TEODORO SAMPAIO"},"geometry":{"type":"LineString","coordinates":[[-52.589484,-22.552164],[-52.589491,-22.551219],[-52.587014,-22.550898],[-52.586686,-22.550995],[-52.561542,-22.498653],[-52.558102,-22.491924],[-52.557026,-22.490737],[-52.556025,-22.490585],[-52.555188,-22.490588],[-52.482998,-22.501909],[-52.476325,-22.502381],[-52.403945,-22.506],[-52.324619,-22.517831],[-52.291381,-22.527508],[-52.287669,-22.528753],[-52.233223,-22.551274],[-52.231586,-22.551793],[-52.230118,-22.552051],[-52.227018,-22.552022],[-52.223965,-22.551222],[-52.17443,-22.531879],[-52.174878,-22.53094],[-52.173806,-22.530475],[-52.175999,-22.525795],[-52.176793,-22.524438],[-52.189871,-22.49658],[-52.196635,-22.486567],[-52.214225,-22.46117],[-52.236646,-22.429206],[-52.238086,-22.427538],[-52.248224,-22.420257],[-52.267925,-22.404956],[-52.268197,-22.40447],[-52.268486,-22.402149],[-52.270137,-22.398355],[-52.271508,-22.396889],[-52.272155,-22.396529],[-52.272754,-22.396411],[-52.276801,-22.396822],[-52.277262,-22.396646],[-52.277577,-22.396252],[-52.276654,-22.369047],[-52.275779,-22.34886],[-52.27103,-22.343266],[-52.24505,-22.313837],[-52.241759,-22.309928],[-52.242164,-22.309204],[-52.243267,-22.309761]]}},{"type":"Feature","properties":{"id_backbone":"BB-A3B56B630B3E","trecho":"EGCO.IA-EGCO.VE","cluster":"CAMPINAS","cabo":"F-0077","capacidade":"6","extensao_km":7.72,"confianca":"ALTA","fonte":"OSRM/OpenStreetMap","ponta_a":"EGCO.IA","municipio_a":"ENGENHEIRO COELHO","ponta_b":"EGCO.VE","municipio_b":"ENGENHEIRO COELHO"},"geometry":{"type":"LineString","coordinates":[[-47.168613,-22.493096],[-47.167853,-22.492623],[-47.167072,-22.491803],[-47.166793,-22.491925],[-47.17056,-22.495243],[-47.172373,-22.497248],[-47.173655,-22.503038],[-47.173909,-22.50336],[-47.175855,-22.504665],[-47.180254,-22.50652],[-47.184197,-22.508949],[-47.191138,-22.511456],[-47.192618,-22.512903],[-47.19327,-22.513106],[-47.19369,-22.512831],[-47.196828,-22.508957],[-47.197628,-22.508438],[-47.200703,-22.504604],[-47.201132,-22.50367],[-47.201251,-22.502684],[-47.201492,-22.502671],[-47.201969,-22.503119],[-47.2027,-22.503196],[-47.20265,-22.502606],[-47.202783,-22.502275],[-47.211541,-22.491581],[-47.211556,-22.491022],[-47.211837,-22.490913],[-47.212078,-22.491033],[-47.213694,-22.490511],[-47.214087,-22.490534],[-47.214083,-22.489901]]}},{"type":"Feature","properties":{"id_backbone":"BB-36279FA7BD21","trecho":"EMB.EB-ICS.IS","cluster":"OSASCO","cabo":"F-0543","capacidade":"24","extensao_km":9.066,"confianca":"ALTA","fonte":"OSRM/OpenStreetMap","ponta_a":"EMB.EB","municipio_a":"EMBU","ponta_b":"ICS.IS","municipio_b":"ITAPECERICA DA SERRA"},"geometry":{"type":"LineString","coordinates":[[-46.855001,-23.651372],[-46.855827,-23.652514],[-46.857479,-23.654242],[-46.857878,-23.653701],[-46.858062,-23.652662],[-46.858245,-23.652609],[-46.857803,-23.654275],[-46.857386,-23.654692],[-46.856216,-23.654536],[-46.855581,-23.654719],[-46.853642,-23.655952],[-46.853992,-23.658435],[-46.852291,-23.658807],[-46.852265,-23.659035],[-46.852649,-23.660206],[-46.853253,-23.661338],[-46.85338,-23.66278],[-46.855295,-23.667061],[-46.855822,-23.668569],[-46.856212,-23.670326],[-46.856679,-23.674475],[-46.857073,-23.675995],[-46.858787,-23.679948],[-46.860104,-23.6812],[-46.860247,-23.681566],[-46.859885,-23.682193],[-46.857675,-23.683944],[-46.856238,-23.686346],[-46.855677,-23.688145],[-46.856069,-23.690657],[-46.855891,-23.690826],[-46.855018,-23.690951],[-46.854338,-23.691624],[-46.853551,-23.693833],[-46.853306,-23.697426],[-46.852099,-23.698683],[-46.851355,-23.70022],[-46.851079,-23.702785],[-46.849653,-23.70955],[-46.849263,-23.710765],[-46.84914,-23.711781],[-46.848996,-23.711899],[-46.84894,-23.71286],[-46.849166,-23.714181],[-46.849877,-23.716413],[-46.85101,-23.71593],[-46.850541,-23.714767],[-46.849981,-23.714953]]}},{"type":"Feature","properties":{"id_backbone":"BB-054EA7E46F21","trecho":"EMIL.EM-PSB.KI","cluster":"ARACATUBA","cabo":"TR-0133","capacidade":"36","extensao_km":24.289,"confianca":"ALTA","fonte":"OSRM/OpenStreetMap","ponta_a":"EMIL.EM","municipio_a":"EMILIANOPOLIS","ponta_b":"PSB.KI","municipio_b":"PRESIDENTE BERNARDES"},"geometry":{"type":"LineString","coordinates":[[-51.481872,-21.831425],[-51.482128,-21.831341],[-51.48693,-21.843942],[-51.488212,-21.847596],[-51.488935,-21.850786],[-51.490384,-21.853274],[-51.491553,-21.856235],[-51.498373,-21.875015],[-51.498413,-21.875712],[-51.498255,-21.876354],[-51.496854,-21.879627],[-51.49682,-21.88195],[-51.496507,-21.884108],[-51.496589,-21.885234],[-51.497091,-21.886035],[-51.499856,-21.888135],[-51.500747,-21.889017],[-51.505262,-21.89579],[-51.506223,-21.898603],[-51.506822,-21.901112],[-51.506845,-21.901743],[-51.506554,-21.902671],[-51.505639,-21.903862],[-51.505528,-21.904877],[-51.50642,-21.907245],[-51.508137,-21.909269],[-51.508734,-21.910398],[-51.509595,-21.912716],[-51.509897,-21.914856],[-51.511366,-21.919125],[-51.5148,-21.92773],[-51.515076,-21.929226],[-51.514195,-21.933435],[-51.514198,-21.934226],[-51.514382,-21.934833],[-51.517103,-21.941691],[-51.51752,-21.94241],[-51.520005,-21.943941],[-51.522347,-21.947123],[-51.524539,-21.948134],[-51.525454,-21.948837],[-51.526072,-21.949815],[-51.527252,-21.952905],[-51.527376,-21.953656],[-51.527252,-21.954183],[-51.525721,-21.957286],[-51.524186,-21.959495],[-51.524141,-21.960786],[-51.52534,-21.962007],[-51.527593,-21.963522],[-51.528571,-21.965556],[-51.529881,-21.967054],[-51.530138,-21.967751],[-51.53033,-21.96973],[-51.531513,-21.973589],[-51.532241,-21.975243],[-51.532914,-21.976046],[-51.534306,-21.977138],[-51.535159,-21.977484],[-51.538514,-21.97755],[-51.540351,-21.978109],[-51.541892,-21.97833],[-51.54251,-21.978798],[-51.543474,-21.980033],[-51.545154,-21.980652],[-51.547184,-21.982389],[-51.548216,-21.983045],[-51.549171,-21.983297],[-51.55151,-21.983167],[-51.552996,-21.983918],[-51.554493,-21.984425],[-51.556132,-21.986164],[-51.557894,-21.98731],[-51.559026,-21.990839],[-51.560597,-21.991875],[-51.561988,-21.99342],[-51.56396,-21.996847],[-51.564403,-21.998255],[-51.564716,-21.998532],[-51.564452,-21.998895],[-51.560046,-22.002166],[-51.556006,-22.007231],[-51.555757,-22.007398],[-51.555464,-22.007298],[-51.554966,-22.008927],[-51.552376,-22.008225],[-51.552183,-22.008823]]}},{"type":"Feature","properties":{"id_backbone":"BB-7E5E4CB02707","trecho":"ENSH.ET-SRR.VT","cluster":"SAO JOSE DO RIO PRETO","cabo":"F-0038","capacidade":"12","extensao_km":6.037,"confianca":"SEM_REFERENCIA","fonte":"OSRM/OpenStreetMap","ponta_a":"ENSH.ET","municipio_a":"SAO JOSE DO RIO PRETO","ponta_b":"SRR.VT","municipio_b":"SAO JOSE DO RIO PRETO"},"geometry":{"type":"LineString","coordinates":[[-49.311116,-20.867815],[-49.312589,-20.868752],[-49.313859,-20.867518],[-49.314439,-20.867259],[-49.314966,-20.867258],[-49.321473,-20.86878],[-49.325141,-20.870381],[-49.325724,-20.870314],[-49.326802,-20.869555],[-49.341764,-20.853014],[-49.342358,-20.85233],[-49.342514,-20.851817],[-49.347869,-20.845754],[-49.343121,-20.842067],[-49.342473,-20.842841],[-49.342688,-20.843018]]}},{"type":"Feature","properties":{"id_backbone":"BB-01332ED3E0B6","trecho":"ESE.RB-JLS.RC","cluster":"SAO JOSE DO RIO PRETO","cabo":"F-0086","capacidade":"12","extensao_km":18.04,"confianca":"ALTA","fonte":"OSRM/OpenStreetMap","ponta_a":"ESE.RB","municipio_a":"ESTRELA D'OESTE","ponta_b":"JLS.RC","municipio_b":"JALES"},"geometry":{"type":"LineString","coordinates":[[-50.399141,-20.284854],[-50.399295,-20.285169],[-50.400966,-20.284437],[-50.400589,-20.283609],[-50.401498,-20.28075],[-50.402121,-20.277517],[-50.402691,-20.276025],[-50.402667,-20.275691],[-50.402956,-20.275343],[-50.40295,-20.274919],[-50.402452,-20.274526],[-50.402683,-20.274197],[-50.402953,-20.274271],[-50.403342,-20.274786],[-50.404131,-20.274933],[-50.409948,-20.274977],[-50.485143,-20.272625],[-50.495587,-20.272145],[-50.499163,-20.271657],[-50.503386,-20.270824],[-50.533641,-20.263749],[-50.534722,-20.263445],[-50.535382,-20.263002],[-50.538913,-20.262162],[-50.539644,-20.261241],[-50.552012,-20.270801],[-50.550738,-20.272244],[-50.549564,-20.271359]]}},{"type":"Feature","properties":{"id_backbone":"BB-BC53E2380D6B","trecho":"ESP.JB-ESP.RD","cluster":"CAMPINAS","cabo":"F-0034","capacidade":"6","extensao_km":1.363,"confianca":"SEM_REFERENCIA","fonte":"OSRM/OpenStreetMap","ponta_a":"ESP.JB","municipio_a":"ESPIRITO SANTO DO PINHAL","ponta_b":"ESP.RD","municipio_b":"ESPIRITO SANTO DO PINHAL"},"geometry":{"type":"LineString","coordinates":[[-46.746841,-22.194523],[-46.747881,-22.190648],[-46.749165,-22.189023],[-46.749557,-22.189322],[-46.751352,-22.187529],[-46.753159,-22.188812],[-46.75419,-22.188071]]}},{"type":"Feature","properties":{"id_backbone":"BB-A520AF1F6126","trecho":"EUPA.EP-SLO.NJ","cluster":"JUNDIAI","cabo":null,"capacidade":"48","extensao_km":11.445,"confianca":"BAIXA","fonte":"OSRM/OpenStreetMap","ponta_a":"EUPA.EP","municipio_a":"SALTO","ponta_b":"SLO.NJ","municipio_b":"SALTO"},"geometry":{"type":"LineString","coordinates":[[-47.345916,-23.162339],[-47.343873,-23.162832],[-47.342057,-23.164477],[-47.339641,-23.166241],[-47.338538,-23.167861],[-47.338081,-23.168143],[-47.331545,-23.178242],[-47.330454,-23.180165],[-47.326275,-23.190729],[-47.325328,-23.193628],[-47.321508,-23.211281],[-47.321251,-23.213447],[-47.321447,-23.213618],[-47.321717,-23.213591],[-47.321822,-23.213398],[-47.321679,-23.212409],[-47.32194,-23.211058],[-47.320485,-23.210764],[-47.30976,-23.212248],[-47.30897,-23.212145],[-47.307609,-23.211662],[-47.304484,-23.21188],[-47.303443,-23.211429],[-47.300335,-23.211297],[-47.298409,-23.211518],[-47.297311,-23.212369],[-47.296346,-23.212696],[-47.296187,-23.212509],[-47.296262,-23.212043],[-47.295844,-23.211121],[-47.295342,-23.210597],[-47.293216,-23.210281],[-47.292156,-23.210978],[-47.291887,-23.210938],[-47.291267,-23.210184],[-47.291733,-23.209783],[-47.288145,-23.205152],[-47.290793,-23.203567],[-47.291383,-23.204302],[-47.291891,-23.203988]]}},{"type":"Feature","properties":{"id_backbone":"BB-BDFF91607F7E","trecho":"FCR.SS-MAR.CP","cluster":"JUNDIAI","cabo":"F-1443","capacidade":"36","extensao_km":11.132,"confianca":"ALTA","fonte":"OSRM/OpenStreetMap","ponta_a":"FCR.SS","municipio_a":"FRANCO DA ROCHA","ponta_b":"MAR.CP","municipio_b":"MAIRIPORA"},"geometry":{"type":"LineString","coordinates":[[-46.724714,-23.329243],[-46.725004,-23.329128],[-46.724715,-23.328618],[-46.719474,-23.330827],[-46.718753,-23.330698],[-46.71772,-23.329999],[-46.716812,-23.33041],[-46.714935,-23.330458],[-46.715023,-23.331225],[-46.716514,-23.331172],[-46.716378,-23.331664],[-46.714996,-23.331881],[-46.713605,-23.331461],[-46.712845,-23.331491],[-46.712047,-23.332258],[-46.711114,-23.334071],[-46.7106,-23.33427],[-46.709342,-23.333837],[-46.707743,-23.33411],[-46.707345,-23.333894],[-46.705919,-23.332411],[-46.705666,-23.331814],[-46.705505,-23.330398],[-46.705143,-23.329969],[-46.704716,-23.329831],[-46.703018,-23.329952],[-46.701812,-23.33066],[-46.701226,-23.330755],[-46.697059,-23.329931],[-46.69453,-23.331024],[-46.693859,-23.331134],[-46.693272,-23.330979],[-46.691692,-23.329889],[-46.690887,-23.329827],[-46.689913,-23.330206],[-46.686817,-23.331943],[-46.68496,-23.332666],[-46.684134,-23.332694],[-46.681555,-23.332173],[-46.680541,-23.3322],[-46.67416,-23.334047],[-46.672587,-23.334168],[-46.668516,-23.33388],[-46.667201,-23.334074],[-46.665376,-23.334875],[-46.662006,-23.337577],[-46.661186,-23.337868],[-46.659653,-23.338102],[-46.658269,-23.337571],[-46.656877,-23.336753],[-46.655235,-23.33655],[-46.654085,-23.336008],[-46.653389,-23.335875],[-46.651977,-23.336118],[-46.649373,-23.33746],[-46.647319,-23.337355],[-46.645393,-23.337901],[-46.644819,-23.337877],[-46.644371,-23.337652],[-46.644083,-23.337285],[-46.643855,-23.334977],[-46.643516,-23.334297],[-46.642942,-23.333702],[-46.637964,-23.330955],[-46.637284,-23.330781],[-46.636874,-23.33093],[-46.636811,-23.331392],[-46.637253,-23.331548]]}},{"type":"Feature","properties":{"id_backbone":"BB-E18B52E5068D","trecho":"FND.GS-MED.CF","cluster":"SAO JOSE DO RIO PRETO","cabo":"F-0022","capacidade":"12","extensao_km":18.596,"confianca":"ALTA","fonte":"OSRM/OpenStreetMap","ponta_a":"FND.GS","municipio_a":"FERNANDOPOLIS","ponta_b":"MED.CF","municipio_b":"MACEDONIA"},"geometry":{"type":"LineString","coordinates":[[-50.24961,-20.283553],[-50.249885,-20.283404],[-50.249421,-20.282607],[-50.24683,-20.283956],[-50.24683,-20.284216],[-50.246622,-20.284214],[-50.24669,-20.283945],[-50.240392,-20.273401],[-50.240383,-20.273072],[-50.24003,-20.272483],[-50.240017,-20.271451],[-50.231373,-20.257152],[-50.230896,-20.255834],[-50.230758,-20.254623],[-50.230839,-20.252718],[-50.231803,-20.250664],[-50.238807,-20.243329],[-50.240063,-20.241312],[-50.240456,-20.239954],[-50.240556,-20.238944],[-50.240507,-20.237904],[-50.240095,-20.236335],[-50.237025,-20.230637],[-50.236136,-20.228355],[-50.234865,-20.224047],[-50.234082,-20.222463],[-50.232112,-20.219437],[-50.231124,-20.217629],[-50.229138,-20.212173],[-50.228417,-20.210787],[-50.227395,-20.209455],[-50.225994,-20.208223],[-50.220901,-20.20504],[-50.219699,-20.203848],[-50.21865,-20.202255],[-50.218157,-20.201123],[-50.2127,-20.183902],[-50.211813,-20.182151],[-50.199132,-20.161283],[-50.198628,-20.159998],[-50.198342,-20.158707],[-50.198299,-20.155656],[-50.190545,-20.150343],[-50.190854,-20.149906],[-50.193418,-20.14391],[-50.193891,-20.1441]]}},{"type":"Feature","properties":{"id_backbone":"BB-C72ECFAA6BBF","trecho":"FRA.DJ-SXP.SE","cluster":"ARACATUBA","cabo":"F-0124","capacidade":"36","extensao_km":21.209,"confianca":"ALTA","fonte":"OSRM/OpenStreetMap","ponta_a":"FRA.DJ","municipio_a":"FLORA RICA","ponta_b":"SXP.SE","municipio_b":"SANTO EXPEDITO"},"geometry":{"type":"LineString","coordinates":[[-51.378128,-21.675917],[-51.377525,-21.675744],[-51.380633,-21.676715],[-51.377063,-21.686291],[-51.377004,-21.687726],[-51.382756,-21.702429],[-51.383139,-21.703724],[-51.383301,-21.705099],[-51.383156,-21.706847],[-51.382775,-21.708158],[-51.378555,-21.716286],[-51.378065,-21.717666],[-51.377804,-21.719359],[-51.379941,-21.741604],[-51.378008,-21.759585],[-51.377921,-21.761446],[-51.380115,-21.775008],[-51.380157,-21.776601],[-51.379647,-21.778777],[-51.376419,-21.786592],[-51.373535,-21.791993],[-51.369282,-21.804343],[-51.369058,-21.805302],[-51.369037,-21.806403],[-51.369287,-21.807634],[-51.369969,-21.809016],[-51.382892,-21.827091],[-51.391434,-21.84086],[-51.392017,-21.84147],[-51.391,-21.843353],[-51.390777,-21.844517],[-51.390806,-21.846152],[-51.392403,-21.847459],[-51.394061,-21.849373],[-51.392476,-21.851451]]}},{"type":"Feature","properties":{"id_backbone":"BB-CFE11A3313CA","trecho":"GAR.RB-VUZ.VC","cluster":"BAURU","cabo":"F-0137-01","capacidade":"12","extensao_km":20.694,"confianca":"ALTA","fonte":"OSRM/OpenStreetMap","ponta_a":"GAR.RB","municipio_a":"GARCA","ponta_b":"VUZ.VC","municipio_b":"VERA CRUZ"},"geometry":{"type":"LineString","coordinates":[[-49.654602,-22.209814],[-49.653941,-22.209907],[-49.654378,-22.212452],[-49.661425,-22.21141],[-49.662012,-22.211477],[-49.670473,-22.210728],[-49.671168,-22.211097],[-49.674364,-22.211],[-49.684369,-22.214194],[-49.684484,-22.214369],[-49.684315,-22.21497],[-49.684395,-22.21645],[-49.684706,-22.217009],[-49.685189,-22.217364],[-49.692423,-22.218392],[-49.693871,-22.218054],[-49.696258,-22.216311],[-49.698113,-22.215249],[-49.700214,-22.214164],[-49.702725,-22.213266],[-49.724244,-22.209311],[-49.725927,-22.209286],[-49.729692,-22.2099],[-49.734333,-22.210972],[-49.742764,-22.213818],[-49.746724,-22.214839],[-49.75112,-22.216248],[-49.769453,-22.225157],[-49.771257,-22.225828],[-49.772881,-22.226223],[-49.775116,-22.226429],[-49.800654,-22.22634],[-49.803073,-22.226454],[-49.804053,-22.226724],[-49.805175,-22.227285],[-49.812206,-22.232543],[-49.813405,-22.23307],[-49.814804,-22.233321],[-49.816736,-22.23316],[-49.818458,-22.232453],[-49.82773,-22.225342],[-49.827698,-22.225015],[-49.823439,-22.219439],[-49.822349,-22.220174]]}},{"type":"Feature","properties":{"id_backbone":"BB-452A4E24014C","trecho":"GBE.AB-JLQ.JM","cluster":"BAURU","cabo":"F-0374","capacidade":"24","extensao_km":20.355,"confianca":"SEM_REFERENCIA","fonte":"OSRM/OpenStreetMap","ponta_a":"GBE.AB","municipio_a":"GUAIMBE","ponta_b":"JLQ.JM","municipio_b":"JULIO MESQUITA"},"geometry":{"type":"LineString","coordinates":[[-49.898292,-21.91072],[-49.898125,-21.911069],[-49.892664,-21.908815],[-49.886819,-21.904177],[-49.885679,-21.903774],[-49.884629,-21.903818],[-49.865667,-21.912185],[-49.863542,-21.912556],[-49.854924,-21.913336],[-49.853725,-21.913663],[-49.838938,-21.921767],[-49.835347,-21.926116],[-49.834997,-21.927179],[-49.834668,-21.930426],[-49.834446,-21.931275],[-49.831913,-21.935597],[-49.831151,-21.936505],[-49.822998,-21.942742],[-49.811516,-21.947407],[-49.810438,-21.948392],[-49.807769,-21.955126],[-49.80746,-21.956274],[-49.807523,-21.963776],[-49.807848,-21.965044],[-49.81222,-21.972441],[-49.812615,-21.973966],[-49.812395,-21.975392],[-49.810225,-21.980194],[-49.809598,-21.981194],[-49.801866,-21.988786],[-49.799452,-21.990224],[-49.786601,-21.99548],[-49.785363,-21.9963],[-49.784464,-21.997325],[-49.783706,-21.999151],[-49.782977,-22.004054],[-49.78284,-22.005717],[-49.783097,-22.007122],[-49.783171,-22.007351],[-49.784797,-22.007417],[-49.788645,-22.011871],[-49.788939,-22.011643]]}},{"type":"Feature","properties":{"id_backbone":"BB-8D22A933D773","trecho":"GCR.GC-PNI.LO","cluster":"ARACATUBA","cabo":"F-0021","capacidade":"6","extensao_km":24.782,"confianca":"ALTA","fonte":"OSRM/OpenStreetMap","ponta_a":"GCR.GC","municipio_a":"GLICERIO","ponta_b":"PNI.LO","municipio_b":"PENAPOLIS"},"geometry":{"type":"LineString","coordinates":[[-50.211066,-21.383362],[-50.212708,-21.381964],[-50.213697,-21.383178],[-50.215459,-21.384373],[-50.217456,-21.387245],[-50.223889,-21.400886],[-50.224184,-21.401306],[-50.224518,-21.401312],[-50.224962,-21.400344],[-50.224732,-21.400043],[-50.224181,-21.400193],[-50.168451,-21.430068],[-50.165232,-21.43199],[-50.103083,-21.465338],[-50.097647,-21.468315],[-50.097247,-21.46869],[-50.097283,-21.468985],[-50.097463,-21.469116],[-50.098444,-21.469169],[-50.098661,-21.468973],[-50.098624,-21.468688],[-50.095475,-21.465349],[-50.094401,-21.463623],[-50.093901,-21.461994],[-50.093201,-21.457651],[-50.092332,-21.455601],[-50.090036,-21.452919],[-50.089164,-21.452427],[-50.08663,-21.449699],[-50.086196,-21.448833],[-50.083273,-21.445518],[-50.082735,-21.444504],[-50.081885,-21.442259],[-50.082009,-21.440752],[-50.081818,-21.434882],[-50.078373,-21.428873],[-50.077452,-21.427797],[-50.076253,-21.4268],[-50.078626,-21.423816],[-50.07524,-21.420567],[-50.075768,-21.42007]]}},{"type":"Feature","properties":{"id_backbone":"BB-74F10757E75C","trecho":"GPI.RD-SRR.VS","cluster":"SAO JOSE DO RIO PRETO","cabo":"F-0001","capacidade":"36","extensao_km":14.736,"confianca":"SEM_REFERENCIA","fonte":"OSRM/OpenStreetMap","ponta_a":"GPI.RD","municipio_a":"GUAPIACU","ponta_b":"SRR.VS","municipio_b":"SAO JOSE DO RIO PRETO"},"geometry":{"type":"LineString","coordinates":[[-49.272031,-20.79578],[-49.275556,-20.7964],[-49.27597,-20.796151],[-49.276431,-20.795539],[-49.277444,-20.795133],[-49.278142,-20.794639],[-49.27831,-20.793084],[-49.27768,-20.791359],[-49.277866,-20.790449],[-49.277646,-20.789628],[-49.277573,-20.78816],[-49.277763,-20.787918],[-49.279175,-20.787751],[-49.279315,-20.787039],[-49.279258,-20.786635],[-49.276882,-20.786074],[-49.27708,-20.785358],[-49.281342,-20.786765],[-49.301163,-20.791729],[-49.333765,-20.799611],[-49.337191,-20.800175],[-49.356202,-20.802535],[-49.359602,-20.80312],[-49.359718,-20.802866],[-49.360014,-20.802817],[-49.360391,-20.803514],[-49.360808,-20.805261],[-49.361672,-20.806552],[-49.363186,-20.80641],[-49.365943,-20.806858],[-49.366804,-20.807821],[-49.367917,-20.808392],[-49.370636,-20.808359],[-49.372317,-20.808686],[-49.373609,-20.808306],[-49.37455,-20.808608],[-49.374935,-20.808586],[-49.375183,-20.80842],[-49.374394,-20.807689],[-49.375115,-20.807055],[-49.376043,-20.807918],[-49.374851,-20.808946],[-49.374739,-20.809363],[-49.376504,-20.812676],[-49.378727,-20.814507],[-49.380871,-20.812509],[-49.381583,-20.81317],[-49.381114,-20.813607]]}},{"type":"Feature","properties":{"id_backbone":"BB-1131EFC2E3A2","trecho":"GTA.MF-POTM.PO","cluster":"SAO JOSE DOS CAMPOS","cabo":"F-0103","capacidade":"36","extensao_km":9.142,"confianca":"SEM_REFERENCIA","fonte":"OSRM/OpenStreetMap","ponta_a":"GTA.MF","municipio_a":"GUARATINGUETA","ponta_b":"POTM.PO","municipio_b":"POTIM"},"geometry":{"type":"LineString","coordinates":[[-45.196337,-22.815813],[-45.196196,-22.81617],[-45.195835,-22.815894],[-45.195413,-22.816818],[-45.19715,-22.817624],[-45.196396,-22.819567],[-45.198558,-22.820341],[-45.198884,-22.820266],[-45.199653,-22.820512],[-45.203299,-22.820763],[-45.203886,-22.821147],[-45.206981,-22.824081],[-45.208446,-22.825748],[-45.211491,-22.827713],[-45.210965,-22.828451],[-45.210948,-22.828773],[-45.211455,-22.829505],[-45.213779,-22.830666],[-45.223087,-22.838046],[-45.224044,-22.839419],[-45.224393,-22.841307],[-45.225905,-22.839894],[-45.225953,-22.839497],[-45.22615,-22.839489],[-45.226818,-22.838711],[-45.229152,-22.840322],[-45.229545,-22.840336],[-45.230535,-22.841096],[-45.231794,-22.842421],[-45.233833,-22.845669],[-45.233048,-22.846782],[-45.233132,-22.84707],[-45.236615,-22.847552],[-45.23701,-22.847484],[-45.238549,-22.846475],[-45.240396,-22.845606],[-45.242247,-22.845265],[-45.242747,-22.845333],[-45.245284,-22.845022],[-45.245873,-22.844654],[-45.246825,-22.844471],[-45.251244,-22.84153],[-45.251498,-22.841208],[-45.251789,-22.841146],[-45.255654,-22.836767],[-45.25548,-22.836639]]}},{"type":"Feature","properties":{"id_backbone":"BB-F85AC9BEE1FE","trecho":"HED.XN-LIS.SS","cluster":"BAURU","cabo":"F-0141","capacidade":"36","extensao_km":97.28,"confianca":"SEM_REFERENCIA","fonte":"OSRM/OpenStreetMap","ponta_a":"HED.XN","municipio_a":"HERCULANDIA","ponta_b":"LIS.SS","municipio_b":"LINS"},"geometry":{"type":"LineString","coordinates":[[-50.385523,-22.003103],[-50.388336,-21.998838],[-50.389965,-21.99974],[-50.393014,-21.995159],[-50.393381,-21.992907],[-50.395074,-21.990234],[-50.395165,-21.988817],[-50.395046,-21.987173],[-50.395187,-21.986533],[-50.396448,-21.983252],[-50.396648,-21.982283],[-50.39773,-21.980749],[-50.39823,-21.979259],[-50.397258,-21.976038],[-50.396406,-21.967179],[-50.394121,-21.948303],[-50.393786,-21.946961],[-50.375104,-21.916114],[-50.373185,-21.911336],[-50.365421,-21.902607],[-50.37029,-21.898955],[-50.370324,-21.898657],[-50.367574,-21.897729],[-50.36602,-21.896797],[-50.364436,-21.895596],[-50.361161,-21.892782],[-50.358217,-21.888573],[-50.357191,-21.887471],[-50.344959,-21.878421],[-50.34178,-21.876909],[-50.324743,-21.871465],[-50.322919,-21.870644],[-50.320538,-21.869184],[-50.311853,-21.862682],[-50.300869,-21.850537],[-50.299713,-21.849571],[-50.298533,-21.848892],[-50.296134,-21.848117],[-50.280268,-21.846287],[-50.263237,-21.845282],[-50.261627,-21.844843],[-50.259301,-21.843737],[-50.257921,-21.841073],[-50.250526,-21.816654],[-50.248787,-21.81359],[-50.24797,-21.811604],[-50.242759,-21.800833],[-50.242801,-21.800374],[-50.23981,-21.797749],[-50.238067,-21.796737],[-50.235479,-21.794524],[-50.234493,-21.794124],[-50.233644,-21.794001],[-50.206472,-21.792868],[-50.205148,-21.792965],[-50.204209,-21.793602],[-50.203453,-21.793653],[-50.202804,-21.794063],[-50.180099,-21.811658],[-50.17909,-21.812036],[-50.178159,-21.81191],[-50.176567,-21.810715],[-50.165884,-21.801612],[-50.162227,-21.798179],[-50.158042,-21.795107],[-50.153216,-21.792266],[-50.152282,-21.791434],[-50.149469,-21.78729],[-50.14873,-21.785875],[-50.148235,-21.784225],[-50.146132,-21.774682],[-50.145477,-21.773203],[-50.127961,-21.756086],[-50.125168,-21.753788],[-50.111784,-21.744778],[-50.110336,-21.744256],[-50.107026,-21.743979],[-50.106537,-21.749405],[-50.106246,-21.750359],[-50.105245,-21.752295],[-50.104806,-21.756767],[-50.099367,-21.766094],[-50.097584,-21.768242],[-50.09539,-21.769857],[-50.082685,-21.775941],[-50.081562,-21.77666],[-50.080699,-21.777516],[-50.080122,-21.778331],[-50.068869,-21.800292],[-50.068513,-21.800777],[-50.067927,-21.801166],[-50.067355,-21.801283],[-50.066645,-21.80117],[-50.043659,-21.791839],[-50.0425,-21.791639],[-50.041253,-21.791955],[-50.031962,-21.796355],[-50.030115,-21.796807],[-50.021891,-21.797215],[-50.020695,-21.797143],[-50.010223,-21.793021],[-50.00874,-21.792759],[-49.981581,-21.794601],[-49.962792,-21.796249],[-49.961137,-21.796508],[-49.950402,-21.799189],[-49.930242,-21.799339],[-49.930147,-21.794801],[-49.929908,-21.794041],[-49.9293,-21.79344],[-49.928383,-21.793187],[-49.924111,-21.793175],[-49.922508,-21.792713],[-49.893845,-21.776967],[-49.893141,-21.776611],[-49.892252,-21.776698],[-49.891179,-21.774914],[-49.868412,-21.751615],[-49.807609,-21.710717],[-49.80162,-21.706552],[-49.800004,-21.705691],[-49.799106,-21.704869],[-49.777067,-21.689998],[-49.775971,-21.689092],[-49.772514,-21.685483],[-49.771145,-21.684467],[-49.770666,-21.68363],[-49.769512,-21.682448],[-49.768888,-21.68205],[-49.768717,-21.681488],[-49.768131,-21.680935],[-49.767575,-21.680768],[-49.767362,-21.680144],[-49.764454,-21.67726],[-49.759354,-21.675425],[-49.752597,-21.671768],[-49.750547,-21.67333],[-49.750364,-21.673129]]}},{"type":"Feature","properties":{"id_backbone":"BB-11BC0885EAD7","trecho":"HLBR.HL-JRUM.JU","cluster":"BAURU","cabo":"F-0125.02","capacidade":"12","extensao_km":30.62,"confianca":"ALTA","fonte":"OSRM/OpenStreetMap","ponta_a":"HLBR.HL","municipio_a":"PARANAPANEMA","ponta_b":"JRUM.JU","municipio_b":"JURUMIRIM"},"geometry":{"type":"LineString","coordinates":[[-48.876739,-23.431264],[-48.878107,-23.43016],[-48.877631,-23.429655],[-48.877526,-23.429138],[-48.877291,-23.429027],[-48.876845,-23.429071],[-48.876181,-23.42971],[-48.875706,-23.429369],[-48.874302,-23.429151],[-48.870731,-23.431935],[-48.8673,-23.428502],[-48.866809,-23.42848],[-48.866553,-23.428825],[-48.866598,-23.429155],[-48.866811,-23.429345],[-48.867394,-23.429364],[-48.883898,-23.416186],[-48.90708,-23.39622],[-48.908886,-23.394371],[-48.911123,-23.393046],[-48.913474,-23.392008],[-48.916189,-23.391385],[-48.918729,-23.390196],[-48.920132,-23.389061],[-48.922703,-23.386015],[-48.923832,-23.384935],[-48.92522,-23.383807],[-48.926814,-23.382849],[-48.930207,-23.381547],[-48.932574,-23.381097],[-48.934224,-23.380971],[-48.943431,-23.381603],[-48.944439,-23.381526],[-48.948431,-23.381781],[-48.958017,-23.382609],[-48.962463,-23.382817],[-48.966278,-23.383259],[-48.968433,-23.383198],[-48.971578,-23.382268],[-49.001802,-23.370559],[-49.004326,-23.369547],[-49.006308,-23.368542],[-49.009149,-23.366651],[-49.018832,-23.359597],[-49.019426,-23.358926],[-49.020811,-23.357887],[-49.022887,-23.356386],[-49.0236,-23.356128],[-49.053562,-23.334325],[-49.056086,-23.33303],[-49.066686,-23.328833],[-49.067157,-23.328308],[-49.067706,-23.32674],[-49.067557,-23.32577],[-49.06719,-23.325256],[-49.043464,-23.29925],[-49.043809,-23.299208],[-49.044998,-23.297985],[-49.045948,-23.298213]]}},{"type":"Feature","properties":{"id_backbone":"BB-EC4EB1C2107A","trecho":"HORT.HT-SUM.AR","cluster":"CAMPINAS","cabo":"F-0011","capacidade":"12","extensao_km":9.115,"confianca":"ALTA","fonte":"OSRM/OpenStreetMap","ponta_a":"HORT.HT","municipio_a":"HORTOLANDIA","ponta_b":"SUM.AR","municipio_b":"SUMARE"},"geometry":{"type":"LineString","coordinates":[[-47.215875,-22.86391],[-47.215583,-22.863671],[-47.215488,-22.861928],[-47.216194,-22.861879],[-47.216256,-22.861597],[-47.216046,-22.857871],[-47.21865,-22.856977],[-47.22103,-22.857351],[-47.221699,-22.857088],[-47.230344,-22.852474],[-47.231109,-22.851978],[-47.232207,-22.850498],[-47.232723,-22.850081],[-47.235454,-22.849013],[-47.241748,-22.845715],[-47.242865,-22.845104],[-47.244968,-22.843514],[-47.2459,-22.843479],[-47.247155,-22.843761],[-47.249017,-22.844786],[-47.249616,-22.845913],[-47.250254,-22.846561],[-47.251353,-22.846942],[-47.251983,-22.846898],[-47.252185,-22.846574],[-47.252346,-22.844165],[-47.252882,-22.842141],[-47.253169,-22.841912],[-47.254846,-22.841625],[-47.255353,-22.841352],[-47.256666,-22.838399],[-47.259477,-22.836045],[-47.260533,-22.834476],[-47.262536,-22.832363],[-47.263911,-22.830331],[-47.264276,-22.829342],[-47.264525,-22.829234],[-47.266301,-22.824796],[-47.270361,-22.819335],[-47.269688,-22.818896],[-47.269093,-22.819663],[-47.269625,-22.82]]}},{"type":"Feature","properties":{"id_backbone":"BB-2EBFF38CA877","trecho":"IAE.FP-PMT.GC","cluster":"BAURU","cabo":"F-0315-02","capacidade":"18","extensao_km":22.266,"confianca":"ALTA","fonte":"OSRM/OpenStreetMap","ponta_a":"IAE.FP","municipio_a":"IBIRAREMA","ponta_b":"PMT.GC","municipio_b":"PALMITAL"},"geometry":{"type":"LineString","coordinates":[[-50.073209,-22.817539],[-50.072812,-22.817548],[-50.072543,-22.807515],[-50.072194,-22.807217],[-50.072385,-22.806578],[-50.072288,-22.806185],[-50.071834,-22.805864],[-50.071901,-22.805648],[-50.072694,-22.805929],[-50.075292,-22.804845],[-50.156142,-22.764102],[-50.186584,-22.74869],[-50.18694,-22.748445],[-50.187047,-22.748109],[-50.186842,-22.747815],[-50.186459,-22.747767],[-50.186143,-22.748077],[-50.18623,-22.74856],[-50.198958,-22.774244],[-50.199657,-22.77527],[-50.200633,-22.777636],[-50.206639,-22.789823],[-50.207266,-22.790799],[-50.207622,-22.790919],[-50.208026,-22.790813],[-50.208535,-22.791717],[-50.221793,-22.78731],[-50.220785,-22.784701],[-50.221484,-22.784461]]}},{"type":"Feature","properties":{"id_backbone":"BB-95B524302BFB","trecho":"IBL.BV-IBL.RP","cluster":"SAO JOSE DOS CAMPOS","cabo":"F-0102","capacidade":"36","extensao_km":6.2,"confianca":"ALTA","fonte":"OSRM/OpenStreetMap","ponta_a":"IBL.BV","municipio_a":"ILHABELA","ponta_b":"IBL.RP","municipio_b":"ILHABELA"},"geometry":{"type":"LineString","coordinates":[[-45.378077,-23.823312],[-45.377356,-23.822293],[-45.376498,-23.822518],[-45.375173,-23.822272],[-45.369417,-23.820477],[-45.368307,-23.819572],[-45.36745,-23.818478],[-45.366454,-23.815807],[-45.365932,-23.814864],[-45.365937,-23.814403],[-45.366273,-23.813597],[-45.366152,-23.81261],[-45.366576,-23.811845],[-45.366324,-23.811069],[-45.365324,-23.809436],[-45.365143,-23.807016],[-45.365271,-23.80434],[-45.364748,-23.803399],[-45.364964,-23.801575],[-45.363696,-23.797946],[-45.363798,-23.796151],[-45.364502,-23.795205],[-45.364573,-23.793602],[-45.364027,-23.792314],[-45.363478,-23.791398],[-45.363156,-23.791216],[-45.363026,-23.790622],[-45.362399,-23.789629],[-45.36125,-23.788658],[-45.357915,-23.785072],[-45.357875,-23.783133],[-45.358597,-23.779943],[-45.358276,-23.778694],[-45.359037,-23.778494]]}},{"type":"Feature","properties":{"id_backbone":"BB-EA342E19B088","trecho":"ICE.SI-ODU.OD","cluster":"SAO JOSE DO RIO PRETO","cabo":"F-0019","capacidade":"12","extensao_km":27.579,"confianca":"SEM_REFERENCIA","fonte":"OSRM/OpenStreetMap","ponta_a":"ICE.SI","municipio_a":"ICEM","ponta_b":"ODU.OD","municipio_b":"ORINDIUVA"},"geometry":{"type":"LineString","coordinates":[[-49.197835,-20.340526],[-49.197969,-20.340422],[-49.193482,-20.335271],[-49.192904,-20.335089],[-49.191346,-20.33583],[-49.19109,-20.335676],[-49.194788,-20.333624],[-49.196164,-20.333111],[-49.206958,-20.327496],[-49.252311,-20.303658],[-49.254269,-20.302345],[-49.256005,-20.300533],[-49.25735,-20.298171],[-49.266421,-20.279455],[-49.302608,-20.204369],[-49.302927,-20.203414],[-49.303262,-20.203398],[-49.303711,-20.203929],[-49.310122,-20.20755],[-49.310955,-20.207876],[-49.312762,-20.207961],[-49.315347,-20.20699],[-49.316333,-20.206843],[-49.322851,-20.207976],[-49.338597,-20.195853],[-49.339497,-20.195203],[-49.341306,-20.19433],[-49.344527,-20.19148],[-49.351207,-20.185414],[-49.350166,-20.183976],[-49.352777,-20.182227],[-49.352265,-20.18156],[-49.351525,-20.182035]]}},{"type":"Feature","properties":{"id_backbone":"BB-E0C24C9753C2","trecho":"ICS.IS-SALS.SL","cluster":"OSASCO","cabo":"F-1159","capacidade":"72","extensao_km":22.703,"confianca":"ALTA","fonte":"OSRM/OpenStreetMap","ponta_a":"ICS.IS","municipio_a":"ITAPECERICA DA SERRA","ponta_b":"SALS.SL","municipio_b":"SAO LOURENCO DA SERRA"},"geometry":{"type":"LineString","coordinates":[[-46.849981,-23.714953],[-46.849432,-23.715136],[-46.849877,-23.716413],[-46.852641,-23.715338],[-46.853726,-23.71431],[-46.854846,-23.712695],[-46.856333,-23.711712],[-46.858524,-23.712405],[-46.860434,-23.713317],[-46.863262,-23.713561],[-46.865626,-23.714783],[-46.866393,-23.714846],[-46.86679,-23.714308],[-46.866639,-23.713266],[-46.866862,-23.712905],[-46.868899,-23.712078],[-46.869902,-23.711893],[-46.870437,-23.711318],[-46.871223,-23.710859],[-46.871953,-23.709453],[-46.872444,-23.709285],[-46.874039,-23.708117],[-46.875023,-23.707618],[-46.875289,-23.707241],[-46.875351,-23.706798],[-46.875169,-23.706396],[-46.874808,-23.70621],[-46.87453,-23.706322],[-46.874566,-23.706785],[-46.881384,-23.717208],[-46.882197,-23.718243],[-46.883227,-23.71906],[-46.886012,-23.720438],[-46.888035,-23.722038],[-46.888809,-23.722306],[-46.891032,-23.722673],[-46.891843,-23.723125],[-46.892433,-23.723747],[-46.892941,-23.724884],[-46.895441,-23.733673],[-46.89732,-23.739347],[-46.897801,-23.740253],[-46.899351,-23.742276],[-46.89972,-23.743127],[-46.902077,-23.754671],[-46.902985,-23.758255],[-46.911319,-23.770734],[-46.913217,-23.772917],[-46.915592,-23.777029],[-46.915982,-23.778716],[-46.915927,-23.779939],[-46.915594,-23.781107],[-46.914161,-23.784332],[-46.913925,-23.785296],[-46.91414,-23.787699],[-46.915468,-23.794396],[-46.914878,-23.796319],[-46.914768,-23.797336],[-46.914963,-23.797906],[-46.91618,-23.799875],[-46.918053,-23.802574],[-46.918756,-23.803049],[-46.921272,-23.803831],[-46.923512,-23.806181],[-46.924191,-23.807149],[-46.924327,-23.808273],[-46.923248,-23.811359],[-46.923153,-23.812406],[-46.924491,-23.818655],[-46.925589,-23.822781],[-46.925915,-23.826047],[-46.926435,-23.827461],[-46.929682,-23.833244],[-46.929912,-23.835287],[-46.931419,-23.83958],[-46.93173,-23.841642],[-46.932487,-23.842645],[-46.936197,-23.844495],[-46.937125,-23.845353],[-46.937533,-23.846159],[-46.93942,-23.852086],[-46.940692,-23.852334],[-46.941571,-23.85293],[-46.942513,-23.85309],[-46.943489,-23.853815]]}},{"type":"Feature","properties":{"id_backbone":"BB-6A3BE6B750B9","trecho":"IDP.ID-MSE.PQ","cluster":"SAO JOSE DO RIO PRETO","cabo":"F-0128","capacidade":"36","extensao_km":16.852,"confianca":"ALTA","fonte":"OSRM/OpenStreetMap","ponta_a":"IDP.ID","municipio_a":"INDIAPORA","ponta_b":"MSE.PQ","municipio_b":"MIRA ESTRELA"},"geometry":{"type":"LineString","coordinates":[[-50.28838,-19.978574],[-50.286701,-19.978493],[-50.286661,-19.979515],[-50.285549,-19.979456],[-50.2815,-19.980977],[-50.281223,-19.981333],[-50.280795,-19.981023],[-50.272742,-19.977671],[-50.271486,-19.977375],[-50.270273,-19.977383],[-50.268847,-19.97781],[-50.261806,-19.980659],[-50.25967,-19.981068],[-50.257231,-19.981107],[-50.254266,-19.980548],[-50.252243,-19.979712],[-50.25042,-19.978539],[-50.247423,-19.976102],[-50.246477,-19.975495],[-50.2451,-19.974918],[-50.230618,-19.97216],[-50.228443,-19.972163],[-50.223037,-19.973496],[-50.219591,-19.97373],[-50.217348,-19.973544],[-50.207239,-19.972146],[-50.206142,-19.972213],[-50.203649,-19.973059],[-50.202416,-19.973175],[-50.198438,-19.972671],[-50.194787,-19.972767],[-50.188425,-19.971713],[-50.18673,-19.972027],[-50.183933,-19.973779],[-50.181822,-19.974498],[-50.145614,-19.979008],[-50.144767,-19.979248],[-50.13726,-19.980094],[-50.136893,-19.978037],[-50.136569,-19.978077]]}},{"type":"Feature","properties":{"id_backbone":"BB-C141941F2BA0","trecho":"IDU.DP-IDU.RD","cluster":"CAMPINAS","cabo":null,"capacidade":"12","extensao_km":2.291,"confianca":"SEM_REFERENCIA","fonte":"OSRM/OpenStreetMap","ponta_a":"IDU.DP","municipio_a":"INDAIATUBA","ponta_b":"IDU.RD","municipio_b":"INDAIATUBA"},"geometry":{"type":"LineString","coordinates":[[-47.215429,-23.085325],[-47.21333,-23.081389],[-47.212574,-23.07952],[-47.212153,-23.07925],[-47.212405,-23.07869],[-47.212441,-23.077766],[-47.2111,-23.077531],[-47.208734,-23.076763],[-47.20496,-23.070135],[-47.205704,-23.069865],[-47.205983,-23.070206]]}},{"type":"Feature","properties":{"id_backbone":"BB-9359D8C3BFC7","trecho":"IEN.AT-RCO.AD","cluster":"CAMPINAS","cabo":"F-0275","capacidade":"72","extensao_km":21.399,"confianca":"ALTA","fonte":"OSRM/OpenStreetMap","ponta_a":"IEN.AT","municipio_a":"IPEUNA","ponta_b":"RCO.AD","municipio_b":"RIO CLARO"},"geometry":{"type":"LineString","coordinates":[[-47.720391,-22.436876],[-47.719937,-22.436322],[-47.718652,-22.437233],[-47.716805,-22.435173],[-47.716097,-22.435726],[-47.713358,-22.436752],[-47.713018,-22.437108],[-47.712533,-22.437065],[-47.709294,-22.438174],[-47.708904,-22.438514],[-47.708414,-22.438472],[-47.705517,-22.439385],[-47.705414,-22.439893],[-47.705076,-22.439958],[-47.704019,-22.438524],[-47.692515,-22.426374],[-47.690755,-22.423968],[-47.686601,-22.41756],[-47.684791,-22.415204],[-47.683087,-22.413664],[-47.682317,-22.412619],[-47.657765,-22.388313],[-47.655367,-22.386222],[-47.652679,-22.384536],[-47.649458,-22.383214],[-47.646477,-22.382521],[-47.643759,-22.382283],[-47.640791,-22.382415],[-47.623453,-22.385945],[-47.621582,-22.386158],[-47.619746,-22.386035],[-47.618025,-22.385615],[-47.614833,-22.384051],[-47.613873,-22.38386],[-47.612653,-22.382918],[-47.612192,-22.382883],[-47.610963,-22.383162],[-47.610372,-22.383469],[-47.609272,-22.384401],[-47.601927,-22.39116],[-47.598049,-22.394968],[-47.591175,-22.403023],[-47.590737,-22.403873],[-47.590578,-22.404949],[-47.59007,-22.405909],[-47.588694,-22.4056],[-47.586415,-22.405756],[-47.584899,-22.406043],[-47.584583,-22.405934],[-47.581968,-22.406118],[-47.581375,-22.406365],[-47.580669,-22.406221],[-47.572969,-22.406822],[-47.572546,-22.407228],[-47.571572,-22.409593],[-47.562086,-22.406756],[-47.561455,-22.408459],[-47.56092,-22.408285]]}},{"type":"Feature","properties":{"id_backbone":"BB-6F294666B309","trecho":"IIA.BR-MMM.PJ","cluster":"CAMPINAS","cabo":"F-0210","capacidade":"36","extensao_km":16.812,"confianca":"ALTA","fonte":"OSRM/OpenStreetMap","ponta_a":"IIA.BR","municipio_a":"ITAPIRA","ponta_b":"MMM.PJ","municipio_b":"MOGI MIRIM"},"geometry":{"type":"LineString","coordinates":[[-46.824193,-22.436894],[-46.823658,-22.437394],[-46.830847,-22.443749],[-46.833225,-22.446684],[-46.840298,-22.451297],[-46.841548,-22.451831],[-46.84305,-22.451843],[-46.845922,-22.450589],[-46.846791,-22.45037],[-46.848117,-22.450308],[-46.849318,-22.450528],[-46.857076,-22.4529],[-46.858685,-22.453179],[-46.861174,-22.453308],[-46.871431,-22.4529],[-46.873555,-22.452385],[-46.882138,-22.448309],[-46.882868,-22.448072],[-46.884434,-22.447922],[-46.885722,-22.448137],[-46.887138,-22.448802],[-46.895936,-22.455518],[-46.897062,-22.456064],[-46.898473,-22.456429],[-46.906605,-22.456792],[-46.927229,-22.454392],[-46.929242,-22.454577],[-46.930346,-22.454187],[-46.932797,-22.453917],[-46.934032,-22.453626],[-46.938388,-22.453298],[-46.943436,-22.452501],[-46.944166,-22.451602],[-46.944839,-22.449645],[-46.946953,-22.445536],[-46.951299,-22.440331],[-46.952224,-22.439495],[-46.952502,-22.43901],[-46.952759,-22.438995],[-46.952805,-22.439268],[-46.953636,-22.439911],[-46.961745,-22.434852],[-46.960945,-22.433702],[-46.960138,-22.434224]]}},{"type":"Feature","properties":{"id_backbone":"BB-DAC144282EC0","trecho":"IIN.IP-RCO.JF","cluster":"CAMPINAS","cabo":"F-0116","capacidade":"18","extensao_km":45.228,"confianca":"SEM_REFERENCIA","fonte":"OSRM/OpenStreetMap","ponta_a":"IIN.IP","municipio_a":"ITIRAPINA","ponta_b":"RCO.JF","municipio_b":"RIO CLARO"},"geometry":{"type":"LineString","coordinates":[[-47.818025,-22.254546],[-47.818693,-22.254638],[-47.818823,-22.253758],[-47.817885,-22.253644],[-47.817746,-22.254507],[-47.816787,-22.25437],[-47.817622,-22.249749],[-47.817602,-22.248209],[-47.817053,-22.247221],[-47.814545,-22.244665],[-47.81286,-22.243646],[-47.778916,-22.225646],[-47.777237,-22.224453],[-47.769249,-22.217996],[-47.766756,-22.217526],[-47.766031,-22.217684],[-47.763774,-22.220026],[-47.76192,-22.221269],[-47.709219,-22.244958],[-47.707396,-22.246083],[-47.705797,-22.247553],[-47.704664,-22.249018],[-47.703938,-22.250307],[-47.703351,-22.252017],[-47.703041,-22.2538],[-47.703087,-22.256331],[-47.704054,-22.26826],[-47.703983,-22.269341],[-47.703637,-22.270093],[-47.700312,-22.273777],[-47.698059,-22.274717],[-47.697299,-22.275304],[-47.696461,-22.276754],[-47.695994,-22.277219],[-47.694268,-22.277751],[-47.692827,-22.278524],[-47.691788,-22.278754],[-47.690576,-22.278644],[-47.688657,-22.277972],[-47.687035,-22.278139],[-47.684752,-22.278792],[-47.683941,-22.279283],[-47.683265,-22.280004],[-47.676906,-22.288954],[-47.676575,-22.289916],[-47.676149,-22.292851],[-47.675798,-22.29391],[-47.670122,-22.302552],[-47.669227,-22.304976],[-47.667743,-22.310006],[-47.667237,-22.311024],[-47.666446,-22.311961],[-47.665558,-22.312619],[-47.663113,-22.313586],[-47.661917,-22.314509],[-47.65683,-22.321854],[-47.656453,-22.323367],[-47.656858,-22.32558],[-47.656661,-22.327112],[-47.652066,-22.335355],[-47.651374,-22.337258],[-47.65117,-22.339331],[-47.651695,-22.344086],[-47.651682,-22.345216],[-47.651247,-22.347044],[-47.650481,-22.348483],[-47.646459,-22.353787],[-47.645227,-22.355105],[-47.64354,-22.356307],[-47.634979,-22.361168],[-47.632806,-22.362766],[-47.614984,-22.379157],[-47.614317,-22.38011],[-47.614154,-22.380728],[-47.614124,-22.382703],[-47.614495,-22.383572],[-47.614366,-22.383886],[-47.613743,-22.383788],[-47.612715,-22.38283],[-47.601946,-22.37687],[-47.59983,-22.375349],[-47.598802,-22.374366],[-47.577675,-22.350203],[-47.576138,-22.348956],[-47.574658,-22.348214],[-47.573359,-22.347744],[-47.571315,-22.34743],[-47.569339,-22.347489],[-47.567098,-22.348049],[-47.565633,-22.348759],[-47.55945,-22.352522],[-47.557517,-22.353291],[-47.554479,-22.354034],[-47.551121,-22.355115],[-47.550791,-22.355338],[-47.556525,-22.379775]]}},{"type":"Feature","properties":{"id_backbone":"BB-217B54F319D4","trecho":"IJO.CB-NVAC.VC","cluster":"SAO JOSE DO RIO PRETO","cabo":"F-0058","capacidade":"12","extensao_km":12.91,"confianca":"ALTA","fonte":"OSRM/OpenStreetMap","ponta_a":"IJO.CB","municipio_a":"ITAJOBI","ponta_b":"NVAC.VC","municipio_b":"NOVO HORIZONTE"},"geometry":{"type":"LineString","coordinates":[[-49.059056,-21.316174],[-49.058817,-21.316082],[-49.058456,-21.31693],[-49.059351,-21.317271],[-49.059723,-21.31643],[-49.063112,-21.317702],[-49.064044,-21.317913],[-49.067308,-21.318071],[-49.06988,-21.317742],[-49.070895,-21.317484],[-49.076806,-21.315147],[-49.081066,-21.313669],[-49.083256,-21.311916],[-49.085444,-21.310531],[-49.086241,-21.310255],[-49.087592,-21.310226],[-49.088681,-21.310559],[-49.090882,-21.311781],[-49.093491,-21.312424],[-49.09508,-21.313449],[-49.097376,-21.315695],[-49.098653,-21.317821],[-49.099934,-21.320678],[-49.102327,-21.322643],[-49.105332,-21.326988],[-49.106262,-21.328047],[-49.113703,-21.333759],[-49.115376,-21.334614],[-49.117094,-21.334755],[-49.119632,-21.334329],[-49.120648,-21.333952],[-49.121815,-21.333132],[-49.126045,-21.328729],[-49.126852,-21.32825],[-49.127919,-21.328013],[-49.129376,-21.328264],[-49.13403,-21.330626],[-49.135535,-21.33087],[-49.136446,-21.33074],[-49.137307,-21.330383],[-49.140956,-21.328151],[-49.141987,-21.327734],[-49.142888,-21.327643],[-49.146941,-21.327925],[-49.149591,-21.329183],[-49.153528,-21.330438],[-49.158809,-21.333603],[-49.159486,-21.333717],[-49.160668,-21.333466],[-49.160554,-21.333041]]}},{"type":"Feature","properties":{"id_backbone":"BB-DCCFA8D241A4","trecho":"IOI.IB-VGS.VJ","cluster":"CAMPINAS","cabo":"F-0105","capacidade":"24","extensao_km":16.33,"confianca":"MEDIA","fonte":"OSRM/OpenStreetMap","ponta_a":"IOI.IB","municipio_a":"ITOBI","ponta_b":"VGS.VJ","municipio_b":"VARGEM GRANDE DO SUL"},"geometry":{"type":"LineString","coordinates":[[-46.975462,-21.73236],[-46.976294,-21.732161],[-46.977609,-21.736501],[-46.978965,-21.737812],[-46.979516,-21.738881],[-46.980572,-21.741966],[-46.980967,-21.742369],[-46.980668,-21.742716],[-46.980305,-21.74531],[-46.979698,-21.747275],[-46.978105,-21.749635],[-46.977469,-21.75019],[-46.971735,-21.752123],[-46.970984,-21.752537],[-46.968583,-21.755138],[-46.967422,-21.757564],[-46.96465,-21.761457],[-46.963591,-21.76234],[-46.957834,-21.764499],[-46.942896,-21.770939],[-46.936759,-21.773213],[-46.930581,-21.776585],[-46.930131,-21.776603],[-46.928401,-21.775591],[-46.927984,-21.775568],[-46.927629,-21.775742],[-46.926796,-21.776601],[-46.926157,-21.77691],[-46.923204,-21.777005],[-46.922598,-21.777163],[-46.921749,-21.777702],[-46.917774,-21.780975],[-46.917283,-21.781527],[-46.917004,-21.78227],[-46.917247,-21.787136],[-46.916882,-21.789127],[-46.916539,-21.789646],[-46.914432,-21.790181],[-46.913998,-21.790609],[-46.911876,-21.7985],[-46.911663,-21.800555],[-46.912747,-21.80237],[-46.912593,-21.803061],[-46.911962,-21.80393],[-46.909961,-21.805799],[-46.906015,-21.807368],[-46.902983,-21.809472],[-46.902067,-21.811321],[-46.899858,-21.813671],[-46.897747,-21.818272],[-46.897523,-21.821064],[-46.896424,-21.82426],[-46.896188,-21.825756],[-46.892491,-21.828214],[-46.89206,-21.827666],[-46.891438,-21.828077],[-46.891619,-21.828317]]}},{"type":"Feature","properties":{"id_backbone":"BB-7B932FC8D280","trecho":"IPIG.IP-SRR.EL","cluster":"SAO JOSE DO RIO PRETO","cabo":"F-0055","capacidade":"12","extensao_km":16.697,"confianca":"SEM_REFERENCIA","fonte":"OSRM/OpenStreetMap","ponta_a":"IPIG.IP","municipio_a":"IPIGUA","ponta_b":"SRR.EL","municipio_b":"SAO JOSE DO RIO PRETO"},"geometry":{"type":"LineString","coordinates":[[-49.38838,-20.656579],[-49.389367,-20.66287],[-49.389542,-20.664873],[-49.390369,-20.665455],[-49.389745,-20.666514],[-49.389309,-20.667772],[-49.388012,-20.67455],[-49.387834,-20.676821],[-49.388069,-20.678322],[-49.390829,-20.689698],[-49.390829,-20.691724],[-49.390488,-20.693376],[-49.388318,-20.699485],[-49.387847,-20.702587],[-49.387902,-20.703374],[-49.38742,-20.705691],[-49.387362,-20.707373],[-49.387053,-20.708299],[-49.385605,-20.717998],[-49.384748,-20.720027],[-49.382372,-20.723389],[-49.381229,-20.726289],[-49.38026,-20.735171],[-49.379871,-20.740596],[-49.380058,-20.741294],[-49.379916,-20.743198],[-49.380382,-20.74656],[-49.380903,-20.752515],[-49.381276,-20.753091],[-49.381319,-20.753702],[-49.382324,-20.757025],[-49.382113,-20.759178],[-49.38274,-20.76128],[-49.383141,-20.761845],[-49.38341,-20.761973],[-49.384356,-20.76418],[-49.385257,-20.76778],[-49.384993,-20.769908],[-49.385506,-20.772099],[-49.385659,-20.775697],[-49.386004,-20.778693],[-49.388782,-20.788369],[-49.388873,-20.788499],[-49.390068,-20.787411],[-49.391358,-20.785803],[-49.391448,-20.785386],[-49.392057,-20.784967],[-49.392928,-20.783842],[-49.394676,-20.783275],[-49.395391,-20.78319],[-49.399147,-20.786623],[-49.399717,-20.786052]]}},{"type":"Feature","properties":{"id_backbone":"BB-3748FCBCA5D9","trecho":"ITA.CS-ITA.RD","cluster":"JUNDIAI","cabo":"F-0171","capacidade":"12","extensao_km":1.601,"confianca":"ALTA","fonte":"OSRM/OpenStreetMap","ponta_a":"ITA.CS","municipio_a":"ITATIBA","ponta_b":"ITA.RD","municipio_b":"ITATIBA"},"geometry":{"type":"LineString","coordinates":[[-46.840543,-23.003646],[-46.841157,-23.003453],[-46.841389,-23.004073],[-46.840434,-23.004376],[-46.839731,-23.002738],[-46.83886,-23.001914],[-46.837656,-23.001259],[-46.837107,-23.000764],[-46.834716,-22.995486],[-46.833958,-22.994466],[-46.833587,-22.994327]]}},{"type":"Feature","properties":{"id_backbone":"BB-E3B78F0B74F3","trecho":"ITE.IV-JAD.JA","cluster":"OSASCO","cabo":"F-0699","capacidade":"36","extensao_km":6.259,"confianca":"ALTA","fonte":"OSRM/OpenStreetMap","ponta_a":"ITE.IV","municipio_a":"ITAPEVI","ponta_b":"JAD.JA","municipio_b":"JANDIRA"},"geometry":{"type":"LineString","coordinates":[[-46.936452,-23.550233],[-46.937409,-23.549349],[-46.937913,-23.550083],[-46.938043,-23.551047],[-46.938599,-23.551073],[-46.938762,-23.550798],[-46.938663,-23.550264],[-46.936561,-23.547662],[-46.933395,-23.544167],[-46.9326,-23.544307],[-46.932717,-23.545313],[-46.932426,-23.545633],[-46.931909,-23.545194],[-46.932343,-23.544863],[-46.931793,-23.543915],[-46.931372,-23.543511],[-46.930202,-23.542867],[-46.927681,-23.542487],[-46.924408,-23.542628],[-46.924308,-23.542317],[-46.923703,-23.542254],[-46.922231,-23.541439],[-46.921179,-23.540362],[-46.920687,-23.540067],[-46.920053,-23.538479],[-46.917285,-23.538136],[-46.917087,-23.538287],[-46.9168,-23.539019],[-46.915479,-23.540388],[-46.9139,-23.538959],[-46.911727,-23.538249],[-46.910053,-23.537411],[-46.908954,-23.536661],[-46.907763,-23.536318],[-46.906694,-23.536538],[-46.90634,-23.536474],[-46.904312,-23.533798],[-46.903378,-23.530726],[-46.901594,-23.529452],[-46.902353,-23.528339],[-46.902353,-23.528142],[-46.901815,-23.5278],[-46.901614,-23.528071]]}},{"type":"Feature","properties":{"id_backbone":"BB-AD59BA9E2D63","trecho":"ITU.FP-SLO.NJ","cluster":"JUNDIAI","cabo":null,"capacidade":null,"extensao_km":8.196,"confianca":"BAIXA","fonte":"OSRM/OpenStreetMap","ponta_a":"ITU.FP","municipio_a":"ITU","ponta_b":"SLO.NJ","municipio_b":"SALTO"},"geometry":{"type":"LineString","coordinates":[[-47.299914,-23.261429],[-47.299279,-23.262016],[-47.299797,-23.26253],[-47.305101,-23.257392],[-47.30389,-23.256186],[-47.303845,-23.255777],[-47.30452,-23.255476],[-47.304768,-23.255108],[-47.30626,-23.248728],[-47.306947,-23.244331],[-47.306843,-23.241959],[-47.305658,-23.233105],[-47.305233,-23.231425],[-47.304587,-23.229733],[-47.302609,-23.225661],[-47.301856,-23.224781],[-47.301566,-23.223696],[-47.300198,-23.220706],[-47.299016,-23.218748],[-47.298679,-23.217474],[-47.296569,-23.212986],[-47.296198,-23.21256],[-47.296262,-23.212043],[-47.29576,-23.210971],[-47.295236,-23.210562],[-47.293216,-23.210281],[-47.292156,-23.210978],[-47.291887,-23.210938],[-47.291267,-23.210184],[-47.291733,-23.209783],[-47.288145,-23.205152],[-47.290793,-23.203567],[-47.291383,-23.204302],[-47.291891,-23.203988]]}},{"type":"Feature","properties":{"id_backbone":"BB-64D3D490F6B3","trecho":"ITU.RT-SOC.CR","cluster":"JUNDIAI","cabo":"F-0191","capacidade":"72","extensao_km":37.802,"confianca":"ALTA","fonte":"OSRM/OpenStreetMap","ponta_a":"ITU.RT","municipio_a":"ITU","ponta_b":"SOC.CR","municipio_b":"SOROCABA"},"geometry":{"type":"LineString","coordinates":[[-47.291301,-23.282617],[-47.291111,-23.28274],[-47.291186,-23.283163],[-47.291962,-23.284885],[-47.292332,-23.286241],[-47.293081,-23.287605],[-47.300915,-23.292497],[-47.301274,-23.29333],[-47.301542,-23.297226],[-47.301713,-23.297925],[-47.302036,-23.298469],[-47.303361,-23.299836],[-47.303622,-23.300455],[-47.303439,-23.304058],[-47.303581,-23.305507],[-47.30409,-23.307563],[-47.304124,-23.309972],[-47.30365,-23.312363],[-47.301204,-23.317639],[-47.300693,-23.31965],[-47.300528,-23.322001],[-47.300728,-23.323246],[-47.30224,-23.32699],[-47.305477,-23.333646],[-47.30746,-23.345579],[-47.308554,-23.353426],[-47.309187,-23.355344],[-47.30912,-23.356209],[-47.308799,-23.357093],[-47.307047,-23.358783],[-47.306743,-23.359544],[-47.306861,-23.360061],[-47.307586,-23.361574],[-47.309,-23.3632],[-47.31209,-23.368579],[-47.312492,-23.369009],[-47.317345,-23.371686],[-47.31855,-23.371738],[-47.320581,-23.3714],[-47.322468,-23.371786],[-47.32363,-23.372533],[-47.327662,-23.375687],[-47.328235,-23.375846],[-47.32835,-23.375522],[-47.327745,-23.374623],[-47.327473,-23.374548],[-47.327285,-23.374686],[-47.327249,-23.375478],[-47.327601,-23.380183],[-47.328071,-23.382956],[-47.328703,-23.385],[-47.33878,-23.406948],[-47.340462,-23.409794],[-47.341876,-23.411538],[-47.344088,-23.414079],[-47.346947,-23.416498],[-47.409286,-23.460298],[-47.419341,-23.466547],[-47.441584,-23.479024],[-47.441832,-23.479393],[-47.441688,-23.479885],[-47.439832,-23.480331],[-47.43931,-23.481379],[-47.438377,-23.486202],[-47.438571,-23.487403],[-47.439123,-23.488597],[-47.439562,-23.489132],[-47.440513,-23.489824],[-47.443323,-23.491253],[-47.444167,-23.491904],[-47.450031,-23.495374],[-47.450455,-23.495749],[-47.451142,-23.497165],[-47.45179,-23.497361],[-47.452667,-23.496928],[-47.454251,-23.496702],[-47.455292,-23.496269],[-47.454965,-23.497249],[-47.457487,-23.497653],[-47.459248,-23.4983],[-47.467805,-23.502742],[-47.468278,-23.502543],[-47.468575,-23.502978],[-47.470685,-23.503823],[-47.473036,-23.504333],[-47.478664,-23.504441],[-47.48138,-23.505228],[-47.48478,-23.507927],[-47.488469,-23.510371],[-47.488749,-23.510838],[-47.489228,-23.514193],[-47.488655,-23.51089]]}},{"type":"Feature","properties":{"id_backbone":"BB-43C66445DE48","trecho":"ITV. C F-ITV. G U","cluster":"JUNDIAI","cabo":"TR#1714","capacidade":"24 F","extensao_km":13.073,"confianca":"ALTA","fonte":"OSRM/OpenStreetMap","ponta_a":"ITV. C F","municipio_a":"ITUPEVA","ponta_b":"ITV. G U","municipio_b":"ITUPEVA"},"geometry":{"type":"LineString","coordinates":[[-47.084286,-23.165754],[-47.084272,-23.164107],[-47.085496,-23.164072],[-47.085448,-23.165804],[-47.084759,-23.166471],[-47.083659,-23.166941],[-47.082975,-23.167532],[-47.080224,-23.168058],[-47.079599,-23.168002],[-47.077242,-23.165689],[-47.075587,-23.164974],[-47.074236,-23.16471],[-47.07328,-23.164006],[-47.071716,-23.161741],[-47.071162,-23.160281],[-47.069877,-23.158621],[-47.069244,-23.158466],[-47.068328,-23.158751],[-47.067125,-23.158381],[-47.064543,-23.157096],[-47.063026,-23.156122],[-47.064131,-23.158784],[-47.05561,-23.160327],[-47.055185,-23.16147],[-47.055411,-23.165284],[-47.053177,-23.168973],[-47.052201,-23.171327],[-47.052823,-23.174936],[-47.053543,-23.175841],[-47.055711,-23.176341],[-47.059361,-23.178389],[-47.061784,-23.180214],[-47.0642,-23.180851],[-47.065538,-23.182076],[-47.065959,-23.182822],[-47.066665,-23.183405],[-47.067089,-23.184881],[-47.06731,-23.186883],[-47.067659,-23.18785],[-47.06922,-23.18956],[-47.070015,-23.193697],[-47.07055,-23.195074],[-47.070532,-23.195535],[-47.066389,-23.205178],[-47.068065,-23.205856],[-47.069409,-23.207432],[-47.070297,-23.209291],[-47.069906,-23.209881],[-47.069147,-23.210341],[-47.067108,-23.210459],[-47.066882,-23.210848],[-47.067269,-23.211665],[-47.067509,-23.211958],[-47.068774,-23.212234],[-47.077452,-23.212048],[-47.078064,-23.212216],[-47.078024,-23.212335]]}},{"type":"Feature","properties":{"id_backbone":"BB-B7ED15DBA69B","trecho":"IUL.CL-LUC.LU","cluster":"ARACATUBA","cabo":"F-0029","capacidade":"6","extensao_km":11.133,"confianca":"ALTA","fonte":"OSRM/OpenStreetMap","ponta_a":"IUL.CL","municipio_a":"INUBIA PAULISTA","ponta_b":"LUC.LU","municipio_b":"LUCELIA"},"geometry":{"type":"LineString","coordinates":[[-50.959289,-21.769703],[-50.961391,-21.768942],[-50.960411,-21.766616],[-50.959883,-21.76582],[-50.959829,-21.765176],[-50.959318,-21.763668],[-50.955099,-21.752619],[-50.955129,-21.752045],[-50.956177,-21.752133],[-50.956594,-21.752022],[-50.958943,-21.750456],[-50.979544,-21.73581],[-50.982058,-21.733731],[-50.985005,-21.731928],[-51.010814,-21.713582],[-51.011744,-21.712697],[-51.011603,-21.712392],[-51.011205,-21.712351],[-51.010792,-21.712988],[-51.010957,-21.713334],[-51.015789,-21.718837],[-51.016187,-21.719048],[-51.016243,-21.719331],[-51.018543,-21.72188],[-51.017673,-21.72256]]}},{"type":"Feature","properties":{"id_backbone":"BB-31686F51957F","trecho":"JAD.SF-JASI.JS","cluster":"OSASCO","cabo":"TR-1457","capacidade":"72","extensao_km":3.726,"confianca":"BAIXA","fonte":"OSRM/OpenStreetMap","ponta_a":"JAD.SF","municipio_a":"JANDIRA","ponta_b":"JASI.JS","municipio_b":"BARUERI"},"geometry":{"type":"LineString","coordinates":[[-46.890385,-23.551619],[-46.889798,-23.551314],[-46.889589,-23.551613],[-46.890798,-23.552373],[-46.890566,-23.552471],[-46.888851,-23.551386],[-46.888018,-23.55059],[-46.88776,-23.549287],[-46.887483,-23.548761],[-46.88586,-23.547717],[-46.884792,-23.547647],[-46.884237,-23.546427],[-46.884254,-23.545109],[-46.88463,-23.542573],[-46.884755,-23.541971],[-46.885116,-23.54159],[-46.885468,-23.540265],[-46.8857,-23.540053],[-46.886431,-23.540035],[-46.886845,-23.539782],[-46.887247,-23.537899],[-46.891597,-23.532997],[-46.891244,-23.5322],[-46.891428,-23.531335],[-46.891316,-23.531161],[-46.89084,-23.531102],[-46.89067,-23.531554],[-46.890077,-23.532264],[-46.888482,-23.532011],[-46.888252,-23.531577]]}},{"type":"Feature","properties":{"id_backbone":"BB-DC1FDCDAEFC5","trecho":"JAI.BJ-JAI.VI","cluster":"JUNDIAI","cabo":null,"capacidade":"48","extensao_km":6.127,"confianca":"ALTA","fonte":"OSRM/OpenStreetMap","ponta_a":"JAI.BJ","municipio_a":"JUNDIAI","ponta_b":"JAI.VI","municipio_b":"JUNDIAI"},"geometry":{"type":"LineString","coordinates":[[-46.885471,-23.185811],[-46.884048,-23.184935],[-46.885148,-23.18342],[-46.890218,-23.186214],[-46.890692,-23.186014],[-46.891482,-23.186019],[-46.892279,-23.185434],[-46.893379,-23.185469],[-46.895553,-23.183702],[-46.898546,-23.181636],[-46.899511,-23.179997],[-46.900002,-23.177075],[-46.904853,-23.176415],[-46.910138,-23.175949],[-46.910448,-23.175765],[-46.911055,-23.174735],[-46.911469,-23.174374],[-46.915258,-23.173563],[-46.916419,-23.173137],[-46.918764,-23.171014],[-46.920204,-23.170099],[-46.920849,-23.170128],[-46.921343,-23.170623],[-46.921162,-23.17107],[-46.920143,-23.171622],[-46.919842,-23.172105],[-46.921467,-23.174993],[-46.921915,-23.17514],[-46.922833,-23.174836],[-46.92442,-23.173886],[-46.924047,-23.173233],[-46.924402,-23.173039],[-46.924552,-23.173278]]}},{"type":"Feature","properties":{"id_backbone":"BB-1DB8AD39CCF6","trecho":"JAI.CB-JAI.RA","cluster":"JUNDIAI","cabo":null,"capacidade":"48","extensao_km":7.076,"confianca":"ALTA","fonte":"OSRM/OpenStreetMap","ponta_a":"JAI.CB","municipio_a":"JUNDIAI","ponta_b":"JAI.RA","municipio_b":"JUNDIAI"},"geometry":{"type":"LineString","coordinates":[[-46.84999,-23.155792],[-46.850192,-23.155437],[-46.849728,-23.154227],[-46.85107,-23.151671],[-46.854871,-23.152835],[-46.855003,-23.152593],[-46.855952,-23.152358],[-46.856707,-23.151661],[-46.859466,-23.150037],[-46.859925,-23.149331],[-46.859851,-23.148971],[-46.860045,-23.148659],[-46.861856,-23.148715],[-46.862433,-23.148595],[-46.866409,-23.147243],[-46.867806,-23.146313],[-46.867123,-23.144985],[-46.867328,-23.143674],[-46.867601,-23.143448],[-46.868759,-23.143147],[-46.869983,-23.141849],[-46.870774,-23.141243],[-46.871745,-23.139367],[-46.872166,-23.13752],[-46.87312,-23.137804],[-46.873394,-23.135046],[-46.873805,-23.1333],[-46.874349,-23.131963],[-46.874486,-23.131013],[-46.873883,-23.126934],[-46.87229,-23.123727],[-46.872717,-23.123481],[-46.872949,-23.123052],[-46.873511,-23.12273],[-46.874202,-23.120316],[-46.874701,-23.11915],[-46.874994,-23.118612],[-46.875957,-23.117596],[-46.877857,-23.114727],[-46.878359,-23.110856]]}},{"type":"Feature","properties":{"id_backbone":"BB-FB7F07059151","trecho":"JAI.GC-VRP.AS","cluster":"JUNDIAI","cabo":null,"capacidade":null,"extensao_km":5.822,"confianca":"ALTA","fonte":"OSRM/OpenStreetMap","ponta_a":"JAI.GC","municipio_a":"JUNDIAI","ponta_b":"VRP.AS","municipio_b":"VARZEA PAULISTA"},"geometry":{"type":"LineString","coordinates":[[-46.875668,-23.197677],[-46.876001,-23.19806],[-46.875071,-23.198781],[-46.873003,-23.196481],[-46.871424,-23.19764],[-46.870793,-23.198929],[-46.870043,-23.1998],[-46.867335,-23.201226],[-46.865654,-23.201829],[-46.863304,-23.203356],[-46.863175,-23.203657],[-46.863297,-23.20488],[-46.863056,-23.20627],[-46.863158,-23.207462],[-46.861038,-23.207914],[-46.857774,-23.208177],[-46.856844,-23.208045],[-46.855095,-23.207363],[-46.85414,-23.207273],[-46.849894,-23.20805],[-46.849158,-23.208345],[-46.84707,-23.209758],[-46.845504,-23.211053],[-46.843931,-23.212637],[-46.842789,-23.212919],[-46.833548,-23.212761],[-46.832859,-23.212604],[-46.831696,-23.211772],[-46.83137,-23.212218],[-46.8315,-23.2123]]}},{"type":"Feature","properties":{"id_backbone":"BB-2972D8CAF40F","trecho":"JAI.GC-JAI.TN","cluster":"JUNDIAI","cabo":"F-0913","capacidade":"24","extensao_km":9.41,"confianca":"ALTA","fonte":"OSRM/OpenStreetMap","ponta_a":"JAI.GC","municipio_a":"JUNDIAI","ponta_b":"JAI.TN","municipio_b":"JUNDIAI"},"geometry":{"type":"LineString","coordinates":[[-46.875668,-23.197677],[-46.876001,-23.19806],[-46.874131,-23.199496],[-46.877527,-23.203315],[-46.877414,-23.205645],[-46.877153,-23.206188],[-46.87705,-23.207105],[-46.876608,-23.20779],[-46.874719,-23.209108],[-46.873278,-23.210364],[-46.873131,-23.210741],[-46.873161,-23.211135],[-46.874794,-23.211522],[-46.874561,-23.212028],[-46.87442,-23.213173],[-46.875141,-23.216463],[-46.874415,-23.21837],[-46.874314,-23.219329],[-46.875152,-23.222344],[-46.875188,-23.222935],[-46.874891,-23.223817],[-46.87383,-23.225047],[-46.87356,-23.225923],[-46.873804,-23.228468],[-46.874887,-23.228961],[-46.874596,-23.229182],[-46.873025,-23.231914],[-46.870795,-23.236453],[-46.869842,-23.238928],[-46.869941,-23.239214],[-46.871578,-23.240578],[-46.873154,-23.24235],[-46.874666,-23.243488],[-46.874931,-23.244166],[-46.875109,-23.245864],[-46.875894,-23.247189],[-46.877573,-23.248077],[-46.878599,-23.249223],[-46.878768,-23.249782],[-46.878617,-23.251091],[-46.878846,-23.254498],[-46.879215,-23.255668],[-46.879193,-23.25665],[-46.880941,-23.259384],[-46.881556,-23.260191],[-46.88215,-23.260656],[-46.881798,-23.260826],[-46.881194,-23.261945],[-46.880301,-23.262871],[-46.879534,-23.263265],[-46.877758,-23.263396],[-46.876891,-23.264861],[-46.875769,-23.265838],[-46.874884,-23.265509],[-46.874548,-23.264865]]}},{"type":"Feature","properties":{"id_backbone":"BB-8A5459161932","trecho":"JAI.GC-SPO.RP","cluster":"JUNDIAI","cabo":"F-0161","capacidade":"36","extensao_km":52.771,"confianca":"SEM_REFERENCIA","fonte":"OSRM/OpenStreetMap","ponta_a":"JAI.GC","municipio_a":"JUNDIAI","ponta_b":"SPO.RP","municipio_b":"SAO PAULO"},"geometry":{"type":"LineString","coordinates":[[-46.875668,-23.197677],[-46.876001,-23.19806],[-46.874131,-23.199496],[-46.877527,-23.203315],[-46.877414,-23.205645],[-46.877153,-23.206188],[-46.87705,-23.207105],[-46.876608,-23.20779],[-46.874719,-23.209108],[-46.873278,-23.210364],[-46.873131,-23.210741],[-46.873161,-23.211135],[-46.874794,-23.211522],[-46.874561,-23.212028],[-46.87442,-23.213173],[-46.875141,-23.216463],[-46.874415,-23.21837],[-46.874314,-23.219329],[-46.875152,-23.222344],[-46.875188,-23.222935],[-46.874891,-23.223817],[-46.87383,-23.225047],[-46.87356,-23.225923],[-46.873804,-23.228468],[-46.874887,-23.228961],[-46.873595,-23.229994],[-46.873135,-23.230706],[-46.869977,-23.236941],[-46.869342,-23.238819],[-46.868698,-23.242811],[-46.86624,-23.247889],[-46.865924,-23.249156],[-46.865873,-23.25024],[-46.866034,-23.251102],[-46.867163,-23.254773],[-46.867493,-23.256416],[-46.867789,-23.260922],[-46.867541,-23.262108],[-46.866686,-23.263058],[-46.864775,-23.263949],[-46.861681,-23.265724],[-46.858965,-23.267589],[-46.85752,-23.269079],[-46.855096,-23.272292],[-46.850626,-23.276007],[-46.849455,-23.277275],[-46.848927,-23.278322],[-46.848714,-23.279129],[-46.847781,-23.287154],[-46.847448,-23.288818],[-46.846914,-23.290007],[-46.846276,-23.290792],[-46.843111,-23.293621],[-46.842042,-23.294994],[-46.841535,-23.296446],[-46.84085,-23.301686],[-46.839932,-23.303513],[-46.835481,-23.308163],[-46.834229,-23.309284],[-46.832725,-23.310192],[-46.826686,-23.312455],[-46.825533,-23.313278],[-46.824467,-23.314652],[-46.823999,-23.315798],[-46.82385,-23.31676],[-46.823757,-23.323105],[-46.823133,-23.334069],[-46.822735,-23.335723],[-46.822119,-23.337296],[-46.821361,-23.338706],[-46.820264,-23.340195],[-46.813127,-23.347347],[-46.809922,-23.34962],[-46.808954,-23.35008],[-46.806996,-23.350637],[-46.799581,-23.351513],[-46.798086,-23.351902],[-46.796131,-23.352838],[-46.792056,-23.355918],[-46.79098,-23.356353],[-46.788038,-23.357127],[-46.786515,-23.357964],[-46.785643,-23.358811],[-46.784873,-23.360075],[-46.784098,-23.363283],[-46.783481,-23.364711],[-46.778353,-23.373257],[-46.777047,-23.374651],[-46.771744,-23.379078],[-46.770564,-23.380471],[-46.769877,-23.381993],[-46.769512,-23.383755],[-46.769247,-23.389798],[-46.768073,-23.400023],[-46.767857,-23.407409],[-46.767455,-23.410494],[-46.767009,-23.412081],[-46.766012,-23.414458],[-46.761712,-23.421868],[-46.761227,-23.423047],[-46.760391,-23.434023],[-46.759954,-23.435363],[-46.757014,-23.441285],[-46.756607,-23.442406],[-46.752368,-23.462548],[-46.751968,-23.4638],[-46.748353,-23.472176],[-46.747505,-23.473494],[-46.74594,-23.474735],[-46.741206,-23.476907],[-46.739972,-23.47793],[-46.738979,-23.47916],[-46.738121,-23.481203],[-46.737219,-23.487515],[-46.73619,-23.489735],[-46.734947,-23.491461],[-46.731371,-23.495213],[-46.727977,-23.500045],[-46.72343,-23.505208],[-46.72222,-23.506797],[-46.72151,-23.508133],[-46.721497,-23.50901],[-46.721774,-23.509695],[-46.722896,-23.511417],[-46.724154,-23.512719],[-46.726813,-23.514328],[-46.731629,-23.516805],[-46.732657,-23.517169],[-46.733693,-23.517328],[-46.740863,-23.517103],[-46.742997,-23.517178],[-46.744355,-23.517504],[-46.745291,-23.517934],[-46.746357,-23.518715],[-46.74715,-23.519574],[-46.749671,-23.524689],[-46.750243,-23.526328],[-46.750502,-23.529067],[-46.75008,-23.532294],[-46.749676,-23.533084],[-46.749011,-23.53388],[-46.741702,-23.540368],[-46.73982,-23.542302],[-46.737642,-23.544235],[-46.737561,-23.544546],[-46.73917,-23.546189],[-46.737107,-23.548026],[-46.743112,-23.553776],[-46.743945,-23.555847],[-46.744344,-23.556467],[-46.745739,-23.557373],[-46.747847,-23.558113],[-46.748077,-23.55916],[-46.749164,-23.562144],[-46.749733,-23.562762],[-46.753206,-23.563735],[-46.754752,-23.564542],[-46.755837,-23.565493],[-46.75659,-23.567128],[-46.757487,-23.568211],[-46.761901,-23.567316],[-46.762458,-23.567578],[-46.762989,-23.567593],[-46.763707,-23.567137],[-46.765691,-23.567415],[-46.765314,-23.568444]]}},{"type":"Feature","properties":{"id_backbone":"BB-4B6122498DD5","trecho":"JAI.VI-JAI.VP","cluster":"JUNDIAI","cabo":null,"capacidade":"114","extensao_km":8.714,"confianca":"ALTA","fonte":"OSRM/OpenStreetMap","ponta_a":"JAI.VI","municipio_a":"JUNDIAI","ponta_b":"JAI.VP","municipio_b":"JUNDIAI"},"geometry":{"type":"LineString","coordinates":[[-46.924552,-23.173278],[-46.924464,-23.173106],[-46.924251,-23.173246],[-46.924569,-23.173852],[-46.92591,-23.173519],[-46.927739,-23.170134],[-46.927583,-23.169631],[-46.926729,-23.16919],[-46.927721,-23.168071],[-46.927508,-23.167928],[-46.925722,-23.17046],[-46.925386,-23.171717],[-46.925584,-23.172366],[-46.926076,-23.172923],[-46.926586,-23.173309],[-46.927305,-23.173553],[-46.928584,-23.173576],[-46.941675,-23.171622],[-46.94405,-23.171617],[-46.946061,-23.171928],[-46.949042,-23.173106],[-46.958619,-23.178877],[-46.962204,-23.180642],[-46.985486,-23.188986],[-46.987255,-23.189709],[-46.988817,-23.190637],[-46.989019,-23.190407],[-46.988564,-23.190142]]}},{"type":"Feature","properties":{"id_backbone":"BB-FBF07C4760A0","trecho":"JAU.AG-JAU.RD","cluster":"BAURU","cabo":"F-0119-00","capacidade":"36","extensao_km":2.48,"confianca":"ALTA","fonte":"OSRM/OpenStreetMap","ponta_a":"JAU.AG","municipio_a":"JAU","ponta_b":"JAU.RD","municipio_b":"JAU"},"geometry":{"type":"LineString","coordinates":[[-48.556349,-22.294008],[-48.555239,-22.293324],[-48.555745,-22.292557],[-48.566946,-22.29953],[-48.568547,-22.297283],[-48.569335,-22.297288],[-48.569428,-22.297107],[-48.57011,-22.29729],[-48.573051,-22.297226],[-48.573012,-22.297709]]}},{"type":"Feature","properties":{"id_backbone":"BB-90CD403A1810","trecho":"JCI.CF-SJC.JS","cluster":"SAO JOSE DOS CAMPOS","cabo":"F-0142","capacidade":"36","extensao_km":8.968,"confianca":"MEDIA","fonte":"OSRM/OpenStreetMap","ponta_a":"JCI.CF","municipio_a":"JACAREI","ponta_b":"SJC.JS","municipio_b":"SAO JOSE DOS CAMPOS"},"geometry":{"type":"LineString","coordinates":[[-45.94482,-23.279635],[-45.948365,-23.278504],[-45.948689,-23.278082],[-45.948697,-23.277278],[-45.948819,-23.277142],[-45.951188,-23.277015],[-45.950143,-23.266055],[-45.950249,-23.261962],[-45.948494,-23.258843],[-45.92591,-23.244197],[-45.913689,-23.23311],[-45.909852,-23.236551],[-45.909698,-23.237334],[-45.909366,-23.237511],[-45.908745,-23.237487],[-45.907195,-23.238636],[-45.906379,-23.238115],[-45.904507,-23.234197]]}},{"type":"Feature","properties":{"id_backbone":"BB-BBAB4D4F491F","trecho":"JCI.JM-SSVE.SS","cluster":"SAO JOSE DOS CAMPOS","cabo":"F-0101","capacidade":"12","extensao_km":11.364,"confianca":"MEDIA","fonte":"OSRM/OpenStreetMap","ponta_a":"JCI.JM","municipio_a":"JACAREI","ponta_b":"SSVE.SS","municipio_b":"JACAREI"},"geometry":{"type":"LineString","coordinates":[[-45.96678,-23.302582],[-45.966744,-23.302872],[-45.967418,-23.30293],[-45.967255,-23.303994],[-45.966817,-23.304988],[-45.966867,-23.305368],[-45.968609,-23.306635],[-45.969732,-23.308217],[-45.970489,-23.308886],[-45.971928,-23.308988],[-45.972892,-23.307452],[-45.973676,-23.308023],[-45.975139,-23.307479],[-45.978731,-23.309667],[-45.980535,-23.309262],[-45.981985,-23.309174],[-45.985013,-23.309723],[-45.984394,-23.311365],[-45.985514,-23.311747],[-45.985148,-23.312719],[-45.984671,-23.313103],[-45.985058,-23.313902],[-45.985597,-23.314472],[-45.985895,-23.315408],[-45.989045,-23.317544],[-45.991237,-23.321329],[-45.99324,-23.322968],[-45.993442,-23.323883],[-45.994164,-23.324889],[-45.995572,-23.325478],[-45.998383,-23.330275],[-45.999903,-23.331879],[-46.001094,-23.332868],[-46.00109,-23.333838],[-46.001451,-23.335386],[-46.002156,-23.336782],[-46.002804,-23.33743],[-46.003011,-23.33841],[-46.003668,-23.339691],[-46.003764,-23.34091],[-46.003481,-23.341973],[-46.003726,-23.344392],[-46.004742,-23.346226],[-46.004746,-23.348772],[-46.005317,-23.350135],[-46.006199,-23.350677],[-46.008315,-23.35153],[-46.012698,-23.354397],[-46.014209,-23.355598],[-46.014922,-23.357014],[-46.017586,-23.359691],[-46.019505,-23.360237],[-46.021818,-23.361626],[-46.023347,-23.361985],[-46.024133,-23.363393],[-46.026421,-23.364943],[-46.028155,-23.367892],[-46.027524,-23.368253],[-46.026767,-23.36901]]}},{"type":"Feature","properties":{"id_backbone":"BB-6772713D9BD3","trecho":"JCI.JM-JCI.LN","cluster":"SAO JOSE DOS CAMPOS","cabo":"F-0106","capacidade":"36","extensao_km":4.933,"confianca":"ALTA","fonte":"OSRM/OpenStreetMap","ponta_a":"JCI.JM","municipio_a":"JACAREI","ponta_b":"JCI.LN","municipio_b":"JACAREI"},"geometry":{"type":"LineString","coordinates":[[-45.96678,-23.302582],[-45.966744,-23.302872],[-45.967418,-23.30293],[-45.967255,-23.303994],[-45.966817,-23.304988],[-45.966867,-23.305368],[-45.968609,-23.306635],[-45.969732,-23.308217],[-45.970401,-23.308829],[-45.970779,-23.308939],[-45.971928,-23.308988],[-45.972892,-23.307452],[-45.973676,-23.308023],[-45.975139,-23.307479],[-45.978731,-23.309667],[-45.980535,-23.309262],[-45.982486,-23.309193],[-45.987975,-23.310309],[-45.99146,-23.310631],[-45.993926,-23.311349],[-45.994602,-23.311404],[-45.99831,-23.310776],[-46.000565,-23.310019],[-46.006493,-23.307586]]}},{"type":"Feature","properties":{"id_backbone":"BB-5422D8E1723B","trecho":"JLS.RC-SOF.RD","cluster":"SAO JOSE DO RIO PRETO","cabo":"TR-0119","capacidade":"36","extensao_km":20.728,"confianca":"ALTA","fonte":"OSRM/OpenStreetMap","ponta_a":"JLS.RC","municipio_a":"JALES","ponta_b":"SOF.RD","municipio_b":"SAO FRANCISCO"},"geometry":{"type":"LineString","coordinates":[[-50.549564,-20.271359],[-50.548556,-20.270586],[-50.549817,-20.269104],[-50.555026,-20.27318],[-50.570239,-20.27627],[-50.578626,-20.280265],[-50.586715,-20.284775],[-50.58754,-20.285748],[-50.588195,-20.287597],[-50.587712,-20.293358],[-50.588048,-20.2973],[-50.588187,-20.297632],[-50.589166,-20.297671],[-50.594043,-20.296972],[-50.596115,-20.297002],[-50.598057,-20.297288],[-50.623819,-20.305022],[-50.625605,-20.305684],[-50.62728,-20.306546],[-50.681821,-20.34888],[-50.683478,-20.35072],[-50.690282,-20.360411],[-50.692666,-20.362846],[-50.693433,-20.363083],[-50.693958,-20.362848],[-50.697151,-20.35904],[-50.698694,-20.36015],[-50.699617,-20.35903]]}},{"type":"Feature","properties":{"id_backbone":"BB-CE5FEC5531A6","trecho":"JLS.RC-RNA.CM","cluster":"SAO JOSE DO RIO PRETO","cabo":"F-0087","capacidade":"36","extensao_km":49.689,"confianca":"BAIXA","fonte":"OSRM/OpenStreetMap","ponta_a":"JLS.RC","municipio_a":"JALES","ponta_b":"RNA.CM","municipio_b":"RUBINEIA"},"geometry":{"type":"LineString","coordinates":[[-50.549564,-20.271359],[-50.547736,-20.269956],[-50.553662,-20.263104],[-50.554405,-20.262459],[-50.556122,-20.261361],[-50.560129,-20.260488],[-50.56175,-20.257944],[-50.561293,-20.256676],[-50.561455,-20.25639],[-50.561737,-20.256416],[-50.562131,-20.2568],[-50.56471,-20.256408],[-50.679076,-20.229368],[-50.681984,-20.228911],[-50.697631,-20.227796],[-50.702365,-20.227291],[-50.796256,-20.220641],[-50.811749,-20.219423],[-50.908448,-20.196593],[-50.924775,-20.190533],[-50.941945,-20.186746],[-50.943829,-20.186199],[-50.944957,-20.185623],[-50.946008,-20.184174],[-50.946491,-20.183838],[-50.947155,-20.183914],[-50.948534,-20.184971],[-50.949593,-20.185096],[-50.986898,-20.177069],[-50.988542,-20.176642],[-50.997531,-20.17033],[-50.998424,-20.171608]]}},{"type":"Feature","properties":{"id_backbone":"BB-368E29437F6E","trecho":"JORN.JN-PVIO.PV","cluster":"JUNDIAI","cabo":"X-0001","capacidade":"6","extensao_km":13.217,"confianca":"SEM_REFERENCIA","fonte":"OSRM/OpenStreetMap","ponta_a":"JORN.JN","municipio_a":"CAJAMAR","ponta_b":"PVIO.PV","municipio_b":"CAJAMAR"},"geometry":{"type":"LineString","coordinates":[[-46.837949,-23.333235],[-46.837732,-23.334025],[-46.837359,-23.33412],[-46.837168,-23.334357],[-46.836679,-23.335861],[-46.836565,-23.337332],[-46.836919,-23.338937],[-46.838323,-23.342433],[-46.839138,-23.343649],[-46.840329,-23.344586],[-46.843635,-23.345789],[-46.844439,-23.346423],[-46.844999,-23.34715],[-46.847198,-23.352313],[-46.847595,-23.353649],[-46.848516,-23.360373],[-46.848536,-23.361388],[-46.847931,-23.362914],[-46.846638,-23.364358],[-46.846238,-23.365018],[-46.845622,-23.368314],[-46.84461,-23.370259],[-46.843661,-23.373203],[-46.843038,-23.373857],[-46.840968,-23.375217],[-46.840083,-23.376068],[-46.839655,-23.376813],[-46.838609,-23.379761],[-46.838459,-23.380973],[-46.83863,-23.385402],[-46.838499,-23.386139],[-46.838126,-23.387064],[-46.835983,-23.390198],[-46.835544,-23.391625],[-46.835656,-23.396963],[-46.835868,-23.397746],[-46.836888,-23.399571],[-46.837089,-23.400266],[-46.837011,-23.401302],[-46.836707,-23.402038],[-46.835254,-23.403815],[-46.834269,-23.404616],[-46.833307,-23.40494],[-46.827305,-23.405416],[-46.825756,-23.405763],[-46.823643,-23.407048],[-46.821848,-23.408899],[-46.821999,-23.409076],[-46.823504,-23.408993],[-46.825182,-23.409631],[-46.826259,-23.409457],[-46.82806,-23.409588],[-46.831329,-23.409417],[-46.834009,-23.409538],[-46.834402,-23.409424],[-46.835861,-23.409749],[-46.838196,-23.409928],[-46.839763,-23.409897],[-46.842409,-23.409382],[-46.845044,-23.409564],[-46.84509,-23.409108],[-46.844555,-23.408404],[-46.844851,-23.407223],[-46.844701,-23.406207],[-46.844464,-23.405893]]}},{"type":"Feature","properties":{"id_backbone":"BB-9A1357C9B4B2","trecho":"JQB.JQ-SALS.SL","cluster":"OSASCO","cabo":"F-1218","capacidade":"72","extensao_km":20.209,"confianca":"ALTA","fonte":"OSRM/OpenStreetMap","ponta_a":"JQB.JQ","municipio_a":"JUQUITIBA","ponta_b":"SALS.SL","municipio_b":"SAO LOURENCO DA SERRA"},"geometry":{"type":"LineString","coordinates":[[-47.067083,-23.930734],[-47.067516,-23.930642],[-47.067672,-23.931206],[-47.066897,-23.931356],[-47.06681,-23.932725],[-47.067294,-23.93319],[-47.06858,-23.933587],[-47.066802,-23.935529],[-47.066572,-23.936201],[-47.06691,-23.936381],[-47.069331,-23.935842],[-47.069639,-23.936015],[-47.06969,-23.936225],[-47.069528,-23.936401],[-47.067111,-23.936614],[-47.065188,-23.937045],[-47.064547,-23.937352],[-47.061997,-23.939333],[-47.060252,-23.940126],[-47.052479,-23.940833],[-47.046385,-23.940188],[-47.042992,-23.940307],[-47.041861,-23.940132],[-47.034187,-23.935676],[-47.03292,-23.935134],[-47.022415,-23.935072],[-47.013296,-23.9341],[-47.011241,-23.933594],[-47.006559,-23.931334],[-47.005158,-23.931184],[-47.000278,-23.931136],[-46.99648,-23.929672],[-46.99577,-23.929035],[-46.992061,-23.922008],[-46.990239,-23.919092],[-46.989121,-23.915468],[-46.989059,-23.914629],[-46.989311,-23.913797],[-46.991122,-23.911753],[-46.99157,-23.910706],[-46.991613,-23.904838],[-46.991406,-23.903857],[-46.990977,-23.903085],[-46.986243,-23.896732],[-46.983486,-23.892125],[-46.982511,-23.891033],[-46.976299,-23.88576],[-46.970878,-23.88069],[-46.968936,-23.878746],[-46.965906,-23.874509],[-46.964978,-23.873624],[-46.950679,-23.86611],[-46.949478,-23.865259],[-46.948677,-23.864354],[-46.946029,-23.860431],[-46.944558,-23.859303],[-46.944203,-23.859224],[-46.943874,-23.859425],[-46.943598,-23.859245],[-46.943714,-23.858949],[-46.944214,-23.858807],[-46.944406,-23.858544],[-46.944382,-23.857958],[-46.945502,-23.85678],[-46.945665,-23.85546],[-46.944315,-23.854977],[-46.943897,-23.854042],[-46.943489,-23.853815]]}},{"type":"Feature","properties":{"id_backbone":"BB-319BBC781B90","trecho":"JRAG.JR-PONV.PN","cluster":"SAO JOSE DOS CAMPOS","cabo":"F-0110","capacidade":"12","extensao_km":7.976,"confianca":"SEM_REFERENCIA","fonte":"OSRM/OpenStreetMap","ponta_a":"JRAG.JR","municipio_a":"SAO SEBASTIAO","ponta_b":"PONV.PN","municipio_b":"CARAGUATATUBA"},"geometry":{"type":"LineString","coordinates":[[-45.428667,-23.720746],[-45.428962,-23.720213],[-45.425901,-23.719008],[-45.425872,-23.718724],[-45.434127,-23.706256],[-45.440645,-23.696033],[-45.441229,-23.695424],[-45.441942,-23.694019],[-45.442736,-23.693113],[-45.443305,-23.691961],[-45.443442,-23.691305],[-45.443369,-23.690613],[-45.442988,-23.689811],[-45.442201,-23.689121],[-45.440851,-23.688437],[-45.439922,-23.686685],[-45.43554,-23.664237],[-45.432943,-23.663766],[-45.432756,-23.662822],[-45.430404,-23.663194],[-45.432101,-23.663495]]}},{"type":"Feature","properties":{"id_backbone":"BB-D92E67475500","trecho":"LEP.GP-MAT.VR","cluster":"BAURU","cabo":"F-0166-00","capacidade":"36","extensao_km":16.715,"confianca":"MEDIA","fonte":"OSRM/OpenStreetMap","ponta_a":"LEP.GP","municipio_a":"LENCOIS PAULISTA","ponta_b":"MAT.VR","municipio_b":"MACATUBA"},"geometry":{"type":"LineString","coordinates":[[-48.796977,-22.593298],[-48.796605,-22.593388],[-48.796367,-22.594318],[-48.796612,-22.595241],[-48.799128,-22.594972],[-48.799919,-22.594469],[-48.800916,-22.594207],[-48.801175,-22.593325],[-48.804319,-22.59127],[-48.804474,-22.590919],[-48.804962,-22.590854],[-48.806488,-22.589839],[-48.806873,-22.589357],[-48.807122,-22.589374],[-48.8072,-22.589592],[-48.807063,-22.590056],[-48.806486,-22.590775],[-48.806123,-22.590844],[-48.805861,-22.590129],[-48.799922,-22.582007],[-48.798455,-22.580565],[-48.79633,-22.579508],[-48.776612,-22.572173],[-48.772406,-22.570761],[-48.768117,-22.568814],[-48.72697,-22.544153],[-48.725147,-22.54258],[-48.723671,-22.54035],[-48.723067,-22.538445],[-48.721211,-22.525877],[-48.720772,-22.524147],[-48.720299,-22.519913],[-48.720155,-22.51956],[-48.719912,-22.519483],[-48.719573,-22.517223],[-48.71137,-22.502779],[-48.710712,-22.503093],[-48.710799,-22.503248]]}},{"type":"Feature","properties":{"id_backbone":"BB-5EF78772FCC9","trecho":"LIA.RP-SNG.SM","cluster":"CAMPINAS","cabo":"F-0162","capacidade":"24","extensao_km":13.994,"confianca":"ALTA","fonte":"OSRM/OpenStreetMap","ponta_a":"LIA.RP","municipio_a":"LINDOIA","ponta_b":"SNG.SM","municipio_b":"SERRA NEGRA"},"geometry":{"type":"LineString","coordinates":[[-46.645289,-22.521959],[-46.646776,-22.521617],[-46.647004,-22.521989],[-46.647805,-22.522599],[-46.647885,-22.523066],[-46.647405,-22.524486],[-46.645964,-22.526238],[-46.645531,-22.527236],[-46.646576,-22.530174],[-46.647682,-22.53102],[-46.648168,-22.533085],[-46.649404,-22.533577],[-46.649811,-22.534006],[-46.650074,-22.536104],[-46.650733,-22.536803],[-46.650594,-22.537665],[-46.650735,-22.539238],[-46.650956,-22.539563],[-46.651821,-22.539771],[-46.653674,-22.541548],[-46.654395,-22.543449],[-46.65505,-22.543828],[-46.656086,-22.545344],[-46.657487,-22.546491],[-46.65838,-22.547687],[-46.659838,-22.548884],[-46.660168,-22.550308],[-46.660494,-22.553215],[-46.663874,-22.559305],[-46.663726,-22.562455],[-46.666318,-22.565314],[-46.6664,-22.565612],[-46.666218,-22.566349],[-46.666343,-22.566794],[-46.667292,-22.567446],[-46.667824,-22.56817],[-46.668657,-22.568834],[-46.668704,-22.571209],[-46.66888,-22.571675],[-46.67175,-22.575327],[-46.672996,-22.577255],[-46.67309,-22.577748],[-46.672779,-22.579675],[-46.673001,-22.581002],[-46.672147,-22.582941],[-46.672706,-22.584209],[-46.673779,-22.584787],[-46.674849,-22.585039],[-46.675141,-22.585341],[-46.675489,-22.586348],[-46.675721,-22.587892],[-46.677494,-22.591044],[-46.677545,-22.592145],[-46.676936,-22.593084],[-46.677217,-22.59415],[-46.677735,-22.594722],[-46.677902,-22.595338],[-46.677876,-22.595866],[-46.677545,-22.596381],[-46.677615,-22.596755],[-46.678644,-22.597115],[-46.680122,-22.597235],[-46.680988,-22.597702],[-46.682946,-22.597808],[-46.684236,-22.597377],[-46.685253,-22.597807],[-46.68607,-22.597691],[-46.687069,-22.598424],[-46.687786,-22.598637],[-46.688244,-22.599241],[-46.689177,-22.599557],[-46.689332,-22.599842],[-46.689143,-22.600771],[-46.68929,-22.60111],[-46.690082,-22.60163],[-46.691067,-22.601982],[-46.69228,-22.603371],[-46.693068,-22.603658],[-46.693556,-22.604404],[-46.694827,-22.604551],[-46.696286,-22.605852],[-46.695861,-22.608068],[-46.696609,-22.609692],[-46.696782,-22.610648],[-46.69746,-22.611699],[-46.696472,-22.613846],[-46.696517,-22.614258],[-46.697111,-22.614757],[-46.698599,-22.613306],[-46.700542,-22.615044]]}},{"type":"Feature","properties":{"id_backbone":"BB-6943013502BD","trecho":"LME.AM-RCO.JF","cluster":"CAMPINAS","cabo":"F-0207","capacidade":"36","extensao_km":42.059,"confianca":"SEM_REFERENCIA","fonte":"OSRM/OpenStreetMap","ponta_a":"LME.AM","municipio_a":"LEME","ponta_b":"RCO.JF","municipio_b":"RIO CLARO"},"geometry":{"type":"LineString","coordinates":[[-47.38355,-22.185219],[-47.382056,-22.184421],[-47.381475,-22.185254],[-47.383667,-22.186129],[-47.38816,-22.191781],[-47.388603,-22.195451],[-47.39075,-22.202979],[-47.392586,-22.202434],[-47.394901,-22.202841],[-47.395248,-22.203068],[-47.396073,-22.203041],[-47.396217,-22.203198],[-47.395213,-22.205442],[-47.3921,-22.221691],[-47.390214,-22.249966],[-47.389981,-22.254428],[-47.390072,-22.256567],[-47.39354,-22.283453],[-47.393712,-22.285899],[-47.389214,-22.331974],[-47.389563,-22.334488],[-47.393315,-22.343767],[-47.394082,-22.346435],[-47.394687,-22.349432],[-47.394998,-22.35212],[-47.395095,-22.355209],[-47.394884,-22.359484],[-47.394801,-22.370649],[-47.394643,-22.373866],[-47.394733,-22.374999],[-47.395155,-22.375793],[-47.395769,-22.376282],[-47.396376,-22.376473],[-47.400369,-22.376421],[-47.403278,-22.376856],[-47.430405,-22.383879],[-47.434422,-22.384356],[-47.437724,-22.384191],[-47.439062,-22.383966],[-47.546631,-22.355953],[-47.549799,-22.354912],[-47.55032,-22.354169],[-47.55047,-22.354277],[-47.550585,-22.355324],[-47.550839,-22.355706],[-47.556525,-22.379775]]}},{"type":"Feature","properties":{"id_backbone":"BB-A143CCC36569","trecho":"LOU.RK-LOU.SA","cluster":"CAMPINAS","cabo":"F-0094","capacidade":"12","extensao_km":2.743,"confianca":"SEM_REFERENCIA","fonte":"OSRM/OpenStreetMap","ponta_a":"LOU.RK","municipio_a":"LOUVEIRA","ponta_b":"LOU.SA","municipio_b":"LOUVEIRA"},"geometry":{"type":"LineString","coordinates":[[-46.951976,-23.085298],[-46.951426,-23.085335],[-46.951424,-23.086267],[-46.952431,-23.089298],[-46.952162,-23.09044],[-46.95242,-23.090841],[-46.954312,-23.09148],[-46.960483,-23.092594],[-46.968238,-23.095858],[-46.969548,-23.096594],[-46.969823,-23.096395],[-46.970154,-23.095642],[-46.970383,-23.095795]]}},{"type":"Feature","properties":{"id_backbone":"BB-DDFFDDDE3FC6","trecho":"LUO.SP-UIJ.LO","cluster":"BAURU","cabo":"F-0218","capacidade":"36","extensao_km":20.069,"confianca":"ALTA","fonte":"OSRM/OpenStreetMap","ponta_a":"LUO.SP","municipio_a":"LUCIANOPOLIS","ponta_b":"UIJ.LO","municipio_b":"UBIRAJARA"},"geometry":{"type":"LineString","coordinates":[[-49.522029,-22.428493],[-49.522042,-22.428857],[-49.523133,-22.428822],[-49.52326,-22.432731],[-49.523023,-22.43439],[-49.523272,-22.435917],[-49.523441,-22.436175],[-49.52395,-22.436154],[-49.526298,-22.43539],[-49.527553,-22.435195],[-49.529225,-22.435349],[-49.530907,-22.436011],[-49.548445,-22.450965],[-49.549828,-22.452403],[-49.550524,-22.45349],[-49.551093,-22.454808],[-49.556352,-22.473739],[-49.557117,-22.475237],[-49.557838,-22.476221],[-49.559655,-22.477838],[-49.590941,-22.494567],[-49.593688,-22.495781],[-49.597501,-22.496901],[-49.601531,-22.497434],[-49.604437,-22.49747],[-49.609949,-22.496477],[-49.611393,-22.496577],[-49.612348,-22.496903],[-49.613274,-22.497489],[-49.615987,-22.500941],[-49.616882,-22.501693],[-49.618586,-22.502502],[-49.619991,-22.502741],[-49.63193,-22.503054],[-49.633744,-22.503497],[-49.634887,-22.50413],[-49.635893,-22.505025],[-49.638789,-22.509416],[-49.640679,-22.511245],[-49.647817,-22.515671],[-49.660199,-22.522464],[-49.663027,-22.523767],[-49.662644,-22.525312],[-49.663727,-22.525614]]}},{"type":"Feature","properties":{"id_backbone":"BB-76BDC8EB8D09","trecho":"MAB.VM-MOE.MG","cluster":"SAO JOSE DO RIO PRETO","cabo":"TR#1563","capacidade":"24 F","extensao_km":18.099,"confianca":"ALTA","fonte":"OSRM/OpenStreetMap","ponta_a":"MAB.VM","municipio_a":"MACAUBAL","ponta_b":"MOE.MG","municipio_b":"MONCOES"},"geometry":{"type":"LineString","coordinates":[[-49.962032,-20.805044],[-49.963447,-20.80419],[-49.966672,-20.809024],[-49.965843,-20.809513],[-49.966455,-20.810527],[-49.965828,-20.812453],[-49.965532,-20.814694],[-49.966303,-20.820328],[-49.966756,-20.821294],[-49.969141,-20.824568],[-49.970371,-20.826957],[-49.972177,-20.829364],[-49.972783,-20.831374],[-49.973293,-20.831957],[-49.97393,-20.832351],[-49.974518,-20.832511],[-49.975306,-20.832473],[-49.998302,-20.829575],[-49.999879,-20.828883],[-50.010301,-20.822886],[-50.011283,-20.822588],[-50.012325,-20.822643],[-50.013348,-20.823049],[-50.015115,-20.824365],[-50.020175,-20.829861],[-50.021699,-20.831058],[-50.023067,-20.831749],[-50.024144,-20.832084],[-50.030429,-20.831795],[-50.031304,-20.831967],[-50.032001,-20.832342],[-50.032747,-20.833154],[-50.036674,-20.839317],[-50.038412,-20.841075],[-50.041652,-20.843632],[-50.046507,-20.847036],[-50.051233,-20.850973],[-50.052711,-20.852006],[-50.054709,-20.853218],[-50.064274,-20.858065],[-50.070684,-20.858907],[-50.075002,-20.859198],[-50.079031,-20.856907],[-50.084716,-20.855778],[-50.086387,-20.855652],[-50.08878,-20.854802],[-50.091577,-20.852105],[-50.090788,-20.851412]]}},{"type":"Feature","properties":{"id_backbone":"BB-C8883FC9927D","trecho":"MAR.PP-MAR.TP","cluster":"JUNDIAI","cabo":null,"capacidade":null,"extensao_km":14.097,"confianca":"BAIXA","fonte":"OSRM/OpenStreetMap","ponta_a":"MAR.PP","municipio_a":"MAIRIPORA","ponta_b":"MAR.TP","municipio_b":"MAIRIPORA"},"geometry":{"type":"LineString","coordinates":[[-46.638107,-23.39178],[-46.638,-23.393027],[-46.637832,-23.393419],[-46.636266,-23.394159],[-46.635803,-23.394637],[-46.635167,-23.394575],[-46.634807,-23.395048],[-46.633567,-23.394848],[-46.632988,-23.39505],[-46.632537,-23.395661],[-46.631959,-23.395714],[-46.631268,-23.396565],[-46.629614,-23.397512],[-46.6288,-23.398851],[-46.628076,-23.399361],[-46.626168,-23.39768],[-46.625651,-23.397488],[-46.625227,-23.397645],[-46.624664,-23.397107],[-46.624108,-23.395959],[-46.623467,-23.395525],[-46.622754,-23.394738],[-46.621328,-23.391458],[-46.620897,-23.390809],[-46.620981,-23.389455],[-46.620844,-23.388364],[-46.618861,-23.385897],[-46.618053,-23.385625],[-46.617762,-23.38525],[-46.61753,-23.383242],[-46.617237,-23.382316],[-46.616859,-23.381747],[-46.616968,-23.380445],[-46.61674,-23.379271],[-46.61487,-23.377168],[-46.613153,-23.375838],[-46.611669,-23.374055],[-46.611531,-23.373543],[-46.612363,-23.372211],[-46.61251,-23.371488],[-46.610337,-23.369199],[-46.609446,-23.368983],[-46.608743,-23.367915],[-46.608256,-23.367452],[-46.608028,-23.366894],[-46.608088,-23.366632],[-46.608428,-23.366472],[-46.615146,-23.366402],[-46.616563,-23.365269],[-46.616883,-23.364336],[-46.616257,-23.363017],[-46.616507,-23.360871],[-46.615416,-23.358499],[-46.614233,-23.357523],[-46.614014,-23.356622],[-46.613606,-23.355898],[-46.613574,-23.354832],[-46.612714,-23.353532],[-46.611363,-23.352341],[-46.609406,-23.35183],[-46.60903,-23.351595],[-46.608325,-23.349794],[-46.607371,-23.348607],[-46.60725,-23.348154],[-46.607459,-23.347074],[-46.607363,-23.346557],[-46.606477,-23.345224],[-46.606177,-23.343973],[-46.60547,-23.343065],[-46.605185,-23.342393],[-46.605196,-23.341629],[-46.604995,-23.341242],[-46.604652,-23.34088],[-46.602181,-23.339617],[-46.599938,-23.337441],[-46.599568,-23.336431],[-46.599927,-23.334923],[-46.600254,-23.334497],[-46.600952,-23.334244],[-46.601052,-23.333907],[-46.600956,-23.333042],[-46.601235,-23.332444],[-46.600879,-23.331052],[-46.601265,-23.330296],[-46.601127,-23.329584],[-46.600835,-23.329121],[-46.59994,-23.328529],[-46.599235,-23.327833],[-46.599087,-23.327453],[-46.599339,-23.326831],[-46.599021,-23.326438],[-46.594312,-23.322479],[-46.594376,-23.322156],[-46.59512,-23.321438],[-46.595125,-23.320913],[-46.594939,-23.320581],[-46.593551,-23.319884],[-46.592267,-23.320121],[-46.591648,-23.320073],[-46.588162,-23.318589],[-46.586087,-23.318282]]}},{"type":"Feature","properties":{"id_backbone":"BB-05880092A152","trecho":"MAR.TP-MAR.TR","cluster":"JUNDIAI","cabo":"F-0726","capacidade":"4","extensao_km":9.458,"confianca":"SEM_REFERENCIA","fonte":"OSRM/OpenStreetMap","ponta_a":"MAR.TP","municipio_a":"MAIRIPORA","ponta_b":"MAR.TR","municipio_b":"MAIRIPORA"},"geometry":{"type":"LineString","coordinates":[[-46.586087,-23.318282],[-46.584598,-23.317946],[-46.582922,-23.316281],[-46.582755,-23.315831],[-46.582287,-23.315772],[-46.581818,-23.316065],[-46.581428,-23.315844],[-46.581418,-23.315584],[-46.582127,-23.315117],[-46.582281,-23.314433],[-46.582088,-23.312193],[-46.58152,-23.310857],[-46.580596,-23.309797],[-46.579007,-23.30857],[-46.575465,-23.306297],[-46.574117,-23.305032],[-46.573024,-23.303635],[-46.572177,-23.302108],[-46.571919,-23.301067],[-46.571612,-23.296043],[-46.571785,-23.295136],[-46.57226,-23.294105],[-46.573121,-23.293114],[-46.57408,-23.292521],[-46.575607,-23.292072],[-46.578162,-23.292026],[-46.578929,-23.291834],[-46.579666,-23.291216],[-46.580347,-23.289623],[-46.580861,-23.289242],[-46.58196,-23.288824],[-46.583254,-23.289037],[-46.583906,-23.289625],[-46.584794,-23.290879],[-46.585293,-23.29112],[-46.585946,-23.291101],[-46.586677,-23.290638],[-46.587465,-23.289081],[-46.589799,-23.287208],[-46.59011,-23.286164],[-46.589853,-23.285097],[-46.587693,-23.282759],[-46.586763,-23.281276],[-46.58635,-23.279945],[-46.584423,-23.270704],[-46.583699,-23.268663],[-46.583313,-23.268231],[-46.583501,-23.267501],[-46.583617,-23.264639],[-46.584292,-23.264872],[-46.584716,-23.264764],[-46.585088,-23.264405],[-46.585587,-23.26446],[-46.588299,-23.261838],[-46.589238,-23.262421],[-46.589193,-23.2636]]}},{"type":"Feature","properties":{"id_backbone":"BB-375487865DF6","trecho":"MED.CF-MSE.PQ","cluster":"SAO JOSE DO RIO PRETO","cabo":"F-0126","capacidade":"4","extensao_km":20.041,"confianca":"ALTA","fonte":"OSRM/OpenStreetMap","ponta_a":"MED.CF","municipio_a":"MACEDONIA","ponta_b":"MSE.PQ","municipio_b":"MIRA ESTRELA"},"geometry":{"type":"LineString","coordinates":[[-50.193891,-20.1441],[-50.193418,-20.14391],[-50.195297,-20.139492],[-50.195226,-20.138898],[-50.187103,-20.13143],[-50.18565,-20.129688],[-50.184482,-20.127969],[-50.176865,-20.11604],[-50.169327,-20.102691],[-50.164871,-20.09623],[-50.159533,-20.084374],[-50.159024,-20.082583],[-50.158656,-20.080322],[-50.156512,-20.053198],[-50.156051,-20.050044],[-50.154912,-20.046615],[-50.144541,-20.019731],[-50.141742,-20.010975],[-50.141218,-20.00805],[-50.1398,-19.991068],[-50.13922,-19.986949],[-50.138933,-19.986284],[-50.139014,-19.985927],[-50.138366,-19.980947],[-50.13801,-19.979026],[-50.137035,-19.979145],[-50.136893,-19.978037],[-50.136569,-19.978077]]}},{"type":"Feature","properties":{"id_backbone":"BB-4F6B9038D559","trecho":"MGU.HC-MMM.PJ","cluster":"CAMPINAS","cabo":"F-0134","capacidade":"36","extensao_km":9.289,"confianca":"SEM_REFERENCIA","fonte":"OSRM/OpenStreetMap","ponta_a":"MGU.HC","municipio_a":"MOGI GUACU","ponta_b":"MMM.PJ","municipio_b":"MOGI MIRIM"},"geometry":{"type":"LineString","coordinates":[[-46.942154,-22.365873],[-46.941977,-22.366573],[-46.942271,-22.366984],[-46.942352,-22.367513],[-46.942168,-22.368342],[-46.941913,-22.368736],[-46.942085,-22.369162],[-46.940419,-22.369843],[-46.94057,-22.37025],[-46.939484,-22.37068],[-46.939155,-22.37004],[-46.938572,-22.370347],[-46.937983,-22.370973],[-46.937674,-22.371687],[-46.937684,-22.372831],[-46.939252,-22.375962],[-46.942187,-22.37876],[-46.94272,-22.378866],[-46.943014,-22.379138],[-46.942909,-22.379536],[-46.942374,-22.379892],[-46.942341,-22.380103],[-46.943061,-22.384569],[-46.943568,-22.385706],[-46.946633,-22.394708],[-46.947969,-22.397998],[-46.950419,-22.403247],[-46.950952,-22.404842],[-46.951167,-22.407134],[-46.951143,-22.409742],[-46.950954,-22.411463],[-46.951225,-22.412285],[-46.951125,-22.412621],[-46.951917,-22.413595],[-46.952133,-22.41418],[-46.951504,-22.417814],[-46.950701,-22.418928],[-46.950524,-22.419469],[-46.951565,-22.422856],[-46.951465,-22.425795],[-46.952275,-22.426185],[-46.953277,-22.426266],[-46.955017,-22.427122],[-46.958937,-22.429935],[-46.960935,-22.431032],[-46.961971,-22.431388],[-46.96098,-22.432991],[-46.96155,-22.433298],[-46.960138,-22.434224]]}},{"type":"Feature","properties":{"id_backbone":"BB-CD57B5481072","trecho":"MIA.DI-MIA.RD","cluster":"BAURU","cabo":"F-1568","capacidade":"24","extensao_km":6.879,"confianca":"BAIXA","fonte":"OSRM/OpenStreetMap","ponta_a":"MIA.DI","municipio_a":"MARILIA","ponta_b":"MIA.RD","municipio_b":"MARILIA"},"geometry":{"type":"LineString","coordinates":[[-49.968789,-22.173154],[-49.969533,-22.174393],[-49.969597,-22.17497],[-49.971911,-22.178731],[-49.972382,-22.180242],[-49.972411,-22.181763],[-49.972063,-22.183111],[-49.971713,-22.183789],[-49.967659,-22.189527],[-49.9667,-22.191374],[-49.963267,-22.207635],[-49.963146,-22.20975],[-49.963538,-22.212229],[-49.96779,-22.224496],[-49.968119,-22.225106],[-49.968275,-22.225069],[-49.967638,-22.223166],[-49.966977,-22.223343],[-49.964201,-22.226419]]}},{"type":"Feature","properties":{"id_backbone":"BB-4694DC63437B","trecho":"MIA.JA-OUU.JG","cluster":"BAURU","cabo":"F-0305-01","capacidade":"12","extensao_km":37.419,"confianca":"ALTA","fonte":"OSRM/OpenStreetMap","ponta_a":"MIA.JA","municipio_a":"MARILIA","ponta_b":"OUU.JG","municipio_b":"OCAUCU"},"geometry":{"type":"LineString","coordinates":[[-49.952919,-22.213838],[-49.952806,-22.214123],[-49.950189,-22.213242],[-49.949971,-22.213597],[-49.949351,-22.214976],[-49.94751,-22.223023],[-49.945644,-22.228869],[-49.945186,-22.229303],[-49.94343,-22.229906],[-49.942905,-22.230328],[-49.942464,-22.231208],[-49.942168,-22.232477],[-49.941604,-22.233816],[-49.940531,-22.235232],[-49.938355,-22.237193],[-49.937971,-22.237861],[-49.937547,-22.239417],[-49.937248,-22.239925],[-49.933704,-22.243451],[-49.93211,-22.24207],[-49.928589,-22.245494],[-49.927833,-22.244547],[-49.921074,-22.24654],[-49.920851,-22.24617],[-49.920517,-22.246266],[-49.920673,-22.247215],[-49.921001,-22.248007],[-49.920937,-22.248894],[-49.921476,-22.252745],[-49.92369,-22.266754],[-49.923706,-22.267923],[-49.923517,-22.268988],[-49.916524,-22.286461],[-49.913667,-22.293153],[-49.909714,-22.297698],[-49.905622,-22.300496],[-49.904113,-22.302937],[-49.899467,-22.30836],[-49.898422,-22.310365],[-49.898091,-22.311787],[-49.898033,-22.312927],[-49.898748,-22.333896],[-49.898962,-22.336305],[-49.898947,-22.340773],[-49.898584,-22.343059],[-49.897942,-22.344499],[-49.889162,-22.356947],[-49.885479,-22.363394],[-49.884292,-22.364855],[-49.882886,-22.366184],[-49.881921,-22.36683],[-49.870562,-22.372111],[-49.869117,-22.372545],[-49.868344,-22.372447],[-49.867476,-22.371855],[-49.865917,-22.369104],[-49.865509,-22.368631],[-49.864633,-22.368559],[-49.86427,-22.368768],[-49.864022,-22.369185],[-49.864388,-22.371258],[-49.864299,-22.373403],[-49.864408,-22.373982],[-49.864747,-22.374681],[-49.866434,-22.376709],[-49.86661,-22.377894],[-49.865719,-22.384872],[-49.862154,-22.401787],[-49.861589,-22.406748],[-49.861781,-22.40682],[-49.865223,-22.404709],[-49.86723,-22.403056],[-49.868449,-22.402486],[-49.869054,-22.402371],[-49.870452,-22.402459],[-49.872608,-22.403194],[-49.874553,-22.403428],[-49.875813,-22.403857],[-49.878659,-22.405446],[-49.883104,-22.407181],[-49.884472,-22.408134],[-49.885213,-22.408396],[-49.885862,-22.408291],[-49.886228,-22.408034],[-49.887069,-22.406302],[-49.88744,-22.405932],[-49.890164,-22.405239],[-49.89808,-22.404404],[-49.897529,-22.411397],[-49.897628,-22.411957],[-49.899205,-22.414697],[-49.901686,-22.415947],[-49.903413,-22.41621],[-49.904099,-22.416579],[-49.904491,-22.417938],[-49.905575,-22.419103],[-49.906822,-22.420019],[-49.907476,-22.420734],[-49.907517,-22.422739],[-49.908918,-22.424447],[-49.910112,-22.427076],[-49.9101,-22.427956],[-49.909564,-22.429727],[-49.909532,-22.431172],[-49.909992,-22.431819],[-49.913004,-22.434292],[-49.913449,-22.439165],[-49.913871,-22.440159],[-49.914783,-22.441211],[-49.91573,-22.441944],[-49.916295,-22.442053],[-49.917287,-22.441944],[-49.920871,-22.440609],[-49.921188,-22.437474],[-49.921686,-22.437523]]}},{"type":"Feature","properties":{"id_backbone":"BB-B6064C85FCD2","trecho":"MIA.JA-MIA.RD","cluster":"BAURU","cabo":"F-0306-00","capacidade":"36","extensao_km":2.506,"confianca":"ALTA","fonte":"OSRM/OpenStreetMap","ponta_a":"MIA.JA","municipio_a":"MARILIA","ponta_b":"MIA.RD","municipio_b":"MARILIA"},"geometry":{"type":"LineString","coordinates":[[-49.952919,-22.213838],[-49.95247,-22.214976],[-49.954252,-22.215589],[-49.951942,-22.221529],[-49.962134,-22.224945],[-49.963689,-22.226949],[-49.964201,-22.226419]]}},{"type":"Feature","properties":{"id_backbone":"BB-63F28956C798","trecho":"MIA.SR-ORN.MP","cluster":"BAURU","cabo":"F-0343","capacidade":"24","extensao_km":87.923,"confianca":"SEM_REFERENCIA","fonte":"OSRM/OpenStreetMap","ponta_a":"MIA.SR","municipio_a":"MARILIA","ponta_b":"ORN.MP","municipio_b":"OURINHOS"},"geometry":{"type":"LineString","coordinates":[[-49.922312,-22.237078],[-49.922592,-22.239271],[-49.919651,-22.239592],[-49.920138,-22.243423],[-49.92036,-22.244062],[-49.920349,-22.245043],[-49.920632,-22.247031],[-49.921001,-22.248007],[-49.920937,-22.248894],[-49.921476,-22.252745],[-49.92369,-22.266754],[-49.923706,-22.267923],[-49.923517,-22.268988],[-49.916524,-22.286461],[-49.913667,-22.293153],[-49.909714,-22.297698],[-49.905622,-22.300496],[-49.904113,-22.302937],[-49.899467,-22.30836],[-49.898422,-22.310365],[-49.898091,-22.311787],[-49.898033,-22.312927],[-49.898748,-22.333896],[-49.898973,-22.336715],[-49.89893,-22.341174],[-49.898584,-22.343059],[-49.898259,-22.343911],[-49.889162,-22.356947],[-49.885479,-22.363394],[-49.884292,-22.364855],[-49.882886,-22.366184],[-49.881921,-22.36683],[-49.870562,-22.372111],[-49.869117,-22.372545],[-49.868344,-22.372447],[-49.867476,-22.371855],[-49.865917,-22.369104],[-49.865509,-22.368631],[-49.864633,-22.368559],[-49.86427,-22.368768],[-49.864022,-22.369185],[-49.864388,-22.371258],[-49.864299,-22.373403],[-49.864408,-22.373982],[-49.864747,-22.374681],[-49.866434,-22.376709],[-49.86661,-22.377894],[-49.865719,-22.384872],[-49.862068,-22.402253],[-49.858663,-22.435199],[-49.858709,-22.438046],[-49.859351,-22.44092],[-49.862256,-22.447722],[-49.863112,-22.449171],[-49.864853,-22.450838],[-49.871421,-22.454669],[-49.872447,-22.455469],[-49.886143,-22.470265],[-49.887444,-22.472006],[-49.888474,-22.473968],[-49.889184,-22.476237],[-49.889453,-22.478421],[-49.889441,-22.514421],[-49.889593,-22.516562],[-49.889486,-22.523813],[-49.889509,-22.608731],[-49.889672,-22.77238],[-49.889558,-22.906641],[-49.889678,-22.910067],[-49.889965,-22.912349],[-49.890216,-22.91292],[-49.890786,-22.913422],[-49.890997,-22.913895],[-49.89091,-22.914216],[-49.89002,-22.915194],[-49.889719,-22.9158],[-49.889589,-22.916861],[-49.889564,-22.921873],[-49.889662,-22.923761],[-49.890853,-22.927843],[-49.891099,-22.928363],[-49.891683,-22.928777],[-49.891849,-22.929324],[-49.891502,-22.929965],[-49.889985,-22.930712],[-49.889133,-22.932141],[-49.888877,-22.933119],[-49.8884,-22.93755],[-49.888165,-22.938271],[-49.887409,-22.939545],[-49.884776,-22.94241],[-49.878444,-22.949734],[-49.876318,-22.95243],[-49.873492,-22.955457],[-49.869015,-22.96078],[-49.869137,-22.962025],[-49.868039,-22.974902],[-49.868154,-22.977492]]}},{"type":"Feature","properties":{"id_backbone":"BB-872C14C2A153","trecho":"MLB.VA-SAFV.FX","cluster":"SAO JOSE DOS CAMPOS","cabo":"F-0001","capacidade":"12","extensao_km":22.52,"confianca":"SEM_REFERENCIA","fonte":"OSRM/OpenStreetMap","ponta_a":"MLB.VA","municipio_a":"MONTEIRO LOBATO","ponta_b":"SAFV.FX","municipio_b":"SAO JOSE DOS CAMPOS"},"geometry":{"type":"LineString","coordinates":[[-45.835448,-22.953705],[-45.833853,-22.953799],[-45.831354,-22.952902],[-45.8309,-22.95281],[-45.830682,-22.953045],[-45.83082,-22.953497],[-45.831866,-22.954754],[-45.831872,-22.955347],[-45.833362,-22.956259],[-45.833444,-22.95737],[-45.833087,-22.958013],[-45.833104,-22.95848],[-45.833847,-22.959884],[-45.835252,-22.959589],[-45.836035,-22.95921],[-45.836788,-22.958576],[-45.8391,-22.957843],[-45.83794,-22.954623],[-45.840514,-22.953909],[-45.842419,-22.954922],[-45.844802,-22.954808],[-45.846056,-22.955348],[-45.847859,-22.955757],[-45.848208,-22.955596],[-45.850495,-22.953495],[-45.851325,-22.953314],[-45.852154,-22.953569],[-45.85291,-22.954595],[-45.854993,-22.955664],[-45.855518,-22.956235],[-45.856217,-22.955956],[-45.856373,-22.9553],[-45.856555,-22.95513],[-45.857374,-22.954664],[-45.85817,-22.954494],[-45.858826,-22.954728],[-45.86149,-22.956534],[-45.861931,-22.956635],[-45.863787,-22.956473],[-45.864888,-22.955972],[-45.865333,-22.955604],[-45.865742,-22.954962],[-45.867432,-22.954823],[-45.872016,-22.95632],[-45.872623,-22.956918],[-45.873597,-22.957514],[-45.873621,-22.958648],[-45.874142,-22.959502],[-45.874519,-22.959479],[-45.875132,-22.958848],[-45.875917,-22.958872],[-45.876612,-22.959386],[-45.876908,-22.959807],[-45.877579,-22.961501],[-45.87854,-22.960817],[-45.878555,-22.960607],[-45.878204,-22.960096],[-45.878729,-22.95984],[-45.879282,-22.960157],[-45.879779,-22.961028],[-45.880073,-22.961111],[-45.880807,-22.960817],[-45.88169,-22.961667],[-45.882724,-22.960716],[-45.883895,-22.960906],[-45.885073,-22.960524],[-45.885679,-22.961025],[-45.885999,-22.961079],[-45.886304,-22.960874],[-45.886917,-22.959949],[-45.887337,-22.959915],[-45.888122,-22.960311],[-45.889877,-22.959303],[-45.891192,-22.960336],[-45.891423,-22.960363],[-45.892266,-22.959486],[-45.892806,-22.959166],[-45.89324,-22.958549],[-45.893358,-22.958181],[-45.893227,-22.95715],[-45.893373,-22.956829],[-45.893743,-22.956653],[-45.894452,-22.956648],[-45.896089,-22.957347],[-45.896935,-22.957299],[-45.897265,-22.956957],[-45.897536,-22.955945],[-45.897829,-22.95571],[-45.898154,-22.955793],[-45.898533,-22.956371],[-45.898878,-22.95653],[-45.900273,-22.956647],[-45.90147,-22.956029],[-45.902704,-22.95682],[-45.903066,-22.956662],[-45.903715,-22.955758],[-45.905094,-22.955577],[-45.906502,-22.956636],[-45.907162,-22.956832],[-45.907719,-22.956714],[-45.908888,-22.955882],[-45.912581,-22.955533],[-45.912911,-22.955114],[-45.912708,-22.954355],[-45.912826,-22.953802],[-45.913617,-22.95335],[-45.914373,-22.95234],[-45.915771,-22.952061],[-45.916597,-22.9521],[-45.917401,-22.951846],[-45.918533,-22.952048],[-45.919882,-22.951977],[-45.920371,-22.951747],[-45.920754,-22.951011],[-45.920727,-22.949823],[-45.919941,-22.948195],[-45.919198,-22.947713],[-45.916591,-22.946755],[-45.915966,-22.946207],[-45.915851,-22.945587],[-45.916235,-22.944441],[-45.916232,-22.94391],[-45.915347,-22.942082],[-45.915227,-22.938272],[-45.914912,-22.93645],[-45.915001,-22.935598],[-45.914289,-22.934221],[-45.914356,-22.933953],[-45.914743,-22.933595],[-45.916409,-22.93316],[-45.917686,-22.932623],[-45.919147,-22.931734],[-45.919028,-22.931258],[-45.918016,-22.930522],[-45.917928,-22.9299],[-45.918057,-22.929539],[-45.919094,-22.929331],[-45.91941,-22.929114],[-45.91885,-22.926159],[-45.918324,-22.924435],[-45.918871,-22.923017],[-45.920281,-22.922362],[-45.921625,-22.922283],[-45.922498,-22.921186],[-45.923418,-22.92155],[-45.924464,-22.921685],[-45.9248,-22.921587],[-45.925727,-22.920789],[-45.927744,-22.921194],[-45.92838,-22.921147],[-45.92936,-22.919517],[-45.929331,-22.919246],[-45.92898,-22.918822],[-45.929002,-22.91806],[-45.929449,-22.917765],[-45.930853,-22.917325],[-45.932223,-22.916342],[-45.933118,-22.915989],[-45.93343,-22.915171],[-45.934484,-22.91419],[-45.936526,-22.913024],[-45.93744,-22.911984],[-45.938663,-22.911734],[-45.939699,-22.91032],[-45.940616,-22.909773],[-45.942756,-22.909728],[-45.943126,-22.909577],[-45.943603,-22.909002],[-45.944789,-22.909171],[-45.949612,-22.910717],[-45.950185,-22.910729],[-45.951231,-22.910448],[-45.953383,-22.910464],[-45.954843,-22.910893],[-45.957359,-22.911046],[-45.958679,-22.911675],[-45.959063,-22.91108]]}},{"type":"Feature","properties":{"id_backbone":"BB-EB63CE22450B","trecho":"MNB.MG-TUIT.TU","cluster":"JUNDIAI","cabo":"F-0894","capacidade":"72","extensao_km":17.128,"confianca":"BAIXA","fonte":"OSRM/OpenStreetMap","ponta_a":"MNB.MG","municipio_a":"MORUNGABA","ponta_b":"TUIT.TU","municipio_b":"TUIUTI"},"geometry":{"type":"LineString","coordinates":[[-46.792611,-22.880741],[-46.793564,-22.880887],[-46.793897,-22.879696],[-46.794014,-22.878422],[-46.793406,-22.876221],[-46.792958,-22.874767],[-46.79043,-22.875191],[-46.790498,-22.874124],[-46.790218,-22.873061],[-46.789182,-22.870893],[-46.788065,-22.869554],[-46.78721,-22.86736],[-46.787052,-22.866439],[-46.786385,-22.865399],[-46.78602,-22.863378],[-46.786598,-22.862335],[-46.786501,-22.860706],[-46.78546,-22.859474],[-46.784307,-22.858951],[-46.783313,-22.858784],[-46.781292,-22.856869],[-46.779988,-22.856327],[-46.779044,-22.856261],[-46.77748,-22.85655],[-46.775961,-22.856426],[-46.774742,-22.856064],[-46.768586,-22.856729],[-46.766886,-22.857827],[-46.764041,-22.858162],[-46.763534,-22.858355],[-46.761928,-22.86011],[-46.760071,-22.860908],[-46.758659,-22.861768],[-46.757564,-22.861823],[-46.755803,-22.861414],[-46.750195,-22.863322],[-46.746318,-22.863838],[-46.745775,-22.864115],[-46.742647,-22.867395],[-46.742118,-22.867601],[-46.741301,-22.867418],[-46.738783,-22.866054],[-46.733484,-22.864751],[-46.730462,-22.862175],[-46.730001,-22.861927],[-46.728296,-22.86159],[-46.727516,-22.861724],[-46.726058,-22.86328],[-46.724742,-22.863921],[-46.719456,-22.863722],[-46.717624,-22.861197],[-46.714223,-22.858867],[-46.715198,-22.858312],[-46.715883,-22.857448],[-46.717288,-22.853809],[-46.717967,-22.852594],[-46.717438,-22.850307],[-46.717194,-22.848414],[-46.716479,-22.846318],[-46.712391,-22.842644],[-46.708982,-22.840675],[-46.707047,-22.839785],[-46.706345,-22.839025],[-46.704846,-22.836244],[-46.700657,-22.826097],[-46.695661,-22.817322],[-46.695244,-22.816854],[-46.695891,-22.815268]]}},{"type":"Feature","properties":{"id_backbone":"BB-2EA740FC660B","trecho":"MNQ.PO-SRE.RV","cluster":"OSASCO","cabo":"F-1168","capacidade":"72","extensao_km":10.412,"confianca":"SEM_REFERENCIA","fonte":"OSRM/OpenStreetMap","ponta_a":"MNQ.PO","municipio_a":"MAIRINQUE","ponta_b":"SRE.RV","municipio_b":"SAO ROQUE"},"geometry":{"type":"LineString","coordinates":[[-47.19413,-23.438855],[-47.19435,-23.437482],[-47.194302,-23.435735],[-47.194086,-23.435545],[-47.192967,-23.435425],[-47.191853,-23.434213],[-47.192813,-23.433448],[-47.193522,-23.432643],[-47.19468,-23.432143],[-47.195637,-23.431392],[-47.195471,-23.43082],[-47.194718,-23.429648],[-47.194219,-23.427555],[-47.194357,-23.425144],[-47.194666,-23.424472],[-47.194605,-23.424053],[-47.194156,-23.423605],[-47.193403,-23.423335],[-47.193238,-23.423021],[-47.193516,-23.422339],[-47.193638,-23.421199],[-47.193905,-23.420907],[-47.193808,-23.420229],[-47.157014,-23.422855],[-47.152106,-23.423251],[-47.150117,-23.423624],[-47.14856,-23.424224],[-47.146079,-23.425588],[-47.144056,-23.426971],[-47.143984,-23.427206],[-47.144502,-23.427577],[-47.144554,-23.428302],[-47.14427,-23.429554],[-47.143809,-23.430658],[-47.143835,-23.431198],[-47.144289,-23.432035],[-47.144871,-23.434002],[-47.146453,-23.43478],[-47.147512,-23.434932],[-47.148669,-23.435514],[-47.1515,-23.437849],[-47.152858,-23.438693],[-47.154134,-23.439219],[-47.154201,-23.439713],[-47.153176,-23.44121],[-47.153197,-23.441736],[-47.154038,-23.442945],[-47.154747,-23.443142],[-47.156003,-23.443128]]}},{"type":"Feature","properties":{"id_backbone":"BB-4A73B69D0477","trecho":"MOCS.MC-RSA.DE","cluster":"SAO JOSE DOS CAMPOS","cabo":"F-0101","capacidade":"24","extensao_km":9.607,"confianca":"MEDIA","fonte":"OSRM/OpenStreetMap","ponta_a":"MOCS.MC","municipio_a":"PINDAMONHANGABA","ponta_b":"RSA.DE","municipio_b":"ROSEIRA"},"geometry":{"type":"LineString","coordinates":[[-45.364445,-22.913598],[-45.363259,-22.915038],[-45.36467,-22.915303],[-45.363808,-22.916672],[-45.358295,-22.923845],[-45.354964,-22.921999],[-45.354545,-22.920887],[-45.351477,-22.917226],[-45.347399,-22.915553],[-45.345778,-22.919669],[-45.344122,-22.922674],[-45.344157,-22.923123],[-45.344473,-22.923377],[-45.344954,-22.92314],[-45.344835,-22.922701],[-45.341483,-22.920543],[-45.31797,-22.908651],[-45.317203,-22.908384],[-45.316345,-22.90849],[-45.315923,-22.908124],[-45.313667,-22.906992],[-45.31054,-22.905665],[-45.30932,-22.904881],[-45.309235,-22.904663],[-45.30967,-22.903945],[-45.30968,-22.903575],[-45.310059,-22.903313],[-45.311046,-22.901693],[-45.304834,-22.8989],[-45.304338,-22.89983],[-45.303858,-22.899596],[-45.304085,-22.899095]]}},{"type":"Feature","properties":{"id_backbone":"BB-028C82D47E0F","trecho":"MOR.JF-TIE.TT","cluster":"CAMPINAS","cabo":"F-0138","capacidade":"24","extensao_km":49.72,"confianca":"SEM_REFERENCIA","fonte":"OSRM/OpenStreetMap","ponta_a":"MOR.JF","municipio_a":"MONTE MOR","ponta_b":"TIE.TT","municipio_b":"TIETE"},"geometry":{"type":"LineString","coordinates":[[-47.317562,-22.947918],[-47.317833,-22.948397],[-47.319285,-22.947847],[-47.318084,-22.949808],[-47.320538,-22.95113],[-47.320743,-22.951715],[-47.320438,-22.952815],[-47.320932,-22.953948],[-47.320524,-22.955655],[-47.318261,-22.958763],[-47.317622,-22.960443],[-47.317418,-22.961452],[-47.317908,-22.962453],[-47.319301,-22.963361],[-47.343136,-22.974606],[-47.346365,-22.97674],[-47.355331,-22.979148],[-47.359892,-22.980217],[-47.361492,-22.98039],[-47.367898,-22.980355],[-47.368682,-22.980477],[-47.374813,-22.983216],[-47.377608,-22.984256],[-47.37808,-22.984627],[-47.378789,-22.984789],[-47.380994,-22.986011],[-47.385376,-22.987975],[-47.386733,-22.988355],[-47.391,-22.988985],[-47.392281,-22.989444],[-47.395875,-22.991228],[-47.398659,-22.992075],[-47.399137,-22.992472],[-47.399291,-22.992839],[-47.399943,-22.996425],[-47.400441,-22.997105],[-47.402114,-22.998225],[-47.402947,-22.998408],[-47.404383,-22.998322],[-47.408304,-22.997959],[-47.413114,-22.997136],[-47.414502,-22.997216],[-47.415589,-22.997539],[-47.418427,-22.999003],[-47.419024,-22.999527],[-47.420277,-23.001117],[-47.421308,-23.001614],[-47.426438,-23.001481],[-47.434849,-22.99993],[-47.437318,-22.999334],[-47.439984,-22.998033],[-47.442409,-22.997471],[-47.444855,-22.997685],[-47.449724,-22.997029],[-47.452999,-22.99804],[-47.454544,-22.99818],[-47.455824,-22.997699],[-47.457157,-22.997811],[-47.45832,-22.997636],[-47.459657,-22.997131],[-47.461304,-22.997187],[-47.472957,-22.995476],[-47.474412,-22.995049],[-47.474774,-22.995117],[-47.476588,-22.996713],[-47.477313,-22.999173],[-47.478074,-23.00041],[-47.492874,-23.014573],[-47.52585,-23.038577],[-47.534418,-23.04022],[-47.535972,-23.040379],[-47.537419,-23.040181],[-47.538302,-23.03965],[-47.539434,-23.039609],[-47.545944,-23.037755],[-47.547619,-23.037688],[-47.549386,-23.038412],[-47.56074,-23.046157],[-47.562406,-23.04712],[-47.578698,-23.051739],[-47.581536,-23.051881],[-47.584249,-23.051469],[-47.586353,-23.050837],[-47.588808,-23.049505],[-47.590148,-23.049082],[-47.599728,-23.048973],[-47.599837,-23.049261],[-47.599231,-23.049542],[-47.599055,-23.049969],[-47.599967,-23.056695],[-47.600498,-23.058233],[-47.601381,-23.059533],[-47.607925,-23.066603],[-47.609022,-23.067531],[-47.609838,-23.067982],[-47.612024,-23.068663],[-47.628095,-23.069779],[-47.632036,-23.070571],[-47.6339,-23.071215],[-47.651286,-23.078681],[-47.653478,-23.079482],[-47.679168,-23.086706],[-47.681007,-23.087628],[-47.682975,-23.089379],[-47.690043,-23.098372],[-47.691679,-23.101323],[-47.691912,-23.101408],[-47.692945,-23.103216],[-47.696122,-23.103196],[-47.697686,-23.102712],[-47.705709,-23.103128],[-47.711511,-23.104065],[-47.712966,-23.102127],[-47.712102,-23.102072]]}},{"type":"Feature","properties":{"id_backbone":"BB-34345ADF9865","trecho":"MOZ.RD-MOZ.RT","cluster":"SAO JOSE DO RIO PRETO","cabo":"F-0011","capacidade":"72","extensao_km":0.647,"confianca":"SEM_REFERENCIA","fonte":"OSRM/OpenStreetMap","ponta_a":"MOZ.RD","municipio_a":"MONTE APRAZIVEL","ponta_b":"MOZ.RT","municipio_b":"MONTE APRAZIVEL"},"geometry":{"type":"LineString","coordinates":[[-49.713796,-20.770612],[-49.714155,-20.773215],[-49.713164,-20.773339],[-49.713412,-20.775138],[-49.712922,-20.775188]]}},{"type":"Feature","properties":{"id_backbone":"BB-66684DCCFC75","trecho":"MOZ.RT-NIP.NI","cluster":"SAO JOSE DO RIO PRETO","cabo":"F-0051","capacidade":"12","extensao_km":19.108,"confianca":"SEM_REFERENCIA","fonte":"OSRM/OpenStreetMap","ponta_a":"MOZ.RT","municipio_a":"MONTE APRAZIVEL","ponta_b":"NIP.NI","municipio_b":"NIPOA"},"geometry":{"type":"LineString","coordinates":[[-49.712922,-20.775188],[-49.713412,-20.775138],[-49.713305,-20.774232],[-49.718403,-20.77368],[-49.720308,-20.773971],[-49.721044,-20.773726],[-49.72162,-20.774521],[-49.722881,-20.775145],[-49.754975,-20.80872],[-49.756816,-20.810724],[-49.757901,-20.812441],[-49.758624,-20.814277],[-49.767252,-20.841948],[-49.768063,-20.844136],[-49.769268,-20.846391],[-49.780663,-20.864244],[-49.781461,-20.865959],[-49.781854,-20.86741],[-49.785418,-20.901092],[-49.78549,-20.903605],[-49.784781,-20.906395],[-49.783584,-20.908542],[-49.778269,-20.914321],[-49.776634,-20.912982],[-49.776972,-20.912626]]}},{"type":"Feature","properties":{"id_backbone":"BB-9F31637E04D3","trecho":"MPO.PJ-PPE.RB","cluster":"ARACATUBA","cabo":"F-0111","capacidade":"72","extensao_km":26.358,"confianca":"BAIXA","fonte":"OSRM/OpenStreetMap","ponta_a":"MPO.PJ","municipio_a":"MARTINOPOLIS","ponta_b":"PPE.RB","municipio_b":"PRESIDENTE PRUDENTE"},"geometry":{"type":"LineString","coordinates":[[-51.171763,-22.144456],[-51.17192,-22.144515],[-51.172268,-22.14376],[-51.177398,-22.145699],[-51.191888,-22.131693],[-51.192382,-22.131501],[-51.19277,-22.130536],[-51.192996,-22.13043],[-51.193198,-22.130541],[-51.193321,-22.13106],[-51.194631,-22.131693],[-51.323298,-22.16705],[-51.323958,-22.167108],[-51.324806,-22.166802],[-51.326307,-22.165127],[-51.327158,-22.163476],[-51.328101,-22.16231],[-51.340312,-22.15368],[-51.345054,-22.151284],[-51.346638,-22.150008],[-51.351416,-22.144877],[-51.357865,-22.140793],[-51.360671,-22.138251],[-51.361891,-22.137394],[-51.364901,-22.1346],[-51.365406,-22.134389],[-51.3661,-22.134504],[-51.369547,-22.136514],[-51.37269,-22.131963],[-51.374452,-22.128337],[-51.375146,-22.127259],[-51.375246,-22.126508],[-51.375754,-22.126801],[-51.3793,-22.126534],[-51.382694,-22.124905],[-51.383262,-22.125768],[-51.384269,-22.125402],[-51.385158,-22.127052],[-51.38785,-22.125806],[-51.387399,-22.124958],[-51.386782,-22.12525]]}},{"type":"Feature","properties":{"id_backbone":"BB-46F101619CE8","trecho":"MRES.BO-MRES.MR","cluster":"SAO JOSE DOS CAMPOS","cabo":"F-0104","capacidade":"12","extensao_km":10.035,"confianca":"SEM_REFERENCIA","fonte":"OSRM/OpenStreetMap","ponta_a":"MRES.BO","municipio_a":"SAO SEBASTIAO","ponta_b":"MRES.MR","municipio_b":"SAO SEBASTIAO"},"geometry":{"type":"LineString","coordinates":[[-45.62463,-23.782621],[-45.624864,-23.782896],[-45.624371,-23.78359],[-45.624326,-23.785436],[-45.622995,-23.784196],[-45.621459,-23.783679],[-45.620962,-23.783695],[-45.618871,-23.7844],[-45.617458,-23.784343],[-45.616895,-23.78418],[-45.614606,-23.782875],[-45.613632,-23.783097],[-45.613204,-23.783048],[-45.612692,-23.782388],[-45.612004,-23.782158],[-45.61022,-23.782924],[-45.609931,-23.782652],[-45.609228,-23.780983],[-45.609061,-23.780879],[-45.608699,-23.780956],[-45.608159,-23.781707],[-45.606549,-23.782098],[-45.605907,-23.780985],[-45.606053,-23.780488],[-45.605725,-23.780371],[-45.605247,-23.780934],[-45.603516,-23.781825],[-45.602741,-23.781446],[-45.601717,-23.782493],[-45.600671,-23.782463],[-45.599859,-23.781975],[-45.597945,-23.782321],[-45.596349,-23.781987],[-45.596356,-23.782326],[-45.598292,-23.784461],[-45.598316,-23.784807],[-45.597376,-23.785171],[-45.59555,-23.785217],[-45.59441,-23.785901],[-45.592492,-23.788306],[-45.592263,-23.789537],[-45.591722,-23.790698],[-45.590857,-23.791403],[-45.590529,-23.791283],[-45.59019,-23.790527],[-45.59036,-23.789078],[-45.590243,-23.788525],[-45.589173,-23.788246],[-45.588881,-23.787937],[-45.58895,-23.787551],[-45.589552,-23.786921],[-45.589328,-23.785873],[-45.588868,-23.785701],[-45.588465,-23.785764],[-45.587827,-23.786309],[-45.584869,-23.789676],[-45.58427,-23.790051],[-45.583703,-23.790188],[-45.56723,-23.790187],[-45.56258,-23.79073],[-45.561401,-23.790995],[-45.556323,-23.792817],[-45.5561,-23.791419]]}},{"type":"Feature","properties":{"id_backbone":"BB-AA69301FA876","trecho":"MRES.MR-SST.TQ","cluster":"SAO JOSE DOS CAMPOS","cabo":"F-0103","capacidade":"12","extensao_km":5.792,"confianca":"ALTA","fonte":"OSRM/OpenStreetMap","ponta_a":"MRES.MR","municipio_a":"SAO SEBASTIAO","ponta_b":"SST.TQ","municipio_b":"SAO SEBASTIAO"},"geometry":{"type":"LineString","coordinates":[[-45.5561,-23.791419],[-45.556231,-23.792083],[-45.55769,-23.790973],[-45.557929,-23.792187],[-45.55457,-23.79342],[-45.552457,-23.792121],[-45.551596,-23.792757],[-45.549545,-23.793595],[-45.549391,-23.794056],[-45.54966,-23.794421],[-45.550363,-23.794823],[-45.550641,-23.796313],[-45.550456,-23.796801],[-45.549739,-23.797532],[-45.548211,-23.797403],[-45.547337,-23.797096],[-45.545698,-23.797199],[-45.54329,-23.796797],[-45.542753,-23.796988],[-45.54241,-23.797783],[-45.542394,-23.798453],[-45.544236,-23.799943],[-45.545435,-23.802267],[-45.545497,-23.802826],[-45.543424,-23.805803],[-45.540264,-23.807063],[-45.539338,-23.807659],[-45.539139,-23.808378],[-45.539215,-23.809564],[-45.539386,-23.810151],[-45.540056,-23.810979],[-45.540038,-23.811348],[-45.538738,-23.812311],[-45.538281,-23.812846],[-45.53751,-23.813282],[-45.537324,-23.813909],[-45.536894,-23.814302],[-45.533408,-23.814365],[-45.531711,-23.813888],[-45.53179,-23.81358],[-45.532078,-23.813503]]}},{"type":"Feature","properties":{"id_backbone":"BB-E1F734773745","trecho":"MSE.PQ-SJMH.JM","cluster":"SAO JOSE DO RIO PRETO","cabo":"F-0125","capacidade":"4","extensao_km":14.593,"confianca":"ALTA","fonte":"OSRM/OpenStreetMap","ponta_a":"MSE.PQ","municipio_a":"MIRA ESTRELA","ponta_b":"SJMH.JM","municipio_b":"CARDOSO"},"geometry":{"type":"LineString","coordinates":[[-50.136569,-19.978077],[-50.133926,-19.978401],[-50.134225,-19.980428],[-50.133838,-19.980528],[-50.114958,-19.982985],[-50.114408,-19.983223],[-50.113833,-19.983777],[-50.111843,-19.986826],[-50.111314,-19.987319],[-50.110657,-19.98761],[-50.109599,-19.9876],[-50.105904,-19.986765],[-50.101524,-19.985064],[-50.100657,-19.984869],[-50.09067,-19.985649],[-50.087855,-19.986021],[-50.084242,-19.986852],[-50.077465,-19.987612],[-50.062651,-19.989681],[-50.053886,-19.992127],[-50.052846,-19.992605],[-50.051989,-19.993279],[-50.04948,-19.996051],[-50.047999,-19.996827],[-50.045104,-19.997681],[-50.044398,-19.998249],[-50.043972,-19.998945],[-50.043375,-20.00376],[-50.041028,-20.010095],[-50.040876,-20.011191],[-50.042025,-20.024316],[-50.042361,-20.025415],[-50.043014,-20.026597],[-50.043069,-20.027157],[-50.041264,-20.030517],[-50.039728,-20.029763],[-50.039046,-20.030973]]}},{"type":"Feature","properties":{"id_backbone":"BB-6433713C5553","trecho":"NGA.AR-NGA.RD","cluster":"SAO JOSE DO RIO PRETO","cabo":"F-0010","capacidade":"12","extensao_km":0.73,"confianca":"SEM_REFERENCIA","fonte":"OSRM/OpenStreetMap","ponta_a":"NGA.AR","municipio_a":"NOVA GRANADA","ponta_b":"NGA.RD","municipio_b":"NOVA GRANADA"},"geometry":{"type":"LineString","coordinates":[[-49.314825,-20.530023],[-49.319806,-20.533568],[-49.320261,-20.533002]]}},{"type":"Feature","properties":{"id_backbone":"BB-1F71211CDDAE","trecho":"NGG.AL-TPL.DC","cluster":"ARACATUBA","cabo":"F-0042","capacidade":"12","extensao_km":11.498,"confianca":"ALTA","fonte":"OSRM/OpenStreetMap","ponta_a":"NGG.AL","municipio_a":"NOVA GUATAPORANGA","ponta_b":"TPL.DC","municipio_b":"TUPI PAULISTA"},"geometry":{"type":"LineString","coordinates":[[-51.6429,-21.335327],[-51.643153,-21.334982],[-51.644003,-21.335528],[-51.644147,-21.335333],[-51.645007,-21.335896],[-51.641187,-21.340999],[-51.640437,-21.34163],[-51.639549,-21.342064],[-51.637977,-21.342331],[-51.634552,-21.341986],[-51.624736,-21.341414],[-51.623622,-21.341657],[-51.620501,-21.34295],[-51.619586,-21.343617],[-51.618694,-21.344836],[-51.616881,-21.350561],[-51.616387,-21.351391],[-51.613147,-21.355318],[-51.603678,-21.372371],[-51.602319,-21.373712],[-51.594502,-21.378472],[-51.593671,-21.37988],[-51.593342,-21.38335],[-51.592788,-21.384326],[-51.591991,-21.385078],[-51.590832,-21.385619],[-51.587394,-21.386401],[-51.586382,-21.386895],[-51.584975,-21.38657],[-51.582087,-21.386641],[-51.580545,-21.386961],[-51.57937,-21.387585],[-51.578074,-21.38972],[-51.576279,-21.390929],[-51.57162,-21.386893],[-51.571221,-21.386949]]}},{"type":"Feature","properties":{"id_backbone":"BB-76C4A391900A","trecho":"NOVA.NV-TBA.GO","cluster":"SAO JOSE DO RIO PRETO","cabo":"F-0024","capacidade":"12","extensao_km":12.779,"confianca":"SEM_REFERENCIA","fonte":"OSRM/OpenStreetMap","ponta_a":"NOVA.NV","municipio_a":"NOVAIS","ponta_b":"TBA.GO","municipio_b":"TABAPUA"},"geometry":{"type":"LineString","coordinates":[[-48.920138,-20.994701],[-48.92021,-20.99698],[-48.920477,-20.997131],[-48.928771,-20.996426],[-48.930107,-20.996637],[-48.936759,-20.998441],[-48.938062,-20.9986],[-48.949749,-20.997416],[-48.958887,-20.996849],[-48.959761,-20.996551],[-48.961902,-20.995283],[-48.978055,-20.987446],[-48.980674,-20.986392],[-48.985528,-20.984811],[-48.987029,-20.983936],[-48.990618,-20.981399],[-49.020135,-20.966761],[-49.024524,-20.964401],[-49.024954,-20.964355],[-49.02641,-20.96365],[-49.02685,-20.964423],[-49.0303,-20.9627]]}},{"type":"Feature","properties":{"id_backbone":"BB-05CA42D68603","trecho":"OCO.MK-SPO.AG","cluster":"OSASCO","cabo":null,"capacidade":"72","extensao_km":5.511,"confianca":"MEDIA","fonte":"OSRM/OpenStreetMap","ponta_a":"OCO.MK","municipio_a":"OSASCO","ponta_b":"SPO.AG","municipio_b":"SAO PAULO"},"geometry":{"type":"LineString","coordinates":[[-46.767475,-23.496495],[-46.768222,-23.498011],[-46.768656,-23.49803],[-46.768941,-23.497358],[-46.76841,-23.496574],[-46.768281,-23.49593],[-46.766464,-23.49527],[-46.765968,-23.494716],[-46.765364,-23.494395],[-46.764704,-23.494472],[-46.763882,-23.494297],[-46.762252,-23.494593],[-46.758147,-23.494301],[-46.756733,-23.494612],[-46.755558,-23.495499],[-46.754945,-23.496861],[-46.754734,-23.501766],[-46.754967,-23.502331],[-46.755488,-23.502286],[-46.755573,-23.501797],[-46.754302,-23.500715],[-46.752008,-23.500363],[-46.751382,-23.499763],[-46.751315,-23.499192],[-46.75152,-23.498298],[-46.751299,-23.496367],[-46.75037,-23.494967],[-46.750166,-23.493951],[-46.750296,-23.493419],[-46.751252,-23.492268],[-46.75085,-23.491758],[-46.750248,-23.489641],[-46.74981,-23.489125],[-46.748154,-23.487906],[-46.747389,-23.486414],[-46.74574,-23.485411],[-46.74732,-23.484792],[-46.748161,-23.485229],[-46.748528,-23.485187]]}},{"type":"Feature","properties":{"id_backbone":"BB-F624D6E30BC7","trecho":"OCO.OS-SPO.JG","cluster":"OSASCO","cabo":"F-0474","capacidade":"36","extensao_km":5.388,"confianca":"MEDIA","fonte":"OSRM/OpenStreetMap","ponta_a":"OCO.OS","municipio_a":"OSASCO","ponta_b":"SPO.JG","municipio_b":"SAO PAULO"},"geometry":{"type":"LineString","coordinates":[[-46.785249,-23.530696],[-46.786153,-23.531253],[-46.780828,-23.536529],[-46.772176,-23.539257],[-46.768497,-23.54058],[-46.763103,-23.544464],[-46.761357,-23.547516],[-46.760736,-23.54807],[-46.758043,-23.549061],[-46.757357,-23.548458],[-46.756325,-23.548111],[-46.755256,-23.548502],[-46.755031,-23.54844],[-46.754748,-23.548063],[-46.751813,-23.548123],[-46.750839,-23.547818],[-46.749525,-23.548125],[-46.748665,-23.549846],[-46.748694,-23.551137],[-46.748159,-23.551792],[-46.747418,-23.553245],[-46.746785,-23.553197]]}},{"type":"Feature","properties":{"id_backbone":"BB-10B6B014F178","trecho":"OCO.OS-OCO.QT","cluster":"OSASCO","cabo":"F-0297","capacidade":"12","extensao_km":3.355,"confianca":"MEDIA","fonte":"OSRM/OpenStreetMap","ponta_a":"OCO.OS","municipio_a":"OSASCO","ponta_b":"OCO.QT","municipio_b":"OSASCO"},"geometry":{"type":"LineString","coordinates":[[-46.785249,-23.530696],[-46.786909,-23.531729],[-46.788346,-23.532895],[-46.790005,-23.533641],[-46.791517,-23.532669],[-46.79175,-23.530786],[-46.805677,-23.532155],[-46.810017,-23.532993],[-46.810045,-23.531422],[-46.810446,-23.531441],[-46.81105,-23.530874],[-46.812801,-23.530819]]}},{"type":"Feature","properties":{"id_backbone":"BB-4F23EFE8BFFD","trecho":"OCO.QT-OCO.SN","cluster":"OSASCO","cabo":"F-0730","capacidade":"12","extensao_km":5.654,"confianca":"BAIXA","fonte":"OSRM/OpenStreetMap","ponta_a":"OCO.QT","municipio_a":"OSASCO","ponta_b":"OCO.SN","municipio_b":"OSASCO"},"geometry":{"type":"LineString","coordinates":[[-46.812801,-23.530819],[-46.81105,-23.530874],[-46.810566,-23.53144],[-46.810044,-23.531484],[-46.810177,-23.54043],[-46.808626,-23.541556],[-46.808433,-23.543122],[-46.807534,-23.543953],[-46.806414,-23.542898],[-46.802992,-23.542704],[-46.802071,-23.543436],[-46.800512,-23.544276],[-46.800535,-23.545342],[-46.798989,-23.546566],[-46.799483,-23.54826],[-46.800071,-23.549537],[-46.79975,-23.551113],[-46.801845,-23.5552],[-46.80217,-23.555503],[-46.79995,-23.558204],[-46.798959,-23.560765],[-46.798921,-23.561647],[-46.798038,-23.562825],[-46.797966,-23.563379],[-46.795514,-23.56431],[-46.794608,-23.565286],[-46.794409,-23.565079],[-46.794215,-23.564363],[-46.793531,-23.56449]]}},{"type":"Feature","properties":{"id_backbone":"BB-C0FF6D81FA9E","trecho":"ODU.OD-PFA.AG","cluster":"SAO JOSE DO RIO PRETO","cabo":"F-0124","capacidade":"36","extensao_km":20.907,"confianca":"ALTA","fonte":"OSRM/OpenStreetMap","ponta_a":"ODU.OD","municipio_a":"ORINDIUVA","ponta_b":"PFA.AG","municipio_b":"PAULO DE FARIA"},"geometry":{"type":"LineString","coordinates":[[-49.351525,-20.182035],[-49.351369,-20.182135],[-49.350897,-20.18149],[-49.350028,-20.182076],[-49.349787,-20.181711],[-49.343898,-20.169406],[-49.342695,-20.167725],[-49.342047,-20.16721],[-49.326041,-20.157808],[-49.32512,-20.157837],[-49.324912,-20.157578],[-49.325891,-20.155982],[-49.327637,-20.152431],[-49.345861,-20.114548],[-49.346097,-20.113588],[-49.347198,-20.111666],[-49.347479,-20.110693],[-49.348106,-20.109953],[-49.373778,-20.056849],[-49.37537,-20.054399],[-49.39319,-20.033009],[-49.396307,-20.029208],[-49.397004,-20.028126],[-49.397419,-20.028322],[-49.398562,-20.031185],[-49.398147,-20.031341]]}},{"type":"Feature","properties":{"id_backbone":"BB-C352DEB0CE81","trecho":"OLA.OL-SRR.RD","cluster":"SAO JOSE DO RIO PRETO","cabo":"F-0016","capacidade":"24","extensao_km":58.581,"confianca":"SEM_REFERENCIA","fonte":"OSRM/OpenStreetMap","ponta_a":"OLA.OL","municipio_a":"OLIMPIA","ponta_b":"SRR.RD","municipio_b":"SAO JOSE DO RIO PRETO"},"geometry":{"type":"LineString","coordinates":[[-48.914409,-20.736761],[-48.913937,-20.736666],[-48.913722,-20.73757],[-48.916582,-20.73815],[-48.917986,-20.732483],[-48.91891,-20.732682],[-48.919232,-20.731942],[-48.924931,-20.728398],[-48.925499,-20.727892],[-48.926057,-20.727022],[-48.92723,-20.723796],[-48.92734,-20.723028],[-48.927117,-20.72183],[-48.925851,-20.718072],[-48.925878,-20.716787],[-48.92618,-20.716019],[-48.928744,-20.712659],[-48.92942,-20.711513],[-48.929973,-20.707755],[-48.930509,-20.706686],[-48.931247,-20.706112],[-48.940402,-20.702208],[-48.940825,-20.701939],[-48.940957,-20.701483],[-48.941241,-20.701379],[-48.943763,-20.702462],[-48.950559,-20.70437],[-48.993178,-20.715018],[-48.994231,-20.715124],[-48.999959,-20.716548],[-49.001387,-20.717109],[-49.023905,-20.722714],[-49.025013,-20.722856],[-49.03048,-20.724202],[-49.031772,-20.724698],[-49.10399,-20.742731],[-49.139361,-20.751519],[-49.140713,-20.751705],[-49.146303,-20.753254],[-49.162494,-20.757267],[-49.169053,-20.758878],[-49.17054,-20.75909],[-49.18453,-20.762747],[-49.18983,-20.763896],[-49.19117,-20.764403],[-49.202611,-20.76727],[-49.215773,-20.770535],[-49.218593,-20.771063],[-49.256977,-20.780767],[-49.316102,-20.795375],[-49.333376,-20.799522],[-49.33593,-20.800005],[-49.356202,-20.802535],[-49.35646,-20.802416],[-49.356532,-20.8022],[-49.356067,-20.801651],[-49.355752,-20.8017],[-49.35564,-20.802077],[-49.358037,-20.823725],[-49.358331,-20.825028],[-49.358959,-20.826639],[-49.359756,-20.827924],[-49.360596,-20.828844],[-49.361469,-20.829151],[-49.36271,-20.828992],[-49.365118,-20.826852],[-49.366765,-20.825724],[-49.36934,-20.824438],[-49.371364,-20.823853],[-49.373757,-20.82351],[-49.381008,-20.823411],[-49.383097,-20.823076],[-49.38499,-20.823031],[-49.385352,-20.823618],[-49.38693,-20.825213],[-49.38908,-20.827838],[-49.390505,-20.829262],[-49.391913,-20.831756],[-49.392851,-20.834344],[-49.396533,-20.833593],[-49.396575,-20.833747],[-49.395991,-20.833861]]}},{"type":"Feature","properties":{"id_backbone":"BB-A2F87EF6628F","trecho":"ORN.MP-STG.PP","cluster":"BAURU","cabo":"F-0315-01","capacidade":"18","extensao_km":21.972,"confianca":"MEDIA","fonte":"OSRM/OpenStreetMap","ponta_a":"ORN.MP","municipio_a":"OURINHOS","ponta_b":"STG.PP","municipio_b":"SALTO GRANDE"},"geometry":{"type":"LineString","coordinates":[[-49.868154,-22.977492],[-49.868038,-22.978818],[-49.872964,-22.979178],[-49.872849,-22.980345],[-49.875146,-22.982693],[-49.875911,-22.982888],[-49.876885,-22.982258],[-49.881815,-22.978103],[-49.883238,-22.977121],[-49.884436,-22.976565],[-49.884596,-22.976273],[-49.885022,-22.976368],[-49.892586,-22.975413],[-49.892771,-22.975221],[-49.893065,-22.975341],[-49.896956,-22.974913],[-49.897148,-22.974704],[-49.897725,-22.97484],[-49.899228,-22.97457],[-49.899854,-22.97421],[-49.900196,-22.97327],[-49.900829,-22.972593],[-49.900984,-22.972173],[-49.900884,-22.971629],[-49.900088,-22.969569],[-49.899501,-22.966666],[-49.899752,-22.964642],[-49.900383,-22.963126],[-49.901085,-22.962088],[-49.906981,-22.9563],[-49.908001,-22.955012],[-49.908688,-22.953819],[-49.910418,-22.949877],[-49.911187,-22.947094],[-49.911329,-22.945876],[-49.912206,-22.934405],[-49.911972,-22.932775],[-49.911334,-22.931102],[-49.910353,-22.929604],[-49.909481,-22.928647],[-49.907638,-22.927222],[-49.900489,-22.922759],[-49.899874,-22.922527],[-49.899504,-22.922673],[-49.899354,-22.923018],[-49.899464,-22.923291],[-49.900027,-22.923481],[-49.903307,-22.921342],[-49.958056,-22.884284],[-49.960029,-22.882695],[-49.959846,-22.882139],[-49.960015,-22.881892],[-49.960359,-22.881974],[-49.960653,-22.882708],[-49.961273,-22.882857],[-49.96202,-22.882449],[-49.974748,-22.883403],[-49.976037,-22.883772],[-49.982292,-22.886334],[-49.982433,-22.88623],[-49.985017,-22.892045],[-49.985892,-22.891709],[-49.985811,-22.891535]]}},{"type":"Feature","properties":{"id_backbone":"BB-A1E23CB70DDC","trecho":"OSC.EK-PUA.PA","cluster":"ARACATUBA","cabo":"F-0037","capacidade":"12","extensao_km":13.532,"confianca":"ALTA","fonte":"OSRM/OpenStreetMap","ponta_a":"OSC.EK","municipio_a":"OSVALDO CRUZ","ponta_b":"PUA.PA","municipio_b":"PARAPUA"},"geometry":{"type":"LineString","coordinates":[[-50.871519,-21.796344],[-50.870773,-21.796517],[-50.871024,-21.797456],[-50.880954,-21.795153],[-50.874436,-21.770732],[-50.873823,-21.769769],[-50.87295,-21.769335],[-50.871734,-21.769369],[-50.823425,-21.782203],[-50.813166,-21.785894],[-50.811053,-21.781802],[-50.810661,-21.781466],[-50.789719,-21.779599],[-50.7904,-21.7796]]}},{"type":"Feature","properties":{"id_backbone":"BB-DBA724457ED1","trecho":"PAA.ALB-PAA.JE","cluster":"CAMPINAS","cabo":"F-0008","capacidade":"12","extensao_km":0.356,"confianca":"ALTA","fonte":"OSRM/OpenStreetMap","ponta_a":"PAA.ALB","municipio_a":"PIRACICABA","ponta_b":"PAA.JE","municipio_b":"PIRACICABA"},"geometry":{"type":"LineString","coordinates":[[-47.637964,-22.742188],[-47.638123,-22.742954],[-47.636624,-22.743333],[-47.636073,-22.74248]]}},{"type":"Feature","properties":{"id_backbone":"BB-F8C64A01C2F5","trecho":"PAA.DR-PAA.PI","cluster":"CAMPINAS","cabo":"F-0256","capacidade":"72","extensao_km":7.767,"confianca":"MEDIA","fonte":"OSRM/OpenStreetMap","ponta_a":"PAA.DR","municipio_a":"PIRACICABA","ponta_b":"PAA.PI","municipio_b":"PIRACICABA"},"geometry":{"type":"LineString","coordinates":[[-47.597277,-22.736183],[-47.59771,-22.736854],[-47.598704,-22.736747],[-47.600394,-22.736258],[-47.601285,-22.735515],[-47.602212,-22.733156],[-47.603299,-22.729637],[-47.605945,-22.723618],[-47.606297,-22.722157],[-47.606841,-22.720956],[-47.606855,-22.720513],[-47.606551,-22.72039],[-47.60595,-22.72105],[-47.606087,-22.721488],[-47.606513,-22.721554],[-47.61522,-22.720716],[-47.616834,-22.720492],[-47.618833,-22.719982],[-47.621948,-22.718542],[-47.624864,-22.716677],[-47.626508,-22.716164],[-47.631518,-22.71506],[-47.634199,-22.712228],[-47.634542,-22.712105],[-47.635318,-22.712566],[-47.636202,-22.712244],[-47.640368,-22.719563],[-47.640597,-22.719694],[-47.641528,-22.719704],[-47.643279,-22.722743],[-47.647489,-22.720817]]}},{"type":"Feature","properties":{"id_backbone":"BB-ECD4CA86DCAC","trecho":"PAA.JE-RDP.MB","cluster":"CAMPINAS","cabo":"F-0161","capacidade":"6","extensao_km":16.632,"confianca":"MEDIA","fonte":"OSRM/OpenStreetMap","ponta_a":"PAA.JE","municipio_a":"PIRACICABA","ponta_b":"RDP.MB","municipio_b":"RIO DAS PEDRAS"},"geometry":{"type":"LineString","coordinates":[[-47.636073,-22.74248],[-47.637238,-22.744302],[-47.637999,-22.74418],[-47.638604,-22.744346],[-47.639673,-22.743708],[-47.640023,-22.743697],[-47.639399,-22.745344],[-47.639381,-22.745672],[-47.639681,-22.745921],[-47.643953,-22.745546],[-47.644156,-22.745219],[-47.644466,-22.745338],[-47.644175,-22.750844],[-47.643293,-22.753758],[-47.643158,-22.754862],[-47.643393,-22.755791],[-47.644487,-22.757163],[-47.645206,-22.757537],[-47.64564,-22.75755],[-47.646044,-22.757349],[-47.646279,-22.757584],[-47.645496,-22.759334],[-47.645146,-22.76159],[-47.645354,-22.763942],[-47.645646,-22.765142],[-47.646348,-22.767087],[-47.661314,-22.80153],[-47.662019,-22.802141],[-47.66308,-22.802447],[-47.663176,-22.802713],[-47.662548,-22.80293],[-47.66156,-22.803722],[-47.661244,-22.804371],[-47.66011,-22.804911],[-47.635826,-22.824889],[-47.633353,-22.827154],[-47.632126,-22.827974],[-47.621065,-22.837044],[-47.618531,-22.839434],[-47.617309,-22.840134],[-47.61478,-22.842218],[-47.614375,-22.842757],[-47.613876,-22.842763],[-47.611895,-22.843328],[-47.608112,-22.843899],[-47.607475,-22.84347],[-47.606958,-22.844116],[-47.60251,-22.841221],[-47.603158,-22.840418],[-47.603352,-22.840557]]}},{"type":"Feature","properties":{"id_backbone":"BB-AB835992E822","trecho":"PAA.PI-PAA.PJ","cluster":"CAMPINAS","cabo":"TR-0318","capacidade":"36","extensao_km":6.222,"confianca":"BAIXA","fonte":"OSRM/OpenStreetMap","ponta_a":"PAA.PI","municipio_a":"PIRACICABA","ponta_b":"PAA.PJ","municipio_b":"PIRACICABA"},"geometry":{"type":"LineString","coordinates":[[-47.647489,-22.720817],[-47.649123,-22.720058],[-47.651871,-22.725079],[-47.656109,-22.723032],[-47.656687,-22.723987],[-47.657601,-22.724659],[-47.65769,-22.725236],[-47.658758,-22.725718],[-47.663998,-22.726694],[-47.665806,-22.726375],[-47.666287,-22.726057],[-47.666352,-22.726242],[-47.665988,-22.727357],[-47.666165,-22.727896],[-47.666554,-22.727987],[-47.667803,-22.727084],[-47.669276,-22.725638],[-47.669642,-22.724714],[-47.671321,-22.72347],[-47.673512,-22.721],[-47.675756,-22.719204],[-47.67652,-22.71877],[-47.67727,-22.717802],[-47.677778,-22.715372],[-47.677418,-22.71398],[-47.677067,-22.710173],[-47.677096,-22.709291],[-47.677441,-22.708274],[-47.677723,-22.708332],[-47.681676,-22.711488],[-47.682615,-22.710111]]}},{"type":"Feature","properties":{"id_backbone":"BB-715B656B48F6","trecho":"PAG.GO-PTF.MF","cluster":"CAMPINAS","cabo":"F-0162","capacidade":"36","extensao_km":18.422,"confianca":"ALTA","fonte":"OSRM/OpenStreetMap","ponta_a":"PAG.GO","municipio_a":"PIRASSUNUNGA","ponta_b":"PTF.MF","municipio_b":"PORTO FERREIRA"},"geometry":{"type":"LineString","coordinates":[[-47.428301,-21.996496],[-47.433373,-21.997038],[-47.43358,-21.996934],[-47.433814,-21.997097],[-47.44432,-21.99842],[-47.444852,-21.998343],[-47.445552,-21.997939],[-47.446182,-21.996716],[-47.488823,-21.871641],[-47.48881,-21.871216],[-47.488589,-21.870918],[-47.488711,-21.870554],[-47.487794,-21.870347],[-47.487078,-21.857485],[-47.485202,-21.857581],[-47.485185,-21.857008]]}},{"type":"Feature","properties":{"id_backbone":"BB-3BB109A31EF8","trecho":"PBA.LM-TTE.SJ","cluster":"SAO JOSE DOS CAMPOS","cabo":"TR#1828","capacidade":"24 F","extensao_km":13.552,"confianca":"ALTA","fonte":"OSRM/OpenStreetMap","ponta_a":"PBA.LM","municipio_a":"PINDAMONHANGABA","ponta_b":"TTE.SJ","municipio_b":"TAUBATE"},"geometry":{"type":"LineString","coordinates":[[-45.459363,-22.932199],[-45.459493,-22.928938],[-45.463286,-22.929079],[-45.463292,-22.928668],[-45.463467,-22.92875],[-45.464096,-22.929369],[-45.464986,-22.930761],[-45.466571,-22.934768],[-45.469265,-22.936981],[-45.469504,-22.937567],[-45.469509,-22.938943],[-45.469872,-22.939582],[-45.471685,-22.940931],[-45.472511,-22.942661],[-45.473005,-22.943249],[-45.476952,-22.945294],[-45.477431,-22.945813],[-45.478479,-22.947642],[-45.47923,-22.949297],[-45.479867,-22.950067],[-45.486552,-22.953186],[-45.491442,-22.953386],[-45.493332,-22.953692],[-45.495993,-22.955372],[-45.499127,-22.955771],[-45.500311,-22.956576],[-45.502701,-22.958959],[-45.503849,-22.960311],[-45.504048,-22.960776],[-45.504049,-22.961318],[-45.503831,-22.961866],[-45.503019,-22.962823],[-45.502728,-22.963827],[-45.503281,-22.965519],[-45.503734,-22.966361],[-45.504229,-22.966907],[-45.508951,-22.970579],[-45.512535,-22.975466],[-45.51434,-22.976377],[-45.514988,-22.977156],[-45.515075,-22.978062],[-45.514488,-22.981255],[-45.51387,-22.982812],[-45.513911,-22.983427],[-45.514221,-22.984108],[-45.514914,-22.984692],[-45.515612,-22.98489],[-45.517318,-22.984591],[-45.518528,-22.984567],[-45.523301,-22.988271],[-45.525029,-22.990904],[-45.525848,-22.991546],[-45.526465,-22.991631],[-45.52952,-22.991356],[-45.528882,-22.991803],[-45.528177,-22.991813],[-45.52796,-23.003346],[-45.527905,-23.004258],[-45.527533,-23.005608]]}},{"type":"Feature","properties":{"id_backbone":"BB-1383325AAA05","trecho":"PDRH.PD-TUM.TA","cluster":"ARACATUBA","cabo":"F-0101","capacidade":"6","extensao_km":27.867,"confianca":"ALTA","fonte":"OSRM/OpenStreetMap","ponta_a":"PDRH.PD","municipio_a":"PEDRINHAS PAULISTA","ponta_b":"TUM.TA","municipio_b":"TARUMA"},"geometry":{"type":"LineString","coordinates":[[-50.791025,-22.81299],[-50.790787,-22.814346],[-50.778782,-22.812594],[-50.777876,-22.812656],[-50.776884,-22.812981],[-50.717388,-22.841903],[-50.716681,-22.842421],[-50.715957,-22.843598],[-50.715058,-22.844321],[-50.714172,-22.845466],[-50.714004,-22.846137],[-50.713654,-22.846244],[-50.713474,-22.845953],[-50.713934,-22.84513],[-50.713848,-22.844561],[-50.712552,-22.843574],[-50.608294,-22.766829],[-50.607006,-22.76609],[-50.604932,-22.764538],[-50.603931,-22.763544],[-50.575002,-22.742301],[-50.574707,-22.742288],[-50.574648,-22.742474],[-50.574429,-22.744784]]}},{"type":"Feature","properties":{"id_backbone":"BB-3D5300358767","trecho":"PFA.AG-PFA.RD","cluster":"SAO JOSE DO RIO PRETO","cabo":"F-0049","capacidade":"6","extensao_km":0.226,"confianca":"SEM_REFERENCIA","fonte":"OSRM/OpenStreetMap","ponta_a":"PFA.AG","municipio_a":"PAULO DE FARIA","ponta_b":"PFA.RD","municipio_b":"PAULO DE FARIA"},"geometry":{"type":"LineString","coordinates":[[-49.398147,-20.031341],[-49.396804,-20.031845],[-49.396507,-20.031227]]}},{"type":"Feature","properties":{"id_backbone":"BB-5894411B5572","trecho":"PIJ.RD-PIJ.WO","cluster":"BAURU","cabo":"F-0329-00","capacidade":"24","extensao_km":4.094,"confianca":"ALTA","fonte":"OSRM/OpenStreetMap","ponta_a":"PIJ.RD","municipio_a":"PIRAJU","ponta_b":"PIJ.WO","municipio_b":"PIRAJU"},"geometry":{"type":"LineString","coordinates":[[-49.413052,-23.209663],[-49.412508,-23.207276],[-49.410855,-23.206081],[-49.407038,-23.20265],[-49.40482,-23.201246],[-49.401855,-23.20065],[-49.400985,-23.201498],[-49.399912,-23.20173],[-49.398249,-23.200832],[-49.395752,-23.198687],[-49.391321,-23.198559],[-49.390833,-23.198157],[-49.389723,-23.196545],[-49.38962,-23.195453],[-49.381943,-23.195794],[-49.38191,-23.19543]]}},{"type":"Feature","properties":{"id_backbone":"BB-0B92043DD5F0","trecho":"PJI.PM-TIBI.TB","cluster":"BAURU","cabo":"F-0151-00","capacidade":"8","extensao_km":43.722,"confianca":"MEDIA","fonte":"OSRM/OpenStreetMap","ponta_a":"PJI.PM","municipio_a":"PIRAJUI","ponta_b":"TIBI.TB","municipio_b":"BAURU"},"geometry":{"type":"LineString","coordinates":[[-49.458266,-21.99439],[-49.458336,-21.994175],[-49.454917,-21.993025],[-49.45462,-21.99306],[-49.453428,-21.992602],[-49.452065,-21.992436],[-49.44675,-21.994036],[-49.445387,-21.994088],[-49.439674,-21.992779],[-49.438999,-21.9928],[-49.438928,-21.992519],[-49.439386,-21.992284],[-49.439611,-21.991974],[-49.439553,-21.991655],[-49.43923,-21.991618],[-49.431432,-22.000204],[-49.407474,-22.025429],[-49.365983,-22.073247],[-49.33353,-22.103127],[-49.331816,-22.104151],[-49.325597,-22.106441],[-49.323359,-22.107627],[-49.200845,-22.195159],[-49.199056,-22.195972],[-49.197783,-22.196274],[-49.191019,-22.196444],[-49.189624,-22.196919],[-49.188423,-22.197745],[-49.187288,-22.199239],[-49.184168,-22.204293],[-49.183678,-22.205601],[-49.183714,-22.206546],[-49.19109,-22.212678],[-49.195451,-22.215795],[-49.201149,-22.22108],[-49.202873,-22.2238],[-49.208996,-22.228195],[-49.210295,-22.229556],[-49.211946,-22.231814],[-49.214382,-22.234098],[-49.215232,-22.234538],[-49.216165,-22.234687],[-49.220863,-22.234074],[-49.221245,-22.236266]]}},{"type":"Feature","properties":{"id_backbone":"BB-6F33ABC35B1E","trecho":"PLA.DS-SUM.AR","cluster":"CAMPINAS","cabo":"F-0289","capacidade":"72","extensao_km":17.547,"confianca":"ALTA","fonte":"OSRM/OpenStreetMap","ponta_a":"PLA.DS","municipio_a":"PAULINIA","ponta_b":"SUM.AR","municipio_b":"SUMARE"},"geometry":{"type":"LineString","coordinates":[[-47.152685,-22.767472],[-47.151791,-22.769541],[-47.153192,-22.770059],[-47.152575,-22.771087],[-47.151513,-22.771819],[-47.151443,-22.772351],[-47.152698,-22.773342],[-47.153063,-22.774445],[-47.15398,-22.778743],[-47.154712,-22.780006],[-47.156444,-22.781369],[-47.157719,-22.782102],[-47.158442,-22.782227],[-47.159009,-22.783057],[-47.166187,-22.787629],[-47.16738,-22.787901],[-47.167773,-22.788619],[-47.170047,-22.790238],[-47.170492,-22.790737],[-47.172451,-22.794341],[-47.173227,-22.794832],[-47.173299,-22.795276],[-47.173105,-22.795535],[-47.175309,-22.799589],[-47.175646,-22.79996],[-47.177576,-22.803809],[-47.178286,-22.805034],[-47.178835,-22.805612],[-47.179816,-22.806167],[-47.183186,-22.807415],[-47.191158,-22.810764],[-47.193023,-22.811995],[-47.194112,-22.813358],[-47.195709,-22.818307],[-47.196335,-22.819673],[-47.196587,-22.819893],[-47.19717,-22.819895],[-47.200523,-22.818293],[-47.206321,-22.81517],[-47.208523,-22.813797],[-47.213188,-22.810065],[-47.219576,-22.803307],[-47.224073,-22.805279],[-47.224785,-22.806206],[-47.227466,-22.807859],[-47.228977,-22.809428],[-47.235919,-22.813174],[-47.24745,-22.817733],[-47.249768,-22.8183],[-47.261376,-22.819855],[-47.262167,-22.819664],[-47.262253,-22.819112],[-47.262924,-22.81901],[-47.263883,-22.817692],[-47.264276,-22.817689],[-47.266148,-22.818745],[-47.267219,-22.817782],[-47.268725,-22.816898],[-47.270418,-22.817967],[-47.269093,-22.819663],[-47.269625,-22.82]]}},{"type":"Feature","properties":{"id_backbone":"BB-9B743230D3A7","trecho":"PNM.SS-ROBE.RO","cluster":"SAO JOSE DO RIO PRETO","cabo":"F-0081","capacidade":"24","extensao_km":11.738,"confianca":"ALTA","fonte":"OSRM/OpenStreetMap","ponta_a":"PNM.SS","municipio_a":"PINDORAMA","ponta_b":"ROBE.RO","municipio_b":"PINDORAMA"},"geometry":{"type":"LineString","coordinates":[[-48.904766,-21.186452],[-48.904328,-21.18672],[-48.904884,-21.187476],[-48.907505,-21.185933],[-48.909676,-21.1891],[-48.922779,-21.199131],[-48.925114,-21.201096],[-48.933017,-21.208885],[-48.937557,-21.213649],[-48.938939,-21.215487],[-48.939755,-21.216903],[-48.949876,-21.237454],[-48.951048,-21.238659],[-48.953544,-21.239785],[-48.954482,-21.240681],[-48.956917,-21.245248],[-48.957648,-21.248107],[-48.958198,-21.248931],[-48.958837,-21.249393],[-48.959737,-21.249701],[-48.962942,-21.249997],[-48.965117,-21.250595],[-48.965797,-21.250629],[-48.966278,-21.251234],[-48.976233,-21.257691],[-48.975368,-21.258784]]}},{"type":"Feature","properties":{"id_backbone":"BB-A05F4C8B7A4F","trecho":"POI.JP-UPT.VM","cluster":"SAO JOSE DO RIO PRETO","cabo":"F-0057","capacidade":"6","extensao_km":15.201,"confianca":"SEM_REFERENCIA","fonte":"OSRM/OpenStreetMap","ponta_a":"POI.JP","municipio_a":"POLONI","ponta_b":"UPT.VM","municipio_b":"UNIAO PAULISTA"},"geometry":{"type":"LineString","coordinates":[[-49.816963,-20.785044],[-49.817032,-20.785232],[-49.815277,-20.785783],[-49.816235,-20.788413],[-49.825931,-20.797892],[-49.835512,-20.80994],[-49.836042,-20.810782],[-49.836762,-20.812688],[-49.837819,-20.821363],[-49.838295,-20.823071],[-49.839193,-20.824622],[-49.845409,-20.831736],[-49.846518,-20.833455],[-49.854532,-20.8541],[-49.859644,-20.863124],[-49.860145,-20.864664],[-49.86123,-20.870021],[-49.861515,-20.870818],[-49.862113,-20.871768],[-49.862801,-20.872534],[-49.864891,-20.874172],[-49.874368,-20.881414],[-49.875784,-20.882268],[-49.877495,-20.88291],[-49.892951,-20.887453],[-49.895802,-20.887857],[-49.89598,-20.887927],[-49.895949,-20.888107]]}},{"type":"Feature","properties":{"id_backbone":"BB-E29A160110B8","trecho":"PPA.RM-TUP.RC","cluster":"BAURU","cabo":"F-0309-02","capacidade":"12","extensao_km":44.812,"confianca":"ALTA","fonte":"OSRM/OpenStreetMap","ponta_a":"PPA.RM","municipio_a":"POMPEIA","ponta_b":"TUP.RC","municipio_b":"TUPA"},"geometry":{"type":"LineString","coordinates":[[-50.177103,-22.108474],[-50.177364,-22.10513],[-50.17898,-22.104214],[-50.178418,-22.10335],[-50.17919,-22.102896],[-50.188286,-22.102056],[-50.188153,-22.102696],[-50.188362,-22.102937],[-50.191398,-22.103794],[-50.192561,-22.10393],[-50.193842,-22.104483],[-50.198136,-22.105635],[-50.199956,-22.105849],[-50.238951,-22.100064],[-50.241157,-22.09994],[-50.247494,-22.100113],[-50.249671,-22.099785],[-50.256697,-22.095656],[-50.25814,-22.094962],[-50.262481,-22.093858],[-50.26967,-22.092457],[-50.270845,-22.092035],[-50.272143,-22.091057],[-50.288925,-22.076346],[-50.291048,-22.074972],[-50.293054,-22.074121],[-50.299858,-22.072085],[-50.301966,-22.071919],[-50.30387,-22.072415],[-50.3098,-22.075127],[-50.311072,-22.0754],[-50.312446,-22.075372],[-50.344782,-22.067951],[-50.346685,-22.06714],[-50.347909,-22.066197],[-50.34871,-22.065271],[-50.349209,-22.064484],[-50.349745,-22.063143],[-50.349933,-22.062103],[-50.350151,-22.052398],[-50.350658,-22.050866],[-50.351366,-22.049844],[-50.352191,-22.049096],[-50.35322,-22.048486],[-50.364646,-22.043537],[-50.366958,-22.042289],[-50.377702,-22.033753],[-50.379231,-22.032309],[-50.380421,-22.030882],[-50.381683,-22.028831],[-50.389958,-22.011537],[-50.390334,-22.010657],[-50.390485,-22.009721],[-50.390875,-22.009395],[-50.391296,-22.008703],[-50.394552,-22.001936],[-50.396629,-21.998854],[-50.431334,-21.966121],[-50.43305,-21.965022],[-50.435427,-21.964206],[-50.491209,-21.954577],[-50.507613,-21.949905],[-50.508283,-21.949616],[-50.508399,-21.949345],[-50.508118,-21.94542],[-50.507993,-21.945352],[-50.508101,-21.945208],[-50.508027,-21.944448],[-50.515846,-21.936477],[-50.514341,-21.935182],[-50.514129,-21.934401],[-50.514214,-21.933863],[-50.515664,-21.932444]]}},{"type":"Feature","properties":{"id_backbone":"BB-6C11973CDFDC","trecho":"PPE.BG-PPE.RD","cluster":"ARACATUBA","cabo":"TR#1654","capacidade":"24 F","extensao_km":4.106,"confianca":"MEDIA","fonte":"OSRM/OpenStreetMap","ponta_a":"PPE.BG","municipio_a":"PRESIDENTE PRUDENTE","ponta_b":"PPE.RD","municipio_b":"PRESIDENTE PRUDENTE"},"geometry":{"type":"LineString","coordinates":[[-51.404307,-22.138212],[-51.405801,-22.137477],[-51.403961,-22.133417],[-51.400084,-22.130349],[-51.39915,-22.131344],[-51.39757,-22.13227],[-51.397255,-22.13312],[-51.396855,-22.135337],[-51.395769,-22.137046],[-51.395194,-22.138717],[-51.394794,-22.139395],[-51.392875,-22.141262],[-51.39261,-22.141153],[-51.392627,-22.140727],[-51.391891,-22.139725],[-51.389277,-22.141503],[-51.388352,-22.141692],[-51.388287,-22.141394],[-51.387608,-22.141612],[-51.387416,-22.143439],[-51.38467,-22.14656],[-51.384856,-22.146826]]}},{"type":"Feature","properties":{"id_backbone":"BB-8087B20528E9","trecho":"PPE.RB-RGF.MF","cluster":"ARACATUBA","cabo":"F-0107","capacidade":"12","extensao_km":21.042,"confianca":"ALTA","fonte":"OSRM/OpenStreetMap","ponta_a":"PPE.RB","municipio_a":"PRESIDENTE PRUDENTE","ponta_b":"RGF.MF","municipio_b":"REGENTE FEIJO"},"geometry":{"type":"LineString","coordinates":[[-51.386782,-22.12525],[-51.384716,-22.126225],[-51.38853,-22.133184],[-51.391416,-22.13903],[-51.392627,-22.140727],[-51.392993,-22.140956],[-51.39293,-22.141239],[-51.396804,-22.147353],[-51.394998,-22.14751],[-51.392428,-22.148425],[-51.390773,-22.149269],[-51.389044,-22.150507],[-51.387456,-22.152033],[-51.382013,-22.159003],[-51.381577,-22.160294],[-51.381611,-22.16163],[-51.383167,-22.165577],[-51.383342,-22.166677],[-51.383039,-22.168358],[-51.382015,-22.169832],[-51.379437,-22.17221],[-51.374204,-22.174421],[-51.373272,-22.175009],[-51.355727,-22.19151],[-51.355437,-22.192177],[-51.354393,-22.196456],[-51.354213,-22.200743],[-51.353955,-22.201747],[-51.3376,-22.237878],[-51.335823,-22.240216],[-51.333167,-22.242452],[-51.333108,-22.242774],[-51.33327,-22.243037],[-51.333543,-22.243123],[-51.33389,-22.243003],[-51.334012,-22.242694],[-51.333884,-22.242363],[-51.325345,-22.231408],[-51.324237,-22.230945],[-51.321165,-22.231146],[-51.319907,-22.231055],[-51.318784,-22.230752],[-51.317368,-22.230012],[-51.308249,-22.220797],[-51.307806,-22.220546],[-51.305054,-22.217049],[-51.302262,-22.218906],[-51.302491,-22.219206]]}},{"type":"Feature","properties":{"id_backbone":"BB-F1E980B36D32","trecho":"PPE.RB-PPE.RD","cluster":"ARACATUBA","cabo":"F-0102","capacidade":"36","extensao_km":2.933,"confianca":"ALTA","fonte":"OSRM/OpenStreetMap","ponta_a":"PPE.RB","municipio_a":"PRESIDENTE PRUDENTE","ponta_b":"PPE.RD","municipio_b":"PRESIDENTE PRUDENTE"},"geometry":{"type":"LineString","coordinates":[[-51.386782,-22.12525],[-51.384716,-22.126225],[-51.389044,-22.134241],[-51.387558,-22.134735],[-51.386832,-22.136523],[-51.386998,-22.137764],[-51.387764,-22.139331],[-51.388287,-22.141394],[-51.387608,-22.141612],[-51.387416,-22.143439],[-51.38467,-22.14656],[-51.384856,-22.146826]]}},{"type":"Feature","properties":{"id_backbone":"BB-3BD9629EB396","trecho":"PPT.PP-PYS.SJ","cluster":"SAO JOSE DO RIO PRETO","cabo":"F-0036","capacidade":"12","extensao_km":8.327,"confianca":"ALTA","fonte":"OSRM/OpenStreetMap","ponta_a":"PPT.PP","municipio_a":"PALMARES PAULISTA","ponta_b":"PYS.SJ","municipio_b":"PARAISO"},"geometry":{"type":"LineString","coordinates":[[-48.799877,-21.08235],[-48.798482,-21.081828],[-48.798856,-21.080891],[-48.798796,-21.080255],[-48.799565,-21.079458],[-48.800552,-21.076547],[-48.800607,-21.075452],[-48.800273,-21.074556],[-48.776481,-21.04606],[-48.775689,-21.044718],[-48.775338,-21.043401],[-48.773456,-21.032308],[-48.773691,-21.030804],[-48.774123,-21.017071],[-48.773803,-21.017067]]}},{"type":"Feature","properties":{"id_backbone":"BB-D1F72F286E7F","trecho":"PQB.PQ-PVL.BC","cluster":"ARACATUBA","cabo":"F-0101","capacidade":"12","extensao_km":20.392,"confianca":"ALTA","fonte":"OSRM/OpenStreetMap","ponta_a":"PQB.PQ","municipio_a":"PIQUEROBI","ponta_b":"PVL.BC","municipio_b":"PRESIDENTE VENCESLAU"},"geometry":{"type":"LineString","coordinates":[[-51.728501,-21.886383],[-51.73082,-21.886448],[-51.730725,-21.88958],[-51.732118,-21.889626],[-51.73196,-21.895577],[-51.732087,-21.896646],[-51.737841,-21.909953],[-51.734922,-21.922658],[-51.734963,-21.925002],[-51.735578,-21.926903],[-51.73664,-21.928584],[-51.738376,-21.930176],[-51.740382,-21.931226],[-51.745756,-21.933073],[-51.746614,-21.933783],[-51.748587,-21.936719],[-51.749419,-21.937125],[-51.749864,-21.937129],[-51.750867,-21.936829],[-51.80608,-21.906182],[-51.839805,-21.894429],[-51.840281,-21.893805],[-51.839976,-21.892361],[-51.840616,-21.885923],[-51.845183,-21.875747],[-51.843946,-21.875267],[-51.844671,-21.873487],[-51.841441,-21.872179],[-51.841666,-21.871729]]}},{"type":"Feature","properties":{"id_backbone":"BB-622BCA6C03A8","trecho":"PRTN.PI-SML.SU","cluster":"BAURU","cabo":"F-0132-02","capacidade":"12","extensao_km":15.465,"confianca":"BAIXA","fonte":"OSRM/OpenStreetMap","ponta_a":"PRTN.PI","municipio_a":"PRATANIA","ponta_b":"SML.SU","municipio_b":"SAO MANUEL"},"geometry":{"type":"LineString","coordinates":[[-48.665043,-22.808987],[-48.665074,-22.809488],[-48.667065,-22.809373],[-48.66669,-22.804323],[-48.666702,-22.802621],[-48.666391,-22.801812],[-48.64807,-22.785344],[-48.647016,-22.783699],[-48.645431,-22.777537],[-48.64435,-22.775583],[-48.633055,-22.762923],[-48.632085,-22.762024],[-48.614658,-22.750345],[-48.611831,-22.74808],[-48.610186,-22.746262],[-48.601587,-22.735229],[-48.599321,-22.732584],[-48.598832,-22.732463],[-48.597058,-22.733322],[-48.596382,-22.732939],[-48.593362,-22.732759],[-48.5921,-22.732159],[-48.589269,-22.731291],[-48.585145,-22.72897],[-48.583029,-22.728428],[-48.58076,-22.728643],[-48.578816,-22.728564],[-48.578201,-22.728732],[-48.574682,-22.730918],[-48.573934,-22.731564],[-48.574576,-22.732292],[-48.573236,-22.733366],[-48.569331,-22.729234],[-48.568609,-22.72981]]}},{"type":"Feature","properties":{"id_backbone":"BB-A3681D9A4906","trecho":"PSV.EP-SLDG.LG","cluster":"BAURU","cabo":"F-0151.02","capacidade":"12","extensao_km":19.827,"confianca":"ALTA","fonte":"OSRM/OpenStreetMap","ponta_a":"PSV.EP","municipio_a":"PRESIDENTE ALVES","ponta_b":"SLDG.LG","municipio_b":"PRESIDENTE ALVES"},"geometry":{"type":"LineString","coordinates":[[-49.438585,-22.099314],[-49.437077,-22.097892],[-49.436587,-22.097001],[-49.43657,-22.096455],[-49.438119,-22.089347],[-49.437805,-22.087386],[-49.436908,-22.08587],[-49.396584,-22.044866],[-49.394913,-22.043512],[-49.394055,-22.04332],[-49.392315,-22.043505],[-49.391766,-22.043682],[-49.391155,-22.044185],[-49.366567,-22.0726],[-49.361891,-22.077054],[-49.36106,-22.078542],[-49.358224,-22.075698],[-49.357295,-22.075088],[-49.356163,-22.074692],[-49.350544,-22.073611],[-49.342165,-22.069654],[-49.337786,-22.068202],[-49.333551,-22.065542],[-49.329751,-22.064166],[-49.324056,-22.060652],[-49.322262,-22.059241],[-49.323296,-22.057064],[-49.323938,-22.05629],[-49.325971,-22.054783],[-49.327805,-22.053807],[-49.330128,-22.051557],[-49.330745,-22.051462],[-49.334719,-22.051793],[-49.334558,-22.053314]]}},{"type":"Feature","properties":{"id_backbone":"BB-4DD01EFD395F","trecho":"PTF.MF-TBU.TB","cluster":"CAMPINAS","cabo":"#283","capacidade":null,"extensao_km":32.417,"confianca":"MEDIA","fonte":"OSRM/OpenStreetMap","ponta_a":"PTF.MF","municipio_a":"PORTO FERREIRA","ponta_b":"TBU.TB","municipio_b":"TAMBAU"},"geometry":{"type":"LineString","coordinates":[[-47.485185,-21.857008],[-47.484982,-21.851339],[-47.476814,-21.85185],[-47.476701,-21.851348],[-47.476198,-21.850808],[-47.475317,-21.849213],[-47.475079,-21.846526],[-47.47432,-21.843537],[-47.471619,-21.842396],[-47.470965,-21.842377],[-47.470518,-21.841844],[-47.46038,-21.836961],[-47.453081,-21.831935],[-47.451708,-21.830493],[-47.450757,-21.829759],[-47.427511,-21.814262],[-47.421474,-21.811691],[-47.419615,-21.811066],[-47.411672,-21.808918],[-47.397313,-21.805388],[-47.391183,-21.804092],[-47.389953,-21.803567],[-47.388912,-21.802803],[-47.385632,-21.801924],[-47.38365,-21.80179],[-47.374259,-21.798546],[-47.367591,-21.795687],[-47.361513,-21.794033],[-47.359516,-21.793262],[-47.357672,-21.793007],[-47.351145,-21.7911],[-47.344861,-21.781914],[-47.341578,-21.778679],[-47.341249,-21.777964],[-47.341344,-21.777253],[-47.344415,-21.770671],[-47.347899,-21.759843],[-47.34772,-21.758886],[-47.346729,-21.756154],[-47.346397,-21.755981],[-47.336175,-21.754373],[-47.335629,-21.754153],[-47.331306,-21.749271],[-47.329914,-21.747441],[-47.324338,-21.743519],[-47.323822,-21.742191],[-47.322118,-21.74033],[-47.321353,-21.738965],[-47.318393,-21.734979],[-47.315397,-21.734105],[-47.31494,-21.734105],[-47.312355,-21.736097],[-47.310906,-21.737479],[-47.309044,-21.737824],[-47.308135,-21.737811],[-47.302821,-21.736856],[-47.301362,-21.734617],[-47.299399,-21.732975],[-47.297384,-21.730239],[-47.296561,-21.729726],[-47.295751,-21.728923],[-47.294453,-21.726197],[-47.291301,-21.721797],[-47.287,-21.71007],[-47.287864,-21.707342],[-47.287041,-21.707086],[-47.286174,-21.707143],[-47.286011,-21.707376],[-47.28235,-21.706964],[-47.281739,-21.70722],[-47.281234,-21.706875],[-47.277769,-21.706582],[-47.272603,-21.708117],[-47.272874,-21.708921],[-47.271763,-21.709108]]}},{"type":"Feature","properties":{"id_backbone":"BB-E07D5F1CB3A7","trecho":"PVIO.PV-SPO.MD","cluster":"JUNDIAI","cabo":null,"capacidade":"144","extensao_km":8.701,"confianca":"ALTA","fonte":"OSRM/OpenStreetMap","ponta_a":"PVIO.PV","municipio_a":"CAJAMAR","ponta_b":"SPO.MD","municipio_b":"SAO PAULO"},"geometry":{"type":"LineString","coordinates":[[-46.844464,-23.405893],[-46.843808,-23.405214],[-46.842678,-23.405386],[-46.842409,-23.409382],[-46.839959,-23.40987],[-46.837305,-23.409921],[-46.831737,-23.409415],[-46.82806,-23.409588],[-46.826259,-23.409457],[-46.825448,-23.409873],[-46.823307,-23.408981],[-46.821602,-23.409058],[-46.819906,-23.410024],[-46.818172,-23.410538],[-46.813235,-23.410682],[-46.8115,-23.411063],[-46.809886,-23.41184],[-46.806945,-23.414],[-46.802662,-23.416374],[-46.799436,-23.419067],[-46.796242,-23.420019],[-46.793328,-23.421385],[-46.789866,-23.423295],[-46.788579,-23.424445],[-46.788029,-23.425339],[-46.787749,-23.426196],[-46.786289,-23.435757],[-46.786528,-23.435993],[-46.787261,-23.436087],[-46.788213,-23.435377],[-46.788842,-23.435624],[-46.789586,-23.435657],[-46.791665,-23.435509],[-46.791672,-23.436299]]}},{"type":"Feature","properties":{"id_backbone":"BB-2010FEC498C9","trecho":"QUZ.ME-QUZ.RD","cluster":"SAO JOSE DOS CAMPOS","cabo":"TR-1418","capacidade":"36","extensao_km":4.124,"confianca":"MEDIA","fonte":"OSRM/OpenStreetMap","ponta_a":"QUZ.ME","municipio_a":"QUELUZ","ponta_b":"QUZ.RD","municipio_b":"QUELUZ"},"geometry":{"type":"LineString","coordinates":[[-44.772217,-22.538588],[-44.773019,-22.539193],[-44.772687,-22.539927],[-44.772842,-22.540464],[-44.774064,-22.540795],[-44.775427,-22.542037],[-44.776005,-22.543176],[-44.775619,-22.543919],[-44.775676,-22.54422],[-44.776706,-22.544176],[-44.777236,-22.544528],[-44.777402,-22.545199],[-44.777155,-22.545918],[-44.777294,-22.5466],[-44.778068,-22.547625],[-44.778151,-22.547996],[-44.777927,-22.548467],[-44.774465,-22.548266],[-44.773112,-22.547857],[-44.772232,-22.548417],[-44.771199,-22.547811],[-44.770528,-22.547807],[-44.768637,-22.549013],[-44.768118,-22.549974],[-44.767223,-22.550683],[-44.766929,-22.551308],[-44.767178,-22.551931],[-44.766753,-22.551724],[-44.766575,-22.551201],[-44.766751,-22.549828],[-44.765351,-22.549775],[-44.764342,-22.549496],[-44.762873,-22.547873],[-44.761613,-22.54831],[-44.76027,-22.548051],[-44.761262,-22.548575]]}},{"type":"Feature","properties":{"id_backbone":"BB-F0B0E1818C4B","trecho":"RCO.AD-RCO.RD","cluster":"CAMPINAS","cabo":"F-0038","capacidade":"12","extensao_km":7.225,"confianca":"SEM_REFERENCIA","fonte":"OSRM/OpenStreetMap","ponta_a":"RCO.AD","municipio_a":"RIO CLARO","ponta_b":"RCO.RD","municipio_b":"RIO CLARO"},"geometry":{"type":"LineString","coordinates":[[-47.56092,-22.408285],[-47.559625,-22.40788],[-47.558059,-22.412166],[-47.557123,-22.411869],[-47.557063,-22.411663],[-47.556655,-22.411546],[-47.556243,-22.41159],[-47.55569,-22.41201],[-47.553104,-22.415269],[-47.552133,-22.419183],[-47.551189,-22.41899],[-47.550947,-22.419843],[-47.551127,-22.420016],[-47.550903,-22.420144],[-47.550743,-22.420755],[-47.551699,-22.421012],[-47.551346,-22.422608],[-47.551442,-22.423678],[-47.551877,-22.424609],[-47.55347,-22.42705],[-47.553792,-22.42869],[-47.551708,-22.435433],[-47.55154,-22.436614],[-47.551735,-22.437137],[-47.551548,-22.437516],[-47.551757,-22.439474],[-47.55169,-22.440129],[-47.54955,-22.443305],[-47.548579,-22.444444],[-47.54803,-22.444972],[-47.546171,-22.446087],[-47.54536,-22.445864],[-47.543401,-22.446044],[-47.540985,-22.445816],[-47.540255,-22.446199],[-47.539633,-22.446146],[-47.53958,-22.445799],[-47.539989,-22.445437],[-47.539797,-22.445268],[-47.539533,-22.445508],[-47.539168,-22.445271],[-47.539045,-22.443807],[-47.536552,-22.438544],[-47.535112,-22.43846]]}},{"type":"Feature","properties":{"id_backbone":"BB-6ED95B24F6C4","trecho":"RDP.MB-SALN.SD","cluster":"CAMPINAS","cabo":"TR - 247","capacidade":"36","extensao_km":14.159,"confianca":"ALTA","fonte":"OSRM/OpenStreetMap","ponta_a":"RDP.MB","municipio_a":"RIO DAS PEDRAS","ponta_b":"SALN.SD","municipio_b":"SALTINHO"},"geometry":{"type":"LineString","coordinates":[[-47.603352,-22.840557],[-47.608159,-22.8438],[-47.612287,-22.843181],[-47.613437,-22.842849],[-47.614107,-22.842347],[-47.614639,-22.84223],[-47.632126,-22.827974],[-47.632808,-22.827184],[-47.633923,-22.826503],[-47.66011,-22.804911],[-47.660815,-22.803929],[-47.66156,-22.803722],[-47.662548,-22.80293],[-47.662743,-22.802507],[-47.662945,-22.80241],[-47.663133,-22.80249],[-47.663176,-22.802713],[-47.662736,-22.803186],[-47.662555,-22.803766],[-47.662899,-22.805218],[-47.679701,-22.844151],[-47.68055,-22.845686],[-47.680698,-22.846349],[-47.680378,-22.846321],[-47.678321,-22.841214],[-47.678148,-22.841103],[-47.676286,-22.841206],[-47.676329,-22.841674]]}},{"type":"Feature","properties":{"id_backbone":"BB-12F9ECC650B8","trecho":"RPO.OE-RPO.TES","cluster":"RIBEIRAO PRETO","cabo":"F-0572","capacidade":"36","extensao_km":1.625,"confianca":"MEDIA","fonte":"OSRM/OpenStreetMap","ponta_a":"RPO.OE","municipio_a":"RIBEIRAO PRETO","ponta_b":"RPO.TES","municipio_b":"RIBEIRAO PRETO"},"geometry":{"type":"LineString","coordinates":[[-47.834027,-21.157329],[-47.833745,-21.15757],[-47.828721,-21.156265],[-47.824762,-21.151748],[-47.821835,-21.154046]]}},{"type":"Feature","properties":{"id_backbone":"BB-A3A43F838251","trecho":"SAFP.FP-SST.AC","cluster":"SAO JOSE DOS CAMPOS","cabo":"F-0103","capacidade":"12","extensao_km":5.641,"confianca":"ALTA","fonte":"OSRM/OpenStreetMap","ponta_a":"SAFP.FP","municipio_a":"SAO SEBASTIAO","ponta_b":"SST.AC","municipio_b":"SAO SEBASTIAO"},"geometry":{"type":"LineString","coordinates":[[-45.411374,-23.758342],[-45.411095,-23.758194],[-45.407968,-23.762366],[-45.408022,-23.764233],[-45.408241,-23.764358],[-45.406416,-23.766407],[-45.406217,-23.766999],[-45.405321,-23.767656],[-45.404095,-23.769409],[-45.402297,-23.77336],[-45.402008,-23.774523],[-45.401965,-23.775442],[-45.40126,-23.777831],[-45.398755,-23.780409],[-45.397599,-23.781289],[-45.397784,-23.782531],[-45.398933,-23.783914],[-45.399101,-23.784726],[-45.398745,-23.786793],[-45.397936,-23.788165],[-45.397912,-23.788683],[-45.399638,-23.792157],[-45.399665,-23.792726],[-45.402309,-23.800358],[-45.400572,-23.801223],[-45.400213,-23.800923],[-45.400705,-23.800675]]}},{"type":"Feature","properties":{"id_backbone":"BB-2E22F2736A95","trecho":"SCL.AE-SCL.GE","cluster":"RIBEIRAO PRETO","cabo":"TR #1498","capacidade":"24","extensao_km":5.133,"confianca":"BAIXA","fonte":"OSRM/OpenStreetMap","ponta_a":"SCL.AE","municipio_a":"SAO CARLOS","ponta_b":"SCL.GE","municipio_b":"SAO CARLOS"},"geometry":{"type":"LineString","coordinates":[[-47.895002,-21.9976],[-47.895027,-21.998047],[-47.894323,-21.998065],[-47.894331,-21.998701],[-47.892896,-21.99873],[-47.892907,-21.999398],[-47.891523,-21.999439],[-47.891314,-22.002408],[-47.891028,-22.002963],[-47.891004,-22.004985],[-47.88996,-22.005048],[-47.889419,-22.026568],[-47.885279,-22.027197],[-47.88455,-22.027506],[-47.877712,-22.031151],[-47.878101,-22.031765],[-47.877719,-22.031981]]}},{"type":"Feature","properties":{"id_backbone":"BB-4CB3A9683B6D","trecho":"SCL.NJ-VRJO.VJ","cluster":"RIBEIRAO PRETO","cabo":"F-0234","capacidade":"12","extensao_km":9.655,"confianca":"ALTA","fonte":"OSRM/OpenStreetMap","ponta_a":"SCL.NJ","municipio_a":"SAO CARLOS","ponta_b":"VRJO.VJ","municipio_b":"SAO CARLOS"},"geometry":{"type":"LineString","coordinates":[[-47.892001,-22.016025],[-47.892697,-22.016033],[-47.89272,-22.015131],[-47.89073,-22.015101],[-47.891106,-21.997087],[-47.889668,-21.993133],[-47.889279,-21.992897],[-47.889412,-21.992409],[-47.887142,-21.986154],[-47.887004,-21.984923],[-47.887293,-21.982814],[-47.89604,-21.93744],[-47.895991,-21.936956],[-47.893667,-21.93462],[-47.89282,-21.93468]]}},{"type":"Feature","properties":{"id_backbone":"BB-AEC23AC349B2","trecho":"SCW.AP-SFL.DZ","cluster":"SAO JOSE DO RIO PRETO","cabo":"F-0009","capacidade":"6","extensao_km":16.088,"confianca":"ALTA","fonte":"OSRM/OpenStreetMap","ponta_a":"SCW.AP","municipio_a":"SANTA CLARA D'OESTE","ponta_b":"SFL.DZ","municipio_b":"SANTA FE DO SUL"},"geometry":{"type":"LineString","coordinates":[[-50.933144,-20.09675],[-50.933425,-20.095243],[-50.933332,-20.094406],[-50.933448,-20.094156],[-50.937632,-20.096294],[-50.93941,-20.096671],[-50.941625,-20.096908],[-50.942495,-20.096691],[-50.942814,-20.096927],[-50.942568,-20.097817],[-50.9427,-20.09943],[-50.946419,-20.14001],[-50.946651,-20.140444],[-50.947049,-20.140763],[-50.94726,-20.141352],[-50.94826,-20.142303],[-50.94887,-20.142251],[-50.948945,-20.141916],[-50.948784,-20.141611],[-50.948388,-20.141521],[-50.947782,-20.142024],[-50.947178,-20.143016],[-50.947023,-20.144014],[-50.949923,-20.171033],[-50.95061,-20.178193],[-50.950554,-20.179281],[-50.950099,-20.181098],[-50.948914,-20.183222],[-50.947088,-20.185],[-50.945069,-20.186129],[-50.943388,-20.186633],[-50.928143,-20.189909],[-50.927483,-20.190288],[-50.925186,-20.190987],[-50.925082,-20.193208],[-50.924073,-20.193317],[-50.923977,-20.196069],[-50.924246,-20.196112],[-50.924373,-20.196992],[-50.925696,-20.20809]]}},{"type":"Feature","properties":{"id_backbone":"BB-00B70FC33EE7","trecho":"SFL.RD-TFS.TF","cluster":"SAO JOSE DO RIO PRETO","cabo":"X-0001","capacidade":"36","extensao_km":6.051,"confianca":"SEM_REFERENCIA","fonte":"OSRM/OpenStreetMap","ponta_a":"SFL.RD","municipio_a":"SANTA FE DO SUL","ponta_b":"TFS.TF","municipio_b":"TRES FRONTEIRAS"},"geometry":{"type":"LineString","coordinates":[[-50.907465,-20.204569],[-50.911684,-20.205202],[-50.91225,-20.209973],[-50.912551,-20.210331],[-50.912662,-20.211125],[-50.913573,-20.211262],[-50.913823,-20.212957],[-50.911059,-20.213322],[-50.909612,-20.214034],[-50.90863,-20.215055],[-50.908683,-20.215324],[-50.909241,-20.215721],[-50.909314,-20.215979],[-50.909074,-20.216002],[-50.908292,-20.215473],[-50.907764,-20.215621],[-50.889214,-20.232831],[-50.889531,-20.233138],[-50.887796,-20.234771],[-50.890608,-20.23782],[-50.88884,-20.23911]]}},{"type":"Feature","properties":{"id_backbone":"BB-291A00798B5C","trecho":"SJC.BQ-SJC.RH","cluster":"SAO JOSE DOS CAMPOS","cabo":"F-0125","capacidade":"36","extensao_km":11.352,"confianca":"ALTA","fonte":"OSRM/OpenStreetMap","ponta_a":"SJC.BQ","municipio_a":"SAO JOSE DOS CAMPOS","ponta_b":"SJC.RH","municipio_b":"SAO JOSE DOS CAMPOS"},"geometry":{"type":"LineString","coordinates":[[-45.916215,-23.112412],[-45.915903,-23.112632],[-45.915728,-23.112582],[-45.915649,-23.113126],[-45.914722,-23.11327],[-45.914535,-23.11344],[-45.912097,-23.118924],[-45.90955,-23.121146],[-45.909366,-23.121575],[-45.909237,-23.122897],[-45.908281,-23.124167],[-45.90764,-23.125917],[-45.907662,-23.126646],[-45.907884,-23.127167],[-45.909198,-23.127719],[-45.90939,-23.12808],[-45.909369,-23.130765],[-45.908805,-23.133679],[-45.908386,-23.134766],[-45.908507,-23.135473],[-45.907628,-23.137782],[-45.906402,-23.138886],[-45.906265,-23.140217],[-45.90459,-23.144119],[-45.904681,-23.150992],[-45.90454,-23.151865],[-45.902374,-23.153016],[-45.901714,-23.154157],[-45.901373,-23.154399],[-45.901168,-23.154949],[-45.90136,-23.155419],[-45.902061,-23.156115],[-45.902144,-23.156534],[-45.902728,-23.157117],[-45.903992,-23.159338],[-45.905371,-23.160239],[-45.904424,-23.160935],[-45.901399,-23.164312],[-45.90095,-23.164596],[-45.899086,-23.165151],[-45.897309,-23.166023],[-45.896597,-23.166416],[-45.895649,-23.167245],[-45.895158,-23.168024],[-45.894886,-23.168899],[-45.895136,-23.17085],[-45.895161,-23.173995],[-45.895001,-23.174712],[-45.894481,-23.175244],[-45.893342,-23.175739],[-45.892293,-23.175833],[-45.891101,-23.175592],[-45.890973,-23.175856],[-45.891131,-23.176932],[-45.890903,-23.177305],[-45.889873,-23.178527],[-45.888618,-23.179481],[-45.888303,-23.180341],[-45.887974,-23.182397],[-45.887935,-23.183884],[-45.888696,-23.187988],[-45.889739,-23.18928],[-45.889832,-23.189981],[-45.890462,-23.190525],[-45.890444,-23.190781],[-45.889606,-23.191623],[-45.889282,-23.191646],[-45.885987,-23.188712],[-45.886012,-23.18859],[-45.886388,-23.188621]]}},{"type":"Feature","properties":{"id_backbone":"BB-AB1BFCE7AEAA","trecho":"SJC.PT-SJC.RH","cluster":"SAO JOSE DOS CAMPOS","cabo":"F-0126","capacidade":"36","extensao_km":13.092,"confianca":"ALTA","fonte":"OSRM/OpenStreetMap","ponta_a":"SJC.PT","municipio_a":"SAO JOSE DOS CAMPOS","ponta_b":"SJC.RH","municipio_b":"SAO JOSE DOS CAMPOS"},"geometry":{"type":"LineString","coordinates":[[-45.835149,-23.246458],[-45.833004,-23.247115],[-45.833437,-23.248058],[-45.830913,-23.249297],[-45.831413,-23.251048],[-45.835021,-23.257299],[-45.841623,-23.252959],[-45.841888,-23.252045],[-45.842111,-23.252088],[-45.842346,-23.25273],[-45.843025,-23.252989],[-45.845998,-23.252303],[-45.859958,-23.247732],[-45.86265,-23.246621],[-45.867956,-23.243747],[-45.869942,-23.242501],[-45.871188,-23.241418],[-45.874707,-23.237708],[-45.875353,-23.23677],[-45.875723,-23.235866],[-45.877649,-23.228748],[-45.877916,-23.22567],[-45.878583,-23.224221],[-45.879721,-23.222936],[-45.89103,-23.212507],[-45.891649,-23.211788],[-45.893803,-23.210656],[-45.894398,-23.209916],[-45.894459,-23.209497],[-45.89431,-23.209121],[-45.893204,-23.20814],[-45.89197,-23.20654],[-45.889681,-23.20477],[-45.888079,-23.203061],[-45.887556,-23.202099],[-45.885685,-23.200366],[-45.886233,-23.197485],[-45.885377,-23.193079],[-45.885383,-23.19207],[-45.886012,-23.18859],[-45.886388,-23.188621]]}},{"type":"Feature","properties":{"id_backbone":"BB-BB6C65D12B8F","trecho":"SJC.RH-SJC.UR","cluster":"SAO JOSE DOS CAMPOS","cabo":"F-0121","capacidade":"72","extensao_km":8.338,"confianca":"BAIXA","fonte":"OSRM/OpenStreetMap","ponta_a":"SJC.RH","municipio_a":"SAO JOSE DOS CAMPOS","ponta_b":"SJC.UR","municipio_b":"SAO JOSE DOS CAMPOS"},"geometry":{"type":"LineString","coordinates":[[-45.886388,-23.188621],[-45.887306,-23.188704],[-45.887728,-23.189073],[-45.888369,-23.188522],[-45.888872,-23.188362],[-45.889739,-23.18928],[-45.889894,-23.190075],[-45.893335,-23.192525],[-45.902915,-23.192362],[-45.903624,-23.192669],[-45.906308,-23.194695],[-45.908114,-23.195574],[-45.908305,-23.195633],[-45.908573,-23.195448],[-45.909337,-23.195889],[-45.911456,-23.197361],[-45.912589,-23.198555],[-45.913163,-23.198415],[-45.914719,-23.198688],[-45.915288,-23.198467],[-45.916702,-23.197388],[-45.916886,-23.19686],[-45.917253,-23.196439],[-45.918444,-23.196007],[-45.921041,-23.19387],[-45.922039,-23.192802],[-45.923325,-23.192232],[-45.924114,-23.192297],[-45.927659,-23.194106],[-45.928136,-23.194526],[-45.928552,-23.195363],[-45.929199,-23.195925],[-45.929744,-23.195961],[-45.931861,-23.195409],[-45.932051,-23.195047],[-45.931394,-23.193924],[-45.931238,-23.19318],[-45.931777,-23.190425],[-45.931934,-23.190292],[-45.932894,-23.190311],[-45.935427,-23.191083],[-45.937008,-23.192231],[-45.937235,-23.193058],[-45.938606,-23.195153],[-45.940065,-23.195855],[-45.941649,-23.196433],[-45.942878,-23.19669],[-45.942858,-23.196793],[-45.941034,-23.196353],[-45.938795,-23.195399],[-45.938249,-23.194956],[-45.937508,-23.193785]]}},{"type":"Feature","properties":{"id_backbone":"BB-BE1AA370498E","trecho":"SJR.FG-SJR.RD","cluster":"CAMPINAS","cabo":"F-0033","capacidade":"12","extensao_km":5.269,"confianca":"ALTA","fonte":"OSRM/OpenStreetMap","ponta_a":"SJR.FG","municipio_a":"SAO JOSE DO RIO PARDO","ponta_b":"SJR.RD","municipio_b":"SAO JOSE DO RIO PARDO"},"geometry":{"type":"LineString","coordinates":[[-46.889161,-21.597574],[-46.888643,-21.596436],[-46.892007,-21.595111],[-46.892265,-21.594947],[-46.892278,-21.594763],[-46.89314,-21.594496],[-46.893606,-21.594158],[-46.8939,-21.593481],[-46.894317,-21.59353],[-46.895905,-21.594412],[-46.896715,-21.593659],[-46.898597,-21.593186],[-46.89955,-21.591203],[-46.90074,-21.590575],[-46.903895,-21.588139],[-46.903445,-21.586192],[-46.903509,-21.583814],[-46.902573,-21.579922],[-46.900888,-21.569247],[-46.900537,-21.563402],[-46.902019,-21.563901],[-46.903446,-21.563846]]}},{"type":"Feature","properties":{"id_backbone":"BB-C47901A27B9A","trecho":"SJV.CB-SJV.CS","cluster":"CAMPINAS","cabo":"F-0119","capacidade":"36","extensao_km":5.501,"confianca":"ALTA","fonte":"OSRM/OpenStreetMap","ponta_a":"SJV.CB","municipio_a":"SAO JOAO DA BOA VISTA","ponta_b":"SJV.CS","municipio_b":"SAO JOAO DA BOA VISTA"},"geometry":{"type":"LineString","coordinates":[[-46.810531,-21.996232],[-46.81338,-21.997568],[-46.813442,-21.997279],[-46.815016,-21.996418],[-46.815459,-21.995394],[-46.816703,-21.994026],[-46.816593,-21.993461],[-46.81631,-21.993026],[-46.815318,-21.992365],[-46.814738,-21.992232],[-46.813974,-21.99149],[-46.814981,-21.989298],[-46.814827,-21.988411],[-46.815147,-21.987373],[-46.816145,-21.986192],[-46.816108,-21.984978],[-46.816302,-21.984508],[-46.814148,-21.98251],[-46.812635,-21.980704],[-46.808616,-21.97867],[-46.807716,-21.977686],[-46.804476,-21.977028],[-46.800789,-21.97755],[-46.79932,-21.976807],[-46.798929,-21.97746],[-46.797555,-21.976735],[-46.798284,-21.975666],[-46.797649,-21.972581],[-46.797965,-21.970787],[-46.798575,-21.969882],[-46.796946,-21.968928]]}},{"type":"Feature","properties":{"id_backbone":"BB-778A71C1601B","trecho":"SLO.NJ-SOC.CR","cluster":"JUNDIAI","cabo":"F-0379","capacidade":"36","extensao_km":45.778,"confianca":"SEM_REFERENCIA","fonte":"OSRM/OpenStreetMap","ponta_a":"SLO.NJ","municipio_a":"SALTO","ponta_b":"SOC.CR","municipio_b":"SOROCABA"},"geometry":{"type":"LineString","coordinates":[[-47.291891,-23.203988],[-47.291383,-23.204302],[-47.294184,-23.208072],[-47.294154,-23.209468],[-47.295589,-23.210493],[-47.296316,-23.212029],[-47.296639,-23.212339],[-47.296626,-23.212886],[-47.297671,-23.215315],[-47.299316,-23.218449],[-47.304597,-23.229505],[-47.306063,-23.23033],[-47.306932,-23.231423],[-47.316456,-23.236203],[-47.316786,-23.236268],[-47.317082,-23.236115],[-47.317113,-23.23562],[-47.316735,-23.235407],[-47.316332,-23.2356],[-47.316094,-23.236331],[-47.315852,-23.238235],[-47.315879,-23.240575],[-47.316505,-23.244013],[-47.323255,-23.260096],[-47.324636,-23.264388],[-47.331612,-23.297356],[-47.332223,-23.301764],[-47.332056,-23.304891],[-47.331617,-23.307217],[-47.324705,-23.332085],[-47.324325,-23.335187],[-47.324795,-23.343164],[-47.327601,-23.380183],[-47.328142,-23.383261],[-47.328829,-23.385315],[-47.33878,-23.406948],[-47.340462,-23.409794],[-47.344088,-23.414079],[-47.346947,-23.416498],[-47.409286,-23.460298],[-47.419341,-23.466547],[-47.441584,-23.479024],[-47.441832,-23.479393],[-47.441688,-23.479885],[-47.439832,-23.480331],[-47.43931,-23.481379],[-47.438377,-23.486202],[-47.438571,-23.487403],[-47.439123,-23.488597],[-47.439562,-23.489132],[-47.440513,-23.489824],[-47.443323,-23.491253],[-47.444167,-23.491904],[-47.450031,-23.495374],[-47.450455,-23.495749],[-47.451142,-23.497165],[-47.45179,-23.497361],[-47.452667,-23.496928],[-47.454251,-23.496702],[-47.455292,-23.496269],[-47.454965,-23.497249],[-47.457487,-23.497653],[-47.459248,-23.4983],[-47.467805,-23.502742],[-47.468278,-23.502543],[-47.468575,-23.502978],[-47.470685,-23.503823],[-47.473036,-23.504333],[-47.478664,-23.504441],[-47.48138,-23.505228],[-47.48478,-23.507927],[-47.488469,-23.510371],[-47.488749,-23.510838],[-47.489228,-23.514193],[-47.488655,-23.51089]]}},{"type":"Feature","properties":{"id_backbone":"BB-9527508CAD43","trecho":"SMY.JA-TNH.AB","cluster":"CAMPINAS","cabo":"F-0299","capacidade":"36","extensao_km":20.23,"confianca":"ALTA","fonte":"OSRM/OpenStreetMap","ponta_a":"SMY.JA","municipio_a":"SANTA MARIA DA SERRA","ponta_b":"TNH.AB","municipio_b":"TORRINHA"},"geometry":{"type":"LineString","coordinates":[[-48.160806,-22.566734],[-48.16265,-22.565827],[-48.163514,-22.567447],[-48.16508,-22.566703],[-48.166705,-22.564561],[-48.173384,-22.557791],[-48.180303,-22.552261],[-48.191687,-22.537743],[-48.196535,-22.531932],[-48.197313,-22.530551],[-48.197369,-22.529906],[-48.196999,-22.528869],[-48.197537,-22.527522],[-48.19914,-22.527195],[-48.200004,-22.527662],[-48.200346,-22.527677],[-48.202178,-22.525939],[-48.202461,-22.525269],[-48.20254,-22.52422],[-48.202103,-22.522759],[-48.202902,-22.522266],[-48.203153,-22.520952],[-48.202896,-22.52025],[-48.20152,-22.519895],[-48.201321,-22.519631],[-48.201416,-22.51928],[-48.202002,-22.519139],[-48.20195,-22.51892],[-48.201432,-22.518619],[-48.201363,-22.518393],[-48.201988,-22.517817],[-48.202422,-22.516488],[-48.202559,-22.515335],[-48.201807,-22.514278],[-48.201833,-22.514049],[-48.202212,-22.51381],[-48.202344,-22.513453],[-48.202077,-22.512593],[-48.201647,-22.512126],[-48.201473,-22.511107],[-48.201235,-22.510865],[-48.200448,-22.510687],[-48.20033,-22.510535],[-48.201029,-22.508923],[-48.200903,-22.508281],[-48.200976,-22.507567],[-48.200572,-22.507324],[-48.199593,-22.507249],[-48.199398,-22.506079],[-48.198793,-22.505872],[-48.198577,-22.505351],[-48.198615,-22.504945],[-48.199229,-22.504617],[-48.199289,-22.504397],[-48.199226,-22.503917],[-48.198435,-22.503359],[-48.198423,-22.501876],[-48.198884,-22.5003],[-48.199511,-22.500021],[-48.199587,-22.499744],[-48.198643,-22.498971],[-48.197651,-22.499175],[-48.19728,-22.499018],[-48.197338,-22.498637],[-48.198172,-22.497755],[-48.19821,-22.4972],[-48.197227,-22.494349],[-48.19519,-22.48974],[-48.193336,-22.48763],[-48.191649,-22.487358],[-48.188567,-22.484643],[-48.186269,-22.483865],[-48.185674,-22.483515],[-48.184995,-22.4828],[-48.184702,-22.482236],[-48.183376,-22.473759],[-48.182358,-22.46867],[-48.176453,-22.450523],[-48.174314,-22.444456],[-48.173351,-22.442706],[-48.169908,-22.437498],[-48.17241,-22.436348],[-48.172168,-22.435355],[-48.172096,-22.433241],[-48.171439,-22.430811],[-48.168536,-22.424842],[-48.169295,-22.424491]]}},{"type":"Feature","properties":{"id_backbone":"BB-DB9131BC2BC1","trecho":"SOH.RD-TTE.AM","cluster":"SAO JOSE DOS CAMPOS","cabo":"TR-1461","capacidade":"36","extensao_km":30.912,"confianca":"BAIXA","fonte":"OSRM/OpenStreetMap","ponta_a":"SOH.RD","municipio_a":"PINDAMONHANGABA","ponta_b":"TTE.AM","municipio_b":"TAUBATE"},"geometry":{"type":"LineString","coordinates":[[-45.627387,-22.825315],[-45.626315,-22.824901],[-45.626926,-22.826336],[-45.626956,-22.828418],[-45.626266,-22.829475],[-45.624651,-22.830432],[-45.62437,-22.830828],[-45.624112,-22.832302],[-45.62407,-22.833708],[-45.623837,-22.834327],[-45.62331,-22.835145],[-45.622834,-22.835519],[-45.622271,-22.835607],[-45.621346,-22.835379],[-45.62078,-22.835598],[-45.620476,-22.836045],[-45.62022,-22.836936],[-45.620258,-22.837827],[-45.622676,-22.841911],[-45.622394,-22.843627],[-45.622082,-22.844008],[-45.621246,-22.844383],[-45.620162,-22.844422],[-45.618523,-22.845107],[-45.61723,-22.845282],[-45.616316,-22.845686],[-45.614829,-22.846861],[-45.613801,-22.849025],[-45.613852,-22.849394],[-45.614677,-22.850598],[-45.615792,-22.853012],[-45.616514,-22.853333],[-45.617658,-22.853112],[-45.618419,-22.853254],[-45.618986,-22.853849],[-45.619552,-22.855184],[-45.619837,-22.855492],[-45.621441,-22.855911],[-45.621947,-22.856351],[-45.622328,-22.859021],[-45.620919,-22.861281],[-45.620492,-22.86163],[-45.620103,-22.861718],[-45.61867,-22.861188],[-45.617665,-22.861305],[-45.617235,-22.861167],[-45.616942,-22.860823],[-45.6169,-22.860526],[-45.617419,-22.858937],[-45.617163,-22.858471],[-45.616653,-22.858212],[-45.615065,-22.858428],[-45.61114,-22.859329],[-45.610303,-22.85967],[-45.607408,-22.862054],[-45.606016,-22.862823],[-45.604371,-22.863353],[-45.600851,-22.86393],[-45.599193,-22.864623],[-45.597558,-22.865988],[-45.596833,-22.867054],[-45.595768,-22.867652],[-45.595253,-22.868607],[-45.595189,-22.869563],[-45.595607,-22.871245],[-45.59802,-22.876967],[-45.598059,-22.877902],[-45.59725,-22.883581],[-45.597626,-22.886023],[-45.597561,-22.886789],[-45.596802,-22.889313],[-45.594945,-22.891355],[-45.593955,-22.891875],[-45.59107,-22.892774],[-45.589014,-22.89317],[-45.58854,-22.893423],[-45.588155,-22.893937],[-45.58808,-22.89453],[-45.588461,-22.895563],[-45.588481,-22.896197],[-45.588414,-22.896642],[-45.587772,-22.897763],[-45.587669,-22.898249],[-45.58804,-22.903803],[-45.586406,-22.907976],[-45.586299,-22.908886],[-45.586401,-22.909543],[-45.586787,-22.910321],[-45.590506,-22.914169],[-45.59126,-22.915219],[-45.592068,-22.917425],[-45.593692,-22.920658],[-45.5941,-22.921918],[-45.594329,-22.923181],[-45.594327,-22.924659],[-45.593252,-22.929061],[-45.593116,-22.930542],[-45.593395,-22.932996],[-45.593955,-22.93439],[-45.593938,-22.934854],[-45.593724,-22.935016],[-45.593177,-22.934945],[-45.592865,-22.935064],[-45.591925,-22.93616],[-45.590977,-22.936742],[-45.587875,-22.937755],[-45.586346,-22.937945],[-45.58566,-22.938257],[-45.556137,-22.960232],[-45.554312,-22.961383],[-45.552468,-22.962149],[-45.552439,-22.962685],[-45.551643,-22.962564],[-45.55147,-22.963553],[-45.551781,-22.964531],[-45.55083,-22.96428],[-45.549723,-22.964421],[-45.549571,-22.965848],[-45.548646,-22.966349],[-45.548456,-22.967816],[-45.549213,-22.969591],[-45.549737,-22.971514],[-45.54975,-22.97324],[-45.549923,-22.974148],[-45.550069,-22.984297],[-45.550213,-22.984805],[-45.550039,-22.997015],[-45.550305,-22.998925],[-45.550503,-23.010325],[-45.550758,-23.010622],[-45.550511,-23.011117],[-45.550552,-23.012989],[-45.551805,-23.017462],[-45.552511,-23.019227],[-45.551688,-23.019628],[-45.552319,-23.020744],[-45.554608,-23.02339],[-45.557791,-23.026486],[-45.560002,-23.024506]]}},{"type":"Feature","properties":{"id_backbone":"BB-BFA9DC28AC43","trecho":"SPB.AP-SPB.VN","cluster":"OSASCO","cabo":"F-0898","capacidade":"72","extensao_km":12.208,"confianca":"ALTA","fonte":"OSRM/OpenStreetMap","ponta_a":"SPB.AP","municipio_a":"SANTANA DE PARNAIBA","ponta_b":"SPB.VN","municipio_b":"SANTANA DE PARNAIBA"},"geometry":{"type":"LineString","coordinates":[[-46.870795,-23.463017],[-46.871436,-23.463025],[-46.870298,-23.46412],[-46.870278,-23.464344],[-46.870818,-23.464568],[-46.87826,-23.461786],[-46.878662,-23.46116],[-46.879288,-23.461331],[-46.879938,-23.461244],[-46.884621,-23.459545],[-46.885982,-23.458755],[-46.887674,-23.458441],[-46.889315,-23.457868],[-46.891078,-23.456896],[-46.892251,-23.45525],[-46.898842,-23.452762],[-46.900971,-23.451686],[-46.904076,-23.450871],[-46.906218,-23.449251],[-46.906628,-23.448544],[-46.906367,-23.446992],[-46.905858,-23.446802],[-46.905212,-23.447453],[-46.9047,-23.447535],[-46.904131,-23.447075],[-46.904071,-23.446365],[-46.904368,-23.445983],[-46.905564,-23.445525],[-46.907599,-23.444153],[-46.908461,-23.442613],[-46.908199,-23.442254],[-46.906817,-23.441918],[-46.906603,-23.441301],[-46.906845,-23.441034],[-46.90779,-23.440676],[-46.90801,-23.440356],[-46.908047,-23.439756],[-46.907748,-23.438566],[-46.907645,-23.43732],[-46.908496,-23.4348],[-46.908434,-23.434126],[-46.908238,-23.433861],[-46.906758,-23.433159],[-46.905931,-23.4324],[-46.904706,-23.432098],[-46.903768,-23.432298],[-46.903278,-23.432142],[-46.903021,-23.431689],[-46.903076,-23.43076],[-46.902952,-23.43039],[-46.901907,-23.429312],[-46.90142,-23.42906],[-46.898825,-23.429138],[-46.897566,-23.429708],[-46.89719,-23.429725],[-46.895169,-23.429152],[-46.893693,-23.428129],[-46.89276,-23.428035],[-46.892337,-23.427706],[-46.891972,-23.425948],[-46.891645,-23.422265],[-46.891392,-23.421556],[-46.89146,-23.42107],[-46.89191,-23.420219],[-46.892503,-23.417831],[-46.89206,-23.416357],[-46.892645,-23.413928],[-46.892399,-23.412746],[-46.891916,-23.411565],[-46.891456,-23.409231],[-46.891108,-23.408818],[-46.891266,-23.40868],[-46.890884,-23.407504],[-46.882257,-23.404199]]}},{"type":"Feature","properties":{"id_backbone":"BB-3293B0D7822E","trecho":"SPB.SP-SPB.VN","cluster":"OSASCO","cabo":"F-0710","capacidade":"24","extensao_km":6.522,"confianca":"ALTA","fonte":"OSRM/OpenStreetMap","ponta_a":"SPB.SP","municipio_a":"SANTANA DE PARNAIBA","ponta_b":"SPB.VN","municipio_b":"SANTANA DE PARNAIBA"},"geometry":{"type":"LineString","coordinates":[[-46.91214,-23.442105],[-46.911703,-23.441189],[-46.910048,-23.439611],[-46.908438,-23.439595],[-46.908087,-23.439527],[-46.907931,-23.43933],[-46.907651,-23.437196],[-46.90851,-23.434633],[-46.908396,-23.434026],[-46.907937,-23.433619],[-46.906758,-23.433159],[-46.905931,-23.4324],[-46.904706,-23.432098],[-46.903768,-23.432298],[-46.903278,-23.432142],[-46.903021,-23.431689],[-46.903076,-23.43076],[-46.902952,-23.43039],[-46.901907,-23.429312],[-46.90142,-23.42906],[-46.898825,-23.429138],[-46.897566,-23.429708],[-46.89719,-23.429725],[-46.895169,-23.429152],[-46.893693,-23.428129],[-46.89276,-23.428035],[-46.892385,-23.427782],[-46.891972,-23.425948],[-46.891645,-23.422265],[-46.891391,-23.421605],[-46.89146,-23.42107],[-46.89191,-23.420219],[-46.892503,-23.417831],[-46.89206,-23.416357],[-46.892645,-23.413928],[-46.892399,-23.412746],[-46.891916,-23.411565],[-46.891456,-23.409231],[-46.891108,-23.408818],[-46.891266,-23.40868],[-46.890954,-23.407654],[-46.890586,-23.407299],[-46.885125,-23.405376],[-46.884932,-23.405161],[-46.882257,-23.404199]]}},{"type":"Feature","properties":{"id_backbone":"BB-FBBEE8444E81","trecho":"SRE.PC-SRE.SR","cluster":"OSASCO","cabo":"F-0711","capacidade":"12","extensao_km":21.392,"confianca":"ALTA","fonte":"OSRM/OpenStreetMap","ponta_a":"SRE.PC","municipio_a":"SAO ROQUE","ponta_b":"SRE.SR","municipio_b":"SAO ROQUE"},"geometry":{"type":"LineString","coordinates":[[-47.091524,-23.634296],[-47.090752,-23.634108],[-47.092127,-23.631812],[-47.092,-23.629655],[-47.0927,-23.62853],[-47.091992,-23.627868],[-47.091372,-23.62763],[-47.091267,-23.627384],[-47.092061,-23.626999],[-47.092765,-23.626974],[-47.093445,-23.625932],[-47.094418,-23.625341],[-47.09539,-23.625159],[-47.096319,-23.62532],[-47.096782,-23.624554],[-47.097783,-23.624185],[-47.101069,-23.624111],[-47.103722,-23.622303],[-47.105043,-23.622072],[-47.105638,-23.622204],[-47.10611,-23.622562],[-47.1065,-23.622551],[-47.107264,-23.622262],[-47.107829,-23.621721],[-47.109504,-23.621403],[-47.111148,-23.621497],[-47.112182,-23.621806],[-47.112982,-23.62144],[-47.116672,-23.621859],[-47.117822,-23.622349],[-47.119794,-23.622736],[-47.121837,-23.624121],[-47.122806,-23.62432],[-47.124143,-23.625024],[-47.125721,-23.624884],[-47.1272,-23.62211],[-47.12902,-23.620547],[-47.129644,-23.620345],[-47.130406,-23.62044],[-47.131342,-23.620251],[-47.132381,-23.619892],[-47.132916,-23.619471],[-47.133901,-23.619553],[-47.134743,-23.619966],[-47.136685,-23.619566],[-47.137493,-23.619219],[-47.138555,-23.618393],[-47.13973,-23.618659],[-47.140156,-23.618585],[-47.140677,-23.617903],[-47.142057,-23.617918],[-47.142697,-23.617323],[-47.143354,-23.617094],[-47.143884,-23.616548],[-47.144635,-23.616507],[-47.145616,-23.615761],[-47.147103,-23.615752],[-47.147891,-23.615436],[-47.148298,-23.614979],[-47.149603,-23.614669],[-47.150595,-23.614775],[-47.152164,-23.613884],[-47.153004,-23.613826],[-47.15487,-23.612739],[-47.155255,-23.612633],[-47.155792,-23.612741],[-47.156694,-23.61145],[-47.157707,-23.611028],[-47.158442,-23.610947],[-47.160332,-23.611135],[-47.160061,-23.61171],[-47.160269,-23.611758],[-47.161623,-23.611612],[-47.162564,-23.611071],[-47.165782,-23.607969],[-47.166664,-23.606672],[-47.165317,-23.605605],[-47.164301,-23.601712],[-47.162821,-23.600182],[-47.162684,-23.599094],[-47.162824,-23.597985],[-47.162737,-23.596557],[-47.162308,-23.596085],[-47.162263,-23.594414],[-47.161724,-23.59224],[-47.161617,-23.590803],[-47.160639,-23.58892],[-47.160215,-23.58734],[-47.160831,-23.584247],[-47.16176,-23.582229],[-47.162287,-23.581897],[-47.164412,-23.581713],[-47.165187,-23.58104],[-47.165677,-23.580128],[-47.165719,-23.577707],[-47.166174,-23.576376],[-47.166549,-23.574343],[-47.166355,-23.573634],[-47.165745,-23.573074],[-47.164871,-23.571459],[-47.164116,-23.570635],[-47.164094,-23.570112],[-47.164469,-23.568908],[-47.164338,-23.568042],[-47.163224,-23.566788],[-47.162606,-23.565516],[-47.161155,-23.564161],[-47.158783,-23.562628],[-47.157995,-23.560937],[-47.15772,-23.558561],[-47.15703,-23.557572],[-47.156273,-23.557302],[-47.154656,-23.557203],[-47.15197,-23.556392],[-47.15002,-23.555314],[-47.148173,-23.554658],[-47.14573,-23.552776],[-47.144466,-23.550663],[-47.143945,-23.550281],[-47.142043,-23.54952],[-47.141406,-23.549419],[-47.139475,-23.549942],[-47.138777,-23.549112],[-47.138663,-23.547901],[-47.138319,-23.546708],[-47.1369,-23.545188],[-47.136347,-23.543359],[-47.135265,-23.5432],[-47.133489,-23.542037],[-47.132737,-23.541885],[-47.1323,-23.542053],[-47.132108,-23.541977],[-47.132093,-23.541772],[-47.132328,-23.54168],[-47.132384,-23.541408],[-47.132036,-23.539602],[-47.131578,-23.538096],[-47.131061,-23.537548],[-47.13088,-23.536946],[-47.133379,-23.53447],[-47.134362,-23.531833],[-47.135457,-23.530778],[-47.135655,-23.530936]]}},{"type":"Feature","properties":{"id_backbone":"BB-4085BFB2909E","trecho":"SRR.BV-SRR.RD","cluster":"SAO JOSE DO RIO PRETO","cabo":"F-0046","capacidade":"72","extensao_km":5.305,"confianca":"SEM_REFERENCIA","fonte":"OSRM/OpenStreetMap","ponta_a":"SRR.BV","municipio_a":"SAO JOSE DO RIO PRETO","ponta_b":"SRR.RD","municipio_b":"SAO JOSE DO RIO PRETO"},"geometry":{"type":"LineString","coordinates":[[-49.389502,-20.801698],[-49.388825,-20.801066],[-49.388132,-20.80172],[-49.393018,-20.80627],[-49.391722,-20.807602],[-49.391323,-20.809085],[-49.381957,-20.817991],[-49.385352,-20.823618],[-49.390505,-20.829262],[-49.391913,-20.831756],[-49.392851,-20.834344],[-49.396533,-20.833593],[-49.396575,-20.833747],[-49.395991,-20.833861]]}},{"type":"Feature","properties":{"id_backbone":"BB-A7718FCD7E15","trecho":"SRR.EB-SRR.VT","cluster":"SAO JOSE DO RIO PRETO","cabo":"F-0045","capacidade":"72","extensao_km":7.658,"confianca":"SEM_REFERENCIA","fonte":"OSRM/OpenStreetMap","ponta_a":"SRR.EB","municipio_a":"SAO JOSE DO RIO PRETO","ponta_b":"SRR.VT","municipio_b":"SAO JOSE DO RIO PRETO"},"geometry":{"type":"LineString","coordinates":[[-49.380801,-20.813896],[-49.379529,-20.815093],[-49.38089,-20.816392],[-49.381428,-20.817145],[-49.385352,-20.823618],[-49.386382,-20.824685],[-49.386326,-20.824876],[-49.386149,-20.824905],[-49.385131,-20.823928],[-49.384293,-20.823864],[-49.383177,-20.823537],[-49.37345,-20.823679],[-49.371316,-20.824016],[-49.369253,-20.82465],[-49.366906,-20.825817],[-49.365353,-20.826885],[-49.364106,-20.827993],[-49.353636,-20.839815],[-49.353558,-20.840481],[-49.352342,-20.84181],[-49.351489,-20.841447],[-49.351739,-20.841156],[-49.351204,-20.84055],[-49.347085,-20.838764],[-49.345301,-20.837669],[-49.344721,-20.838662],[-49.342308,-20.841453],[-49.341796,-20.842283],[-49.342688,-20.843018]]}},{"type":"Feature","properties":{"id_backbone":"BB-9172B9717A9D","trecho":"SRR.MC-TALH.TH","cluster":"SAO JOSE DO RIO PRETO","cabo":"F-0047","capacidade":"12","extensao_km":14.027,"confianca":"SEM_REFERENCIA","fonte":"OSRM/OpenStreetMap","ponta_a":"SRR.MC","municipio_a":"SAO JOSE DO RIO PRETO","ponta_b":"TALH.TH","municipio_b":"SAO JOSE DO RIO PRETO"},"geometry":{"type":"LineString","coordinates":[[-49.367638,-20.801537],[-49.364024,-20.799303],[-49.363487,-20.798797],[-49.358229,-20.795275],[-49.355201,-20.794607],[-49.354065,-20.794515],[-49.354376,-20.794042],[-49.353132,-20.782763],[-49.353135,-20.779963],[-49.352492,-20.776568],[-49.3478,-20.765508],[-49.346057,-20.762143],[-49.345448,-20.761658],[-49.344659,-20.761445],[-49.34443,-20.760507],[-49.342381,-20.759136],[-49.342138,-20.758761],[-49.337049,-20.755445],[-49.331915,-20.752387],[-49.330461,-20.751996],[-49.329624,-20.750918],[-49.326963,-20.749212],[-49.326147,-20.749025],[-49.325781,-20.748466],[-49.322995,-20.746524],[-49.322566,-20.745795],[-49.321851,-20.743592],[-49.32015,-20.740695],[-49.302395,-20.719569],[-49.301415,-20.718506],[-49.298476,-20.716941],[-49.29501,-20.71379],[-49.294562,-20.712952],[-49.294445,-20.712205],[-49.294875,-20.706276]]}},{"type":"Feature","properties":{"id_backbone":"BB-CCA23E67C542","trecho":"SRR.VS-VOT.RP","cluster":"SAO JOSE DO RIO PRETO","cabo":"F-0085","capacidade":"24","extensao_km":82.093,"confianca":"BAIXA","fonte":"OSRM/OpenStreetMap","ponta_a":"SRR.VS","municipio_a":"SAO JOSE DO RIO PRETO","ponta_b":"VOT.RP","municipio_b":"VOTUPORANGA"},"geometry":{"type":"LineString","coordinates":[[-49.381114,-20.813607],[-49.379529,-20.815093],[-49.38089,-20.816392],[-49.381428,-20.817145],[-49.38499,-20.823031],[-49.387995,-20.823324],[-49.395326,-20.823267],[-49.397155,-20.823468],[-49.403359,-20.824801],[-49.404966,-20.824965],[-49.40719,-20.824904],[-49.427473,-20.821249],[-49.430568,-20.820142],[-49.438332,-20.816759],[-49.439548,-20.816449],[-49.465784,-20.814905],[-49.471652,-20.814247],[-49.522198,-20.805026],[-49.523426,-20.804651],[-49.524223,-20.804211],[-49.525036,-20.80344],[-49.527761,-20.799825],[-49.571088,-20.740548],[-49.636736,-20.656983],[-49.665884,-20.620219],[-49.667594,-20.617533],[-49.669078,-20.614216],[-49.674934,-20.602733],[-49.675958,-20.601028],[-49.717573,-20.542241],[-49.718806,-20.540635],[-49.720575,-20.538861],[-49.727377,-20.534227],[-49.804669,-20.483244],[-49.80739,-20.481666],[-49.899383,-20.447421],[-49.904914,-20.445347],[-49.90967,-20.443346],[-49.915271,-20.440553],[-49.940283,-20.426736],[-49.953064,-20.419545],[-49.953823,-20.418735],[-49.958919,-20.415942],[-49.958948,-20.415712],[-49.960001,-20.417025],[-49.960847,-20.41771],[-49.961432,-20.417978],[-49.973169,-20.419735]]}},{"type":"Feature","properties":{"id_backbone":"BB-E14352A8B675","trecho":"SST.BA-SST.GU","cluster":"SAO JOSE DOS CAMPOS","cabo":"F-0102.01","capacidade":"12","extensao_km":3.762,"confianca":"MEDIA","fonte":"OSRM/OpenStreetMap","ponta_a":"SST.BA","municipio_a":"SAO SEBASTIAO","ponta_b":"SST.GU","municipio_b":"SAO SEBASTIAO"},"geometry":{"type":"LineString","coordinates":[[-45.4356,-23.823579],[-45.435853,-23.82358],[-45.435959,-23.821125],[-45.439126,-23.819701],[-45.439619,-23.820592],[-45.440299,-23.820903],[-45.440727,-23.821387],[-45.441343,-23.822734],[-45.441666,-23.824109],[-45.442452,-23.824712],[-45.442691,-23.824725],[-45.443046,-23.824238],[-45.44372,-23.823818],[-45.443896,-23.823186],[-45.444305,-23.822893],[-45.44582,-23.823511],[-45.447052,-23.824198],[-45.447787,-23.824832],[-45.451252,-23.824919],[-45.451805,-23.82462],[-45.452792,-23.823285],[-45.453228,-23.821267],[-45.453707,-23.819886],[-45.458373,-23.817805],[-45.459083,-23.819128]]}},{"type":"Feature","properties":{"id_backbone":"BB-844EFC3AD27A","trecho":"STB.DC-STB.JM","cluster":"CAMPINAS","cabo":"F-0214","capacidade":"36","extensao_km":6.02,"confianca":"BAIXA","fonte":"OSRM/OpenStreetMap","ponta_a":"STB.DC","municipio_a":"SANTA BARBARA D'OESTE","ponta_b":"STB.JM","municipio_b":"SANTA BARBARA D'OESTE"},"geometry":{"type":"LineString","coordinates":[[-47.414079,-22.7517],[-47.416215,-22.750547],[-47.416174,-22.750028],[-47.415371,-22.74982],[-47.414108,-22.748694],[-47.412601,-22.748347],[-47.411944,-22.748346],[-47.40872,-22.751018],[-47.406689,-22.753121],[-47.406284,-22.753258],[-47.405346,-22.75317],[-47.403891,-22.75413],[-47.402607,-22.754235],[-47.402462,-22.754044],[-47.402797,-22.753605],[-47.402862,-22.753195],[-47.402496,-22.75],[-47.401008,-22.747354],[-47.39882,-22.746158],[-47.398235,-22.74617],[-47.397958,-22.745888],[-47.397096,-22.745722],[-47.394354,-22.746135],[-47.393107,-22.74604],[-47.39227,-22.745684],[-47.391122,-22.744796],[-47.390738,-22.744762],[-47.390606,-22.744361],[-47.388606,-22.742713],[-47.388029,-22.742423],[-47.374998,-22.73963],[-47.374232,-22.741637]]}},{"type":"Feature","properties":{"id_backbone":"BB-F8B00282B9BE","trecho":"SZS.RD-SZS.SC","cluster":"CAMPINAS","cabo":"F-0031","capacidade":"12","extensao_km":8.562,"confianca":"SEM_REFERENCIA","fonte":"OSRM/OpenStreetMap","ponta_a":"SZS.RD","municipio_a":"SANTA CRUZ DAS PALMEIRAS","ponta_b":"SZS.SC","municipio_b":"SANTA CRUZ DAS PALMEIRAS"},"geometry":{"type":"LineString","coordinates":[[-47.245465,-21.765974],[-47.245693,-21.766373],[-47.245667,-21.766671],[-47.245205,-21.767274],[-47.241672,-21.768368],[-47.241013,-21.768704],[-47.240202,-21.769531],[-47.239059,-21.772883],[-47.238627,-21.773172],[-47.239132,-21.774124],[-47.238967,-21.77434],[-47.237911,-21.774749],[-47.235613,-21.779943],[-47.235792,-21.78394],[-47.235259,-21.786269],[-47.232277,-21.789187],[-47.232015,-21.789645],[-47.232065,-21.790314],[-47.232806,-21.792088],[-47.233999,-21.794185],[-47.234495,-21.796728],[-47.234496,-21.79749],[-47.234033,-21.799425],[-47.234375,-21.800923],[-47.233714,-21.804333],[-47.233644,-21.805553],[-47.234581,-21.808046],[-47.236311,-21.810502],[-47.236992,-21.812454],[-47.238971,-21.815576],[-47.24033,-21.817262],[-47.241169,-21.817846],[-47.242368,-21.818347],[-47.244139,-21.819985],[-47.245344,-21.821384],[-47.245866,-21.821039],[-47.247552,-21.824975],[-47.248984,-21.827771],[-47.252014,-21.826425]]}},{"type":"Feature","properties":{"id_backbone":"BB-1460874D96FF","trecho":"TBS.TA-TBS.TK","cluster":"OSASCO","cabo":"F-0723","capacidade":"36","extensao_km":3.578,"confianca":"ALTA","fonte":"OSRM/OpenStreetMap","ponta_a":"TBS.TA","municipio_a":"TABOAO DA SERRA","ponta_b":"TBS.TK","municipio_b":"TABOAO DA SERRA"},"geometry":{"type":"LineString","coordinates":[[-46.774336,-23.612088],[-46.774465,-23.611797],[-46.774784,-23.611919],[-46.77482,-23.611548],[-46.774468,-23.610859],[-46.786028,-23.615097],[-46.79213,-23.616783],[-46.792163,-23.616917],[-46.790947,-23.61674],[-46.788653,-23.621649],[-46.788369,-23.622912],[-46.788026,-23.623576],[-46.788474,-23.623911],[-46.788471,-23.624279],[-46.78769,-23.625884],[-46.789172,-23.626316],[-46.789441,-23.626053]]}},{"type":"Feature","properties":{"id_backbone":"BB-42BE733AE673","trecho":"TOX.RD-TOX.TR","cluster":"SAO JOSE DO RIO PRETO","cabo":"F-0003","capacidade":"12","extensao_km":0.81,"confianca":"ALTA","fonte":"OSRM/OpenStreetMap","ponta_a":"TOX.RD","municipio_a":"TERRA ROXA","ponta_b":"TOX.TR","municipio_b":"TERRA ROXA"},"geometry":{"type":"LineString","coordinates":[[-48.334398,-20.790803],[-48.334701,-20.790199],[-48.328571,-20.786948]]}},{"type":"Feature","properties":{"id_backbone":"BB-A6895A2F8EA5","trecho":"TTE.AM-TTE.IN","cluster":"SAO JOSE DOS CAMPOS","cabo":"F-0111","capacidade":"72","extensao_km":3.09,"confianca":"ALTA","fonte":"OSRM/OpenStreetMap","ponta_a":"TTE.AM","municipio_a":"TAUBATE","ponta_b":"TTE.IN","municipio_b":"TAUBATE"},"geometry":{"type":"LineString","coordinates":[[-45.560002,-23.024506],[-45.560897,-23.02372],[-45.565869,-23.025922],[-45.566281,-23.025777],[-45.566467,-23.025955],[-45.566441,-23.026205],[-45.569502,-23.027532],[-45.569827,-23.027402],[-45.570322,-23.026777],[-45.57064,-23.026706],[-45.576728,-23.030239],[-45.576347,-23.031925],[-45.576429,-23.032582],[-45.578294,-23.035566],[-45.57786,-23.037342],[-45.576887,-23.037122],[-45.57709,-23.036353]]}},{"type":"Feature","properties":{"id_backbone":"BB-C26EB16E5E8E","trecho":"TUP.RC-TUP.RD","cluster":"BAURU","cabo":"F-0322-00","capacidade":"36","extensao_km":1.466,"confianca":"ALTA","fonte":"OSRM/OpenStreetMap","ponta_a":"TUP.RC","municipio_a":"TUPA","ponta_b":"TUP.RD","municipio_b":"TUPA"},"geometry":{"type":"LineString","coordinates":[[-50.515664,-21.932444],[-50.514214,-21.933863],[-50.514226,-21.934933],[-50.514341,-21.935182],[-50.51735,-21.93777],[-50.515475,-21.939709],[-50.516243,-21.940337],[-50.515573,-21.941],[-50.514298,-21.939898]]}},{"type":"Feature","properties":{"id_backbone":"BB-C4EBA0A07748","trecho":"UTB.LG-UTB.PV","cluster":"SAO JOSE DOS CAMPOS","cabo":"F-0109","capacidade":"24","extensao_km":7.389,"confianca":"ALTA","fonte":"OSRM/OpenStreetMap","ponta_a":"UTB.LG","municipio_a":"UBATUBA","ponta_b":"UTB.PV","municipio_b":"UBATUBA"},"geometry":{"type":"LineString","coordinates":[[-45.198754,-23.516481],[-45.196495,-23.515584],[-45.19611,-23.516472],[-45.191345,-23.514628],[-45.19069,-23.514206],[-45.190249,-23.51343],[-45.189178,-23.50788],[-45.188398,-23.507028],[-45.185653,-23.50535],[-45.185471,-23.505104],[-45.185286,-23.504309],[-45.184573,-23.502991],[-45.184438,-23.501437],[-45.183153,-23.499871],[-45.182409,-23.497716],[-45.181775,-23.497292],[-45.179706,-23.497206],[-45.178876,-23.496673],[-45.177898,-23.496472],[-45.176664,-23.495307],[-45.1765,-23.494238],[-45.176284,-23.493885],[-45.174129,-23.492691],[-45.173755,-23.492823],[-45.176083,-23.494127],[-45.176037,-23.495465],[-45.177683,-23.497182],[-45.17799,-23.497761],[-45.178021,-23.498347],[-45.176151,-23.501906],[-45.176522,-23.503071],[-45.175935,-23.502706],[-45.174508,-23.502196],[-45.173372,-23.502096],[-45.173052,-23.502344],[-45.173025,-23.502637],[-45.174391,-23.503848],[-45.174583,-23.504324],[-45.174361,-23.504729],[-45.172832,-23.505377],[-45.172792,-23.506093],[-45.173669,-23.506819],[-45.174526,-23.507815],[-45.174711,-23.508287],[-45.174789,-23.509421],[-45.175835,-23.510168],[-45.17675,-23.510429],[-45.177149,-23.511064]]}},{"type":"Feature","properties":{"id_backbone":"BB-F525A6A0A700","trecho":"VIN.CA-VIN.SD","cluster":"CAMPINAS","cabo":"F-0118","capacidade":"12","extensao_km":7.56,"confianca":"SEM_REFERENCIA","fonte":"OSRM/OpenStreetMap","ponta_a":"VIN.CA","municipio_a":"VINHEDO","ponta_b":"VIN.SD","municipio_b":"VINHEDO"},"geometry":{"type":"LineString","coordinates":[[-46.920902,-23.029774],[-46.92179,-23.028852],[-46.92104,-23.028142],[-46.920516,-23.02713],[-46.921363,-23.025941],[-46.92002,-23.025906],[-46.920598,-23.025337],[-46.922064,-23.024368],[-46.923671,-23.023796],[-46.926201,-23.022182],[-46.928152,-23.020231],[-46.932124,-23.020696],[-46.934678,-23.020485],[-46.939312,-23.018745],[-46.94127,-23.018205],[-46.942718,-23.017611],[-46.943381,-23.017542],[-46.945157,-23.017744],[-46.946619,-23.017677],[-46.947713,-23.017936],[-46.949,-23.017873],[-46.949841,-23.018046],[-46.95132,-23.019022],[-46.952913,-23.021647],[-46.955422,-23.022805],[-46.956227,-23.023584],[-46.956691,-23.023714],[-46.957326,-23.023582],[-46.957575,-23.024185],[-46.958197,-23.024713],[-46.96043,-23.025125],[-46.960951,-23.025492],[-46.966318,-23.027747],[-46.966762,-23.028094],[-46.966602,-23.028668],[-46.966954,-23.029605],[-46.967782,-23.030187],[-46.969889,-23.030573],[-46.970656,-23.030514],[-46.971081,-23.030095],[-46.971363,-23.030056],[-46.97456,-23.032027],[-46.975153,-23.031179],[-46.97426,-23.030629],[-46.974542,-23.030225]]}},{"type":"Feature","properties":{"id_backbone":"BB-88994DAF4157","trecho":"VIN.VA-VOS.VV","cluster":"CAMPINAS","cabo":"TR-0309","capacidade":"36","extensao_km":6.942,"confianca":"ALTA","fonte":"OSRM/OpenStreetMap","ponta_a":"VIN.VA","municipio_a":"VINHEDO","ponta_b":"VOS.VV","municipio_b":"VALINHOS"},"geometry":{"type":"LineString","coordinates":[[-46.990972,-23.028347],[-46.990954,-23.027265],[-46.992239,-23.026982],[-46.994394,-23.02587],[-46.994276,-23.025697],[-46.999373,-23.022918],[-47.000033,-23.022269],[-47.000934,-23.020631],[-47.00107,-23.020081],[-47.001143,-23.018354],[-47.000578,-23.016843],[-47.000572,-23.014981],[-47.000923,-23.014208],[-47.003034,-23.011074],[-47.003252,-23.011031],[-47.003449,-23.01131],[-47.007595,-23.010933],[-47.009082,-23.008949],[-47.009284,-23.008122],[-47.008422,-23.005627],[-47.009832,-23.000257],[-47.010099,-23.000273],[-47.010375,-23.001462],[-47.011516,-23.004271],[-47.012729,-23.005751],[-47.014138,-23.006777],[-47.0163,-23.007597],[-47.019911,-23.008066],[-47.022558,-23.009404],[-47.023808,-23.009432],[-47.024013,-23.009691],[-47.023923,-23.01035],[-47.02603,-23.011466],[-47.026323,-23.011466],[-47.026666,-23.011072],[-47.026644,-23.0093]]}}]}