{"type":"FeatureCollection","features":[{"type":"Feature","properties":{"id_backbone":"BB-734EC5E493E7","trecho":"AAI.VS-ETVA.ET","cluster":"CAMPINAS","cabo":"F-0142","capacidade":"24","extensao_km":31.778,"confianca":"ALTA","fonte":"OSRM/OpenStreetMap","ponta_a":"AAI.VS","municipio_a":"AGUAI","ponta_b":"ETVA.ET","municipio_b":"ESTIVA GERBI"},"geometry":{"type":"LineString","coordinates":[[-46.979491,-22.056201],[-46.979457,-22.060491],[-46.977277,-22.060466],[-46.974537,-22.068262],[-46.97468,-22.068638],[-46.975279,-22.069166],[-46.978383,-22.07017],[-46.979712,-22.070884],[-46.980752,-22.071676],[-47.00161,-22.09432],[-47.00231,-22.094706],[-47.003014,-22.094816],[-47.004545,-22.094281],[-47.005068,-22.094315],[-47.005673,-22.094884],[-47.005716,-22.095877],[-47.005443,-22.096655],[-47.004162,-22.098479],[-47.003798,-22.099289],[-47.003519,-22.100607],[-47.001596,-22.122693],[-47.001203,-22.125197],[-46.995739,-22.147251],[-46.986236,-22.190058],[-46.979229,-22.223513],[-46.977538,-22.254436],[-46.976648,-22.258764],[-46.973573,-22.269984],[-46.973659,-22.271922],[-46.974586,-22.274663],[-46.97476,-22.275625],[-46.974698,-22.277472],[-46.969828,-22.294288],[-46.969826,-22.29516],[-46.970159,-22.29525],[-46.970615,-22.295051],[-46.970686,-22.294687],[-46.970468,-22.294459],[-46.965634,-22.291903],[-46.96434,-22.290878],[-46.963185,-22.289477],[-46.958949,-22.283326],[-46.956347,-22.278341],[-46.956037,-22.27833],[-46.95622,-22.278641],[-46.955701,-22.278909],[-46.955424,-22.278442],[-46.953123,-22.279638]]}},{"type":"Feature","properties":{"id_backbone":"BB-6E314C7A840B","trecho":"AAL.AA-PNI.LO","cluster":"ARACATUBA","cabo":"F-0024","capacidade":"12","extensao_km":22.607,"confianca":"ALTA","fonte":"OSRM/OpenStreetMap","ponta_a":"AAL.AA","municipio_a":"ALTO ALEGRE","ponta_b":"PNI.LO","municipio_b":"PENAPOLIS"},"geometry":{"type":"LineString","coordinates":[[-50.164325,-21.581693],[-50.162387,-21.580261],[-50.159165,-21.58048],[-50.157242,-21.580311],[-50.155116,-21.579248],[-50.153983,-21.578935],[-50.153403,-21.580459],[-50.152603,-21.580478],[-50.151008,-21.581204],[-50.132817,-21.571529],[-50.130311,-21.569454],[-50.127863,-21.56639],[-50.127023,-21.564361],[-50.126782,-21.562586],[-50.120833,-21.537621],[-50.119422,-21.533083],[-50.118073,-21.530264],[-50.116657,-21.527888],[-50.106463,-21.511578],[-50.105483,-21.509109],[-50.105242,-21.507677],[-50.10525,-21.505912],[-50.107527,-21.486627],[-50.107528,-21.485053],[-50.107956,-21.481094],[-50.107787,-21.479493],[-50.107347,-21.478088],[-50.1065,-21.476438],[-50.105644,-21.475275],[-50.099967,-21.469948],[-50.095342,-21.465177],[-50.094401,-21.463623],[-50.094093,-21.462774],[-50.093201,-21.457651],[-50.092332,-21.455601],[-50.090036,-21.452919],[-50.089164,-21.452427],[-50.08663,-21.449699],[-50.086196,-21.448833],[-50.083273,-21.445518],[-50.082466,-21.443907],[-50.081885,-21.442259],[-50.082009,-21.440752],[-50.081818,-21.434882],[-50.078373,-21.428873],[-50.077452,-21.427797],[-50.076253,-21.4268],[-50.078626,-21.423816],[-50.07524,-21.420567],[-50.075768,-21.42007]]}},{"type":"Feature","properties":{"id_backbone":"BB-69F6757C53E6","trecho":"ABB.FB-ABB.LA","cluster":"BAURU","cabo":"F-0145","capacidade":"12","extensao_km":5.023,"confianca":"ALTA","fonte":"OSRM/OpenStreetMap","ponta_a":"ABB.FB","municipio_a":"AGUAS DE SANTA BARBARA","ponta_b":"ABB.LA","municipio_b":"AGUAS DE SANTA BARBARA"},"geometry":{"type":"LineString","coordinates":[[-49.239234,-22.880287],[-49.239498,-22.880323],[-49.239838,-22.878338],[-49.239787,-22.877275],[-49.230225,-22.869053],[-49.22729,-22.865812],[-49.226946,-22.865118],[-49.227489,-22.861408],[-49.225831,-22.847657],[-49.229967,-22.847585],[-49.230472,-22.84853],[-49.231686,-22.848465],[-49.232971,-22.848935]]}},{"type":"Feature","properties":{"id_backbone":"BB-E6E651932765","trecho":"ABS.FN-ARQ.VX","cluster":"RIBEIRAO PRETO","cabo":"F-0220","capacidade":"72","extensao_km":9.303,"confianca":"REJEITADA","fonte":"OSRM/OpenStreetMap","ponta_a":"ABS.FN","municipio_a":"AMERICO BRASILIENSE","ponta_b":"ARQ.VX","municipio_b":"ARARAQUARA"},"geometry":{"type":"LineString","coordinates":[[-48.104956,-21.726751],[-48.103371,-21.726901],[-48.10335,-21.727008],[-48.103558,-21.729011],[-48.103296,-21.729039],[-48.104216,-21.737899],[-48.105189,-21.741188],[-48.108707,-21.749391],[-48.110062,-21.750523],[-48.111918,-21.751491],[-48.116571,-21.752629],[-48.136007,-21.761872],[-48.136063,-21.762097],[-48.134787,-21.764478],[-48.138191,-21.7655],[-48.139525,-21.766396],[-48.139615,-21.766965],[-48.140278,-21.768517],[-48.140648,-21.77123],[-48.140928,-21.771716],[-48.140963,-21.772179],[-48.14338,-21.774984],[-48.147938,-21.777548],[-48.149819,-21.777915],[-48.149634,-21.778557],[-48.148667,-21.780137],[-48.149982,-21.780847],[-48.150224,-21.78083],[-48.150286,-21.781459],[-48.150995,-21.782647]]}},{"type":"Feature","properties":{"id_backbone":"BB-F89B887C3475","trecho":"ADA.CT-GTA.NG","cluster":"SAO JOSE DOS CAMPOS","cabo":"F-0102","capacidade":"24","extensao_km":8.153,"confianca":"BAIXA","fonte":"OSRM/OpenStreetMap","ponta_a":"ADA.CT","municipio_a":"APARECIDA","ponta_b":"GTA.NG","municipio_b":"GUARATINGUETA"},"geometry":{"type":"LineString","coordinates":[[-45.229491,-22.840321],[-45.23114,-22.841616],[-45.230349,-22.842587],[-45.226373,-22.839763],[-45.226033,-22.839783],[-45.225759,-22.839292],[-45.223753,-22.837549],[-45.221745,-22.834826],[-45.223449,-22.835519],[-45.22376,-22.835379],[-45.22272,-22.83505],[-45.219709,-22.832531],[-45.216424,-22.830389],[-45.215275,-22.829375],[-45.214294,-22.828875],[-45.213326,-22.829879],[-45.21122,-22.82876],[-45.210683,-22.828832],[-45.210434,-22.828414],[-45.205378,-22.826395],[-45.204601,-22.825905],[-45.204209,-22.825445],[-45.203332,-22.823396],[-45.20233,-22.822025],[-45.201178,-22.821597],[-45.199531,-22.820715],[-45.199014,-22.820744],[-45.198757,-22.82059],[-45.198756,-22.820276],[-45.200248,-22.817563],[-45.200564,-22.817256],[-45.201251,-22.817045],[-45.201456,-22.816793],[-45.202181,-22.815078],[-45.202229,-22.814476],[-45.201228,-22.812067],[-45.198521,-22.810893],[-45.196224,-22.80822],[-45.195509,-22.807666],[-45.195512,-22.806926],[-45.19441,-22.805762],[-45.193784,-22.805524],[-45.193781,-22.805298],[-45.194074,-22.80517],[-45.194211,-22.804869],[-45.194212,-22.804217],[-45.194599,-22.803199],[-45.194398,-22.803018],[-45.193052,-22.802929],[-45.193084,-22.802217],[-45.192408,-22.800362]]}},{"type":"Feature","properties":{"id_backbone":"BB-59C81FBD6924","trecho":"ADD.AD-ADD.RD","cluster":"ARACATUBA","cabo":"F-0005","capacidade":"36","extensao_km":1.03,"confianca":"REJEITADA","fonte":"OSRM/OpenStreetMap","ponta_a":"ADD.AD","municipio_a":"ANDRADINA","ponta_b":"ADD.RD","municipio_b":"ANDRADINA"},"geometry":{"type":"LineString","coordinates":[[-51.377084,-20.89848],[-51.377619,-20.898164],[-51.374226,-20.892991],[-51.37185,-20.894376]]}},{"type":"Feature","properties":{"id_backbone":"BB-E99443F534AF","trecho":"ADT.EC-FPT.NJ","cluster":"ARACATUBA","cabo":"F-0014","capacidade":"6","extensao_km":15.916,"confianca":"ALTA","fonte":"OSRM/OpenStreetMap","ponta_a":"ADT.EC","municipio_a":"ADAMANTINA","ponta_b":"FPT.NJ","municipio_b":"FLORIDA PAULISTA"},"geometry":{"type":"LineString","coordinates":[[-51.075335,-21.685244],[-51.075505,-21.684901],[-51.074627,-21.684519],[-51.090916,-21.650852],[-51.090901,-21.650382],[-51.090678,-21.650121],[-51.088405,-21.649091],[-51.088298,-21.6487],[-51.089629,-21.648365],[-51.094015,-21.646067],[-51.098785,-21.6428],[-51.101183,-21.641418],[-51.102152,-21.641112],[-51.11185,-21.639607],[-51.122691,-21.635158],[-51.155726,-21.610709],[-51.1608,-21.604802],[-51.161465,-21.603093],[-51.161682,-21.603136],[-51.1617,-21.603373],[-51.162161,-21.603684],[-51.162418,-21.60365],[-51.162473,-21.603915],[-51.16339,-21.604495],[-51.168026,-21.607068],[-51.168912,-21.60869],[-51.169779,-21.609578],[-51.17256,-21.613632],[-51.173052,-21.613548],[-51.173469,-21.613834],[-51.173535,-21.614292],[-51.173267,-21.61465],[-51.172999,-21.614706]]}},{"type":"Feature","properties":{"id_backbone":"BB-53EAFA068206","trecho":"ADT.EC-TUP.RC","cluster":"ARACATUBA","cabo":"F-0203","capacidade":"72","extensao_km":67.628,"confianca":"BAIXA","fonte":"OSRM/OpenStreetMap","ponta_a":"ADT.EC","municipio_a":"ADAMANTINA","ponta_b":"TUP.RC","municipio_b":"TUPA"},"geometry":{"type":"LineString","coordinates":[[-51.075335,-21.685244],[-51.075505,-21.684901],[-51.07065,-21.682798],[-51.07058,-21.68269],[-51.070875,-21.682119],[-51.065946,-21.675456],[-51.065149,-21.675426],[-51.063834,-21.675919],[-51.053492,-21.683123],[-50.948059,-21.758192],[-50.946771,-21.759065],[-50.945082,-21.75987],[-50.942265,-21.760571],[-50.879821,-21.767258],[-50.823425,-21.782203],[-50.799329,-21.790943],[-50.797867,-21.791588],[-50.797138,-21.792123],[-50.796118,-21.7922],[-50.795075,-21.792499],[-50.785047,-21.796177],[-50.782882,-21.797468],[-50.725438,-21.838864],[-50.720051,-21.842896],[-50.719371,-21.843526],[-50.717501,-21.84609],[-50.715205,-21.849578],[-50.714547,-21.850828],[-50.712006,-21.854421],[-50.710785,-21.85593],[-50.710187,-21.8564],[-50.708118,-21.85743],[-50.663161,-21.877289],[-50.602012,-21.904161],[-50.599848,-21.905382],[-50.597647,-21.906084],[-50.585838,-21.911279],[-50.584102,-21.9118],[-50.582936,-21.911866],[-50.573747,-21.910693],[-50.571372,-21.910749],[-50.569854,-21.911093],[-50.546721,-21.919059],[-50.545156,-21.919936],[-50.544067,-21.920822],[-50.53372,-21.931155],[-50.532848,-21.932329],[-50.531879,-21.934746],[-50.531574,-21.934695],[-50.531291,-21.934092],[-50.53054,-21.933563],[-50.530531,-21.932941],[-50.530441,-21.933069],[-50.529763,-21.933142],[-50.529552,-21.932776],[-50.525707,-21.933128],[-50.522977,-21.933401],[-50.520588,-21.935848],[-50.516145,-21.931974],[-50.515664,-21.932444]]}},{"type":"Feature","properties":{"id_backbone":"BB-56931D290BCD","trecho":"ADY.AU-IIN.IP","cluster":"RIBEIRAO PRETO","cabo":"F-0281","capacidade":"36","extensao_km":24.401,"confianca":"ALTA","fonte":"OSRM/OpenStreetMap","ponta_a":"ADY.AU","municipio_a":"ANALANDIA","ponta_b":"IIN.IP","municipio_b":"ITIRAPINA"},"geometry":{"type":"LineString","coordinates":[[-47.66577,-22.127294],[-47.663462,-22.126691],[-47.661991,-22.131833],[-47.660663,-22.133922],[-47.660595,-22.134242],[-47.659355,-22.134986],[-47.657172,-22.134901],[-47.657057,-22.13515],[-47.657837,-22.135547],[-47.658775,-22.135698],[-47.659993,-22.136554],[-47.662424,-22.137419],[-47.663672,-22.137488],[-47.669098,-22.136794],[-47.670731,-22.136757],[-47.671856,-22.136929],[-47.673385,-22.137417],[-47.674982,-22.138383],[-47.676228,-22.139601],[-47.680912,-22.145748],[-47.681681,-22.14637],[-47.684996,-22.148289],[-47.685995,-22.14941],[-47.686343,-22.15028],[-47.686729,-22.153485],[-47.68736,-22.155656],[-47.688708,-22.158269],[-47.689953,-22.159878],[-47.708531,-22.176754],[-47.709806,-22.177375],[-47.710976,-22.177691],[-47.724237,-22.180652],[-47.726668,-22.181242],[-47.727906,-22.1817],[-47.744805,-22.191401],[-47.755134,-22.197519],[-47.757175,-22.199503],[-47.758513,-22.20172],[-47.758956,-22.202876],[-47.760305,-22.20884],[-47.760806,-22.2101],[-47.761796,-22.211537],[-47.777877,-22.224741],[-47.780158,-22.226174],[-47.812865,-22.243545],[-47.815949,-22.244901],[-47.817027,-22.244805],[-47.817134,-22.245128],[-47.816617,-22.24539],[-47.816444,-22.24568],[-47.816375,-22.246486],[-47.817407,-22.247742],[-47.817701,-22.248897],[-47.816787,-22.25437],[-47.818025,-22.254546]]}},{"type":"Feature","properties":{"id_backbone":"BB-817A7E630C24","trecho":"AGA.DC-EGCO.VE","cluster":"CAMPINAS","cabo":"F-0141","capacidade":"24","extensao_km":11.63,"confianca":"ALTA","fonte":"OSRM/OpenStreetMap","ponta_a":"AGA.DC","municipio_a":"ARTUR NOGUEIRA","ponta_b":"EGCO.VE","municipio_b":"ENGENHEIRO COELHO"},"geometry":{"type":"LineString","coordinates":[[-47.17175,-22.57495],[-47.171269,-22.575229],[-47.171989,-22.574619],[-47.169948,-22.572549],[-47.173142,-22.569753],[-47.173353,-22.569476],[-47.173422,-22.569002],[-47.170824,-22.546801],[-47.17101,-22.544232],[-47.171791,-22.541887],[-47.178533,-22.530473],[-47.181199,-22.524983],[-47.181789,-22.524049],[-47.183495,-22.52231],[-47.1892,-22.518503],[-47.190702,-22.517176],[-47.200703,-22.504604],[-47.201132,-22.50367],[-47.201251,-22.502684],[-47.201492,-22.502671],[-47.201969,-22.503119],[-47.2027,-22.503196],[-47.20265,-22.502606],[-47.202783,-22.502275],[-47.211541,-22.491581],[-47.211556,-22.491022],[-47.211837,-22.490913],[-47.212078,-22.491033],[-47.213694,-22.490511],[-47.214087,-22.490534],[-47.214083,-22.489901]]}},{"type":"Feature","properties":{"id_backbone":"BB-5E7D488FF88E","trecho":"AGL.BS-LIA.RP","cluster":"CAMPINAS","cabo":"F-0096","capacidade":"6","extensao_km":6.368,"confianca":"BAIXA","fonte":"OSRM/OpenStreetMap","ponta_a":"AGL.BS","municipio_a":"AGUAS DE LINDOIA","ponta_b":"LIA.RP","municipio_b":"LINDOIA"},"geometry":{"type":"LineString","coordinates":[[-46.635197,-22.475595],[-46.635524,-22.475401],[-46.635789,-22.475836],[-46.636349,-22.482867],[-46.63618,-22.483225],[-46.635217,-22.484201],[-46.633474,-22.486743],[-46.633274,-22.488351],[-46.633644,-22.489267],[-46.6349,-22.489897],[-46.63534,-22.490378],[-46.635283,-22.492016],[-46.634805,-22.493257],[-46.635091,-22.494159],[-46.635973,-22.494605],[-46.636142,-22.495139],[-46.635908,-22.496605],[-46.634302,-22.499581],[-46.634254,-22.500143],[-46.634735,-22.501787],[-46.635464,-22.502681],[-46.635185,-22.503657],[-46.635242,-22.50408],[-46.636333,-22.504872],[-46.637011,-22.50735],[-46.638811,-22.510349],[-46.63888,-22.511495],[-46.63864,-22.511675],[-46.637916,-22.511796],[-46.637634,-22.512116],[-46.637953,-22.513408],[-46.639017,-22.514292],[-46.639823,-22.515778],[-46.640729,-22.516369],[-46.641093,-22.517385],[-46.6415,-22.517534],[-46.642329,-22.517379],[-46.642764,-22.517482],[-46.64413,-22.519006],[-46.646414,-22.520774],[-46.646776,-22.521617],[-46.645289,-22.521959]]}},{"type":"Feature","properties":{"id_backbone":"BB-3F8F880E65F5","trecho":"AGL.BS-AGL.RD","cluster":"CAMPINAS","cabo":"F-0015","capacidade":"24","extensao_km":1.065,"confianca":"REJEITADA","fonte":"OSRM/OpenStreetMap","ponta_a":"AGL.BS","municipio_a":"AGUAS DE LINDOIA","ponta_b":"AGL.RD","municipio_b":"AGUAS DE LINDOIA"},"geometry":{"type":"LineString","coordinates":[[-46.635197,-22.475595],[-46.635338,-22.475516],[-46.634782,-22.474993],[-46.633599,-22.474967],[-46.633167,-22.474319],[-46.632698,-22.474721],[-46.632753,-22.47495],[-46.632482,-22.474978],[-46.632224,-22.475296],[-46.632401,-22.477427],[-46.632272,-22.47729],[-46.631671,-22.47772],[-46.632075,-22.478182],[-46.632168,-22.478541],[-46.632153,-22.479827]]}},{"type":"Feature","properties":{"id_backbone":"BB-5A86EF7CB4B9","trecho":"AGS.TM-BOB.BB","cluster":"BAURU","cabo":"F-0114-00","capacidade":"12","extensao_km":12.778,"confianca":"ALTA","fonte":"OSRM/OpenStreetMap","ponta_a":"AGS.TM","municipio_a":"AGUDOS","ponta_b":"BOB.BB","municipio_b":"BOREBI"},"geometry":{"type":"LineString","coordinates":[[-48.986922,-22.475375],[-48.987288,-22.475335],[-48.987379,-22.476238],[-48.990352,-22.475937],[-48.991529,-22.485402],[-48.991902,-22.485688],[-48.99161,-22.486055],[-48.991665,-22.486718],[-48.992084,-22.490322],[-48.992431,-22.491237],[-48.992214,-22.491391],[-48.99167,-22.491307],[-48.989019,-22.489617],[-48.988404,-22.489543],[-48.987818,-22.490656],[-48.985954,-22.493139],[-48.984549,-22.495965],[-48.982956,-22.503303],[-48.983017,-22.505113],[-48.982694,-22.506432],[-48.974053,-22.528239],[-48.973253,-22.529494],[-48.970333,-22.5327],[-48.969534,-22.533883],[-48.968725,-22.536369],[-48.967384,-22.541814],[-48.967445,-22.543172],[-48.970284,-22.55359],[-48.970622,-22.554148],[-48.969977,-22.554338],[-48.968156,-22.555462],[-48.963726,-22.556913],[-48.963749,-22.557217],[-48.970694,-22.568752],[-48.971562,-22.568272],[-48.971725,-22.568539]]}},{"type":"Feature","properties":{"id_backbone":"BB-52E8836C66B9","trecho":"AGT.AP-SJV.CS","cluster":"CAMPINAS","cabo":"F-0186","capacidade":"24","extensao_km":12.119,"confianca":"ALTA","fonte":"OSRM/OpenStreetMap","ponta_a":"AGT.AP","municipio_a":"AGUAS DA PRATA","ponta_b":"SJV.CS","municipio_b":"SAO JOAO DA BOA VISTA"},"geometry":{"type":"LineString","coordinates":[[-46.718306,-21.936587],[-46.717625,-21.936575],[-46.717442,-21.937546],[-46.715227,-21.937536],[-46.714993,-21.938617],[-46.715136,-21.939658],[-46.716307,-21.942663],[-46.716509,-21.944341],[-46.717485,-21.945743],[-46.721975,-21.950541],[-46.723344,-21.95178],[-46.724406,-21.952258],[-46.726715,-21.952422],[-46.727864,-21.952708],[-46.729639,-21.953778],[-46.730611,-21.954988],[-46.73258,-21.958344],[-46.73518,-21.960294],[-46.736761,-21.961806],[-46.739918,-21.967415],[-46.741268,-21.969172],[-46.743235,-21.970942],[-46.744915,-21.971833],[-46.758661,-21.976412],[-46.768413,-21.978347],[-46.770016,-21.978216],[-46.776563,-21.976949],[-46.77829,-21.976902],[-46.78084,-21.977326],[-46.784184,-21.979594],[-46.78557,-21.980155],[-46.786939,-21.980472],[-46.787814,-21.980284],[-46.788295,-21.979948],[-46.789221,-21.978005],[-46.78999,-21.977241],[-46.793589,-21.975225],[-46.793803,-21.974864],[-46.793756,-21.973838],[-46.794363,-21.971331],[-46.794599,-21.970492],[-46.795001,-21.969788],[-46.794985,-21.969516],[-46.795288,-21.969196],[-46.796632,-21.969944],[-46.79723,-21.969093],[-46.796946,-21.968928]]}},{"type":"Feature","properties":{"id_backbone":"BB-55F17E46F1B3","trecho":"AGVR.AV-VRJO.VJ","cluster":"RIBEIRAO PRETO","cabo":"F-0235","capacidade":"12","extensao_km":5.484,"confianca":"ALTA","fonte":"OSRM/OpenStreetMap","ponta_a":"AGVR.AV","municipio_a":"SAO CARLOS","ponta_b":"VRJO.VJ","municipio_b":"SAO CARLOS"},"geometry":{"type":"LineString","coordinates":[[-47.893734,-21.897973],[-47.893392,-21.897595],[-47.8928,-21.898055],[-47.892453,-21.897674],[-47.892045,-21.897783],[-47.889376,-21.905536],[-47.889243,-21.909097],[-47.890143,-21.917225],[-47.88194,-21.919612],[-47.883905,-21.922143],[-47.885555,-21.92464],[-47.886794,-21.927258],[-47.887345,-21.928054],[-47.893667,-21.93462],[-47.89282,-21.93468]]}},{"type":"Feature","properties":{"id_backbone":"BB-EEE8652BF1C2","trecho":"AIA.BT-BGP.SC","cluster":"JUNDIAI","cabo":"F-0718","capacidade":"36","extensao_km":15.187,"confianca":"BAIXA","fonte":"OSRM/OpenStreetMap","ponta_a":"AIA.BT","municipio_a":"ATIBAIA","ponta_b":"BGP.SC","municipio_b":"BRAGANCA PAULISTA"},"geometry":{"type":"LineString","coordinates":[[-46.568199,-23.04635],[-46.567461,-23.046455],[-46.567142,-23.047167],[-46.567252,-23.048187],[-46.566552,-23.048464],[-46.566355,-23.048447],[-46.565682,-23.047464],[-46.565369,-23.047574],[-46.563618,-23.046785],[-46.563029,-23.047567],[-46.563081,-23.047898],[-46.563368,-23.048194],[-46.563672,-23.048249],[-46.563756,-23.048123],[-46.563522,-23.047561],[-46.5563,-23.038795],[-46.555172,-23.037745],[-46.553025,-23.036662],[-46.544038,-23.034142],[-46.54273,-23.033477],[-46.541543,-23.032603],[-46.524798,-23.015404],[-46.524125,-23.01426],[-46.518214,-22.999303],[-46.517256,-22.998054],[-46.515342,-22.996537],[-46.513018,-22.995937],[-46.512533,-22.995516],[-46.512541,-22.995184],[-46.512957,-22.994336],[-46.512584,-22.99338],[-46.512743,-22.991505],[-46.513014,-22.990818],[-46.513482,-22.990192],[-46.514667,-22.989089],[-46.515306,-22.988735],[-46.522658,-22.985799],[-46.523769,-22.984845],[-46.525963,-22.98218],[-46.528295,-22.980109],[-46.529741,-22.978477],[-46.531005,-22.977449],[-46.532086,-22.975508],[-46.53286,-22.974745],[-46.533988,-22.972802],[-46.535956,-22.970257],[-46.535989,-22.969644],[-46.536473,-22.969206],[-46.534813,-22.966801],[-46.534702,-22.966246],[-46.536303,-22.963859],[-46.537152,-22.962103],[-46.538317,-22.960792],[-46.539185,-22.957122],[-46.541944,-22.958082],[-46.542189,-22.957519],[-46.542213,-22.957136],[-46.5421,-22.957089]]}},{"type":"Feature","properties":{"id_backbone":"BB-0CA42540A6B2","trecho":"AIA.MO-JAI.GC","cluster":"JUNDIAI","cabo":"F-0164","capacidade":"36","extensao_km":14.079,"confianca":"SEM_REFERENCIA","fonte":"OSRM/OpenStreetMap","ponta_a":"AIA.MO","municipio_a":"CAMPO LIMPO PAULISTA","ponta_b":"JAI.GC","municipio_b":"JUNDIAI"},"geometry":{"type":"LineString","coordinates":[[-46.803009,-23.257243],[-46.802162,-23.257075],[-46.801707,-23.257272],[-46.801328,-23.257751],[-46.800478,-23.257971],[-46.801965,-23.258259],[-46.802666,-23.258667],[-46.802925,-23.259276],[-46.803241,-23.259567],[-46.803344,-23.260905],[-46.804442,-23.261465],[-46.804829,-23.261842],[-46.805393,-23.26186],[-46.805924,-23.261645],[-46.806888,-23.261822],[-46.807752,-23.262201],[-46.808941,-23.263428],[-46.80952,-23.263625],[-46.810093,-23.264095],[-46.812271,-23.264862],[-46.812961,-23.265033],[-46.812652,-23.264265],[-46.812782,-23.264182],[-46.813775,-23.264561],[-46.814549,-23.265786],[-46.814922,-23.265753],[-46.815348,-23.266098],[-46.815221,-23.266912],[-46.821436,-23.264728],[-46.824736,-23.264497],[-46.82888,-23.264756],[-46.829894,-23.264602],[-46.830321,-23.264382],[-46.832583,-23.261832],[-46.834575,-23.259988],[-46.836039,-23.256844],[-46.836087,-23.254068],[-46.836845,-23.253025],[-46.837121,-23.252378],[-46.837867,-23.251646],[-46.838921,-23.249685],[-46.839907,-23.249024],[-46.842001,-23.248749],[-46.846489,-23.245602],[-46.849241,-23.245127],[-46.8523,-23.243734],[-46.853849,-23.24274],[-46.854789,-23.241594],[-46.856192,-23.238156],[-46.856706,-23.234395],[-46.85734,-23.233086],[-46.858341,-23.232218],[-46.861536,-23.230941],[-46.863636,-23.229708],[-46.869123,-23.223376],[-46.870179,-23.221579],[-46.870246,-23.219017],[-46.871174,-23.218308],[-46.872144,-23.216917],[-46.873013,-23.213537],[-46.872909,-23.211034],[-46.873013,-23.210628],[-46.87501,-23.208862],[-46.876428,-23.207961],[-46.877102,-23.206913],[-46.877153,-23.206188],[-46.877428,-23.205545],[-46.877527,-23.203315],[-46.873463,-23.198765],[-46.873897,-23.198207],[-46.875216,-23.197246],[-46.875668,-23.197677]]}},{"type":"Feature","properties":{"id_backbone":"BB-0A81C3FCB5EC","trecho":"AIA.PA-AIA.SJ","cluster":"JUNDIAI","cabo":"F-0548","capacidade":"36","extensao_km":12.379,"confianca":"ALTA","fonte":"OSRM/OpenStreetMap","ponta_a":"AIA.PA","municipio_a":"ATIBAIA","ponta_b":"AIA.SJ","municipio_b":"ATIBAIA"},"geometry":{"type":"LineString","coordinates":[[-46.643209,-23.071607],[-46.642582,-23.070477],[-46.6422,-23.070166],[-46.640579,-23.072263],[-46.639541,-23.073894],[-46.628364,-23.092121],[-46.627192,-23.093623],[-46.625527,-23.095031],[-46.624131,-23.095908],[-46.62168,-23.096842],[-46.609361,-23.100032],[-46.603936,-23.100954],[-46.598674,-23.101415],[-46.593893,-23.101488],[-46.575755,-23.10096],[-46.556536,-23.099296],[-46.555704,-23.0994],[-46.555544,-23.099565],[-46.555515,-23.102964],[-46.556273,-23.105506],[-46.55709,-23.106756],[-46.557782,-23.109205],[-46.557591,-23.110834],[-46.556799,-23.113656]]}},{"type":"Feature","properties":{"id_backbone":"BB-6DBFA131B7AD","trecho":"AIA.SJ-PRC.SG","cluster":"JUNDIAI","cabo":"F-0549","capacidade":"24","extensao_km":24.189,"confianca":"ALTA","fonte":"OSRM/OpenStreetMap","ponta_a":"AIA.SJ","municipio_a":"ATIBAIA","ponta_b":"PRC.SG","municipio_b":"PIRACAIA"},"geometry":{"type":"LineString","coordinates":[[-46.556799,-23.113656],[-46.55729,-23.1108],[-46.557671,-23.1095],[-46.557648,-23.108945],[-46.556967,-23.106485],[-46.556273,-23.105506],[-46.555394,-23.103177],[-46.55443,-23.10183],[-46.552431,-23.10011],[-46.551771,-23.100094],[-46.551498,-23.09949],[-46.550776,-23.099095],[-46.548874,-23.098638],[-46.545305,-23.098462],[-46.541737,-23.099014],[-46.536797,-23.100545],[-46.520154,-23.106767],[-46.518273,-23.107296],[-46.515458,-23.107641],[-46.509035,-23.107455],[-46.507009,-23.107542],[-46.498645,-23.109044],[-46.495456,-23.110344],[-46.487306,-23.114912],[-46.484799,-23.116038],[-46.483716,-23.116335],[-46.482417,-23.115091],[-46.471288,-23.110316],[-46.462979,-23.105848],[-46.43911,-23.094435],[-46.437477,-23.093974],[-46.428555,-23.093076],[-46.414812,-23.088723],[-46.413487,-23.088045],[-46.410828,-23.085756],[-46.408885,-23.084611],[-46.39928,-23.081326],[-46.397541,-23.08018],[-46.389895,-23.072574],[-46.388892,-23.071806],[-46.386842,-23.071033],[-46.38184,-23.070629],[-46.380503,-23.070198],[-46.379541,-23.069666],[-46.374951,-23.065982],[-46.36795,-23.059989],[-46.367351,-23.05967],[-46.365837,-23.058282],[-46.364206,-23.056555],[-46.362537,-23.053973],[-46.361644,-23.054403],[-46.360157,-23.054465],[-46.36017,-23.054947],[-46.359101,-23.055012]]}},{"type":"Feature","properties":{"id_backbone":"BB-6E4875826FAB","trecho":"AII.EB-AII.RD","cluster":"SOROCABA","cabo":"F-0046","capacidade":"12","extensao_km":1.444,"confianca":"REJEITADA","fonte":"OSRM/OpenStreetMap","ponta_a":"AII.EB","municipio_a":"APIAI","ponta_b":"AII.RD","municipio_b":"APIAI"},"geometry":{"type":"LineString","coordinates":[[-48.844368,-24.512265],[-48.844542,-24.511735],[-48.842871,-24.511896],[-48.842884,-24.512656],[-48.841141,-24.509931],[-48.840791,-24.510082],[-48.840355,-24.509913],[-48.839335,-24.510353],[-48.838477,-24.509711],[-48.837624,-24.509302],[-48.837121,-24.509245],[-48.835804,-24.508198],[-48.835945,-24.509339]]}},{"type":"Feature","properties":{"id_backbone":"BB-6DA5191E4AB0","trecho":"ALAM.AI-IGA.QB","cluster":"SOROCABA","cabo":"F-0025","capacidade":"6","extensao_km":24.108,"confianca":"BAIXA","fonte":"OSRM/OpenStreetMap","ponta_a":"ALAM.AI","municipio_a":"ALAMBARI","ponta_b":"IGA.QB","municipio_b":"ITAPETININGA"},"geometry":{"type":"LineString","coordinates":[[-47.898889,-23.550068],[-47.899523,-23.550163],[-47.899444,-23.550977],[-47.899269,-23.550971],[-47.899021,-23.553004],[-47.897143,-23.554742],[-47.894444,-23.557925],[-47.893267,-23.558465],[-47.890819,-23.558631],[-47.88926,-23.559347],[-47.889029,-23.559289],[-47.88798,-23.560004],[-47.88786,-23.560308],[-47.887935,-23.560732],[-47.888951,-23.562133],[-47.888993,-23.562603],[-47.888657,-23.563362],[-47.887773,-23.563955],[-47.887433,-23.56447],[-47.886918,-23.565977],[-47.886842,-23.566912],[-47.886037,-23.567988],[-47.885934,-23.568279],[-47.886038,-23.568469],[-47.904382,-23.571703],[-47.934838,-23.581313],[-47.936021,-23.581549],[-47.943996,-23.582148],[-47.945543,-23.582475],[-47.946879,-23.583138],[-47.948328,-23.584537],[-47.951179,-23.588505],[-47.952574,-23.591984],[-47.953378,-23.593165],[-47.955129,-23.594703],[-47.957214,-23.595524],[-47.961725,-23.596443],[-47.963454,-23.596403],[-47.964554,-23.596152],[-47.966451,-23.595112],[-47.96996,-23.591485],[-47.971029,-23.590638],[-47.973097,-23.589817],[-47.975275,-23.589686],[-48.002678,-23.596007],[-48.032811,-23.597642],[-48.034064,-23.598025],[-48.051691,-23.605605],[-48.056246,-23.607304],[-48.056569,-23.606818],[-48.056361,-23.6064],[-48.054909,-23.606488],[-48.055736,-23.602746],[-48.05553,-23.601783],[-48.055848,-23.6015],[-48.056007,-23.600943],[-48.056003,-23.598198],[-48.055806,-23.597247],[-48.054992,-23.595629],[-48.054415,-23.595147],[-48.054542,-23.594684],[-48.053736,-23.593219],[-48.053664,-23.592374],[-48.050959,-23.591853]]}},{"type":"Feature","properties":{"id_backbone":"BB-1F7AA7305FD3","trecho":"ALV.MO-JACB.JA","cluster":"BAURU","cabo":"F-0112-01","capacidade":"2","extensao_km":14.385,"confianca":"ALTA","fonte":"OSRM/OpenStreetMap","ponta_a":"ALV.MO","municipio_a":"AREALVA","ponta_b":"JACB.JA","municipio_b":"AREALVA"},"geometry":{"type":"LineString","coordinates":[[-48.909506,-22.03345],[-48.909282,-22.033722],[-48.910177,-22.034362],[-48.910199,-22.034545],[-48.910818,-22.034568],[-48.911046,-22.032659],[-48.913138,-22.030229],[-48.916628,-22.032534],[-48.926345,-22.039672],[-48.927163,-22.039999],[-48.927732,-22.040677],[-48.930297,-22.042462],[-48.933543,-22.04408],[-48.936103,-22.044881],[-49.005252,-22.056867],[-49.02078,-22.057014],[-49.021534,-22.056815],[-49.02201,-22.056995],[-49.023925,-22.056645],[-49.027912,-22.055388],[-49.029609,-22.053706],[-49.032665,-22.051736],[-49.035113,-22.051586],[-49.035088,-22.050202]]}},{"type":"Feature","properties":{"id_backbone":"BB-6B3CC31FB6A1","trecho":"AMIO.AU-AMIO.PG","cluster":"OSASCO","cabo":"F-0687","capacidade":"12","extensao_km":3.609,"confianca":"ALTA","fonte":"OSRM/OpenStreetMap","ponta_a":"AMIO.AU","municipio_a":"ALUMINIO","ponta_b":"AMIO.PG","municipio_b":"ALUMINIO"},"geometry":{"type":"LineString","coordinates":[[-47.25673,-23.534111],[-47.256093,-23.533309],[-47.253596,-23.532639],[-47.253081,-23.532636],[-47.249405,-23.531278],[-47.249055,-23.530805],[-47.247633,-23.529976],[-47.24686,-23.529929],[-47.246571,-23.53033],[-47.246592,-23.530538],[-47.247148,-23.530858],[-47.248175,-23.530208],[-47.248612,-23.529527],[-47.249462,-23.527069],[-47.249787,-23.526597],[-47.251695,-23.525992],[-47.251983,-23.525751],[-47.253026,-23.524172],[-47.253692,-23.5217],[-47.254223,-23.520708],[-47.256353,-23.517922],[-47.255504,-23.517243],[-47.254568,-23.51733],[-47.251747,-23.516755]]}},{"type":"Feature","properties":{"id_backbone":"BB-AB0A33714CA9","trecho":"AMO.NL-CSM.CS","cluster":"SAO JOSE DO RIO PRETO","cabo":"F-0130","capacidade":"36","extensao_km":27.08,"confianca":"ALTA","fonte":"OSRM/OpenStreetMap","ponta_a":"AMO.NL","municipio_a":"AMERICO DE CAMPOS","ponta_b":"CSM.CS","municipio_b":"COSMORAMA"},"geometry":{"type":"LineString","coordinates":[[-49.729018,-20.296664],[-49.729728,-20.296712],[-49.72961,-20.29763],[-49.731556,-20.297764],[-49.731203,-20.302306],[-49.731493,-20.307453],[-49.730801,-20.307775],[-49.728696,-20.30981],[-49.726895,-20.311946],[-49.716994,-20.325767],[-49.716059,-20.327558],[-49.714655,-20.331938],[-49.714554,-20.332754],[-49.714625,-20.335644],[-49.714809,-20.336986],[-49.716458,-20.34185],[-49.716835,-20.343845],[-49.716821,-20.344861],[-49.71607,-20.349709],[-49.715624,-20.355873],[-49.71523,-20.356626],[-49.714468,-20.357353],[-49.711586,-20.358876],[-49.709637,-20.361301],[-49.707561,-20.36501],[-49.704592,-20.368888],[-49.704271,-20.370376],[-49.704403,-20.372156],[-49.704757,-20.372995],[-49.705419,-20.373421],[-49.706011,-20.373495],[-49.708073,-20.373168],[-49.709057,-20.373493],[-49.712368,-20.375773],[-49.715075,-20.378514],[-49.720636,-20.38118],[-49.721301,-20.381708],[-49.721683,-20.382397],[-49.721739,-20.383393],[-49.720522,-20.386902],[-49.720487,-20.387926],[-49.721773,-20.391016],[-49.723158,-20.393334],[-49.723563,-20.395556],[-49.724136,-20.396406],[-49.724764,-20.396781],[-49.725751,-20.397084],[-49.730486,-20.397602],[-49.731108,-20.397843],[-49.731626,-20.398322],[-49.732164,-20.3993],[-49.732333,-20.40212],[-49.732699,-20.402808],[-49.733372,-20.403195],[-49.737575,-20.403548],[-49.73883,-20.403923],[-49.741119,-20.406284],[-49.743431,-20.409454],[-49.746031,-20.411595],[-49.748179,-20.412299],[-49.748983,-20.41286],[-49.751018,-20.415841],[-49.750894,-20.421722],[-49.751036,-20.422856],[-49.753253,-20.428979],[-49.754939,-20.43189],[-49.756235,-20.43286],[-49.759641,-20.433945],[-49.763055,-20.433748],[-49.764877,-20.433013],[-49.765631,-20.433147],[-49.766087,-20.433643],[-49.767145,-20.435627],[-49.767848,-20.436387],[-49.768497,-20.436838],[-49.770777,-20.43784],[-49.778052,-20.444261],[-49.781372,-20.448689],[-49.781726,-20.449501],[-49.78173,-20.45013],[-49.780573,-20.453016],[-49.780006,-20.453762],[-49.776789,-20.456127],[-49.776204,-20.456763],[-49.775872,-20.457487],[-49.775145,-20.460372],[-49.774545,-20.461141],[-49.773427,-20.46207],[-49.773122,-20.462685],[-49.773924,-20.467186],[-49.774254,-20.467915],[-49.77526,-20.469347],[-49.775679,-20.471105],[-49.775555,-20.474009],[-49.774713,-20.474459],[-49.77856,-20.48092]]}},{"type":"Feature","properties":{"id_backbone":"BB-CDFDA70B0C17","trecho":"AMR.PZ-AMR.XN","cluster":"CAMPINAS","cabo":"F-0173","capacidade":"12","extensao_km":12.579,"confianca":"ALTA","fonte":"OSRM/OpenStreetMap","ponta_a":"AMR.PZ","municipio_a":"AMERICANA","ponta_b":"AMR.XN","municipio_b":"AMERICANA"},"geometry":{"type":"LineString","coordinates":[[-47.240921,-22.741335],[-47.241618,-22.740853],[-47.242971,-22.744372],[-47.243918,-22.745382],[-47.255442,-22.752942],[-47.255372,-22.753392],[-47.256475,-22.754555],[-47.256802,-22.754497],[-47.257737,-22.753447],[-47.257685,-22.753051],[-47.257261,-22.752862],[-47.256957,-22.753001],[-47.256797,-22.753344],[-47.25684,-22.753784],[-47.257069,-22.754143],[-47.25802,-22.754744],[-47.259459,-22.755045],[-47.288754,-22.752843],[-47.294061,-22.752918],[-47.299163,-22.753668],[-47.308774,-22.756276],[-47.315548,-22.75834],[-47.318501,-22.759007],[-47.319695,-22.759035],[-47.320161,-22.758795],[-47.323064,-22.752131],[-47.324908,-22.753521],[-47.325927,-22.754048],[-47.328664,-22.745988],[-47.328978,-22.745838],[-47.329701,-22.739549],[-47.328231,-22.739321],[-47.327847,-22.740361],[-47.328215,-22.74049],[-47.328176,-22.740592]]}},{"type":"Feature","properties":{"id_backbone":"BB-2242F36611E5","trecho":"AMR.SV-CAS.CT","cluster":"CAMPINAS","cabo":"F-0225","capacidade":"18","extensao_km":32.548,"confianca":"MEDIA","fonte":"OSRM/OpenStreetMap","ponta_a":"AMR.SV","municipio_a":"AMERICANA","ponta_b":"CAS.CT","municipio_b":"CAMPINAS"},"geometry":{"type":"LineString","coordinates":[[-47.305473,-22.732339],[-47.305085,-22.732164],[-47.305452,-22.731479],[-47.294663,-22.728556],[-47.293483,-22.728523],[-47.291828,-22.729631],[-47.289571,-22.73197],[-47.2882,-22.732996],[-47.273015,-22.74026],[-47.269984,-22.742297],[-47.248358,-22.763026],[-47.236437,-22.773213],[-47.235766,-22.773961],[-47.233949,-22.777241],[-47.221834,-22.801084],[-47.219715,-22.803782],[-47.213631,-22.810074],[-47.210465,-22.812873],[-47.207139,-22.815116],[-47.183582,-22.827733],[-47.181464,-22.829084],[-47.17855,-22.831501],[-47.165359,-22.84547],[-47.161858,-22.848602],[-47.150588,-22.855854],[-47.135763,-22.864521],[-47.134794,-22.865436],[-47.133068,-22.867833],[-47.130699,-22.869001],[-47.129771,-22.869617],[-47.118733,-22.879336],[-47.11709,-22.88112],[-47.115543,-22.88326],[-47.114465,-22.885169],[-47.110618,-22.896875],[-47.110712,-22.897351],[-47.111227,-22.898051],[-47.111068,-22.898581],[-47.110508,-22.898899],[-47.109603,-22.898868],[-47.108096,-22.898021],[-47.107445,-22.897852],[-47.105891,-22.898448],[-47.104812,-22.898528],[-47.100668,-22.897298],[-47.099911,-22.897238],[-47.098458,-22.896803],[-47.09717,-22.896741],[-47.09625,-22.897039],[-47.095815,-22.896622],[-47.095873,-22.896291],[-47.096171,-22.895971],[-47.095722,-22.895069],[-47.094397,-22.894234],[-47.092757,-22.893871],[-47.091314,-22.89321],[-47.090048,-22.893175],[-47.088603,-22.893893],[-47.087526,-22.894036],[-47.083206,-22.892976],[-47.08083,-22.893115],[-47.080011,-22.892707],[-47.081163,-22.893017],[-47.08135,-22.892646],[-47.081209,-22.892562]]}},{"type":"Feature","properties":{"id_backbone":"BB-40524D153234","trecho":"AMR.XN-CAS.CT","cluster":"CAMPINAS","cabo":"F-0114","capacidade":"72","extensao_km":34.992,"confianca":"ALTA","fonte":"OSRM/OpenStreetMap","ponta_a":"AMR.XN","municipio_a":"AMERICANA","ponta_b":"CAS.CT","municipio_b":"CAMPINAS"},"geometry":{"type":"LineString","coordinates":[[-47.328176,-22.740592],[-47.327954,-22.741172],[-47.325513,-22.740523],[-47.325095,-22.741846],[-47.324779,-22.742341],[-47.323176,-22.743362],[-47.322553,-22.74402],[-47.317071,-22.753686],[-47.316923,-22.754247],[-47.316498,-22.754738],[-47.314986,-22.757435],[-47.315049,-22.758095],[-47.314867,-22.758466],[-47.309092,-22.756765],[-47.308885,-22.756405],[-47.300279,-22.754054],[-47.295956,-22.753248],[-47.292163,-22.752937],[-47.285103,-22.753215],[-47.261674,-22.755011],[-47.257289,-22.755553],[-47.256048,-22.755969],[-47.248256,-22.763229],[-47.236437,-22.773213],[-47.235766,-22.773961],[-47.233949,-22.777241],[-47.221834,-22.801084],[-47.219715,-22.803782],[-47.213631,-22.810074],[-47.210465,-22.812873],[-47.207139,-22.815116],[-47.183582,-22.827733],[-47.181464,-22.829084],[-47.17855,-22.831501],[-47.165359,-22.84547],[-47.161858,-22.848602],[-47.150588,-22.855854],[-47.135763,-22.864521],[-47.134794,-22.865436],[-47.133068,-22.867833],[-47.130699,-22.869001],[-47.129771,-22.869617],[-47.118733,-22.879336],[-47.11709,-22.88112],[-47.115543,-22.88326],[-47.114465,-22.885169],[-47.110618,-22.896875],[-47.110712,-22.897351],[-47.111227,-22.898051],[-47.111068,-22.898581],[-47.110508,-22.898899],[-47.109603,-22.898868],[-47.108096,-22.898021],[-47.107445,-22.897852],[-47.105891,-22.898448],[-47.104812,-22.898528],[-47.100668,-22.897298],[-47.099911,-22.897238],[-47.098458,-22.896803],[-47.09717,-22.896741],[-47.09625,-22.897039],[-47.095815,-22.896622],[-47.095873,-22.896291],[-47.096171,-22.895971],[-47.095722,-22.895069],[-47.094397,-22.894234],[-47.092757,-22.893871],[-47.091314,-22.89321],[-47.090048,-22.893175],[-47.088603,-22.893893],[-47.087526,-22.894036],[-47.083206,-22.892976],[-47.08083,-22.893115],[-47.080011,-22.892707],[-47.081163,-22.893017],[-47.08135,-22.892646],[-47.081209,-22.892562]]}},{"type":"Feature","properties":{"id_backbone":"BB-DF5D82BFDA95","trecho":"AMR.XN-STB.DC","cluster":"CAMPINAS","cabo":"F-0065","capacidade":"24","extensao_km":10.175,"confianca":"ALTA","fonte":"OSRM/OpenStreetMap","ponta_a":"AMR.XN","municipio_a":"AMERICANA","ponta_b":"STB.DC","municipio_b":"SANTA BARBARA D'OESTE"},"geometry":{"type":"LineString","coordinates":[[-47.328176,-22.740592],[-47.327954,-22.741172],[-47.329472,-22.741654],[-47.32959,-22.740589],[-47.334742,-22.740978],[-47.335449,-22.741461],[-47.340557,-22.743373],[-47.341297,-22.742672],[-47.343443,-22.743588],[-47.34538,-22.745284],[-47.355034,-22.74462],[-47.369293,-22.747653],[-47.371794,-22.748281],[-47.384951,-22.752471],[-47.386767,-22.752711],[-47.387829,-22.753173],[-47.387947,-22.753409],[-47.394401,-22.755494],[-47.396522,-22.756453],[-47.400469,-22.754362],[-47.402347,-22.754087],[-47.402982,-22.753552],[-47.403281,-22.75356],[-47.403933,-22.753923],[-47.40522,-22.753071],[-47.406556,-22.753039],[-47.40872,-22.751018],[-47.408496,-22.750731],[-47.408522,-22.7505],[-47.411436,-22.748033],[-47.411685,-22.748069],[-47.411702,-22.748767],[-47.413753,-22.751905],[-47.414079,-22.7517]]}},{"type":"Feature","properties":{"id_backbone":"BB-76FC122227F7","trecho":"AMR.XN-PAA.JE","cluster":"CAMPINAS","cabo":"F-0040","capacidade":"36","extensao_km":36.312,"confianca":"ALTA","fonte":"OSRM/OpenStreetMap","ponta_a":"AMR.XN","municipio_a":"AMERICANA","ponta_b":"PAA.JE","municipio_b":"PIRACICABA"},"geometry":{"type":"LineString","coordinates":[[-47.328176,-22.740592],[-47.327011,-22.744255],[-47.329715,-22.745069],[-47.331015,-22.747071],[-47.335017,-22.752241],[-47.339686,-22.76046],[-47.341806,-22.760896],[-47.349619,-22.761516],[-47.413709,-22.766171],[-47.415973,-22.766196],[-47.436855,-22.7676],[-47.439555,-22.767156],[-47.515268,-22.744581],[-47.518807,-22.743037],[-47.544061,-22.729836],[-47.546249,-22.72886],[-47.549235,-22.727846],[-47.553582,-22.726994],[-47.61596,-22.720626],[-47.618833,-22.719982],[-47.620812,-22.71914],[-47.621799,-22.718567],[-47.622433,-22.717528],[-47.622998,-22.717231],[-47.623392,-22.717417],[-47.623519,-22.718331],[-47.624103,-22.718601],[-47.624344,-22.719251],[-47.625143,-22.719622],[-47.624966,-22.721155],[-47.625183,-22.723225],[-47.625364,-22.723659],[-47.625786,-22.724356],[-47.627115,-22.725078],[-47.627309,-22.725352],[-47.627653,-22.730546],[-47.628639,-22.732368],[-47.629627,-22.736795],[-47.630797,-22.738131],[-47.630887,-22.738544],[-47.631427,-22.739357],[-47.631573,-22.739962],[-47.636076,-22.742025],[-47.635969,-22.742319],[-47.636073,-22.74248]]}},{"type":"Feature","properties":{"id_backbone":"BB-736ECBE55C30","trecho":"AMX.CE-RPO.NO","cluster":"RIBEIRAO PRETO","cabo":"F-0258","capacidade":"36","extensao_km":127.962,"confianca":"SEM_REFERENCIA","fonte":"OSRM/OpenStreetMap","ponta_a":"AMX.CE","municipio_a":"ARAMINA","ponta_b":"RPO.NO","municipio_b":"RIBEIRAO PRETO"},"geometry":{"type":"LineString","coordinates":[[-47.78836,-20.088286],[-47.788635,-20.0882],[-47.788685,-20.088762],[-47.789574,-20.088529],[-47.790218,-20.10194],[-47.791788,-20.116789],[-47.789143,-20.156025],[-47.785617,-20.192453],[-47.785594,-20.195827],[-47.785813,-20.198021],[-47.791263,-20.232366],[-47.791867,-20.234249],[-47.792939,-20.236509],[-47.796354,-20.241439],[-47.7975,-20.243539],[-47.798396,-20.246084],[-47.799561,-20.25126],[-47.800082,-20.25654],[-47.80011,-20.260976],[-47.79792,-20.274026],[-47.79747,-20.279391],[-47.797532,-20.284478],[-47.798122,-20.290447],[-47.805006,-20.332202],[-47.805902,-20.335882],[-47.806743,-20.338102],[-47.807877,-20.340406],[-47.81503,-20.353139],[-47.815782,-20.35485],[-47.816223,-20.356429],[-47.816356,-20.358928],[-47.813782,-20.378647],[-47.81369,-20.380465],[-47.814902,-20.385132],[-47.816593,-20.389421],[-47.833852,-20.430129],[-47.834932,-20.433239],[-47.835364,-20.435317],[-47.835605,-20.437727],[-47.835623,-20.450254],[-47.835946,-20.45401],[-47.843934,-20.488786],[-47.844134,-20.49208],[-47.843862,-20.494335],[-47.843396,-20.496147],[-47.842674,-20.498051],[-47.836527,-20.510464],[-47.836135,-20.512177],[-47.836258,-20.514112],[-47.836653,-20.515437],[-47.838988,-20.52102],[-47.840079,-20.523216],[-47.841373,-20.525296],[-47.857994,-20.547386],[-47.8599,-20.550079],[-47.861133,-20.552235],[-47.88168,-20.59258],[-47.882879,-20.59663],[-47.884279,-20.605542],[-47.88446,-20.608292],[-47.884332,-20.61143],[-47.880427,-20.648321],[-47.880357,-20.651602],[-47.880992,-20.657132],[-47.890135,-20.695173],[-47.891885,-20.701486],[-47.892396,-20.704922],[-47.894149,-20.734967],[-47.890753,-20.785158],[-47.890661,-20.789411],[-47.897942,-20.878658],[-47.897921,-20.881147],[-47.897285,-20.884562],[-47.880041,-20.941403],[-47.823384,-21.054399],[-47.821992,-21.056952],[-47.819122,-21.061248],[-47.803048,-21.081154],[-47.776156,-21.118658],[-47.776158,-21.119067],[-47.776724,-21.120311],[-47.781692,-21.130324],[-47.781995,-21.130493],[-47.782773,-21.13015],[-47.782921,-21.130453],[-47.782675,-21.131663],[-47.782703,-21.132284],[-47.789571,-21.145946],[-47.790276,-21.146182],[-47.790503,-21.146416],[-47.790571,-21.146735],[-47.790281,-21.14719],[-47.790302,-21.147423],[-47.792311,-21.151518],[-47.812554,-21.175232],[-47.810702,-21.176617]]}},{"type":"Feature","properties":{"id_backbone":"BB-AB18C0CE6882","trecho":"AOF.CA-MND.AA","cluster":"SAO JOSE DO RIO PRETO","cabo":"F-0054","capacidade":"12","extensao_km":9.386,"confianca":"ALTA","fonte":"OSRM/OpenStreetMap","ponta_a":"AOF.CA","municipio_a":"ADOLFO","ponta_b":"MND.AA","municipio_b":"MENDONCA"},"geometry":{"type":"LineString","coordinates":[[-49.64228,-21.235134],[-49.640933,-21.234501],[-49.636,-21.229027],[-49.629682,-21.21857],[-49.628343,-21.216609],[-49.619914,-21.208042],[-49.617796,-21.206601],[-49.615806,-21.205761],[-49.600297,-21.20225],[-49.598426,-21.201501],[-49.597303,-21.20062],[-49.59645,-21.199508],[-49.594299,-21.194691],[-49.593347,-21.193094],[-49.589883,-21.188956],[-49.588627,-21.187937],[-49.587809,-21.188251],[-49.587695,-21.188095],[-49.587986,-21.18761],[-49.587819,-21.187336],[-49.583568,-21.184416],[-49.580044,-21.184799],[-49.579823,-21.183074]]}},{"type":"Feature","properties":{"id_backbone":"BB-6F33D9B57BBC","trecho":"ARC.XN-GAP.MP","cluster":"ARACATUBA","cabo":"F-0009","capacidade":"6","extensao_km":27.858,"confianca":"ALTA","fonte":"OSRM/OpenStreetMap","ponta_a":"ARC.XN","municipio_a":"ARACATUBA","ponta_b":"GAP.MP","municipio_b":"GUARARAPES"},"geometry":{"type":"LineString","coordinates":[[-50.438388,-21.205899],[-50.438415,-21.205672],[-50.439426,-21.205775],[-50.44075,-21.204567],[-50.443581,-21.206463],[-50.444719,-21.20676],[-50.445509,-21.206729],[-50.445763,-21.207167],[-50.446056,-21.207294],[-50.467289,-21.211952],[-50.469786,-21.209709],[-50.471038,-21.208875],[-50.474161,-21.207443],[-50.477051,-21.206752],[-50.478277,-21.206671],[-50.479648,-21.206819],[-50.567437,-21.199561],[-50.644128,-21.20688],[-50.645327,-21.20687],[-50.646534,-21.206134],[-50.646964,-21.206067],[-50.647352,-21.206266],[-50.647508,-21.206657],[-50.647253,-21.20925],[-50.642592,-21.236447],[-50.642689,-21.236969],[-50.641881,-21.241087],[-50.641922,-21.241625],[-50.641521,-21.243116],[-50.64321,-21.24666],[-50.643128,-21.246749],[-50.643435,-21.247505],[-50.64536,-21.251789],[-50.641512,-21.253306]]}},{"type":"Feature","properties":{"id_backbone":"BB-83E0BAC6CB96","trecho":"ARC.XN-MID.NU","cluster":"ARACATUBA","cabo":"F-0207","capacidade":"72","extensao_km":77.27,"confianca":"SEM_REFERENCIA","fonte":"OSRM/OpenStreetMap","ponta_a":"ARC.XN","municipio_a":"ARACATUBA","ponta_b":"MID.NU","municipio_b":"MIRANDOPOLIS"},"geometry":{"type":"LineString","coordinates":[[-50.438388,-21.205899],[-50.438415,-21.205672],[-50.439426,-21.205775],[-50.44075,-21.204567],[-50.443581,-21.206463],[-50.444719,-21.20676],[-50.445509,-21.206729],[-50.445763,-21.207167],[-50.446056,-21.207294],[-50.467289,-21.211952],[-50.469786,-21.209709],[-50.471038,-21.208875],[-50.474161,-21.207443],[-50.477051,-21.206752],[-50.478277,-21.206671],[-50.479648,-21.206819],[-50.56601,-21.199634],[-50.5681,-21.199569],[-50.66392,-21.208812],[-50.687074,-21.214401],[-50.689009,-21.214755],[-50.690969,-21.214887],[-50.693255,-21.214769],[-50.760629,-21.206791],[-50.806151,-21.204303],[-50.807777,-21.204463],[-50.810244,-21.205031],[-50.842817,-21.216386],[-50.844571,-21.216813],[-50.847111,-21.217116],[-50.850594,-21.217017],[-50.852673,-21.216643],[-50.854459,-21.21613],[-50.888587,-21.204529],[-50.890882,-21.203545],[-50.894126,-21.201805],[-50.896695,-21.200072],[-50.902814,-21.195228],[-50.950227,-21.157221],[-51.059874,-21.087986],[-51.060698,-21.087328],[-51.061151,-21.085893],[-51.061549,-21.085515],[-51.062027,-21.085498],[-51.062344,-21.085717],[-51.066744,-21.091852],[-51.07684,-21.102916],[-51.082378,-21.109867],[-51.084698,-21.111699],[-51.093463,-21.12451],[-51.094714,-21.125591],[-51.097033,-21.127154],[-51.101673,-21.129328],[-51.100708,-21.131217],[-51.101887,-21.131674],[-51.101854,-21.131894],[-51.103044,-21.132412]]}},{"type":"Feature","properties":{"id_backbone":"BB-2C35F5D5ED70","trecho":"ARD.DR-CLT.JA","cluster":"SOROCABA","cabo":"F-0073","capacidade":"24","extensao_km":15.265,"confianca":"ALTA","fonte":"OSRM/OpenStreetMap","ponta_a":"ARD.DR","municipio_a":"ARACOIABA DA SERRA","ponta_b":"CLT.JA","municipio_b":"CAPELA DO ALTO"},"geometry":{"type":"LineString","coordinates":[[-47.609816,-23.507695],[-47.607709,-23.509286],[-47.61056,-23.507007],[-47.612316,-23.505381],[-47.622126,-23.504781],[-47.635909,-23.498168],[-47.638577,-23.497299],[-47.639705,-23.49675],[-47.641177,-23.496512],[-47.649997,-23.494112],[-47.651697,-23.493072],[-47.664708,-23.487275],[-47.665232,-23.486848],[-47.666428,-23.485161],[-47.666806,-23.484902],[-47.673437,-23.483585],[-47.6756,-23.482867],[-47.676461,-23.482331],[-47.678668,-23.480417],[-47.683524,-23.477705],[-47.687089,-23.477247],[-47.698133,-23.475186],[-47.709195,-23.465159],[-47.710253,-23.464494],[-47.711418,-23.464331],[-47.71546,-23.464264],[-47.720182,-23.465407],[-47.722633,-23.464314],[-47.724711,-23.462938],[-47.725478,-23.46265],[-47.725983,-23.462652],[-47.726466,-23.462849],[-47.729335,-23.464926],[-47.731619,-23.467099],[-47.733225,-23.468977],[-47.734243,-23.468338],[-47.735257,-23.469613]]}},{"type":"Feature","properties":{"id_backbone":"BB-5C73CBEE11C8","trecho":"AREM.AG-AREM.VO","cluster":"OSASCO","cabo":"F-0688","capacidade":"12","extensao_km":11.613,"confianca":"BAIXA","fonte":"OSRM/OpenStreetMap","ponta_a":"AREM.AG","municipio_a":"ARACARIGUAMA","ponta_b":"AREM.VO","municipio_b":"ARACARIGUAMA"},"geometry":{"type":"LineString","coordinates":[[-47.0624,-23.437498],[-47.06223,-23.437496],[-47.062275,-23.43831],[-47.063153,-23.439357],[-47.063705,-23.437673],[-47.064152,-23.437761],[-47.06461,-23.438049],[-47.065181,-23.438147],[-47.064972,-23.438988],[-47.065772,-23.440321],[-47.066024,-23.440537],[-47.066454,-23.440306],[-47.066241,-23.439612],[-47.065793,-23.439451],[-47.064709,-23.440275],[-47.054038,-23.454343],[-47.052499,-23.45585],[-47.051127,-23.456692],[-47.046963,-23.458651],[-47.03912,-23.462077],[-47.037151,-23.462602],[-47.032462,-23.463247],[-47.029605,-23.464247],[-47.022155,-23.46813],[-47.02195,-23.468419],[-47.022176,-23.46933],[-47.02206,-23.469485],[-47.021913,-23.469335],[-47.021915,-23.468792],[-47.021354,-23.467798],[-47.020251,-23.468294],[-47.019092,-23.468441],[-47.019001,-23.468672],[-47.019378,-23.468753],[-47.022343,-23.46779],[-47.029569,-23.464059],[-47.031028,-23.463469],[-47.033203,-23.462889],[-47.037107,-23.462426],[-47.039043,-23.461913],[-47.041137,-23.46104],[-47.041603,-23.460625],[-47.042345,-23.45953],[-47.043259,-23.459188],[-47.043517,-23.458843],[-47.043496,-23.458602],[-47.043059,-23.458063],[-47.042327,-23.45747],[-47.042137,-23.457634],[-47.042154,-23.458206],[-47.041968,-23.458522],[-47.040915,-23.458551],[-47.040725,-23.458136],[-47.040935,-23.457534],[-47.040857,-23.457285],[-47.03888,-23.457296],[-47.038117,-23.456759],[-47.037834,-23.455565],[-47.037263,-23.455608],[-47.036253,-23.456354],[-47.036089,-23.456639],[-47.036194,-23.457306]]}},{"type":"Feature","properties":{"id_backbone":"BB-7D64A77773AD","trecho":"ARL.JR-SML.SU","cluster":"BAURU","cabo":"F-0132-01","capacidade":"12","extensao_km":16.621,"confianca":"MEDIA","fonte":"OSRM/OpenStreetMap","ponta_a":"ARL.JR","municipio_a":"AREIOPOLIS","ponta_b":"SML.SU","municipio_b":"SAO MANUEL"},"geometry":{"type":"LineString","coordinates":[[-48.664354,-22.668408],[-48.662762,-22.669118],[-48.663971,-22.671603],[-48.670023,-22.689137],[-48.670513,-22.689699],[-48.670391,-22.690282],[-48.670665,-22.69113],[-48.670554,-22.691588],[-48.670152,-22.691908],[-48.668273,-22.69247],[-48.666891,-22.693435],[-48.615176,-22.73479],[-48.61392,-22.735493],[-48.604684,-22.739621],[-48.604335,-22.739911],[-48.604275,-22.740175],[-48.604429,-22.740415],[-48.604781,-22.740536],[-48.605204,-22.740369],[-48.60519,-22.739832],[-48.601587,-22.735229],[-48.599115,-22.732449],[-48.597636,-22.732947],[-48.597058,-22.733322],[-48.596382,-22.732939],[-48.593362,-22.732759],[-48.5921,-22.732159],[-48.589269,-22.731291],[-48.585698,-22.729217],[-48.583989,-22.728611],[-48.583029,-22.728428],[-48.58076,-22.728643],[-48.578816,-22.728564],[-48.578039,-22.728817],[-48.574682,-22.730918],[-48.573934,-22.731564],[-48.574576,-22.732292],[-48.573236,-22.733366],[-48.569331,-22.729234],[-48.568609,-22.72981]]}},{"type":"Feature","properties":{"id_backbone":"BB-E120D4F4BFCC","trecho":"ARO.LR-SNG.SM","cluster":"CAMPINAS","cabo":"F-0126","capacidade":"24","extensao_km":17.276,"confianca":"ALTA","fonte":"OSRM/OpenStreetMap","ponta_a":"ARO.LR","municipio_a":"AMPARO","ponta_b":"SNG.SM","municipio_b":"SERRA NEGRA"},"geometry":{"type":"LineString","coordinates":[[-46.762104,-22.70051],[-46.76221,-22.699776],[-46.761143,-22.699512],[-46.757885,-22.699691],[-46.756707,-22.700055],[-46.756319,-22.698537],[-46.755907,-22.693958],[-46.755831,-22.690834],[-46.755614,-22.690252],[-46.754888,-22.689372],[-46.752645,-22.689081],[-46.750325,-22.687935],[-46.749343,-22.686778],[-46.748719,-22.686567],[-46.747891,-22.686821],[-46.746649,-22.687773],[-46.744939,-22.687964],[-46.742822,-22.687437],[-46.741871,-22.687366],[-46.741445,-22.687172],[-46.740916,-22.686617],[-46.740971,-22.683621],[-46.741646,-22.681721],[-46.741533,-22.680962],[-46.740944,-22.680462],[-46.739562,-22.679887],[-46.738488,-22.678169],[-46.738359,-22.677379],[-46.738559,-22.676871],[-46.739524,-22.676007],[-46.739864,-22.675158],[-46.741143,-22.674192],[-46.741031,-22.673885],[-46.739734,-22.673894],[-46.739591,-22.673636],[-46.740028,-22.673285],[-46.741422,-22.672651],[-46.741491,-22.67199],[-46.741898,-22.671326],[-46.741518,-22.670399],[-46.742812,-22.667118],[-46.742635,-22.666514],[-46.741657,-22.665979],[-46.74152,-22.665684],[-46.742573,-22.663307],[-46.74258,-22.662793],[-46.741926,-22.662223],[-46.740998,-22.662282],[-46.740668,-22.662167],[-46.73994,-22.661783],[-46.739677,-22.661374],[-46.739952,-22.660273],[-46.74048,-22.659866],[-46.741091,-22.65973],[-46.742296,-22.660233],[-46.742699,-22.660095],[-46.742785,-22.659676],[-46.74209,-22.659009],[-46.742022,-22.658547],[-46.742432,-22.657936],[-46.743326,-22.657415],[-46.744162,-22.656277],[-46.7443,-22.655024],[-46.743594,-22.654415],[-46.743452,-22.653492],[-46.742927,-22.652688],[-46.742868,-22.651172],[-46.741293,-22.650131],[-46.739804,-22.649608],[-46.738843,-22.648317],[-46.73763,-22.647641],[-46.737027,-22.646914],[-46.736402,-22.646905],[-46.73551,-22.6475],[-46.735069,-22.647598],[-46.734565,-22.647454],[-46.733508,-22.646785],[-46.73193,-22.647026],[-46.731378,-22.646722],[-46.730982,-22.645764],[-46.731016,-22.644644],[-46.729543,-22.638504],[-46.728701,-22.636503],[-46.72771,-22.635189],[-46.723656,-22.63231],[-46.723049,-22.631591],[-46.721545,-22.626926],[-46.720925,-22.62568],[-46.720146,-22.623162],[-46.720004,-22.621804],[-46.719387,-22.62002],[-46.718536,-22.619335],[-46.715764,-22.618538],[-46.715008,-22.618664],[-46.714022,-22.618047],[-46.713547,-22.618034],[-46.713183,-22.617404],[-46.711393,-22.616341],[-46.710659,-22.615197],[-46.710895,-22.614396],[-46.710319,-22.611399],[-46.708966,-22.609868],[-46.707504,-22.608887],[-46.706699,-22.606585],[-46.70628,-22.60643],[-46.705912,-22.60651],[-46.70402,-22.608048],[-46.703749,-22.608382],[-46.703522,-22.60916],[-46.703656,-22.609981],[-46.700463,-22.611685],[-46.698753,-22.613447],[-46.700542,-22.615044]]}},{"type":"Feature","properties":{"id_backbone":"BB-073E4956732F","trecho":"ARO.TP-SPO.CL","cluster":"CAMPINAS","cabo":"F-0682","capacidade":"36","extensao_km":149.62,"confianca":"SEM_REFERENCIA","fonte":"OSRM/OpenStreetMap","ponta_a":"ARO.TP","municipio_a":"AMPARO","ponta_b":"SPO.CL","municipio_b":"SAO PAULO"},"geometry":{"type":"LineString","coordinates":[[-46.721518,-22.695646],[-46.721437,-22.695366],[-46.721852,-22.695451],[-46.722478,-22.693808],[-46.722229,-22.693233],[-46.722012,-22.693084],[-46.721148,-22.693395],[-46.721593,-22.693024],[-46.72457,-22.691822],[-46.725165,-22.691801],[-46.727434,-22.692259],[-46.728181,-22.692061],[-46.731255,-22.688788],[-46.732886,-22.688237],[-46.734349,-22.687288],[-46.735866,-22.687081],[-46.737137,-22.685888],[-46.738561,-22.685645],[-46.739621,-22.684449],[-46.740746,-22.683858],[-46.741234,-22.68321],[-46.741322,-22.683385],[-46.740943,-22.686327],[-46.741071,-22.686764],[-46.741397,-22.687007],[-46.742205,-22.687154],[-46.743985,-22.68782],[-46.745107,-22.687958],[-46.746649,-22.687773],[-46.747891,-22.686821],[-46.748719,-22.686567],[-46.749343,-22.686778],[-46.750325,-22.687935],[-46.752645,-22.689081],[-46.754534,-22.689264],[-46.755058,-22.689488],[-46.75573,-22.690448],[-46.755831,-22.690834],[-46.755907,-22.693958],[-46.756245,-22.696645],[-46.756682,-22.697498],[-46.757686,-22.698213],[-46.758384,-22.698355],[-46.759442,-22.697594],[-46.760901,-22.696882],[-46.763621,-22.696543],[-46.765026,-22.696819],[-46.766628,-22.697943],[-46.767915,-22.698477],[-46.768936,-22.698684],[-46.769762,-22.69924],[-46.769922,-22.699402],[-46.769831,-22.699682],[-46.769983,-22.700168],[-46.771295,-22.701404],[-46.773016,-22.705157],[-46.774476,-22.706358],[-46.775103,-22.707186],[-46.772971,-22.707896],[-46.773402,-22.708562],[-46.771432,-22.710885],[-46.771574,-22.713229],[-46.772073,-22.715],[-46.772309,-22.715244],[-46.772507,-22.716644],[-46.771388,-22.720067],[-46.770498,-22.720873],[-46.770474,-22.721846],[-46.769971,-22.722253],[-46.769144,-22.723879],[-46.76802,-22.725297],[-46.767703,-22.726364],[-46.7679,-22.727813],[-46.767417,-22.728768],[-46.76691,-22.729164],[-46.764922,-22.728821],[-46.764521,-22.729274],[-46.764561,-22.729644],[-46.765228,-22.730375],[-46.764673,-22.731016],[-46.76454,-22.731455],[-46.764857,-22.732868],[-46.764887,-22.733741],[-46.765438,-22.734613],[-46.7649,-22.736024],[-46.764453,-22.7365],[-46.762157,-22.736856],[-46.760658,-22.738436],[-46.760154,-22.738543],[-46.758796,-22.738406],[-46.757899,-22.739658],[-46.757946,-22.74021],[-46.758578,-22.741411],[-46.759537,-22.742406],[-46.761864,-22.74355],[-46.761997,-22.744735],[-46.762272,-22.744987],[-46.763251,-22.745366],[-46.763417,-22.745939],[-46.763089,-22.74743],[-46.762046,-22.749401],[-46.761151,-22.754491],[-46.760479,-22.755359],[-46.757912,-22.756664],[-46.757734,-22.757126],[-46.758047,-22.75801],[-46.757994,-22.758431],[-46.757741,-22.758668],[-46.756507,-22.759018],[-46.756365,-22.760021],[-46.755249,-22.760439],[-46.754675,-22.760905],[-46.754534,-22.761939],[-46.754959,-22.762905],[-46.756112,-22.762919],[-46.756892,-22.763567],[-46.757478,-22.765555],[-46.757761,-22.765928],[-46.758072,-22.766057],[-46.760406,-22.766056],[-46.762467,-22.766968],[-46.762952,-22.767429],[-46.764398,-22.773549],[-46.76388,-22.776266],[-46.764742,-22.77763],[-46.764667,-22.777885],[-46.764059,-22.778375],[-46.762759,-22.778619],[-46.762242,-22.778973],[-46.762132,-22.779409],[-46.762556,-22.780615],[-46.762199,-22.781257],[-46.761668,-22.781716],[-46.761247,-22.781789],[-46.760233,-22.781623],[-46.759356,-22.780887],[-46.758753,-22.780792],[-46.757329,-22.781117],[-46.75418,-22.782626],[-46.753668,-22.783097],[-46.753273,-22.783787],[-46.753327,-22.785368],[-46.752993,-22.785734],[-46.751975,-22.7863],[-46.751723,-22.786776],[-46.751841,-22.787428],[-46.752824,-22.788651],[-46.75408,-22.788778],[-46.754759,-22.78934],[-46.755778,-22.789346],[-46.756474,-22.789995],[-46.756944,-22.790005],[-46.75816,-22.788793],[-46.758642,-22.788788],[-46.759556,-22.78992],[-46.759718,-22.791139],[-46.760553,-22.791603],[-46.76077,-22.79194],[-46.760639,-22.792983],[-46.760948,-22.79377],[-46.760887,-22.79401],[-46.760342,-22.794535],[-46.760181,-22.795476],[-46.759936,-22.795974],[-46.759925,-22.798119],[-46.758662,-22.798946],[-46.758192,-22.799935],[-46.757914,-22.801393],[-46.755962,-22.802881],[-46.755132,-22.804237],[-46.755763,-22.810675],[-46.75516,-22.813545],[-46.755171,-22.814434],[-46.757234,-22.819139],[-46.757795,-22.819669],[-46.759266,-22.820493],[-46.760579,-22.821881],[-46.761897,-22.822502],[-46.76344,-22.826191],[-46.763786,-22.826371],[-46.765434,-22.826411],[-46.766441,-22.826624],[-46.767644,-22.827945],[-46.769046,-22.831364],[-46.769123,-22.832819],[-46.768972,-22.834834],[-46.769751,-22.835686],[-46.770599,-22.83697],[-46.771281,-22.838779],[-46.772481,-22.83971],[-46.773133,-22.840785],[-46.774155,-22.841649],[-46.775001,-22.842637],[-46.777195,-22.844527],[-46.777884,-22.845512],[-46.784629,-22.852775],[-46.784643,-22.85391],[-46.784416,-22.854593],[-46.784329,-22.856073],[-46.783986,-22.856893],[-46.784045,-22.857165],[-46.784901,-22.857829],[-46.785943,-22.857761],[-46.786309,-22.857875],[-46.78683,-22.858303],[-46.787839,-22.858753],[-46.788465,-22.859518],[-46.788524,-22.861228],[-46.789125,-22.862202],[-46.793973,-22.87817],[-46.794007,-22.879045],[-46.793056,-22.883678],[-46.791712,-22.884642],[-46.79133,-22.885339],[-46.7917,-22.892946],[-46.791566,-22.893663],[-46.791102,-22.894346],[-46.790428,-22.894758],[-46.789817,-22.894849],[-46.788352,-22.894606],[-46.787577,-22.894912],[-46.787248,-22.895438],[-46.786725,-22.899064],[-46.78581,-22.900244],[-46.784558,-22.901151],[-46.784246,-22.902362],[-46.783528,-22.903375],[-46.783696,-22.903947],[-46.784291,-22.904863],[-46.784774,-22.906534],[-46.784651,-22.906946],[-46.783809,-22.90791],[-46.783754,-22.908536],[-46.784215,-22.910552],[-46.785809,-22.914631],[-46.785689,-22.915374],[-46.784585,-22.917768],[-46.783633,-22.919149],[-46.783889,-22.920813],[-46.784264,-22.921038],[-46.785455,-22.92107],[-46.787613,-22.922181],[-46.789584,-22.924712],[-46.789996,-22.925697],[-46.790519,-22.925926],[-46.791863,-22.926004],[-46.792145,-22.926246],[-46.792115,-22.92664],[-46.791681,-22.927366],[-46.791957,-22.929198],[-46.79149,-22.933294],[-46.791715,-22.933998],[-46.792019,-22.934393],[-46.793829,-22.935531],[-46.795503,-22.936006],[-46.79972,-22.938072],[-46.801665,-22.938595],[-46.803624,-22.940019],[-46.807167,-22.94132],[-46.810146,-22.942954],[-46.810454,-22.943333],[-46.811412,-22.946275],[-46.811732,-22.946635],[-46.815245,-22.948048],[-46.818253,-22.950274],[-46.818634,-22.950831],[-46.819525,-22.953262],[-46.820537,-22.954489],[-46.820957,-22.955691],[-46.820983,-22.957887],[-46.82244,-22.959392],[-46.823068,-22.961893],[-46.823548,-22.963092],[-46.823642,-22.96413],[-46.82328,-22.967651],[-46.823487,-22.969131],[-46.823292,-22.970032],[-46.823359,-22.970813],[-46.823633,-22.971368],[-46.825162,-22.972944],[-46.828597,-22.974639],[-46.835225,-22.975728],[-46.836044,-22.97611],[-46.837125,-22.977646],[-46.836972,-22.978167],[-46.835839,-22.979185],[-46.835596,-22.97981],[-46.836433,-22.982908],[-46.837215,-22.983421],[-46.839436,-22.983567],[-46.839988,-22.983805],[-46.842554,-22.986482],[-46.843868,-22.987066],[-46.845413,-22.988832],[-46.846214,-22.989094],[-46.846284,-22.989946],[-46.847028,-22.991165],[-46.847283,-22.991444],[-46.848521,-22.992065],[-46.850113,-22.99508],[-46.850388,-22.996023],[-46.848792,-22.998595],[-46.848104,-23.001884],[-46.84786,-23.002108],[-46.846962,-23.002393],[-46.844737,-23.004855],[-46.844314,-23.004983],[-46.844673,-23.006048],[-46.843955,-23.007779],[-46.844181,-23.008671],[-46.844106,-23.009756],[-46.843376,-23.014065],[-46.842671,-23.016127],[-46.842697,-23.018056],[-46.84242,-23.022264],[-46.841892,-23.022994],[-46.841764,-23.023439],[-46.841158,-23.023683],[-46.840222,-23.024597],[-46.83992,-23.025142],[-46.839704,-23.026091],[-46.839739,-23.026478],[-46.840072,-23.027067],[-46.841331,-23.027852],[-46.841756,-23.028552],[-46.841945,-23.029477],[-46.841754,-23.030973],[-46.842368,-23.033282],[-46.842612,-23.034873],[-46.843034,-23.035742],[-46.844158,-23.037185],[-46.844439,-23.03785],[-46.844225,-23.0414],[-46.845148,-23.049348],[-46.845058,-23.052277],[-46.845585,-23.054329],[-46.845223,-23.055298],[-46.841381,-23.06096],[-46.840763,-23.062151],[-46.839092,-23.071458],[-46.839238,-23.072481],[-46.840424,-23.075291],[-46.841351,-23.076793],[-46.844072,-23.07989],[-46.846689,-23.084792],[-46.847431,-23.090092],[-46.848129,-23.093678],[-46.847817,-23.094947],[-46.846067,-23.098305],[-46.845814,-23.099457],[-46.845853,-23.100213],[-46.846281,-23.101542],[-46.848625,-23.105434],[-46.849193,-23.107957],[-46.850704,-23.112715],[-46.853191,-23.115202],[-46.854206,-23.115835],[-46.858866,-23.117873],[-46.862365,-23.118964],[-46.865216,-23.120768],[-46.868524,-23.120993],[-46.869375,-23.121182],[-46.870846,-23.122326],[-46.872055,-23.122988],[-46.872676,-23.123635],[-46.873221,-23.125179],[-46.873981,-23.126639],[-46.874596,-23.131013],[-46.874499,-23.13178],[-46.873889,-23.133367],[-46.873508,-23.135053],[-46.873314,-23.13689],[-46.873253,-23.140465],[-46.873631,-23.143698],[-46.874134,-23.144964],[-46.87788,-23.152109],[-46.878336,-23.152883],[-46.878968,-23.153444],[-46.879763,-23.15376],[-46.891951,-23.156311],[-46.90196,-23.160726],[-46.908826,-23.163042],[-46.915911,-23.167476],[-46.923689,-23.170805],[-46.925887,-23.17293],[-46.927101,-23.173588],[-46.927927,-23.173664],[-46.939113,-23.171999],[-46.940525,-23.171543],[-46.940833,-23.171082],[-46.940696,-23.170765],[-46.940265,-23.170663],[-46.939181,-23.171559],[-46.937894,-23.173541],[-46.93634,-23.176613],[-46.926847,-23.204445],[-46.925688,-23.207003],[-46.92482,-23.208481],[-46.922826,-23.211152],[-46.921386,-23.21268],[-46.919627,-23.21423],[-46.892515,-23.234565],[-46.883587,-23.24226],[-46.879788,-23.246828],[-46.878705,-23.247921],[-46.872003,-23.253399],[-46.870863,-23.254498],[-46.869718,-23.256227],[-46.868064,-23.260366],[-46.866861,-23.262072],[-46.865683,-23.263106],[-46.858965,-23.267589],[-46.85752,-23.269079],[-46.855096,-23.272292],[-46.850626,-23.276007],[-46.849455,-23.277275],[-46.848927,-23.278322],[-46.848714,-23.279129],[-46.847781,-23.287154],[-46.847448,-23.288818],[-46.846914,-23.290007],[-46.846276,-23.290792],[-46.843111,-23.293621],[-46.842042,-23.294994],[-46.841535,-23.296446],[-46.84094,-23.30132],[-46.840215,-23.303107],[-46.839027,-23.304554],[-46.834229,-23.309284],[-46.832725,-23.310192],[-46.82639,-23.312619],[-46.825262,-23.313567],[-46.824323,-23.314919],[-46.82385,-23.31676],[-46.823757,-23.323105],[-46.823133,-23.334069],[-46.822735,-23.335723],[-46.822119,-23.337296],[-46.821361,-23.338706],[-46.820264,-23.340195],[-46.813127,-23.347347],[-46.809922,-23.34962],[-46.808954,-23.35008],[-46.806996,-23.350637],[-46.799581,-23.351513],[-46.798086,-23.351902],[-46.796131,-23.352838],[-46.792056,-23.355918],[-46.79098,-23.356353],[-46.788038,-23.357127],[-46.786515,-23.357964],[-46.785643,-23.358811],[-46.784873,-23.360075],[-46.784098,-23.363283],[-46.783481,-23.364711],[-46.778353,-23.373257],[-46.777047,-23.374651],[-46.771744,-23.379078],[-46.770564,-23.380471],[-46.770156,-23.381259],[-46.769625,-23.382884],[-46.769512,-23.383755],[-46.769247,-23.389798],[-46.768073,-23.400023],[-46.767857,-23.407409],[-46.767455,-23.410494],[-46.767009,-23.412081],[-46.766012,-23.414458],[-46.761712,-23.421868],[-46.761227,-23.423047],[-46.760391,-23.434023],[-46.759954,-23.435363],[-46.757014,-23.441285],[-46.756607,-23.442406],[-46.752368,-23.462548],[-46.751968,-23.4638],[-46.748353,-23.472176],[-46.747505,-23.473494],[-46.74594,-23.474735],[-46.741206,-23.476907],[-46.739972,-23.47793],[-46.738979,-23.47916],[-46.738121,-23.481203],[-46.737219,-23.487515],[-46.73619,-23.489735],[-46.734947,-23.491461],[-46.731988,-23.494461],[-46.727977,-23.500045],[-46.72343,-23.505208],[-46.72222,-23.506797],[-46.721642,-23.507769],[-46.721464,-23.508384],[-46.721565,-23.509252],[-46.722065,-23.510171],[-46.723159,-23.511747],[-46.724154,-23.512719],[-46.728234,-23.515102],[-46.731847,-23.516902],[-46.733693,-23.517328],[-46.742583,-23.517127],[-46.744355,-23.517504],[-46.746092,-23.51849],[-46.746827,-23.519171],[-46.747507,-23.520134],[-46.750148,-23.525941],[-46.750459,-23.527608],[-46.750502,-23.529067],[-46.75008,-23.532294],[-46.749526,-23.533301],[-46.7487,-23.534178],[-46.737231,-23.544367],[-46.735224,-23.545893],[-46.732829,-23.548292],[-46.731251,-23.549545],[-46.708917,-23.560548],[-46.707113,-23.56184],[-46.706213,-23.562852],[-46.705469,-23.564115],[-46.702992,-23.570488],[-46.700886,-23.573286],[-46.697983,-23.575968],[-46.697323,-23.576815],[-46.692744,-23.584675],[-46.692242,-23.585763],[-46.692078,-23.58656],[-46.692148,-23.587328],[-46.693124,-23.590205],[-46.694353,-23.593514],[-46.695417,-23.595693],[-46.697195,-23.601153],[-46.698921,-23.605745],[-46.701754,-23.618689],[-46.702169,-23.619713],[-46.70263,-23.620316],[-46.704681,-23.621885],[-46.709723,-23.623725],[-46.711124,-23.624521],[-46.71246,-23.625599],[-46.724655,-23.638463],[-46.727578,-23.642189],[-46.729545,-23.643968],[-46.730087,-23.644105],[-46.731417,-23.643945],[-46.739813,-23.642315],[-46.740972,-23.642413],[-46.742136,-23.642974],[-46.742685,-23.643849],[-46.742964,-23.644039],[-46.744351,-23.644115],[-46.745417,-23.644562],[-46.7466,-23.645662],[-46.747383,-23.647301],[-46.747692,-23.647652],[-46.749677,-23.648517],[-46.750909,-23.649265],[-46.75167,-23.6494],[-46.753333,-23.648716],[-46.753903,-23.648646],[-46.753027,-23.649078],[-46.753338,-23.649365],[-46.753602,-23.650456],[-46.753724,-23.650311],[-46.753892,-23.650459]]}},{"type":"Feature","properties":{"id_backbone":"BB-6692C2E943FC","trecho":"ARPE.AR-SOY.SR","cluster":"SAO JOSE DOS CAMPOS","cabo":"TR-1430","capacidade":"36","extensao_km":19.447,"confianca":"BAIXA","fonte":"OSRM/OpenStreetMap","ponta_a":"ARPE.AR","municipio_a":"ARAPEI","ponta_b":"SOY.SR","municipio_b":"SAO JOSE DO BARREIRO"},"geometry":{"type":"LineString","coordinates":[[-44.447702,-22.670587],[-44.44817,-22.670393],[-44.448218,-22.670529],[-44.447952,-22.671661],[-44.447578,-22.672127],[-44.448153,-22.673223],[-44.451132,-22.674334],[-44.45163,-22.674319],[-44.452189,-22.674032],[-44.452831,-22.672766],[-44.454832,-22.67294],[-44.457919,-22.670852],[-44.458673,-22.671023],[-44.459147,-22.671348],[-44.459866,-22.673314],[-44.460205,-22.673693],[-44.460988,-22.674084],[-44.461804,-22.673936],[-44.462449,-22.673226],[-44.463024,-22.673059],[-44.463794,-22.671899],[-44.466048,-22.669785],[-44.466886,-22.668458],[-44.468223,-22.667684],[-44.469684,-22.666447],[-44.470784,-22.666897],[-44.471247,-22.666117],[-44.471083,-22.665727],[-44.471233,-22.66468],[-44.470291,-22.663716],[-44.47025,-22.662876],[-44.47039,-22.662511],[-44.472621,-22.659969],[-44.474001,-22.65864],[-44.474712,-22.658567],[-44.474703,-22.65841],[-44.474301,-22.65813],[-44.47433,-22.657585],[-44.475229,-22.657526],[-44.475583,-22.657348],[-44.47576,-22.656252],[-44.475938,-22.656018],[-44.476784,-22.655818],[-44.477766,-22.65523],[-44.478428,-22.655126],[-44.47928,-22.654525],[-44.479598,-22.653962],[-44.480447,-22.65399],[-44.481145,-22.653482],[-44.481253,-22.652902],[-44.481073,-22.652345],[-44.48118,-22.652154],[-44.48175,-22.652023],[-44.482257,-22.652565],[-44.482786,-22.652653],[-44.484026,-22.652449],[-44.484602,-22.652156],[-44.485072,-22.652172],[-44.486087,-22.651642],[-44.488001,-22.651853],[-44.488799,-22.65156],[-44.489366,-22.651846],[-44.489696,-22.651835],[-44.490254,-22.651512],[-44.49082,-22.650659],[-44.491532,-22.650198],[-44.491999,-22.65013],[-44.492616,-22.649783],[-44.493628,-22.649971],[-44.494347,-22.649658],[-44.495277,-22.649646],[-44.496289,-22.649184],[-44.497122,-22.649447],[-44.497264,-22.648564],[-44.497534,-22.648055],[-44.497787,-22.647906],[-44.498017,-22.647918],[-44.498483,-22.648293],[-44.499355,-22.648032],[-44.500082,-22.64842],[-44.500838,-22.647991],[-44.50289,-22.647537],[-44.503624,-22.647858],[-44.505865,-22.648365],[-44.507084,-22.648247],[-44.508826,-22.647764],[-44.50988,-22.648091],[-44.51082,-22.648662],[-44.511007,-22.648249],[-44.5116,-22.647924],[-44.512204,-22.646918],[-44.51275,-22.646586],[-44.513453,-22.64553],[-44.513294,-22.64492],[-44.512391,-22.643798],[-44.511794,-22.641619],[-44.513104,-22.641357],[-44.515063,-22.642302],[-44.515919,-22.642349],[-44.516587,-22.641328],[-44.515835,-22.640415],[-44.515894,-22.639996],[-44.517272,-22.638402],[-44.520362,-22.635918],[-44.520785,-22.635974],[-44.521416,-22.636603],[-44.522957,-22.638481],[-44.523088,-22.639103],[-44.5233,-22.639287],[-44.52535,-22.639184],[-44.526547,-22.6398],[-44.526986,-22.639863],[-44.528049,-22.639592],[-44.52923,-22.638917],[-44.532293,-22.638083],[-44.536128,-22.637676],[-44.536489,-22.637387],[-44.536918,-22.636386],[-44.537838,-22.635873],[-44.539934,-22.636159],[-44.541006,-22.636637],[-44.541676,-22.636729],[-44.542603,-22.636513],[-44.543725,-22.635919],[-44.546388,-22.635283],[-44.547145,-22.634607],[-44.548175,-22.634514],[-44.549094,-22.6341],[-44.550376,-22.634174],[-44.553176,-22.633422],[-44.554468,-22.633464],[-44.556372,-22.633949],[-44.559424,-22.63285],[-44.561481,-22.630644],[-44.564098,-22.630778],[-44.564689,-22.631033],[-44.566674,-22.633569],[-44.566182,-22.635453],[-44.566397,-22.635863],[-44.568164,-22.636704],[-44.568724,-22.636687],[-44.569776,-22.636198],[-44.570644,-22.636151],[-44.570938,-22.636308],[-44.572045,-22.638918],[-44.570759,-22.639854],[-44.570676,-22.640571],[-44.570819,-22.641637],[-44.571065,-22.641919],[-44.572194,-22.642268],[-44.572787,-22.642689],[-44.573336,-22.643489],[-44.573672,-22.64442],[-44.574161,-22.644246],[-44.574123,-22.643797],[-44.574616,-22.643685]]}},{"type":"Feature","properties":{"id_backbone":"BB-1F9F5C7A5572","trecho":"ARQ.FI-GUPN.GP","cluster":"RIBEIRAO PRETO","cabo":"F-0316","capacidade":"24","extensao_km":28.096,"confianca":"ALTA","fonte":"OSRM/OpenStreetMap","ponta_a":"ARQ.FI","municipio_a":"ARARAQUARA","ponta_b":"GUPN.GP","municipio_b":"RIBEIRAO BONITO"},"geometry":{"type":"LineString","coordinates":[[-48.174391,-21.777909],[-48.172355,-21.776],[-48.169479,-21.778506],[-48.16974,-21.779218],[-48.171454,-21.781757],[-48.172311,-21.784638],[-48.172429,-21.792744],[-48.172747,-21.793301],[-48.172588,-21.793699],[-48.172609,-21.794968],[-48.17283,-21.796498],[-48.173067,-21.797099],[-48.173301,-21.8006],[-48.173115,-21.803552],[-48.176568,-21.804486],[-48.176419,-21.80535],[-48.176837,-21.80705],[-48.177075,-21.807458],[-48.17702,-21.808079],[-48.177353,-21.810028],[-48.17789,-21.812213],[-48.177888,-21.812919],[-48.178354,-21.815469],[-48.178719,-21.816467],[-48.179733,-21.817166],[-48.18032,-21.818353],[-48.180715,-21.818494],[-48.185129,-21.817528],[-48.192675,-21.817206],[-48.194856,-21.81696],[-48.195603,-21.816594],[-48.195688,-21.817096],[-48.196014,-21.817384],[-48.195968,-21.817748],[-48.19691,-21.819881],[-48.197634,-21.821134],[-48.201769,-21.826119],[-48.202631,-21.826803],[-48.208721,-21.829786],[-48.210073,-21.830669],[-48.212958,-21.834956],[-48.219204,-21.841341],[-48.222761,-21.846358],[-48.223673,-21.848793],[-48.224149,-21.849609],[-48.230007,-21.855377],[-48.231393,-21.857719],[-48.231256,-21.859481],[-48.231757,-21.860964],[-48.232011,-21.861318],[-48.249718,-21.87508],[-48.250391,-21.875736],[-48.251166,-21.877072],[-48.253034,-21.882828],[-48.252551,-21.885037],[-48.249982,-21.888778],[-48.249841,-21.88919],[-48.250481,-21.893624],[-48.250849,-21.897587],[-48.246445,-21.907174],[-48.244023,-21.923593],[-48.244224,-21.924821],[-48.244958,-21.926102],[-48.247736,-21.930207],[-48.251879,-21.935262],[-48.252132,-21.936158],[-48.251806,-21.936888],[-48.244546,-21.945296],[-48.244042,-21.946335],[-48.243907,-21.947821],[-48.244119,-21.950043],[-48.244944,-21.95273],[-48.245348,-21.955133],[-48.248143,-21.962804],[-48.248669,-21.964989],[-48.249778,-21.971439],[-48.250553,-21.972604],[-48.249935,-21.973322],[-48.251409,-21.974544],[-48.251118,-21.974852]]}},{"type":"Feature","properties":{"id_backbone":"BB-C7F43572DBBB","trecho":"ARQ.FI-ARQ.VX","cluster":"RIBEIRAO PRETO","cabo":"F-0408","capacidade":"144","extensao_km":4.776,"confianca":"MEDIA","fonte":"OSRM/OpenStreetMap","ponta_a":"ARQ.FI","municipio_a":"ARARAQUARA","ponta_b":"ARQ.VX","municipio_b":"ARARAQUARA"},"geometry":{"type":"LineString","coordinates":[[-48.174391,-21.777909],[-48.172355,-21.776],[-48.169245,-21.77864],[-48.165009,-21.770899],[-48.164579,-21.769066],[-48.164325,-21.768607],[-48.163736,-21.768474],[-48.161823,-21.768668],[-48.160987,-21.769062],[-48.160427,-21.769976],[-48.159354,-21.776043],[-48.159506,-21.776949],[-48.15911,-21.777697],[-48.1584,-21.782334],[-48.158351,-21.783677],[-48.150995,-21.782647]]}},{"type":"Feature","properties":{"id_backbone":"BB-3198A0ACBA80","trecho":"ARQ.FI-SEW.VO","cluster":"RIBEIRAO PRETO","cabo":"F-0210","capacidade":"72","extensao_km":54.644,"confianca":"REJEITADA","fonte":"OSRM/OpenStreetMap","ponta_a":"ARQ.FI","municipio_a":"ARARAQUARA","ponta_b":"SEW.VO","municipio_b":"SANTA ERNESTINA"},"geometry":{"type":"LineString","coordinates":[[-48.174391,-21.777909],[-48.173146,-21.776755],[-48.17229,-21.777501],[-48.174277,-21.779354],[-48.178463,-21.779114],[-48.178561,-21.778712],[-48.178759,-21.778578],[-48.179483,-21.779161],[-48.192221,-21.782168],[-48.195228,-21.783099],[-48.196155,-21.783175],[-48.21342,-21.788005],[-48.214767,-21.788219],[-48.216343,-21.788198],[-48.216924,-21.787977],[-48.218053,-21.787867],[-48.219769,-21.787168],[-48.221796,-21.78578],[-48.32738,-21.699087],[-48.328735,-21.697895],[-48.331694,-21.694458],[-48.336712,-21.689848],[-48.33787,-21.688415],[-48.338724,-21.686432],[-48.338827,-21.684571],[-48.334583,-21.600039],[-48.328509,-21.470495],[-48.328482,-21.464557],[-48.328097,-21.46048],[-48.328315,-21.460185],[-48.328728,-21.460596],[-48.329079,-21.460703],[-48.385673,-21.460764],[-48.387543,-21.460567],[-48.390389,-21.459577],[-48.390622,-21.460355],[-48.388854,-21.466676],[-48.389445,-21.46682]]}},{"type":"Feature","properties":{"id_backbone":"BB-3E520B572D4A","trecho":"ARQ.FI-ARQ.GVT","cluster":"RIBEIRAO PRETO","cabo":"#209","capacidade":"2 F","extensao_km":1.625,"confianca":"REJEITADA","fonte":"OSRM/OpenStreetMap","ponta_a":"ARQ.FI","municipio_a":"ARARAQUARA","ponta_b":"ARQ.GVT","municipio_b":"ARARAQUARA"},"geometry":{"type":"LineString","coordinates":[[-48.174391,-21.777909],[-48.173146,-21.776755],[-48.17229,-21.777501],[-48.174277,-21.779354],[-48.175082,-21.779373],[-48.174762,-21.780672],[-48.178498,-21.781588],[-48.177644,-21.784405],[-48.178336,-21.784531]]}},{"type":"Feature","properties":{"id_backbone":"BB-363DCCD795B1","trecho":"ARQ.VX-SCL.NJ","cluster":"RIBEIRAO PRETO","cabo":"F-0230","capacidade":"72","extensao_km":48.442,"confianca":"ALTA","fonte":"OSRM/OpenStreetMap","ponta_a":"ARQ.VX","municipio_a":"ARARAQUARA","ponta_b":"SCL.NJ","municipio_b":"SAO CARLOS"},"geometry":{"type":"LineString","coordinates":[[-48.150995,-21.782647],[-48.149397,-21.783185],[-48.1419,-21.786464],[-48.143443,-21.789232],[-48.144494,-21.789909],[-48.144704,-21.790306],[-48.144591,-21.790491],[-48.140013,-21.790225],[-48.136877,-21.790725],[-48.135201,-21.791609],[-48.133389,-21.793496],[-48.131564,-21.792604],[-48.130728,-21.791848],[-48.130355,-21.791853],[-48.130273,-21.792115],[-48.132816,-21.793749],[-48.143781,-21.800096],[-48.146314,-21.801936],[-48.147663,-21.802985],[-48.150228,-21.805405],[-48.155434,-21.811295],[-48.156674,-21.812303],[-48.157561,-21.812601],[-48.174385,-21.816039],[-48.176022,-21.816529],[-48.177333,-21.817274],[-48.179251,-21.816895],[-48.179733,-21.817166],[-48.180021,-21.817537],[-48.180191,-21.81807],[-48.179969,-21.818501],[-48.178853,-21.819326],[-48.177634,-21.819649],[-48.174114,-21.821768],[-48.145313,-21.842441],[-48.140445,-21.845705],[-48.100061,-21.874787],[-48.097935,-21.875869],[-48.093674,-21.876714],[-48.091908,-21.877514],[-48.090906,-21.878355],[-48.088516,-21.881294],[-48.087068,-21.8826],[-47.977217,-21.961876],[-47.974467,-21.96325],[-47.971123,-21.964364],[-47.894024,-21.988528],[-47.891062,-21.989687],[-47.890114,-21.990804],[-47.889515,-21.991266],[-47.889322,-21.991998],[-47.891184,-21.997163],[-47.89129,-21.998664],[-47.891085,-21.999734],[-47.890956,-22.005083],[-47.891941,-22.005101],[-47.891705,-22.016021],[-47.892001,-22.016025]]}},{"type":"Feature","properties":{"id_backbone":"BB-270D4A87C2AD","trecho":"ASI.RD-ASI.RP","cluster":"ARACATUBA","cabo":"F-0101","capacidade":"36","extensao_km":1.222,"confianca":"MEDIA","fonte":"OSRM/OpenStreetMap","ponta_a":"ASI.RD","municipio_a":"ASSIS","ponta_b":"ASI.RP","municipio_b":"ASSIS"},"geometry":{"type":"LineString","coordinates":[[-50.409119,-22.652113],[-50.409395,-22.651759],[-50.410138,-22.65255],[-50.413123,-22.652473],[-50.414862,-22.652874],[-50.414877,-22.656569],[-50.415719,-22.656588],[-50.415723,-22.656001]]}},{"type":"Feature","properties":{"id_backbone":"BB-1F85E5A60A82","trecho":"ASI.RP-TUM.TA","cluster":"ARACATUBA","cabo":"F-0103","capacidade":"12","extensao_km":22.411,"confianca":"ALTA","fonte":"OSRM/OpenStreetMap","ponta_a":"ASI.RP","municipio_a":"ASSIS","ponta_b":"TUM.TA","municipio_b":"TARUMA"},"geometry":{"type":"LineString","coordinates":[[-50.415723,-22.656001],[-50.41575,-22.654926],[-50.418498,-22.654921],[-50.418526,-22.653508],[-50.418235,-22.653288],[-50.418298,-22.653139],[-50.427412,-22.650236],[-50.427642,-22.649984],[-50.42809,-22.650002],[-50.442028,-22.645519],[-50.442633,-22.645054],[-50.443154,-22.644941],[-50.443397,-22.644653],[-50.443447,-22.644254],[-50.443724,-22.644201],[-50.444261,-22.645111],[-50.447144,-22.647608],[-50.47802,-22.670478],[-50.575551,-22.742541],[-50.576973,-22.743414],[-50.577671,-22.743478],[-50.577925,-22.744011],[-50.578638,-22.744495],[-50.579608,-22.744747],[-50.578512,-22.745591],[-50.578409,-22.745436],[-50.578531,-22.745092],[-50.577652,-22.744198],[-50.575114,-22.74233],[-50.574707,-22.742288],[-50.574429,-22.744784]]}},{"type":"Feature","properties":{"id_backbone":"BB-36F709DB6B41","trecho":"ASI.RP-EHP.CR","cluster":"ARACATUBA","cabo":"T-128","capacidade":"36","extensao_km":34.263,"confianca":"MEDIA","fonte":"OSRM/OpenStreetMap","ponta_a":"ASI.RP","municipio_a":"ASSIS","ponta_b":"EHP.CR","municipio_b":"ECHAPORA"},"geometry":{"type":"LineString","coordinates":[[-50.415723,-22.656001],[-50.415736,-22.653039],[-50.413052,-22.652581],[-50.412929,-22.651627],[-50.412203,-22.650823],[-50.411255,-22.650101],[-50.408749,-22.64672],[-50.408387,-22.646518],[-50.407045,-22.644597],[-50.405876,-22.643163],[-50.405522,-22.642956],[-50.405414,-22.642568],[-50.404022,-22.640771],[-50.403917,-22.638911],[-50.403562,-22.638151],[-50.40051,-22.635026],[-50.397087,-22.631976],[-50.328675,-22.564581],[-50.304058,-22.540296],[-50.299203,-22.535277],[-50.21986,-22.456966],[-50.218501,-22.455481],[-50.217687,-22.454305],[-50.21658,-22.451882],[-50.216157,-22.44961],[-50.215821,-22.442308],[-50.215566,-22.441212],[-50.213597,-22.438609],[-50.211838,-22.435793],[-50.210702,-22.433581],[-50.209753,-22.4309],[-50.209383,-22.430699],[-50.208266,-22.430664],[-50.20061,-22.428203]]}},{"type":"Feature","properties":{"id_backbone":"BB-0F22DBAEC2D7","trecho":"ASO.ERB-SPD.VA","cluster":"CAMPINAS","cabo":"F-0298","capacidade":"36","extensao_km":7.946,"confianca":"REJEITADA","fonte":"OSRM/OpenStreetMap","ponta_a":"ASO.ERB","municipio_a":"AGUAS DE SAO PEDRO","ponta_b":"SPD.VA","municipio_b":"SAO PEDRO"},"geometry":{"type":"LineString","coordinates":[[-47.871061,-22.597908],[-47.871333,-22.597416],[-47.870978,-22.596768],[-47.87115,-22.596119],[-47.871424,-22.595613],[-47.87205,-22.595032],[-47.87334,-22.594532],[-47.875217,-22.594322],[-47.876895,-22.592802],[-47.880162,-22.591539],[-47.880669,-22.591],[-47.88157,-22.589016],[-47.882047,-22.588625],[-47.886862,-22.588177],[-47.887529,-22.587978],[-47.89376,-22.581577],[-47.902261,-22.56698],[-47.904876,-22.559952],[-47.905355,-22.559008],[-47.905733,-22.558593],[-47.907677,-22.557891],[-47.910406,-22.557685],[-47.910179,-22.55574],[-47.910574,-22.554288],[-47.910391,-22.552689],[-47.914205,-22.552544],[-47.914178,-22.549864],[-47.913186,-22.549883],[-47.913193,-22.550005]]}},{"type":"Feature","properties":{"id_backbone":"BB-7E756375C1E6","trecho":"AUF.JB-JLS.RC","cluster":"SAO JOSE DO RIO PRETO","cabo":"F-0033","capacidade":"36","extensao_km":58.431,"confianca":"ALTA","fonte":"OSRM/OpenStreetMap","ponta_a":"AUF.JB","municipio_a":"AURIFLAMA","ponta_b":"JLS.RC","municipio_b":"JALES"},"geometry":{"type":"LineString","coordinates":[[-50.55287,-20.685732],[-50.552745,-20.686642],[-50.550635,-20.686382],[-50.550417,-20.686507],[-50.548766,-20.685176],[-50.548377,-20.683751],[-50.548328,-20.682757],[-50.548706,-20.680969],[-50.553892,-20.665163],[-50.554094,-20.663935],[-50.554083,-20.662799],[-50.553946,-20.662388],[-50.553611,-20.662127],[-50.551362,-20.662289],[-50.54926,-20.662228],[-50.544175,-20.661448],[-50.54301,-20.661414],[-50.538332,-20.660626],[-50.537448,-20.660345],[-50.511905,-20.6562],[-50.488385,-20.653494],[-50.487577,-20.65351],[-50.48728,-20.653914],[-50.48744,-20.654381],[-50.48776,-20.654575],[-50.48817,-20.654433],[-50.488379,-20.654022],[-50.491233,-20.64418],[-50.491813,-20.642624],[-50.49281,-20.640827],[-50.494581,-20.638688],[-50.50193,-20.632674],[-50.504301,-20.630013],[-50.510803,-20.619078],[-50.511779,-20.61704],[-50.512616,-20.614208],[-50.513476,-20.606636],[-50.522148,-20.514605],[-50.522234,-20.51037],[-50.52171,-20.501739],[-50.521972,-20.49966],[-50.525632,-20.481432],[-50.525855,-20.479228],[-50.52574,-20.477391],[-50.525341,-20.475224],[-50.511529,-20.433461],[-50.510711,-20.429742],[-50.51054,-20.426269],[-50.512239,-20.373279],[-50.508926,-20.320036],[-50.508595,-20.31768],[-50.50802,-20.315558],[-50.504666,-20.307513],[-50.504916,-20.307341],[-50.505611,-20.307649],[-50.506397,-20.307618],[-50.538075,-20.302643],[-50.542375,-20.302436],[-50.544267,-20.30212],[-50.544569,-20.301365],[-50.543498,-20.295851],[-50.543276,-20.293313],[-50.543433,-20.291108],[-50.544155,-20.28698],[-50.543988,-20.285497],[-50.544129,-20.284625],[-50.542742,-20.27938],[-50.542098,-20.278006],[-50.542612,-20.277543],[-50.545393,-20.272702],[-50.547157,-20.270638],[-50.549452,-20.27243],[-50.550057,-20.27173],[-50.549564,-20.271359]]}},{"type":"Feature","properties":{"id_backbone":"BB-745F66CDE6E4","trecho":"AVD.PC-UIJ.LO","cluster":"BAURU","cabo":"F-0311-01","capacidade":"12","extensao_km":17.757,"confianca":"ALTA","fonte":"OSRM/OpenStreetMap","ponta_a":"AVD.PC","municipio_a":"ALVINLANDIA","ponta_b":"UIJ.LO","municipio_b":"UBIRAJARA"},"geometry":{"type":"LineString","coordinates":[[-49.762935,-22.442189],[-49.763008,-22.442985],[-49.764703,-22.442875],[-49.765312,-22.450452],[-49.761086,-22.45794],[-49.760993,-22.458475],[-49.759496,-22.458728],[-49.756216,-22.458509],[-49.753374,-22.458569],[-49.751353,-22.458199],[-49.748512,-22.458323],[-49.740268,-22.461853],[-49.734193,-22.467562],[-49.733561,-22.468612],[-49.733177,-22.469767],[-49.733302,-22.471337],[-49.732954,-22.47371],[-49.732111,-22.47508],[-49.731515,-22.476515],[-49.731663,-22.478636],[-49.731465,-22.480422],[-49.728821,-22.483958],[-49.728493,-22.484945],[-49.728693,-22.485728],[-49.729834,-22.48783],[-49.730098,-22.48951],[-49.731223,-22.491313],[-49.731252,-22.491828],[-49.730796,-22.493823],[-49.730434,-22.494543],[-49.728973,-22.496262],[-49.727194,-22.497391],[-49.726675,-22.49807],[-49.726007,-22.500446],[-49.726492,-22.502654],[-49.726446,-22.503411],[-49.724735,-22.50596],[-49.724144,-22.507676],[-49.723681,-22.51016],[-49.721919,-22.512732],[-49.715915,-22.519355],[-49.712884,-22.52309],[-49.709535,-22.525767],[-49.708193,-22.527051],[-49.707463,-22.528009],[-49.704951,-22.528571],[-49.704124,-22.528597],[-49.69595,-22.527277],[-49.68808,-22.526453],[-49.686875,-22.52671],[-49.679845,-22.529043],[-49.679285,-22.52909],[-49.677636,-22.528791],[-49.674033,-22.527232],[-49.664337,-22.524848],[-49.664076,-22.525707],[-49.663727,-22.525614]]}},{"type":"Feature","properties":{"id_backbone":"BB-E7CE4E353064","trecho":"AVR.RD-AVR.SC","cluster":"BAURU","cabo":"F-0128-00","capacidade":"36","extensao_km":1.343,"confianca":"BAIXA","fonte":"OSRM/OpenStreetMap","ponta_a":"AVR.RD","municipio_a":"AVARE","ponta_b":"AVR.SC","municipio_b":"AVARE"},"geometry":{"type":"LineString","coordinates":[[-48.917027,-23.088537],[-48.918853,-23.093776],[-48.919008,-23.094697],[-48.919196,-23.094881],[-48.91941,-23.096128],[-48.919166,-23.09687],[-48.919311,-23.097369],[-48.919431,-23.097381],[-48.920016,-23.10005]]}},{"type":"Feature","properties":{"id_backbone":"BB-BA33AA322C57","trecho":"AVR.SC-ORN.MP","cluster":"BAURU","cabo":"F-0138-00","capacidade":"36","extensao_km":129.679,"confianca":"ALTA","fonte":"OSRM/OpenStreetMap","ponta_a":"AVR.SC","municipio_a":"AVARE","ponta_b":"ORN.MP","municipio_b":"OURINHOS"},"geometry":{"type":"LineString","coordinates":[[-48.920016,-23.10005],[-48.920126,-23.100578],[-48.919161,-23.100771],[-48.918973,-23.099865],[-48.939615,-23.09597],[-48.940256,-23.095733],[-48.940487,-23.095871],[-48.940217,-23.096787],[-48.939374,-23.097156],[-48.939257,-23.097441],[-48.940833,-23.109583],[-48.941031,-23.113156],[-48.940505,-23.115215],[-48.938489,-23.119694],[-48.938169,-23.121667],[-48.938292,-23.122902],[-48.938955,-23.125383],[-48.939189,-23.127381],[-48.940574,-23.133599],[-48.948475,-23.159455],[-48.94934,-23.161508],[-48.956427,-23.17472],[-48.956944,-23.175931],[-48.981387,-23.246557],[-48.982254,-23.248509],[-48.983184,-23.249727],[-48.983999,-23.250483],[-49.024935,-23.279147],[-49.02876,-23.283151],[-49.063602,-23.32123],[-49.067557,-23.32577],[-49.067968,-23.326137],[-49.07092,-23.327187],[-49.136615,-23.301929],[-49.138343,-23.301113],[-49.160337,-23.288247],[-49.189538,-23.278824],[-49.191641,-23.278334],[-49.192703,-23.278275],[-49.194109,-23.278336],[-49.196018,-23.278738],[-49.197915,-23.279504],[-49.206991,-23.28453],[-49.209405,-23.285363],[-49.211546,-23.285666],[-49.214206,-23.285565],[-49.235315,-23.282075],[-49.237797,-23.281403],[-49.23989,-23.280288],[-49.251297,-23.271793],[-49.252534,-23.271123],[-49.253873,-23.270749],[-49.255935,-23.27074],[-49.261669,-23.272474],[-49.263019,-23.272722],[-49.265007,-23.272795],[-49.266483,-23.272583],[-49.276702,-23.270241],[-49.279454,-23.269109],[-49.297253,-23.259923],[-49.29887,-23.258967],[-49.301617,-23.256783],[-49.321511,-23.238523],[-49.323351,-23.237455],[-49.325143,-23.236843],[-49.337331,-23.234551],[-49.338897,-23.23397],[-49.340804,-23.232466],[-49.348442,-23.224709],[-49.350205,-23.222449],[-49.350699,-23.221224],[-49.350798,-23.21976],[-49.348683,-23.207335],[-49.348691,-23.203963],[-49.35108,-23.19307],[-49.351452,-23.190424],[-49.351696,-23.186002],[-49.3522,-23.18473],[-49.353535,-23.183122],[-49.355403,-23.182052],[-49.362761,-23.179994],[-49.36434,-23.179366],[-49.365114,-23.178791],[-49.369949,-23.173419],[-49.374099,-23.167357],[-49.376149,-23.164869],[-49.387356,-23.153942],[-49.399522,-23.143705],[-49.400435,-23.143224],[-49.40171,-23.142842],[-49.413606,-23.140752],[-49.41844,-23.139603],[-49.437041,-23.132819],[-49.438126,-23.13221],[-49.439519,-23.131137],[-49.448169,-23.124221],[-49.449972,-23.122558],[-49.451587,-23.121508],[-49.461116,-23.113972],[-49.463129,-23.112617],[-49.466082,-23.111248],[-49.518763,-23.089342],[-49.522432,-23.088143],[-49.526564,-23.087157],[-49.528178,-23.086614],[-49.531461,-23.086088],[-49.548589,-23.082283],[-49.58932,-23.073191],[-49.591204,-23.072603],[-49.595772,-23.071574],[-49.603913,-23.069763],[-49.605659,-23.069576],[-49.642325,-23.061261],[-49.643947,-23.061021],[-49.661292,-23.057172],[-49.668413,-23.055439],[-49.67011,-23.055185],[-49.710168,-23.046325],[-49.714626,-23.045125],[-49.718687,-23.043659],[-49.721624,-23.042312],[-49.770338,-23.016847],[-49.776527,-23.013449],[-49.778944,-23.012508],[-49.781287,-23.011816],[-49.784154,-23.011374],[-49.802906,-23.010638],[-49.815869,-23.009701],[-49.818218,-23.009049],[-49.836709,-22.998646],[-49.845196,-22.994124],[-49.853726,-22.989128],[-49.854506,-22.988298],[-49.855319,-22.986905],[-49.856848,-22.982931],[-49.857698,-22.981266],[-49.857942,-22.980266],[-49.858897,-22.977925],[-49.859679,-22.976346],[-49.859616,-22.975748],[-49.859289,-22.975708],[-49.859441,-22.974135],[-49.868039,-22.974902],[-49.868154,-22.977492]]}},{"type":"Feature","properties":{"id_backbone":"BB-CFB5F7D8F3D3","trecho":"AVV.MI-GAR.RB","cluster":"BAURU","cabo":"F-0310-00","capacidade":"12","extensao_km":18.544,"confianca":"ALTA","fonte":"OSRM/OpenStreetMap","ponta_a":"AVV.MI","municipio_a":"ALVARO DE CARVALHO","ponta_b":"GAR.RB","municipio_b":"GARCA"},"geometry":{"type":"LineString","coordinates":[[-49.720002,-22.076172],[-49.720875,-22.077092],[-49.720533,-22.078149],[-49.720239,-22.078391],[-49.720504,-22.07868],[-49.715126,-22.083997],[-49.715037,-22.084484],[-49.703992,-22.08704],[-49.703078,-22.087447],[-49.702341,-22.088287],[-49.700124,-22.094875],[-49.699891,-22.095953],[-49.699912,-22.097317],[-49.700947,-22.102067],[-49.700985,-22.10315],[-49.70076,-22.104135],[-49.699888,-22.105677],[-49.694471,-22.113637],[-49.693652,-22.114612],[-49.692617,-22.115391],[-49.691028,-22.116076],[-49.680847,-22.118196],[-49.679509,-22.118901],[-49.678236,-22.120168],[-49.67753,-22.121497],[-49.673092,-22.139807],[-49.672562,-22.141412],[-49.671428,-22.142827],[-49.667875,-22.144843],[-49.666561,-22.146144],[-49.663864,-22.151899],[-49.653807,-22.168787],[-49.653308,-22.17009],[-49.653141,-22.171031],[-49.650959,-22.192964],[-49.654089,-22.210759],[-49.654997,-22.210619],[-49.654856,-22.209778],[-49.654602,-22.209814]]}},{"type":"Feature","properties":{"id_backbone":"BB-C7516A885382","trecho":"BAB.BL-PJI.PM","cluster":"BAURU","cabo":"F-0116-01","capacidade":"24","extensao_km":19.578,"confianca":"ALTA","fonte":"OSRM/OpenStreetMap","ponta_a":"BAB.BL","municipio_a":"BALBINOS","ponta_b":"PJI.PM","municipio_b":"PIRAJUI"},"geometry":{"type":"LineString","coordinates":[[-49.354529,-21.901255],[-49.356429,-21.899893],[-49.358209,-21.902093],[-49.35881,-21.903361],[-49.358985,-21.904523],[-49.358882,-21.905465],[-49.358323,-21.906713],[-49.356302,-21.909261],[-49.338064,-21.930271],[-49.33771,-21.93091],[-49.337945,-21.931532],[-49.358694,-21.941473],[-49.445897,-21.982619],[-49.446453,-21.983184],[-49.447159,-21.983447],[-49.448144,-21.983517],[-49.450447,-21.98316],[-49.454517,-21.984463],[-49.454803,-21.984656],[-49.454981,-21.985072],[-49.454958,-21.987981],[-49.459152,-21.989521],[-49.457386,-21.993862],[-49.458336,-21.994175],[-49.458266,-21.99439]]}},{"type":"Feature","properties":{"id_backbone":"BB-EC9EA150085A","trecho":"BAT.RD-BRQ.BQ","cluster":"RIBEIRAO PRETO","cabo":null,"capacidade":"2","extensao_km":13.295,"confianca":"REJEITADA","fonte":"OSRM/OpenStreetMap","ponta_a":"BAT.RD","municipio_a":"BATATAIS","ponta_b":"BRQ.BQ","municipio_b":"BRODOWSKI"},"geometry":{"type":"LineString","coordinates":[[-47.638729,-20.893501],[-47.637345,-20.894708],[-47.636067,-20.895573],[-47.634275,-20.896476],[-47.632374,-20.897155],[-47.629122,-20.897686],[-47.622319,-20.897996],[-47.621312,-20.898463],[-47.619955,-20.899799],[-47.619565,-20.900566],[-47.618659,-20.907088],[-47.618679,-20.908421],[-47.620978,-20.914022],[-47.647554,-20.975004],[-47.650737,-20.982162],[-47.651427,-20.983228],[-47.653969,-20.989032],[-47.6575,-20.987351],[-47.65793,-20.988138]]}},{"type":"Feature","properties":{"id_backbone":"BB-32BD56655864","trecho":"BBO.JR-IYG.CL","cluster":"RIBEIRAO PRETO","cabo":"F-0229","capacidade":"18","extensao_km":33.69,"confianca":"ALTA","fonte":"OSRM/OpenStreetMap","ponta_a":"BBO.JR","municipio_a":"BORBOREMA","ponta_b":"IYG.CL","municipio_b":"IBITINGA"},"geometry":{"type":"LineString","coordinates":[[-49.072488,-21.621044],[-49.073761,-21.620808],[-49.075679,-21.629265],[-49.076628,-21.629063],[-49.077003,-21.63046],[-49.077158,-21.632423],[-49.077358,-21.632928],[-49.077811,-21.633448],[-49.077696,-21.633761],[-49.076465,-21.634648],[-49.065007,-21.646149],[-49.0007,-21.701248],[-48.99751,-21.703489],[-48.977733,-21.713228],[-48.976022,-21.714673],[-48.975304,-21.715042],[-48.972715,-21.715724],[-48.97103,-21.716521],[-48.868571,-21.766608],[-48.867669,-21.767172],[-48.867312,-21.767596],[-48.865574,-21.768062],[-48.854309,-21.773554],[-48.852023,-21.77491],[-48.848214,-21.775816],[-48.845488,-21.775477],[-48.843914,-21.775068],[-48.843611,-21.77529],[-48.843494,-21.775603],[-48.843235,-21.7756],[-48.843123,-21.775079],[-48.842558,-21.774051],[-48.840673,-21.771425],[-48.837198,-21.767711],[-48.836667,-21.767437],[-48.836345,-21.766834],[-48.834237,-21.764462],[-48.833813,-21.763551],[-48.832126,-21.756814],[-48.830672,-21.757118]]}},{"type":"Feature","properties":{"id_backbone":"BB-36FF984A0EC3","trecho":"BDO.JM-MPS.FP","cluster":"SAO JOSE DO RIO PRETO","cabo":"F-0010","capacidade":"12","extensao_km":21.523,"confianca":"ALTA","fonte":"OSRM/OpenStreetMap","ponta_a":"BDO.JM","municipio_a":"BEBEDOURO","ponta_b":"MPS.FP","municipio_b":"MONTE AZUL PAULISTA"},"geometry":{"type":"LineString","coordinates":[[-48.477539,-20.948737],[-48.47956,-20.950779],[-48.48145,-20.948833],[-48.482153,-20.948254],[-48.482468,-20.948435],[-48.490087,-20.942144],[-48.490286,-20.941667],[-48.490501,-20.941555],[-48.490811,-20.941769],[-48.490738,-20.942283],[-48.490998,-20.942934],[-48.4938,-20.947914],[-48.494975,-20.947747],[-48.498647,-20.946606],[-48.500414,-20.944797],[-48.50171,-20.943795],[-48.503363,-20.942738],[-48.505069,-20.942057],[-48.511223,-20.938118],[-48.512294,-20.937012],[-48.512827,-20.935807],[-48.512929,-20.934601],[-48.511763,-20.929795],[-48.511468,-20.927861],[-48.514917,-20.927427],[-48.524478,-20.925067],[-48.52615,-20.924538],[-48.528124,-20.923664],[-48.531933,-20.922721],[-48.535489,-20.921639],[-48.605686,-20.899501],[-48.613133,-20.897318],[-48.634944,-20.891668],[-48.635045,-20.891803],[-48.634887,-20.891983],[-48.633001,-20.892572],[-48.632867,-20.892926],[-48.636381,-20.896289],[-48.638142,-20.898442],[-48.639763,-20.9024],[-48.639616,-20.903713],[-48.639926,-20.904481],[-48.638986,-20.90559]]}},{"type":"Feature","properties":{"id_backbone":"BB-A489FF077924","trecho":"BDO.JM-BDO.RD","cluster":"SAO JOSE DO RIO PRETO","cabo":"F-0001","capacidade":"24","extensao_km":3.075,"confianca":"ALTA","fonte":"OSRM/OpenStreetMap","ponta_a":"BDO.JM","municipio_a":"BEBEDOURO","ponta_b":"BDO.RD","municipio_b":"BEBEDOURO"},"geometry":{"type":"LineString","coordinates":[[-48.477539,-20.948737],[-48.47956,-20.950779],[-48.482153,-20.948254],[-48.482468,-20.948435],[-48.490087,-20.942144],[-48.490341,-20.941613],[-48.490971,-20.941413],[-48.493662,-20.939177],[-48.495442,-20.93716],[-48.495756,-20.937642],[-48.495186,-20.938121],[-48.49619,-20.940896]]}},{"type":"Feature","properties":{"id_backbone":"BB-86686EC901C8","trecho":"BDO.JM-BYT.PT","cluster":"SAO JOSE DO RIO PRETO","cabo":"F-0277","capacidade":"72","extensao_km":124.02,"confianca":"SEM_REFERENCIA","fonte":"OSRM/OpenStreetMap","ponta_a":"BDO.JM","municipio_a":"BEBEDOURO","ponta_b":"BYT.PT","municipio_b":"BADY BASSITT"},"geometry":{"type":"LineString","coordinates":[[-48.477539,-20.948737],[-48.47956,-20.950779],[-48.48145,-20.948833],[-48.482153,-20.948254],[-48.482468,-20.948435],[-48.490087,-20.942144],[-48.490286,-20.941667],[-48.490501,-20.941555],[-48.490811,-20.941769],[-48.490738,-20.942283],[-48.490998,-20.942934],[-48.4938,-20.947914],[-48.494975,-20.947747],[-48.498647,-20.946606],[-48.500414,-20.944797],[-48.50171,-20.943795],[-48.503363,-20.942738],[-48.505069,-20.942057],[-48.511223,-20.938118],[-48.512294,-20.937012],[-48.512827,-20.935807],[-48.512929,-20.934601],[-48.511763,-20.929795],[-48.511468,-20.927861],[-48.514917,-20.927427],[-48.524478,-20.925067],[-48.52615,-20.924538],[-48.528124,-20.923664],[-48.531933,-20.922721],[-48.535489,-20.921639],[-48.611053,-20.897883],[-48.628331,-20.89346],[-48.63481,-20.891645],[-48.636245,-20.891418],[-48.644016,-20.889428],[-48.64525,-20.888957],[-48.65045,-20.887615],[-48.652114,-20.887369],[-48.6568,-20.88623],[-48.663045,-20.884597],[-48.664343,-20.88412],[-48.667406,-20.883348],[-48.668426,-20.88323],[-48.682784,-20.879609],[-48.710019,-20.872635],[-48.711252,-20.872177],[-48.716076,-20.870948],[-48.718321,-20.870568],[-48.720873,-20.869679],[-48.722816,-20.868702],[-48.769238,-20.835605],[-48.770016,-20.834871],[-48.784718,-20.824538],[-48.791107,-20.819918],[-48.79241,-20.818763],[-48.794379,-20.816143],[-48.801595,-20.804396],[-48.805074,-20.79926],[-48.810902,-20.789546],[-48.81235,-20.787618],[-48.823491,-20.769918],[-48.82602,-20.766592],[-48.828435,-20.763782],[-48.857907,-20.733218],[-48.862063,-20.728867],[-48.862584,-20.728149],[-48.868845,-20.721776],[-48.869317,-20.721109],[-48.870812,-20.719795],[-48.905016,-20.684383],[-48.905081,-20.684049],[-48.90477,-20.683936],[-48.904099,-20.6841],[-48.904018,-20.684378],[-48.925695,-20.69461],[-48.939326,-20.700774],[-48.943763,-20.702462],[-48.947969,-20.70372],[-48.993178,-20.715018],[-48.994231,-20.715124],[-48.999959,-20.716548],[-49.001387,-20.717109],[-49.023905,-20.722714],[-49.025013,-20.722856],[-49.03048,-20.724202],[-49.031772,-20.724698],[-49.10399,-20.742731],[-49.139361,-20.751519],[-49.140713,-20.751705],[-49.149228,-20.75399],[-49.169053,-20.758878],[-49.17054,-20.75909],[-49.185355,-20.762952],[-49.18983,-20.763896],[-49.19117,-20.764403],[-49.202611,-20.76727],[-49.215773,-20.770535],[-49.218593,-20.771063],[-49.29942,-20.7913],[-49.333376,-20.799522],[-49.337191,-20.800175],[-49.356202,-20.802535],[-49.35646,-20.802416],[-49.356532,-20.8022],[-49.356102,-20.801665],[-49.355752,-20.8017],[-49.35564,-20.802077],[-49.358037,-20.823725],[-49.358331,-20.825028],[-49.358959,-20.826639],[-49.361041,-20.829607],[-49.375646,-20.848212],[-49.376383,-20.848969],[-49.377455,-20.8497],[-49.378632,-20.850181],[-49.380004,-20.850435],[-49.395049,-20.850683],[-49.397542,-20.850876],[-49.398789,-20.851137],[-49.400722,-20.85189],[-49.402322,-20.852853],[-49.403574,-20.853908],[-49.405156,-20.855808],[-49.419202,-20.875072],[-49.432045,-20.892303],[-49.43405,-20.894238],[-49.437144,-20.896304],[-49.439646,-20.897683],[-49.440382,-20.897498],[-49.440601,-20.897588],[-49.440601,-20.897852],[-49.440053,-20.89833],[-49.440086,-20.899164],[-49.440869,-20.90122],[-49.441049,-20.902167],[-49.442312,-20.905736],[-49.445416,-20.915658],[-49.446008,-20.917291],[-49.446505,-20.917135]]}},{"type":"Feature","properties":{"id_backbone":"BB-CF9EF10FC60E","trecho":"BFE.BF-PON.PG","cluster":"BAURU","cabo":"F-0260","capacidade":"36","extensao_km":19.43,"confianca":"ALTA","fonte":"OSRM/OpenStreetMap","ponta_a":"BFE.BF","municipio_a":"BOFETE","ponta_b":"PON.PG","municipio_b":"PORANGABA"},"geometry":{"type":"LineString","coordinates":[[-48.259135,-23.101425],[-48.258897,-23.101712],[-48.257659,-23.10082],[-48.256601,-23.102079],[-48.254091,-23.100242],[-48.253037,-23.100082],[-48.251435,-23.100492],[-48.246473,-23.101028],[-48.245757,-23.101277],[-48.239656,-23.104569],[-48.238345,-23.105139],[-48.236917,-23.105609],[-48.235211,-23.105843],[-48.218397,-23.105101],[-48.216274,-23.105288],[-48.214254,-23.105902],[-48.202716,-23.11149],[-48.189455,-23.116107],[-48.171748,-23.126518],[-48.170454,-23.127411],[-48.169383,-23.128674],[-48.168773,-23.130184],[-48.168644,-23.131584],[-48.170434,-23.143308],[-48.170477,-23.144945],[-48.170245,-23.146117],[-48.169629,-23.14766],[-48.157561,-23.166809],[-48.156671,-23.168072],[-48.155246,-23.169543],[-48.153427,-23.170792],[-48.133317,-23.180765],[-48.132799,-23.179994],[-48.131275,-23.178401],[-48.130058,-23.174889],[-48.128943,-23.175135],[-48.128089,-23.175135],[-48.127328,-23.175563],[-48.127029,-23.175382],[-48.12689,-23.174749],[-48.126624,-23.174702],[-48.126386,-23.174776],[-48.126648,-23.175488],[-48.123318,-23.176549]]}},{"type":"Feature","properties":{"id_backbone":"BB-AACBDCA9B963","trecho":"BGP.RD-BGP.SC","cluster":"JUNDIAI","cabo":"F-0176","capacidade":"12","extensao_km":5.617,"confianca":"MEDIA","fonte":"OSRM/OpenStreetMap","ponta_a":"BGP.RD","municipio_a":"BRAGANCA PAULISTA","ponta_b":"BGP.SC","municipio_b":"BRAGANCA PAULISTA"},"geometry":{"type":"LineString","coordinates":[[-46.542983,-23.00083],[-46.542602,-23.000053],[-46.543264,-22.999761],[-46.543332,-22.99959],[-46.542817,-22.998502],[-46.542144,-22.998168],[-46.541487,-22.99736],[-46.539722,-22.991235],[-46.539874,-22.990098],[-46.54028,-22.989225],[-46.540577,-22.987215],[-46.540275,-22.985958],[-46.540234,-22.984527],[-46.540546,-22.98235],[-46.540128,-22.979953],[-46.540174,-22.979815],[-46.542066,-22.980069],[-46.544976,-22.974905],[-46.543675,-22.970537],[-46.54392,-22.97014],[-46.543173,-22.968431],[-46.54235,-22.967568],[-46.543098,-22.966836],[-46.543186,-22.966357],[-46.543263,-22.964815],[-46.542729,-22.961794],[-46.543218,-22.960299],[-46.541246,-22.959532],[-46.542178,-22.957563],[-46.542213,-22.957136],[-46.5421,-22.957089]]}},{"type":"Feature","properties":{"id_backbone":"BB-6413B139A193","trecho":"BGP.SC-VARG.VG","cluster":"JUNDIAI","cabo":"F-0396","capacidade":"12","extensao_km":19.986,"confianca":"BAIXA","fonte":"OSRM/OpenStreetMap","ponta_a":"BGP.SC","municipio_a":"BRAGANCA PAULISTA","ponta_b":"VARG.VG","municipio_b":"VARGEM"},"geometry":{"type":"LineString","coordinates":[[-46.5421,-22.957089],[-46.541556,-22.957063],[-46.541924,-22.955217],[-46.539704,-22.954726],[-46.540104,-22.952953],[-46.539905,-22.952564],[-46.539977,-22.952265],[-46.533643,-22.951109],[-46.528812,-22.949971],[-46.527571,-22.941091],[-46.523775,-22.939474],[-46.520573,-22.937521],[-46.517493,-22.935981],[-46.516241,-22.935129],[-46.513189,-22.934197],[-46.509901,-22.933947],[-46.508468,-22.933647],[-46.507341,-22.9332],[-46.505908,-22.932281],[-46.505073,-22.931394],[-46.504194,-22.929867],[-46.503061,-22.925368],[-46.502319,-22.923672],[-46.501436,-22.922415],[-46.496519,-22.91739],[-46.49312,-22.914219],[-46.489944,-22.912198],[-46.486909,-22.91093],[-46.483075,-22.910105],[-46.480652,-22.909899],[-46.479135,-22.909937],[-46.474662,-22.909474],[-46.472001,-22.909628],[-46.470902,-22.909872],[-46.469555,-22.910386],[-46.464553,-22.912964],[-46.451414,-22.918598],[-46.445384,-22.922035],[-46.445333,-22.922386],[-46.445599,-22.922592],[-46.446773,-22.922724],[-46.448835,-22.922602],[-46.448886,-22.922826],[-46.44856,-22.923147],[-46.448387,-22.92373],[-46.448533,-22.924408],[-46.448845,-22.924602],[-46.449226,-22.924532],[-46.449406,-22.924263],[-46.449359,-22.923953],[-46.449033,-22.923683],[-46.447423,-22.923229],[-46.443213,-22.922561],[-46.441853,-22.922146],[-46.428403,-22.915674],[-46.42756,-22.915089],[-46.426995,-22.91438],[-46.425619,-22.911754],[-46.424485,-22.908986],[-46.42329,-22.907013],[-46.419995,-22.900499],[-46.418486,-22.898696],[-46.41859,-22.898355],[-46.419972,-22.898103],[-46.419683,-22.895962],[-46.418964,-22.893872],[-46.418179,-22.893206],[-46.417205,-22.893137],[-46.416378,-22.892041],[-46.41608,-22.890819],[-46.415134,-22.890126],[-46.414503,-22.890588],[-46.414826,-22.890984]]}},{"type":"Feature","properties":{"id_backbone":"BB-D213A28796A0","trecho":"BGU.BC-DRA.RB","cluster":"ARACATUBA","cabo":"F-0002","capacidade":"72","extensao_km":174.041,"confianca":"SEM_REFERENCIA","fonte":"OSRM/OpenStreetMap","ponta_a":"BGU.BC","municipio_a":"BIRIGUI","ponta_b":"DRA.RB","municipio_b":"DRACENA"},"geometry":{"type":"LineString","coordinates":[[-50.338714,-21.289451],[-50.342912,-21.289688],[-50.342832,-21.291411],[-50.34689,-21.291622],[-50.347155,-21.292065],[-50.3482,-21.292518],[-50.351291,-21.292615],[-50.353648,-21.29321],[-50.356435,-21.296187],[-50.358755,-21.298948],[-50.359204,-21.299203],[-50.359268,-21.299556],[-50.359599,-21.29998],[-50.362479,-21.303257],[-50.366229,-21.303947],[-50.367868,-21.303826],[-50.369494,-21.304177],[-50.369983,-21.30409],[-50.370192,-21.304328],[-50.37079,-21.306116],[-50.376057,-21.317056],[-50.376762,-21.318082],[-50.377572,-21.320021],[-50.378089,-21.320941],[-50.379264,-21.322135],[-50.43407,-21.365388],[-50.435325,-21.366161],[-50.437673,-21.367992],[-50.438976,-21.369218],[-50.457127,-21.383456],[-50.458027,-21.384082],[-50.458572,-21.38412],[-50.458846,-21.383758],[-50.458629,-21.382982],[-50.458379,-21.382738],[-50.457967,-21.382743],[-50.457603,-21.383292],[-50.453188,-21.398316],[-50.453217,-21.39954],[-50.45252,-21.400589],[-50.43285,-21.467435],[-50.430926,-21.474481],[-50.430319,-21.478192],[-50.430066,-21.481341],[-50.428989,-21.516174],[-50.429293,-21.518869],[-50.429955,-21.521407],[-50.431053,-21.52392],[-50.432226,-21.525819],[-50.437923,-21.533372],[-50.439043,-21.535562],[-50.439695,-21.537722],[-50.439905,-21.540983],[-50.438049,-21.567077],[-50.438338,-21.568031],[-50.439958,-21.569761],[-50.443475,-21.571456],[-50.444576,-21.572191],[-50.446259,-21.573645],[-50.46187,-21.592556],[-50.464654,-21.596126],[-50.496357,-21.63929],[-50.498752,-21.641453],[-50.501398,-21.642909],[-50.646571,-21.697954],[-50.657913,-21.702065],[-50.663053,-21.703397],[-50.668067,-21.704326],[-50.725337,-21.711902],[-50.728712,-21.712667],[-50.731164,-21.713427],[-50.735421,-21.715249],[-50.739929,-21.717838],[-50.744018,-21.721032],[-50.747137,-21.724211],[-50.749958,-21.727975],[-50.751549,-21.730687],[-50.7776,-21.780186],[-50.778152,-21.780735],[-50.778878,-21.780657],[-50.784437,-21.779082],[-50.810354,-21.781411],[-50.810975,-21.781673],[-50.813166,-21.785894],[-50.823425,-21.782203],[-50.880054,-21.767206],[-50.942265,-21.760571],[-50.944642,-21.760036],[-50.946242,-21.759357],[-50.976265,-21.738178],[-50.980198,-21.73533],[-50.982058,-21.733731],[-50.985917,-21.731284],[-51.079883,-21.664412],[-51.080942,-21.663261],[-51.081701,-21.661664],[-51.085551,-21.651193],[-51.086251,-21.650266],[-51.087706,-21.64932],[-51.088298,-21.6487],[-51.089629,-21.648365],[-51.094015,-21.646067],[-51.099936,-21.642106],[-51.101183,-21.641418],[-51.102152,-21.641112],[-51.11185,-21.639607],[-51.122691,-21.635158],[-51.155726,-21.610709],[-51.16439,-21.600532],[-51.165485,-21.599628],[-51.174555,-21.593508],[-51.175561,-21.592248],[-51.177423,-21.588464],[-51.17823,-21.587381],[-51.188331,-21.578973],[-51.194977,-21.574662],[-51.204567,-21.569596],[-51.205266,-21.569004],[-51.207345,-21.568115],[-51.210867,-21.56628],[-51.212474,-21.565861],[-51.221963,-21.56529],[-51.223131,-21.565079],[-51.238921,-21.558839],[-51.241082,-21.558224],[-51.269409,-21.554897],[-51.271685,-21.554469],[-51.287063,-21.553794],[-51.288566,-21.553587],[-51.311287,-21.545862],[-51.332024,-21.541748],[-51.333558,-21.541331],[-51.355681,-21.532691],[-51.372555,-21.526479],[-51.423596,-21.499029],[-51.424549,-21.49842],[-51.425584,-21.497477],[-51.428813,-21.494167],[-51.429696,-21.492796],[-51.431417,-21.491975],[-51.439057,-21.489568],[-51.440111,-21.489026],[-51.441928,-21.488435],[-51.443596,-21.487923],[-51.444839,-21.487738],[-51.45614,-21.484167],[-51.474727,-21.481207],[-51.476663,-21.480733],[-51.477645,-21.480374],[-51.479034,-21.47957],[-51.484287,-21.475853],[-51.486338,-21.474666],[-51.491717,-21.472893],[-51.49313,-21.472755],[-51.494211,-21.472853],[-51.512416,-21.475594],[-51.514593,-21.475768],[-51.518817,-21.476419],[-51.519695,-21.476397],[-51.520793,-21.476141],[-51.526182,-21.474274],[-51.526384,-21.474657],[-51.526247,-21.475367],[-51.529086,-21.482949],[-51.530714,-21.488458],[-51.533305,-21.487802],[-51.53357,-21.488702],[-51.53271,-21.488922],[-51.532553,-21.488386]]}},{"type":"Feature","properties":{"id_backbone":"BB-7ECCB739EA5F","trecho":"BNB.CG-VAP.FF","cluster":"ARACATUBA","cabo":"F-0018","capacidade":"6","extensao_km":10.147,"confianca":"BAIXA","fonte":"OSRM/OpenStreetMap","ponta_a":"BNB.CG","municipio_a":"BENTO DE ABREU","ponta_b":"VAP.FF","municipio_b":"VALPARAISO"},"geometry":{"type":"LineString","coordinates":[[-50.811945,-21.271738],[-50.810702,-21.268977],[-50.811447,-21.268678],[-50.81039,-21.266111],[-50.804275,-21.252589],[-50.803762,-21.25193],[-50.804416,-21.251506],[-50.819069,-21.234716],[-50.819841,-21.234297],[-50.824534,-21.233327],[-50.833913,-21.2326],[-50.837482,-21.23283],[-50.838293,-21.232624],[-50.839098,-21.232938],[-50.841293,-21.23298],[-50.842002,-21.232761],[-50.844086,-21.23162],[-50.845106,-21.231382],[-50.845934,-21.231442],[-50.850032,-21.23241],[-50.850656,-21.2324],[-50.857607,-21.229552],[-50.861113,-21.226827],[-50.862565,-21.225148],[-50.863688,-21.224264],[-50.864116,-21.224276],[-50.864321,-21.224115],[-50.864702,-21.224628],[-50.864998,-21.224556]]}},{"type":"Feature","properties":{"id_backbone":"BB-9DDEC6B0F2EF","trecho":"BNS.MF-MDU.MU","cluster":"BAURU","cabo":"F-0326-00","capacidade":"24","extensao_km":18.47,"confianca":"ALTA","fonte":"OSRM/OpenStreetMap","ponta_a":"BNS.MF","municipio_a":"BERNARDINO DE CAMPOS","ponta_b":"MDU.MU","municipio_b":"MANDURI"},"geometry":{"type":"LineString","coordinates":[[-49.47527,-23.012962],[-49.475217,-23.012644],[-49.472909,-23.012998],[-49.473251,-23.014812],[-49.470473,-23.015244],[-49.46963,-23.01648],[-49.468487,-23.017209],[-49.462946,-23.018418],[-49.461615,-23.018381],[-49.46019,-23.017767],[-49.459335,-23.016915],[-49.458962,-23.016318],[-49.457745,-23.013251],[-49.456702,-23.011788],[-49.45601,-23.011211],[-49.453941,-23.010351],[-49.446839,-23.010078],[-49.441362,-23.008958],[-49.436377,-23.008756],[-49.435525,-23.008441],[-49.43372,-23.007225],[-49.433078,-23.00704],[-49.430418,-23.007435],[-49.427998,-23.009361],[-49.427041,-23.009625],[-49.407541,-23.006119],[-49.406221,-23.006118],[-49.402972,-23.006597],[-49.402141,-23.006545],[-49.39716,-23.005092],[-49.394207,-23.002874],[-49.391809,-23.001735],[-49.379869,-22.997628],[-49.373133,-22.993501],[-49.371448,-22.992817],[-49.369391,-22.992239],[-49.367822,-22.9924],[-49.363251,-22.993869],[-49.360752,-22.994289],[-49.354175,-22.993568],[-49.349472,-22.992714],[-49.348424,-22.992682],[-49.345828,-22.993765],[-49.343356,-22.995217],[-49.342911,-22.995597],[-49.342889,-22.996226],[-49.342667,-22.996208],[-49.342479,-22.99588],[-49.341943,-22.995951],[-49.341367,-22.996688],[-49.338131,-22.998991],[-49.337277,-22.999563],[-49.335989,-23.000121],[-49.335468,-23.000285],[-49.33464,-23.000277],[-49.331822,-22.998955],[-49.331132,-22.998768],[-49.325306,-22.998499],[-49.322223,-22.999656],[-49.316758,-23.002042],[-49.315582,-23.002796],[-49.315937,-23.003467]]}},{"type":"Feature","properties":{"id_backbone":"BB-57803560FE8B","trecho":"BOC.FP-BRR.XN","cluster":"BAURU","cabo":"F-0141","capacidade":"72","extensao_km":31.098,"confianca":"REJEITADA","fonte":"OSRM/OpenStreetMap","ponta_a":"BOC.FP","municipio_a":"BOCAINA","ponta_b":"BRR.XN","municipio_b":"BARIRI"},"geometry":{"type":"LineString","coordinates":[[-48.520465,-22.136239],[-48.519132,-22.136825],[-48.522914,-22.144269],[-48.525576,-22.143083],[-48.526212,-22.144405],[-48.527184,-22.14512],[-48.532064,-22.146718],[-48.532819,-22.147471],[-48.534849,-22.151399],[-48.53585,-22.152589],[-48.537418,-22.153541],[-48.541705,-22.15484],[-48.542756,-22.155439],[-48.543454,-22.15645],[-48.545069,-22.161957],[-48.545699,-22.163142],[-48.555166,-22.172001],[-48.556408,-22.172659],[-48.562432,-22.174837],[-48.563837,-22.17487],[-48.566596,-22.174399],[-48.572277,-22.174606],[-48.573177,-22.174475],[-48.574167,-22.173956],[-48.579344,-22.169456],[-48.580336,-22.16879],[-48.582522,-22.167893],[-48.586319,-22.167683],[-48.587426,-22.167387],[-48.602348,-22.158651],[-48.604262,-22.158031],[-48.609274,-22.157154],[-48.609976,-22.156912],[-48.613936,-22.15444],[-48.614767,-22.154375],[-48.616972,-22.154816],[-48.617874,-22.1548],[-48.619092,-22.154526],[-48.625485,-22.151405],[-48.63255,-22.146792],[-48.634298,-22.145836],[-48.636178,-22.14521],[-48.64539,-22.143437],[-48.645853,-22.143114],[-48.646416,-22.142236],[-48.647705,-22.136178],[-48.648219,-22.135384],[-48.649351,-22.13454],[-48.650347,-22.134232],[-48.663106,-22.13266],[-48.66478,-22.132159],[-48.672072,-22.129033],[-48.673033,-22.129103],[-48.675366,-22.130292],[-48.675903,-22.130274],[-48.719272,-22.080418],[-48.721209,-22.077886],[-48.728294,-22.067339],[-48.728703,-22.067363],[-48.729735,-22.068396],[-48.740948,-22.07479],[-48.741873,-22.073389],[-48.742997,-22.074105]]}},{"type":"Feature","properties":{"id_backbone":"BB-49F21236C7B9","trecho":"BOSN.SN-CNH.BI","cluster":"BAURU","cabo":"F-0159","capacidade":"12","extensao_km":15.358,"confianca":"SEM_REFERENCIA","fonte":"OSRM/OpenStreetMap","ponta_a":"BOSN.SN","municipio_a":"CONCHAS","ponta_b":"CNH.BI","municipio_b":"CONCHAS"},"geometry":{"type":"LineString","coordinates":[[-48.097045,-23.078577],[-48.096221,-23.079422],[-48.095445,-23.081658],[-48.093515,-23.080851],[-48.092735,-23.080337],[-48.091199,-23.078705],[-48.0906,-23.077627],[-48.089203,-23.077163],[-48.088602,-23.076615],[-48.08621,-23.071713],[-48.086102,-23.070944],[-48.086293,-23.068498],[-48.086169,-23.068097],[-48.081797,-23.066264],[-48.080433,-23.065185],[-48.080168,-23.064109],[-48.081527,-23.061422],[-48.081986,-23.059703],[-48.08211,-23.057315],[-48.081119,-23.052421],[-48.079893,-23.049623],[-48.077938,-23.047186],[-48.076142,-23.046324],[-48.074524,-23.046435],[-48.073559,-23.046131],[-48.072278,-23.044782],[-48.071202,-23.043136],[-48.069047,-23.042024],[-48.068863,-23.041777],[-48.068745,-23.039848],[-48.069137,-23.037484],[-48.069714,-23.036023],[-48.070866,-23.034222],[-48.070533,-23.032088],[-48.070474,-23.028596],[-48.070121,-23.02798],[-48.069392,-23.027794],[-48.067857,-23.028261],[-48.066293,-23.028364],[-48.060943,-23.026851],[-48.050421,-23.02846],[-48.046661,-23.028447],[-48.044852,-23.028207],[-48.023675,-23.023534],[-48.022193,-23.023427],[-48.021589,-23.02363],[-48.02119,-23.022848],[-48.018913,-23.021738],[-48.018003,-23.020872],[-48.017761,-23.019708],[-48.018128,-23.018437],[-48.018148,-23.01778],[-48.017604,-23.016769],[-48.017035,-23.016156],[-48.015932,-23.015648],[-48.012144,-23.014741],[-48.009878,-23.01501],[-48.00927,-23.013369],[-48.007386,-23.013942],[-48.006996,-23.01287]]}},{"type":"Feature","properties":{"id_backbone":"BB-E872EDA35E0A","trecho":"BRAS.BT-GIE.GD","cluster":"SAO JOSE DO RIO PRETO","cabo":"TR 1557","capacidade":"24 F","extensao_km":9.469,"confianca":"ALTA","fonte":"OSRM/OpenStreetMap","ponta_a":"BRAS.BT","municipio_a":"FERNANDOPOLIS","ponta_b":"GIE.GD","municipio_b":"GUARANI D'OESTE"},"geometry":{"type":"LineString","coordinates":[[-50.316939,-20.137389],[-50.312364,-20.136784],[-50.311722,-20.136878],[-50.311587,-20.136742],[-50.312029,-20.135882],[-50.313915,-20.129546],[-50.314317,-20.126887],[-50.31435,-20.125022],[-50.313984,-20.12209],[-50.309024,-20.099207],[-50.308836,-20.097259],[-50.308992,-20.095919],[-50.309344,-20.094627],[-50.310291,-20.092743],[-50.311674,-20.091163],[-50.331057,-20.074119],[-50.331626,-20.073362],[-50.331863,-20.073359],[-50.332477,-20.073962],[-50.333231,-20.074107],[-50.335912,-20.073545],[-50.336887,-20.073647],[-50.337563,-20.073962],[-50.338096,-20.073214],[-50.33826,-20.073312]]}},{"type":"Feature","properties":{"id_backbone":"BB-A2C06354FFB6","trecho":"BRE.AL-SPB.AP","cluster":"OSASCO","cabo":"F-0691","capacidade":"36","extensao_km":5.991,"confianca":"ALTA","fonte":"OSRM/OpenStreetMap","ponta_a":"BRE.AL","municipio_a":"BARUERI","ponta_b":"SPB.AP","municipio_b":"SANTANA DE PARNAIBA"},"geometry":{"type":"LineString","coordinates":[[-46.847109,-23.500915],[-46.847875,-23.500862],[-46.848119,-23.499016],[-46.848011,-23.498637],[-46.848234,-23.498206],[-46.84898,-23.49231],[-46.84917,-23.492221],[-46.849371,-23.492374],[-46.8513,-23.492627],[-46.852136,-23.492648],[-46.852501,-23.492477],[-46.853347,-23.491328],[-46.853695,-23.490182],[-46.854045,-23.489574],[-46.855937,-23.48696],[-46.857697,-23.48514],[-46.858118,-23.484468],[-46.858297,-23.483796],[-46.858289,-23.482877],[-46.858028,-23.481319],[-46.857978,-23.47964],[-46.85766,-23.478897],[-46.858008,-23.478167],[-46.858165,-23.476897],[-46.858599,-23.47611],[-46.859226,-23.475522],[-46.860042,-23.475129],[-46.86174,-23.474724],[-46.862388,-23.474763],[-46.865181,-23.474363],[-46.867368,-23.473761],[-46.868808,-23.473058],[-46.870009,-23.472233],[-46.871423,-23.470696],[-46.871728,-23.469875],[-46.87169,-23.469033],[-46.871322,-23.468535],[-46.869768,-23.467299],[-46.869548,-23.466811],[-46.869454,-23.465989],[-46.869496,-23.465027],[-46.870936,-23.463346],[-46.870854,-23.463106],[-46.87059,-23.463029],[-46.870795,-23.463017]]}},{"type":"Feature","properties":{"id_backbone":"BB-13932B75E6A3","trecho":"BRE.AL-CIV.CA","cluster":"OSASCO","cabo":"F-0690","capacidade":"36","extensao_km":4.726,"confianca":"BAIXA","fonte":"OSRM/OpenStreetMap","ponta_a":"BRE.AL","municipio_a":"BARUERI","ponta_b":"CIV.CA","municipio_b":"CARAPICUIBA"},"geometry":{"type":"LineString","coordinates":[[-46.847109,-23.500915],[-46.847875,-23.500862],[-46.848119,-23.499016],[-46.848028,-23.498744],[-46.846761,-23.498655],[-46.845643,-23.499081],[-46.843799,-23.50013],[-46.832321,-23.502934],[-46.833558,-23.511289],[-46.83651,-23.516509],[-46.836989,-23.518077],[-46.837376,-23.518295],[-46.837796,-23.517952],[-46.837692,-23.517756],[-46.837465,-23.517726],[-46.836803,-23.518198],[-46.837135,-23.518713],[-46.836829,-23.519338],[-46.837306,-23.52045],[-46.837234,-23.520787],[-46.833938,-23.521889],[-46.83387,-23.521709]]}},{"type":"Feature","properties":{"id_backbone":"BB-7A719B1E86A8","trecho":"BRE.AL-JAI.GC","cluster":"OSASCO","cabo":"F-0897","capacidade":"72","extensao_km":43.153,"confianca":"SEM_REFERENCIA","fonte":"OSRM/OpenStreetMap","ponta_a":"BRE.AL","municipio_a":"BARUERI","ponta_b":"JAI.GC","municipio_b":"JUNDIAI"},"geometry":{"type":"LineString","coordinates":[[-46.847109,-23.500915],[-46.847875,-23.500862],[-46.848094,-23.498849],[-46.847756,-23.49867],[-46.846934,-23.498613],[-46.845643,-23.499081],[-46.844863,-23.49959],[-46.844734,-23.499451],[-46.845896,-23.498744],[-46.845946,-23.498583],[-46.845862,-23.498421],[-46.844501,-23.49813],[-46.843994,-23.497549],[-46.842646,-23.491578],[-46.840103,-23.491147],[-46.839129,-23.48876],[-46.838778,-23.487123],[-46.83857,-23.486784],[-46.838307,-23.48659],[-46.837273,-23.486477],[-46.83712,-23.485991],[-46.831204,-23.480335],[-46.831325,-23.479862],[-46.832131,-23.47939],[-46.831868,-23.47806],[-46.831119,-23.476915],[-46.830476,-23.474532],[-46.83064,-23.471189],[-46.830403,-23.470605],[-46.829609,-23.469557],[-46.829417,-23.468975],[-46.829378,-23.467712],[-46.829787,-23.467178],[-46.82992,-23.465608],[-46.830806,-23.464612],[-46.831659,-23.46434],[-46.831967,-23.464074],[-46.83347,-23.462065],[-46.83474,-23.461319],[-46.835928,-23.459692],[-46.835964,-23.458893],[-46.836155,-23.458451],[-46.839227,-23.455727],[-46.839468,-23.454702],[-46.838375,-23.452938],[-46.838301,-23.45078],[-46.836852,-23.449162],[-46.836576,-23.448653],[-46.836535,-23.446418],[-46.835961,-23.445048],[-46.833426,-23.442901],[-46.832816,-23.442685],[-46.832721,-23.44251],[-46.832931,-23.442037],[-46.832235,-23.441398],[-46.832731,-23.440308],[-46.832439,-23.439089],[-46.832427,-23.437537],[-46.831626,-23.435432],[-46.8307,-23.434628],[-46.83026,-23.433926],[-46.829635,-23.430498],[-46.829625,-23.428007],[-46.829029,-23.426625],[-46.828921,-23.42514],[-46.828431,-23.424732],[-46.826024,-23.424018],[-46.824396,-23.422362],[-46.823185,-23.422493],[-46.82265,-23.422045],[-46.822142,-23.421178],[-46.821277,-23.420405],[-46.820838,-23.416563],[-46.821163,-23.415281],[-46.821283,-23.415181],[-46.821954,-23.415329],[-46.822425,-23.414931],[-46.82288,-23.413656],[-46.822997,-23.412517],[-46.824161,-23.41192],[-46.824857,-23.411272],[-46.825332,-23.410611],[-46.825433,-23.41005],[-46.825358,-23.409866],[-46.82359,-23.409016],[-46.821672,-23.409076],[-46.821112,-23.408541],[-46.824773,-23.406047],[-46.826242,-23.4054],[-46.83299,-23.404877],[-46.834181,-23.404539],[-46.835141,-23.403756],[-46.836687,-23.401859],[-46.837002,-23.400872],[-46.836899,-23.399921],[-46.835822,-23.397983],[-46.835493,-23.396528],[-46.835393,-23.391732],[-46.835865,-23.390091],[-46.837982,-23.387049],[-46.838373,-23.38606],[-46.838481,-23.3853],[-46.838304,-23.380689],[-46.838645,-23.379097],[-46.839997,-23.375992],[-46.840781,-23.375214],[-46.842975,-23.373794],[-46.843709,-23.372908],[-46.844496,-23.370271],[-46.845435,-23.368572],[-46.846159,-23.364965],[-46.847868,-23.362835],[-46.848349,-23.361833],[-46.84844,-23.360621],[-46.847454,-23.353483],[-46.844988,-23.347355],[-46.844307,-23.346437],[-46.84365,-23.345922],[-46.840276,-23.344659],[-46.838988,-23.343618],[-46.83821,-23.342416],[-46.836716,-23.33869],[-46.83647,-23.337382],[-46.836535,-23.336068],[-46.838527,-23.329109],[-46.839112,-23.328083],[-46.840226,-23.327062],[-46.846829,-23.323553],[-46.847614,-23.322982],[-46.848157,-23.322187],[-46.848832,-23.319966],[-46.849433,-23.319208],[-46.853915,-23.316794],[-46.856526,-23.315207],[-46.85739,-23.314391],[-46.857939,-23.313155],[-46.857946,-23.31186],[-46.857685,-23.31107],[-46.856444,-23.309462],[-46.856115,-23.308687],[-46.855364,-23.305224],[-46.855427,-23.304392],[-46.855737,-23.303502],[-46.856604,-23.302503],[-46.858839,-23.300947],[-46.861028,-23.298402],[-46.86388,-23.296827],[-46.865479,-23.295054],[-46.866233,-23.293882],[-46.866486,-23.292924],[-46.866449,-23.291984],[-46.8659,-23.289025],[-46.865956,-23.288337],[-46.866299,-23.287299],[-46.866905,-23.28649],[-46.867774,-23.285815],[-46.871589,-23.28396],[-46.872321,-23.28314],[-46.872808,-23.282022],[-46.872846,-23.280577],[-46.871629,-23.276617],[-46.869038,-23.273338],[-46.868431,-23.272068],[-46.868208,-23.270866],[-46.868302,-23.268201],[-46.868174,-23.267118],[-46.866602,-23.263729],[-46.8663,-23.262772],[-46.866291,-23.261088],[-46.867217,-23.257924],[-46.867334,-23.256506],[-46.867104,-23.255033],[-46.865762,-23.250476],[-46.865802,-23.248906],[-46.866152,-23.247674],[-46.868482,-23.242893],[-46.869193,-23.238856],[-46.869835,-23.236868],[-46.8755,-23.225724],[-46.876577,-23.224223],[-46.883664,-23.216176],[-46.884888,-23.215141],[-46.887572,-23.213366],[-46.887833,-23.213034],[-46.887694,-23.212595],[-46.886166,-23.211086],[-46.884661,-23.207621],[-46.88487,-23.206598],[-46.884321,-23.20332],[-46.884284,-23.202137],[-46.883252,-23.20163],[-46.882195,-23.201528],[-46.8818,-23.201254],[-46.881506,-23.200795],[-46.881631,-23.200283],[-46.881585,-23.199073],[-46.881356,-23.19615],[-46.881189,-23.195726],[-46.880529,-23.195492],[-46.878774,-23.194419],[-46.87791,-23.195622],[-46.877331,-23.196137],[-46.875302,-23.197254],[-46.875668,-23.197677]]}},{"type":"Feature","properties":{"id_backbone":"BB-0EA8F409AB77","trecho":"BRE.BA-SPB.SP","cluster":"OSASCO","cabo":"F-0168","capacidade":"12","extensao_km":10.977,"confianca":"MEDIA","fonte":"OSRM/OpenStreetMap","ponta_a":"BRE.BA","municipio_a":"BARUERI","ponta_b":"SPB.SP","municipio_b":"SANTANA DE PARNAIBA"},"geometry":{"type":"LineString","coordinates":[[-46.875522,-23.508675],[-46.875614,-23.507916],[-46.876789,-23.508372],[-46.876933,-23.506186],[-46.876197,-23.505602],[-46.875934,-23.505949],[-46.875631,-23.50603],[-46.875,-23.505918],[-46.874898,-23.505691],[-46.876166,-23.505362],[-46.877194,-23.504405],[-46.878444,-23.503648],[-46.878632,-23.503115],[-46.877765,-23.499645],[-46.876171,-23.497231],[-46.876055,-23.49683],[-46.877969,-23.494229],[-46.879286,-23.493054],[-46.880608,-23.492909],[-46.88095,-23.491946],[-46.882184,-23.49112],[-46.882404,-23.490644],[-46.882318,-23.490158],[-46.881159,-23.487928],[-46.881136,-23.486593],[-46.880674,-23.485821],[-46.8809,-23.484479],[-46.882796,-23.483051],[-46.883002,-23.482606],[-46.88406,-23.481845],[-46.886592,-23.482048],[-46.888683,-23.481433],[-46.88887,-23.481043],[-46.888703,-23.480146],[-46.888783,-23.479587],[-46.890338,-23.477829],[-46.890821,-23.476744],[-46.891063,-23.475277],[-46.892132,-23.473605],[-46.892768,-23.471441],[-46.894128,-23.470177],[-46.896098,-23.469474],[-46.897419,-23.46943],[-46.898631,-23.468193],[-46.899818,-23.467573],[-46.902544,-23.467411],[-46.902925,-23.467126],[-46.903501,-23.46612],[-46.903908,-23.465836],[-46.906222,-23.465626],[-46.908028,-23.463571],[-46.907778,-23.461442],[-46.907899,-23.460917],[-46.909889,-23.459129],[-46.910515,-23.458798],[-46.912289,-23.458583],[-46.913696,-23.458153],[-46.915046,-23.458223],[-46.916256,-23.45714],[-46.916408,-23.456539],[-46.916285,-23.455636],[-46.914364,-23.452522],[-46.91448,-23.451965],[-46.915188,-23.450996],[-46.91491,-23.449334],[-46.913951,-23.448451],[-46.913515,-23.447127],[-46.912414,-23.446035],[-46.911874,-23.444582],[-46.912279,-23.443409],[-46.91214,-23.442105]]}},{"type":"Feature","properties":{"id_backbone":"BB-E031ABA74B1A","trecho":"BRE.CPD-CIV.VD","cluster":"OSASCO","cabo":"F-0907","capacidade":"72","extensao_km":7.181,"confianca":"SEM_REFERENCIA","fonte":"OSRM/OpenStreetMap","ponta_a":"BRE.CPD","municipio_a":"BARUERI","ponta_b":"CIV.VD","municipio_b":"CARAPICUIBA"},"geometry":{"type":"LineString","coordinates":[[-46.845494,-23.501031],[-46.847875,-23.500862],[-46.848119,-23.499016],[-46.848028,-23.498744],[-46.846761,-23.498655],[-46.845643,-23.499081],[-46.843799,-23.50013],[-46.832321,-23.502934],[-46.833558,-23.511289],[-46.83651,-23.516509],[-46.836989,-23.518077],[-46.837376,-23.518295],[-46.837796,-23.517952],[-46.837692,-23.517756],[-46.837465,-23.517726],[-46.836833,-23.518098],[-46.836819,-23.518351],[-46.83714,-23.518747],[-46.836829,-23.519338],[-46.837306,-23.52045],[-46.837275,-23.520738],[-46.835865,-23.521274],[-46.835304,-23.523656],[-46.835694,-23.525356],[-46.835048,-23.527579],[-46.835441,-23.528579],[-46.835437,-23.529595],[-46.835969,-23.530848],[-46.836434,-23.531244],[-46.83632,-23.532098],[-46.836488,-23.533944],[-46.836054,-23.534918],[-46.834418,-23.543217]]}},{"type":"Feature","properties":{"id_backbone":"BB-F4B339167115","trecho":"BRH.GV-STZ.CS","cluster":"RIBEIRAO PRETO","cabo":"F-0283","capacidade":"12","extensao_km":23.199,"confianca":"REJEITADA","fonte":"OSRM/OpenStreetMap","ponta_a":"BRH.GV","municipio_a":"BARRINHA","ponta_b":"STZ.CS","municipio_b":"SERTAOZINHO"},"geometry":{"type":"LineString","coordinates":[[-48.163891,-21.195456],[-48.16137,-21.195946],[-48.161992,-21.198708],[-48.161806,-21.198923],[-48.161709,-21.199506],[-48.161212,-21.199511],[-48.160757,-21.200173],[-48.160493,-21.200209],[-48.160243,-21.199579],[-48.158312,-21.198366],[-48.139701,-21.188195],[-48.138355,-21.187194],[-48.124801,-21.175471],[-48.123143,-21.174476],[-48.121157,-21.173909],[-48.116794,-21.1739],[-48.114756,-21.174383],[-48.112976,-21.175498],[-48.110016,-21.178646],[-48.10801,-21.179655],[-48.106497,-21.1799],[-48.097427,-21.180123],[-48.095393,-21.179781],[-48.071992,-21.173123],[-48.060647,-21.172787],[-47.994091,-21.164784],[-47.991001,-21.164718],[-47.990435,-21.165267],[-47.990134,-21.165272],[-47.989964,-21.164961],[-47.990315,-21.164469],[-47.990391,-21.163871],[-47.990203,-21.163459],[-47.990529,-21.162684],[-47.991959,-21.150876],[-47.992422,-21.149883],[-47.992012,-21.149339],[-47.992306,-21.14855],[-47.992226,-21.148076],[-47.991032,-21.146456],[-47.988011,-21.142872],[-47.991098,-21.140637],[-47.990444,-21.13984]]}},{"type":"Feature","properties":{"id_backbone":"BB-71A5E01B9C9D","trecho":"BRH.GV-RPO.AB","cluster":"RIBEIRAO PRETO","cabo":"X-0001","capacidade":"72","extensao_km":39.362,"confianca":"SEM_REFERENCIA","fonte":"OSRM/OpenStreetMap","ponta_a":"BRH.GV","municipio_a":"BARRINHA","ponta_b":"RPO.AB","municipio_b":"RIBEIRAO PRETO"},"geometry":{"type":"LineString","coordinates":[[-48.163891,-21.195456],[-48.16137,-21.195946],[-48.161992,-21.198708],[-48.161806,-21.198923],[-48.161709,-21.199506],[-48.161212,-21.199511],[-48.160757,-21.200173],[-48.160493,-21.200209],[-48.160243,-21.199579],[-48.158312,-21.198366],[-48.139701,-21.188195],[-48.138355,-21.187194],[-48.124801,-21.175471],[-48.123143,-21.174476],[-48.121157,-21.173909],[-48.116794,-21.1739],[-48.114756,-21.174383],[-48.112976,-21.175498],[-48.110016,-21.178646],[-48.10801,-21.179655],[-48.106497,-21.1799],[-48.097427,-21.180123],[-48.095393,-21.179781],[-48.071992,-21.173123],[-48.060647,-21.172787],[-47.961094,-21.160763],[-47.959263,-21.160828],[-47.92045,-21.167281],[-47.900101,-21.166704],[-47.880636,-21.165912],[-47.877345,-21.165937],[-47.86952,-21.167741],[-47.868228,-21.168192],[-47.856389,-21.175],[-47.855,-21.175638],[-47.853168,-21.176043],[-47.846237,-21.176695],[-47.840806,-21.178391],[-47.838924,-21.178792],[-47.836961,-21.178852],[-47.832078,-21.178251],[-47.825496,-21.178249],[-47.823927,-21.177988],[-47.823596,-21.178122],[-47.823466,-21.178499],[-47.823049,-21.178686],[-47.82207,-21.178219],[-47.820513,-21.178208],[-47.817377,-21.178494],[-47.816507,-21.178721],[-47.814957,-21.176512],[-47.813314,-21.174653],[-47.810642,-21.176663]]}},{"type":"Feature","properties":{"id_backbone":"BB-85599BA6CDEA","trecho":"BRJE.JC-JAI.VI","cluster":"JUNDIAI","cabo":null,"capacidade":"72","extensao_km":16.985,"confianca":"SEM_REFERENCIA","fonte":"OSRM/OpenStreetMap","ponta_a":"BRJE.JC","municipio_a":"CABREUVA","ponta_b":"JAI.VI","municipio_b":"JUNDIAI"},"geometry":{"type":"LineString","coordinates":[[-47.0603,-23.245099],[-47.060453,-23.245116],[-47.060514,-23.244448],[-47.053902,-23.2426],[-47.052167,-23.241828],[-47.047507,-23.238518],[-47.043426,-23.236163],[-47.039974,-23.233081],[-47.033453,-23.228454],[-47.029311,-23.224982],[-47.018077,-23.214286],[-47.009751,-23.204516],[-47.008473,-23.203261],[-47.007187,-23.202377],[-47.006178,-23.201895],[-46.999833,-23.199654],[-46.998334,-23.198901],[-46.997408,-23.198248],[-46.989663,-23.191475],[-46.98766,-23.190069],[-46.986563,-23.189508],[-46.962245,-23.180782],[-46.957789,-23.178524],[-46.948909,-23.173169],[-46.946492,-23.172181],[-46.944102,-23.171781],[-46.942116,-23.171782],[-46.927954,-23.173765],[-46.926792,-23.173578],[-46.924956,-23.172596],[-46.924168,-23.172564],[-46.924091,-23.172951],[-46.924204,-23.17316],[-46.924402,-23.173039],[-46.924552,-23.173278]]}},{"type":"Feature","properties":{"id_backbone":"BB-B9F11142E0D5","trecho":"BRJE.JC-BRJE.RD","cluster":"JUNDIAI","cabo":null,"capacidade":"144","extensao_km":1.262,"confianca":"MEDIA","fonte":"OSRM/OpenStreetMap","ponta_a":"BRJE.JC","municipio_a":"CABREUVA","ponta_b":"BRJE.RD","municipio_b":"CABREUVA"},"geometry":{"type":"LineString","coordinates":[[-47.0603,-23.245099],[-47.060453,-23.245116],[-47.060514,-23.244448],[-47.06018,-23.244265],[-47.060258,-23.244013],[-47.061833,-23.244331],[-47.061829,-23.243094],[-47.062143,-23.24179],[-47.061647,-23.240832],[-47.061664,-23.238282],[-47.060176,-23.237711],[-47.060332,-23.237379],[-47.060697,-23.237425]]}},{"type":"Feature","properties":{"id_backbone":"BB-87486D4756B0","trecho":"BRPA.BP-CUH.PG","cluster":"SAO JOSE DOS CAMPOS","cabo":"F-S/N","capacidade":"12","extensao_km":15.739,"confianca":"REJEITADA","fonte":"OSRM/OpenStreetMap","ponta_a":"BRPA.BP","municipio_a":"CUNHA","ponta_b":"CUH.PG","municipio_b":"CUNHA"},"geometry":{"type":"LineString","coordinates":[[-45.043875,-22.994552],[-45.044038,-22.995572],[-45.044976,-22.997705],[-45.044944,-22.998713],[-45.042939,-23.000008],[-45.040872,-23.003041],[-45.040477,-23.004186],[-45.040669,-23.005469],[-45.040522,-23.006124],[-45.040109,-23.006507],[-45.038706,-23.007231],[-45.036807,-23.007564],[-45.036132,-23.008159],[-45.035538,-23.00921],[-45.034899,-23.00962],[-45.031242,-23.010373],[-45.029177,-23.01004],[-45.028147,-23.010084],[-45.027558,-23.010276],[-45.027104,-23.010626],[-45.026681,-23.01127],[-45.025192,-23.016866],[-45.024676,-23.017558],[-45.022783,-23.019138],[-45.022257,-23.019964],[-45.022075,-23.021123],[-45.0226,-23.022863],[-45.022662,-23.024174],[-45.022238,-23.025823],[-45.020801,-23.029861],[-45.020261,-23.030607],[-45.014255,-23.035892],[-45.014103,-23.036704],[-45.014546,-23.037838],[-45.014575,-23.03833],[-45.014232,-23.04028],[-45.014033,-23.04069],[-45.011385,-23.043456],[-45.010631,-23.043965],[-45.009728,-23.044233],[-45.00694,-23.044289],[-45.0059,-23.044685],[-45.005073,-23.045337],[-45.000655,-23.05148],[-44.99934,-23.05403],[-44.998908,-23.054401],[-44.99676,-23.055538],[-44.996183,-23.056165],[-44.995984,-23.057032],[-44.995979,-23.059239],[-44.995772,-23.059922],[-44.994953,-23.060508],[-44.994168,-23.060574],[-44.993553,-23.060346],[-44.989729,-23.05803],[-44.98904,-23.057782],[-44.981556,-23.056534],[-44.979431,-23.056404],[-44.976866,-23.055698],[-44.975662,-23.055886],[-44.974794,-23.056648],[-44.973903,-23.058428],[-44.973248,-23.059267],[-44.96995,-23.061357],[-44.969009,-23.061771],[-44.968926,-23.061602],[-44.969191,-23.061486],[-44.969176,-23.061209],[-44.968474,-23.060991],[-44.967651,-23.06084],[-44.964932,-23.060935],[-44.962885,-23.062123],[-44.96192,-23.063184],[-44.960688,-23.065034],[-44.960624,-23.065385],[-44.960202,-23.065579],[-44.959955,-23.065926],[-44.959759,-23.066507],[-44.959768,-23.067037],[-44.960279,-23.068046],[-44.95974,-23.068924],[-44.960259,-23.07149],[-44.959758,-23.07429],[-44.959945,-23.074293],[-44.95998,-23.075469],[-44.959699,-23.075463],[-44.959677,-23.076177],[-44.959426,-23.076187],[-44.959357,-23.075792]]}},{"type":"Feature","properties":{"id_backbone":"BB-43000E927EA7","trecho":"BRR.XN-IJU.BA","cluster":"BAURU","cabo":"F-0160-00","capacidade":"12","extensao_km":16.044,"confianca":"ALTA","fonte":"OSRM/OpenStreetMap","ponta_a":"BRR.XN","municipio_a":"BARIRI","ponta_b":"IJU.BA","municipio_b":"ITAJU"},"geometry":{"type":"LineString","coordinates":[[-48.742997,-22.074105],[-48.743469,-22.074392],[-48.74364,-22.074128],[-48.744176,-22.074814],[-48.744112,-22.075052],[-48.743027,-22.07601],[-48.743279,-22.076163],[-48.74264,-22.076941],[-48.729183,-22.069092],[-48.729628,-22.068372],[-48.729145,-22.068127],[-48.728361,-22.068021],[-48.728095,-22.067666],[-48.734279,-22.058501],[-48.734934,-22.05729],[-48.736863,-22.05472],[-48.751014,-22.033819],[-48.762689,-22.016433],[-48.765904,-22.01139],[-48.768697,-22.005956],[-48.779689,-21.983371],[-48.780193,-21.981523],[-48.780673,-21.981393],[-48.781074,-21.981846],[-48.781542,-21.982077],[-48.799061,-21.984907],[-48.799908,-21.984785],[-48.802356,-21.981702],[-48.803329,-21.981509]]}},{"type":"Feature","properties":{"id_backbone":"BB-DDE980ADD459","trecho":"BRS.BR-OLA.OL","cluster":"SAO JOSE DO RIO PRETO","cabo":"F-0042","capacidade":"12","extensao_km":51.948,"confianca":"ALTA","fonte":"OSRM/OpenStreetMap","ponta_a":"BRS.BR","municipio_a":"BARRETOS","ponta_b":"OLA.OL","municipio_b":"OLIMPIA"},"geometry":{"type":"LineString","coordinates":[[-48.567812,-20.558866],[-48.567008,-20.560061],[-48.572744,-20.563414],[-48.573573,-20.563926],[-48.573614,-20.564096],[-48.578009,-20.563123],[-48.579594,-20.562632],[-48.584124,-20.560084],[-48.588179,-20.557444],[-48.588533,-20.557315],[-48.588886,-20.557518],[-48.589293,-20.557321],[-48.590416,-20.554495],[-48.590818,-20.553049],[-48.591405,-20.551921],[-48.597733,-20.530863],[-48.597576,-20.530197],[-48.596438,-20.529575],[-48.596011,-20.529638],[-48.595848,-20.530031],[-48.596569,-20.53061],[-48.642984,-20.555789],[-48.725347,-20.600036],[-48.72763,-20.601074],[-48.75014,-20.609773],[-48.751747,-20.610539],[-48.758354,-20.614823],[-48.759685,-20.615521],[-48.766972,-20.620577],[-48.768965,-20.621646],[-48.771863,-20.622692],[-48.790504,-20.626527],[-48.793575,-20.627562],[-48.79832,-20.629637],[-48.800661,-20.630315],[-48.802604,-20.630618],[-48.808129,-20.630841],[-48.809712,-20.631054],[-48.812202,-20.631744],[-48.813761,-20.632428],[-48.879336,-20.67284],[-48.882911,-20.674681],[-48.915738,-20.689926],[-48.921454,-20.692361],[-48.922063,-20.692356],[-48.922581,-20.692012],[-48.922884,-20.692128],[-48.922902,-20.692479],[-48.92245,-20.692574],[-48.922073,-20.693375],[-48.922224,-20.693749],[-48.921897,-20.693934],[-48.921632,-20.693744],[-48.921629,-20.693232],[-48.921329,-20.692833],[-48.91936,-20.691832],[-48.91821,-20.691372],[-48.917377,-20.691849],[-48.91214,-20.705113],[-48.912226,-20.70585],[-48.911775,-20.706388],[-48.906295,-20.72061],[-48.906011,-20.724025],[-48.908831,-20.724502],[-48.91395,-20.727148],[-48.9167,-20.73333],[-48.915845,-20.737052],[-48.914409,-20.736761]]}},{"type":"Feature","properties":{"id_backbone":"BB-959840B34913","trecho":"BRT.BT-TNH.AB","cluster":"BAURU","cabo":"F-0155-05","capacidade":"12","extensao_km":20.052,"confianca":"ALTA","fonte":"OSRM/OpenStreetMap","ponta_a":"BRT.BT","municipio_a":"BROTAS","ponta_b":"TNH.AB","municipio_b":"TORRINHA"},"geometry":{"type":"LineString","coordinates":[[-48.124812,-22.28637],[-48.126447,-22.286142],[-48.126584,-22.287044],[-48.128555,-22.286768],[-48.129486,-22.292618],[-48.122229,-22.300815],[-48.11529,-22.309746],[-48.114633,-22.31051],[-48.111287,-22.313504],[-48.108519,-22.316682],[-48.108047,-22.317652],[-48.107926,-22.318746],[-48.107999,-22.320701],[-48.107628,-22.322226],[-48.107507,-22.323674],[-48.107618,-22.326462],[-48.107307,-22.326973],[-48.10635,-22.327223],[-48.106255,-22.327479],[-48.106305,-22.330566],[-48.106571,-22.331788],[-48.107484,-22.333841],[-48.111008,-22.337937],[-48.111467,-22.338949],[-48.111604,-22.339924],[-48.111454,-22.341011],[-48.111059,-22.341864],[-48.108961,-22.344645],[-48.108806,-22.345447],[-48.108874,-22.34609],[-48.1095,-22.347281],[-48.121356,-22.358277],[-48.123054,-22.360398],[-48.124014,-22.362463],[-48.124581,-22.364506],[-48.124428,-22.374911],[-48.124586,-22.376399],[-48.125114,-22.378335],[-48.126553,-22.380726],[-48.144057,-22.398768],[-48.146316,-22.401761],[-48.148564,-22.405096],[-48.163438,-22.427571],[-48.163942,-22.427918],[-48.164568,-22.427859],[-48.169337,-22.426406],[-48.168536,-22.424842],[-48.169295,-22.424491]]}},{"type":"Feature","properties":{"id_backbone":"BB-CB784D0580F5","trecho":"BRU.AC-LIS.SS","cluster":"BAURU","cabo":"F-0135-00","capacidade":"36","extensao_km":104.307,"confianca":"MEDIA","fonte":"OSRM/OpenStreetMap","ponta_a":"BRU.AC","municipio_a":"BAURU","ponta_b":"LIS.SS","municipio_b":"LINS"},"geometry":{"type":"LineString","coordinates":[[-49.067312,-22.328003],[-49.071685,-22.312344],[-49.072025,-22.311381],[-49.072487,-22.310811],[-49.07217,-22.310301],[-49.073215,-22.309155],[-49.073033,-22.308322],[-49.071725,-22.306438],[-49.071302,-22.305045],[-49.071214,-22.30408],[-49.071455,-22.301182],[-49.070414,-22.298667],[-49.070459,-22.297893],[-49.070211,-22.297485],[-49.070069,-22.296528],[-49.0705,-22.295333],[-49.070886,-22.294871],[-49.072354,-22.294038],[-49.080119,-22.287345],[-49.097936,-22.271829],[-49.104633,-22.265785],[-49.105642,-22.264773],[-49.107946,-22.261116],[-49.109083,-22.259716],[-49.115515,-22.253997],[-49.117707,-22.252357],[-49.125809,-22.247334],[-49.156586,-22.230251],[-49.15827,-22.229137],[-49.160043,-22.227401],[-49.167181,-22.219136],[-49.168373,-22.217962],[-49.170266,-22.216655],[-49.178097,-22.21188],[-49.179823,-22.210493],[-49.180895,-22.209142],[-49.183094,-22.205748],[-49.187453,-22.198651],[-49.188706,-22.197312],[-49.189715,-22.196707],[-49.191004,-22.19629],[-49.197582,-22.19611],[-49.199079,-22.195775],[-49.200846,-22.194954],[-49.323274,-22.107463],[-49.325352,-22.106332],[-49.331536,-22.104029],[-49.333417,-22.102937],[-49.365374,-22.073595],[-49.407172,-22.025473],[-49.437255,-21.9936],[-49.477714,-21.945206],[-49.479543,-21.943261],[-49.53381,-21.897017],[-49.597944,-21.84495],[-49.600466,-21.842378],[-49.602252,-21.840218],[-49.623823,-21.812894],[-49.6255,-21.811322],[-49.642882,-21.798817],[-49.643982,-21.797976],[-49.646085,-21.795899],[-49.67449,-21.760676],[-49.677263,-21.75763],[-49.681951,-21.753709],[-49.706731,-21.734389],[-49.752931,-21.693461],[-49.753531,-21.692584],[-49.753551,-21.691303],[-49.751069,-21.686823],[-49.751029,-21.686367],[-49.751326,-21.684979],[-49.751141,-21.682427],[-49.750638,-21.680398],[-49.749125,-21.676693],[-49.751772,-21.674778],[-49.750364,-21.673129]]}},{"type":"Feature","properties":{"id_backbone":"BB-2DDBCE8D61CC","trecho":"BRU.AC-BRU.CE","cluster":"BAURU","cabo":"F-0107-00","capacidade":"36","extensao_km":1.354,"confianca":"MEDIA","fonte":"OSRM/OpenStreetMap","ponta_a":"BRU.AC","municipio_a":"BAURU","ponta_b":"BRU.CE","municipio_b":"BAURU"},"geometry":{"type":"LineString","coordinates":[[-49.067312,-22.328003],[-49.067411,-22.327657],[-49.069395,-22.328141],[-49.070905,-22.322762],[-49.07391,-22.323485],[-49.074394,-22.32212]]}},{"type":"Feature","properties":{"id_backbone":"BB-6E35ECE8D487","trecho":"BRU.AC-BRU.RE","cluster":"BAURU","cabo":"F-0146-00","capacidade":"36","extensao_km":4.558,"confianca":"ALTA","fonte":"OSRM/OpenStreetMap","ponta_a":"BRU.AC","municipio_a":"BAURU","ponta_b":"BRU.RE","municipio_b":"BAURU"},"geometry":{"type":"LineString","coordinates":[[-49.067312,-22.328003],[-49.067411,-22.327657],[-49.068397,-22.327903],[-49.068126,-22.328863],[-49.058273,-22.32645],[-49.053358,-22.325504],[-49.051146,-22.32528],[-49.045965,-22.324381],[-49.045623,-22.324661],[-49.045249,-22.324701],[-49.04492,-22.324412],[-49.044832,-22.323925],[-49.045266,-22.321462],[-49.033485,-22.319563],[-49.032245,-22.319581],[-49.032119,-22.319453],[-49.032328,-22.319255],[-49.032731,-22.319464],[-49.032788,-22.319251]]}},{"type":"Feature","properties":{"id_backbone":"BB-255A4F79C171","trecho":"BRU.CE-BRU.VA","cluster":"BAURU","cabo":"F-0105-00","capacidade":"24","extensao_km":3.465,"confianca":"BAIXA","fonte":"OSRM/OpenStreetMap","ponta_a":"BRU.CE","municipio_a":"BAURU","ponta_b":"BRU.VA","municipio_b":"BAURU"},"geometry":{"type":"LineString","coordinates":[[-49.074394,-22.32212],[-49.075303,-22.322346],[-49.074877,-22.323813],[-49.073891,-22.323566],[-49.075251,-22.319074],[-49.074367,-22.317151],[-49.072315,-22.31342],[-49.071611,-22.312634],[-49.072025,-22.311381],[-49.072487,-22.310811],[-49.07217,-22.310301],[-49.073215,-22.309155],[-49.073146,-22.308578],[-49.071725,-22.306438],[-49.071107,-22.304578],[-49.071215,-22.302927],[-49.070122,-22.302806],[-49.070101,-22.302986],[-49.068677,-22.303331],[-49.068249,-22.301795],[-49.067483,-22.301363]]}},{"type":"Feature","properties":{"id_backbone":"BB-65BC79FB65A8","trecho":"BRU.IN-BRU.RE","cluster":"BAURU","cabo":"F-1651","capacidade":"24","extensao_km":7.798,"confianca":"BAIXA","fonte":"OSRM/OpenStreetMap","ponta_a":"BRU.IN","municipio_a":"BAURU","ponta_b":"BRU.RE","municipio_b":"BAURU"},"geometry":{"type":"LineString","coordinates":[[-49.094747,-22.343818],[-49.094017,-22.343656],[-49.093556,-22.342165],[-49.09022,-22.338447],[-49.086104,-22.332273],[-49.085525,-22.332143],[-49.083984,-22.332317],[-49.076083,-22.330817],[-49.056962,-22.326163],[-49.045965,-22.324381],[-49.045623,-22.324661],[-49.045249,-22.324701],[-49.04492,-22.324412],[-49.044832,-22.323925],[-49.045266,-22.321462],[-49.033485,-22.319563],[-49.032245,-22.319581],[-49.032119,-22.319453],[-49.032328,-22.319255],[-49.032731,-22.319464],[-49.032788,-22.319251]]}},{"type":"Feature","properties":{"id_backbone":"BB-D85FBA38AE64","trecho":"BRU.VA-BTU.JP","cluster":"BAURU","cabo":null,"capacidade":"36","extensao_km":97.762,"confianca":"SEM_REFERENCIA","fonte":"OSRM/OpenStreetMap","ponta_a":"BRU.VA","municipio_a":"BAURU","ponta_b":"BTU.JP","municipio_b":"BOTUCATU"},"geometry":{"type":"LineString","coordinates":[[-49.067483,-22.301363],[-49.069276,-22.29922],[-49.06816,-22.298205],[-49.066458,-22.299378],[-49.062339,-22.302955],[-49.059799,-22.305986],[-49.057174,-22.309701],[-49.056416,-22.311008],[-49.049851,-22.333397],[-49.045214,-22.348474],[-49.044186,-22.35236],[-49.043275,-22.354747],[-49.041286,-22.361345],[-49.040136,-22.363894],[-48.984065,-22.446543],[-48.983216,-22.447604],[-48.981907,-22.448789],[-48.954618,-22.469143],[-48.924172,-22.504467],[-48.922506,-22.505522],[-48.883225,-22.522828],[-48.880247,-22.5244],[-48.792876,-22.58921],[-48.791509,-22.590017],[-48.777346,-22.596998],[-48.75504,-22.611866],[-48.753483,-22.613439],[-48.752628,-22.615199],[-48.752393,-22.616976],[-48.752852,-22.621051],[-48.752731,-22.622595],[-48.751985,-22.624643],[-48.751395,-22.62558],[-48.750518,-22.626522],[-48.690689,-22.674427],[-48.688763,-22.675814],[-48.616083,-22.734125],[-48.61392,-22.735493],[-48.576686,-22.752112],[-48.574235,-22.753523],[-48.572361,-22.75549],[-48.554364,-22.780974],[-48.553062,-22.783248],[-48.548961,-22.792448],[-48.547781,-22.794363],[-48.545968,-22.796423],[-48.533914,-22.808707],[-48.532924,-22.809958],[-48.532326,-22.811125],[-48.531987,-22.812217],[-48.529651,-22.824221],[-48.528987,-22.825937],[-48.528091,-22.827372],[-48.527188,-22.828374],[-48.516798,-22.838033],[-48.508708,-22.845387],[-48.49459,-22.854195],[-48.492008,-22.856358],[-48.49003,-22.858928],[-48.48027,-22.875439],[-48.479761,-22.876532],[-48.479846,-22.876761],[-48.480093,-22.87683],[-48.480685,-22.876579],[-48.48058,-22.876167],[-48.479344,-22.875445],[-48.476424,-22.873964],[-48.476037,-22.873617],[-48.468173,-22.869182],[-48.467532,-22.868975],[-48.461411,-22.869237],[-48.460663,-22.869466],[-48.459981,-22.869312],[-48.452023,-22.870836],[-48.450871,-22.871199],[-48.448492,-22.874347],[-48.447364,-22.874446],[-48.44621,-22.873717],[-48.443052,-22.877548],[-48.441346,-22.88145],[-48.441567,-22.885069],[-48.436105,-22.885337],[-48.436237,-22.887458],[-48.436035,-22.888069]]}},{"type":"Feature","properties":{"id_backbone":"BB-56512201F2BA","trecho":"BSSS.BS-IVA.MP","cluster":"SOROCABA","cabo":"F-0070","capacidade":"6","extensao_km":62.824,"confianca":"REJEITADA","fonte":"OSRM/OpenStreetMap","ponta_a":"BSSS.BS","municipio_a":"BOM SUCESSO DE ITARARE","ponta_b":"IVA.MP","municipio_b":"ITAPEVA"},"geometry":{"type":"LineString","coordinates":[[-49.137869,-24.319117],[-49.138033,-24.319764],[-49.141203,-24.318715],[-49.142793,-24.318542],[-49.146153,-24.318954],[-49.14933,-24.318361],[-49.151891,-24.316835],[-49.153637,-24.315377],[-49.1542,-24.314682],[-49.154548,-24.313781],[-49.154834,-24.311044],[-49.1556,-24.308716],[-49.157874,-24.304766],[-49.157301,-24.303685],[-49.15666,-24.300735],[-49.156862,-24.299842],[-49.157741,-24.298796],[-49.157763,-24.298541],[-49.157289,-24.297516],[-49.15609,-24.296429],[-49.155634,-24.294814],[-49.155686,-24.294438],[-49.157012,-24.291638],[-49.156774,-24.290548],[-49.156786,-24.28976],[-49.156129,-24.287097],[-49.15617,-24.285826],[-49.155557,-24.282225],[-49.155692,-24.281966],[-49.156448,-24.281619],[-49.158379,-24.281619],[-49.159012,-24.281413],[-49.15913,-24.28114],[-49.158878,-24.280822],[-49.158819,-24.280005],[-49.158996,-24.279433],[-49.159329,-24.279042],[-49.159533,-24.277545],[-49.161029,-24.277237],[-49.162145,-24.276592],[-49.163674,-24.276069],[-49.16575,-24.274851],[-49.165981,-24.27424],[-49.165713,-24.273829],[-49.164323,-24.273394],[-49.161458,-24.27445],[-49.160943,-24.274382],[-49.160332,-24.273971],[-49.159741,-24.273922],[-49.156572,-24.275306],[-49.156019,-24.275311],[-49.15531,-24.27491],[-49.155192,-24.274509],[-49.155386,-24.27267],[-49.154624,-24.270303],[-49.153696,-24.26354],[-49.154196,-24.260855],[-49.154162,-24.258655],[-49.152393,-24.252218],[-49.151523,-24.250594],[-49.151363,-24.249978],[-49.151502,-24.249224],[-49.152983,-24.245282],[-49.153122,-24.244197],[-49.152596,-24.241654],[-49.150998,-24.236742],[-49.15074,-24.236351],[-49.150246,-24.236019],[-49.145075,-24.2341],[-49.144184,-24.233211],[-49.141642,-24.225217],[-49.141288,-24.22467],[-49.139474,-24.222938],[-49.13926,-24.222498],[-49.138305,-24.218466],[-49.135774,-24.215207],[-49.133209,-24.21233],[-49.132426,-24.212027],[-49.125699,-24.211088],[-49.121461,-24.210736],[-49.120742,-24.210502],[-49.120173,-24.210013],[-49.119766,-24.208436],[-49.117727,-24.185948],[-49.117331,-24.184704],[-49.11483,-24.17987],[-49.114005,-24.177354],[-49.113908,-24.176356],[-49.114209,-24.171775],[-49.113983,-24.1702],[-49.113243,-24.167262],[-49.112534,-24.166157],[-49.108018,-24.160597],[-49.102557,-24.158043],[-49.102031,-24.157592],[-49.101409,-24.156349],[-49.101621,-24.146606],[-49.100758,-24.141334],[-49.100772,-24.140544],[-49.102016,-24.13659],[-49.105496,-24.132759],[-49.106187,-24.131469],[-49.106325,-24.130178],[-49.105905,-24.127783],[-49.105896,-24.125428],[-49.106513,-24.12441],[-49.108246,-24.123209],[-49.108643,-24.122722],[-49.113461,-24.106838],[-49.113809,-24.103741],[-49.113586,-24.100611],[-49.113349,-24.099709],[-49.109878,-24.092781],[-49.109421,-24.091311],[-49.109417,-24.089856],[-49.108853,-24.088641],[-49.108124,-24.087744],[-49.107729,-24.086942],[-49.10252,-24.07161],[-49.101559,-24.070237],[-49.067468,-24.07556],[-49.065936,-24.075632],[-49.064363,-24.075491],[-49.06256,-24.075029],[-49.060653,-24.074105],[-49.050815,-24.066867],[-49.049574,-24.066108],[-49.048312,-24.065569],[-49.015773,-24.057862],[-49.01332,-24.057105],[-49.011363,-24.056165],[-49.008953,-24.054516],[-48.970876,-24.023977],[-48.968912,-24.022125],[-48.956604,-24.008571],[-48.954887,-24.007496],[-48.950748,-24.005867],[-48.948822,-24.004706],[-48.937348,-23.994889],[-48.936043,-23.993548],[-48.934861,-23.991711],[-48.932515,-23.985366],[-48.931708,-23.983792],[-48.930624,-23.982334],[-48.929157,-23.980964],[-48.925668,-23.978241],[-48.923635,-23.976916],[-48.922318,-23.976308],[-48.914836,-23.974258],[-48.913108,-23.974258],[-48.90916,-23.97489],[-48.90654,-23.974618],[-48.906106,-23.974927],[-48.905976,-23.975364],[-48.906506,-23.975927],[-48.906375,-23.976227],[-48.898768,-23.979857],[-48.897759,-23.980532],[-48.897207,-23.981273],[-48.896149,-23.983837],[-48.893757,-23.985772],[-48.89307,-23.987084],[-48.892401,-23.986993],[-48.890003,-23.986134],[-48.885373,-23.985968],[-48.883291,-23.985493],[-48.881125,-23.984055],[-48.879497,-23.981509],[-48.87932,-23.980739],[-48.877133,-23.98103],[-48.877164,-23.981373]]}},{"type":"Feature","properties":{"id_backbone":"BB-6BD29C05CA76","trecho":"BTU.JP-ITG.MF","cluster":"BAURU","cabo":"F-0164-02","capacidade":"12","extensao_km":36.141,"confianca":"ALTA","fonte":"OSRM/OpenStreetMap","ponta_a":"BTU.JP","municipio_a":"BOTUCATU","ponta_b":"ITG.MF","municipio_b":"ITATINGA"},"geometry":{"type":"LineString","coordinates":[[-48.436035,-22.888069],[-48.435379,-22.889509],[-48.43556,-22.892468],[-48.445062,-22.891866],[-48.445507,-22.896815],[-48.446607,-22.896777],[-48.446869,-22.896932],[-48.449261,-22.899895],[-48.449608,-22.900089],[-48.449734,-22.900437],[-48.463715,-22.917762],[-48.46683,-22.92196],[-48.469492,-22.925939],[-48.473834,-22.933436],[-48.476189,-22.93824],[-48.477791,-22.941966],[-48.491348,-22.974702],[-48.498261,-22.990851],[-48.531483,-23.070213],[-48.53217,-23.071289],[-48.532823,-23.071841],[-48.533404,-23.072098],[-48.534192,-23.072224],[-48.535124,-23.072088],[-48.566677,-23.062046],[-48.577434,-23.058017],[-48.589157,-23.053065],[-48.58957,-23.052575],[-48.589286,-23.052164],[-48.588949,-23.052149],[-48.588712,-23.052333],[-48.588632,-23.052588],[-48.588798,-23.053006],[-48.590593,-23.05566],[-48.591101,-23.056814],[-48.597851,-23.068115],[-48.612314,-23.091938],[-48.614117,-23.097178],[-48.614224,-23.098053],[-48.614986,-23.100651],[-48.614036,-23.100886],[-48.614184,-23.101379]]}},{"type":"Feature","properties":{"id_backbone":"BB-860A85C531B2","trecho":"BTV.AB-PRF.PF","cluster":"SOROCABA","cabo":"F-0063","capacidade":"24","extensao_km":23.311,"confianca":"ALTA","fonte":"OSRM/OpenStreetMap","ponta_a":"BTV.AB","municipio_a":"BOITUVA","ponta_b":"PRF.PF","municipio_b":"PORTO FELIZ"},"geometry":{"type":"LineString","coordinates":[[-47.6715,-23.2846],[-47.669824,-23.284149],[-47.669591,-23.284862],[-47.671476,-23.28536],[-47.672565,-23.281537],[-47.673106,-23.281637],[-47.67324,-23.273162],[-47.672694,-23.270381],[-47.671711,-23.26888],[-47.670487,-23.267777],[-47.669118,-23.267062],[-47.667759,-23.266717],[-47.625958,-23.259225],[-47.623933,-23.258651],[-47.622322,-23.257793],[-47.621055,-23.256724],[-47.618544,-23.254149],[-47.617764,-23.252984],[-47.613759,-23.248454],[-47.613126,-23.247942],[-47.58704,-23.233528],[-47.575758,-23.224022],[-47.574929,-23.223568],[-47.574057,-23.223534],[-47.573184,-23.223858],[-47.571327,-23.225938],[-47.570909,-23.226204],[-47.570153,-23.226358],[-47.569289,-23.226225],[-47.56628,-23.227751],[-47.565414,-23.228026],[-47.564689,-23.228095],[-47.563261,-23.227784],[-47.558007,-23.226059],[-47.55416,-23.226109],[-47.549115,-23.227665],[-47.547322,-23.227898],[-47.543368,-23.227966],[-47.538991,-23.228577],[-47.535455,-23.22993],[-47.530903,-23.232094],[-47.529621,-23.232552],[-47.527327,-23.232826],[-47.519795,-23.233177],[-47.519045,-23.233338],[-47.518754,-23.233948],[-47.518487,-23.233994],[-47.518356,-23.233753],[-47.518621,-23.233358],[-47.518738,-23.232696],[-47.518627,-23.232492],[-47.518808,-23.232298],[-47.519062,-23.232388],[-47.519101,-23.232765],[-47.519294,-23.232906],[-47.522694,-23.232687],[-47.524642,-23.230323],[-47.525139,-23.22859],[-47.524097,-23.22308],[-47.525544,-23.217336],[-47.524712,-23.217186],[-47.524518,-23.216954],[-47.524747,-23.214245],[-47.524431,-23.213471],[-47.52487,-23.213314],[-47.523756,-23.211596]]}},{"type":"Feature","properties":{"id_backbone":"BB-7D0D8597D71E","trecho":"BUAN.BA-MOM.MO","cluster":"RIBEIRAO PRETO","cabo":"F-0219","capacidade":"72","extensao_km":14.725,"confianca":"SEM_REFERENCIA","fonte":"OSRM/OpenStreetMap","ponta_a":"BUAN.BA","municipio_a":"ARARAQUARA","ponta_b":"MOM.MO","municipio_b":"MATAO"},"geometry":{"type":"LineString","coordinates":[[-48.24599,-21.668935],[-48.247909,-21.66669],[-48.279735,-21.644637],[-48.282235,-21.643632],[-48.291585,-21.641039],[-48.297267,-21.637932],[-48.303481,-21.635664],[-48.304712,-21.634867],[-48.305368,-21.634982],[-48.312721,-21.632136],[-48.317882,-21.630797],[-48.319529,-21.63022],[-48.322122,-21.62895],[-48.322563,-21.628598],[-48.323431,-21.6275],[-48.325022,-21.626429],[-48.326747,-21.62415],[-48.327235,-21.623829],[-48.334327,-21.623047],[-48.335159,-21.622657],[-48.336041,-21.622794],[-48.336363,-21.622624],[-48.342042,-21.622056],[-48.342598,-21.621885],[-48.347745,-21.617451],[-48.349888,-21.61397],[-48.349978,-21.613261],[-48.362577,-21.607366],[-48.362829,-21.607106],[-48.363219,-21.607059],[-48.366165,-21.605662]]}},{"type":"Feature","properties":{"id_backbone":"BB-4C932161BF93","trecho":"BYT.PT-SRR.VS","cluster":"SAO JOSE DO RIO PRETO","cabo":"F-0027","capacidade":"24","extensao_km":14.707,"confianca":"SEM_REFERENCIA","fonte":"OSRM/OpenStreetMap","ponta_a":"BYT.PT","municipio_a":"BADY BASSITT","ponta_b":"SRR.VS","municipio_b":"SAO JOSE DO RIO PRETO"},"geometry":{"type":"LineString","coordinates":[[-49.446505,-20.917135],[-49.446008,-20.917291],[-49.445266,-20.915525],[-49.441929,-20.905552],[-49.439996,-20.899181],[-49.439633,-20.898765],[-49.439492,-20.898292],[-49.433949,-20.894323],[-49.431948,-20.892384],[-49.417264,-20.872635],[-49.41642,-20.871798],[-49.412672,-20.866704],[-49.412353,-20.866472],[-49.41176,-20.866619],[-49.411455,-20.866432],[-49.411594,-20.866015],[-49.412129,-20.865973],[-49.412682,-20.865614],[-49.412764,-20.86531],[-49.412602,-20.864896],[-49.412794,-20.864432],[-49.411957,-20.862641],[-49.411761,-20.860765],[-49.411524,-20.860086],[-49.411686,-20.859336],[-49.411607,-20.857968],[-49.412223,-20.855353],[-49.412438,-20.8527],[-49.41267,-20.851644],[-49.41146,-20.844887],[-49.410667,-20.84209],[-49.406492,-20.835178],[-49.405557,-20.833225],[-49.404443,-20.829803],[-49.403702,-20.826568],[-49.403208,-20.825469],[-49.402692,-20.825222],[-49.396754,-20.823962],[-49.393372,-20.823786],[-49.391743,-20.82166],[-49.382116,-20.812672],[-49.381114,-20.813607]]}},{"type":"Feature","properties":{"id_backbone":"BB-AEF4647D5FF2","trecho":"CAG.JZ-UHA.FM","cluster":"SAO JOSE DO RIO PRETO","cabo":"F-0084","capacidade":"18","extensao_km":27.844,"confianca":"BAIXA","fonte":"OSRM/OpenStreetMap","ponta_a":"CAG.JZ","municipio_a":"CATIGUA","ponta_b":"UHA.FM","municipio_b":"UCHOA"},"geometry":{"type":"LineString","coordinates":[[-49.057618,-21.050891],[-49.057976,-21.051194],[-49.058634,-21.050521],[-49.060068,-21.051742],[-49.060715,-21.051094],[-49.061398,-21.050818],[-49.062501,-21.052231],[-49.062784,-21.063201],[-49.062937,-21.064334],[-49.06704,-21.07355],[-49.068752,-21.076964],[-49.075847,-21.088785],[-49.076421,-21.089416],[-49.077262,-21.08941],[-49.079704,-21.087969],[-49.102484,-21.070378],[-49.105012,-21.068035],[-49.107939,-21.066169],[-49.203077,-20.99262],[-49.204137,-20.991558],[-49.204121,-20.990539],[-49.203878,-20.989986],[-49.202155,-20.988432],[-49.183606,-20.967824],[-49.183295,-20.967728],[-49.183246,-20.967424],[-49.179742,-20.963529],[-49.178831,-20.962887],[-49.178754,-20.962485],[-49.177881,-20.960958],[-49.177338,-20.958706],[-49.175989,-20.95194],[-49.176537,-20.951853]]}},{"type":"Feature","properties":{"id_backbone":"BB-54E5BA163CCD","trecho":"CANR.CT-ORN.MP","cluster":"BAURU","cabo":"F-0334","capacidade":"24","extensao_km":11.458,"confianca":"SEM_REFERENCIA","fonte":"OSRM/OpenStreetMap","ponta_a":"CANR.CT","municipio_a":"CANITAR","ponta_b":"ORN.MP","municipio_b":"OURINHOS"},"geometry":{"type":"LineString","coordinates":[[-49.782298,-23.0059],[-49.782408,-23.006255],[-49.787081,-23.005066],[-49.787871,-23.007171],[-49.791855,-23.008566],[-49.792035,-23.011002],[-49.801412,-23.010737],[-49.815869,-23.009701],[-49.817423,-23.009324],[-49.818541,-23.008898],[-49.820553,-23.007816],[-49.836709,-22.998646],[-49.845196,-22.994124],[-49.853726,-22.989128],[-49.854506,-22.988298],[-49.855319,-22.986905],[-49.856848,-22.982931],[-49.857698,-22.981266],[-49.857942,-22.980266],[-49.858897,-22.977925],[-49.859679,-22.976346],[-49.859616,-22.975748],[-49.859289,-22.975708],[-49.859441,-22.974135],[-49.868039,-22.974902],[-49.868154,-22.977492]]}},{"type":"Feature","properties":{"id_backbone":"BB-14E652F7F093","trecho":"CAS.BD-PLA.EE","cluster":"CAMPINAS","cabo":"F-0301","capacidade":"72","extensao_km":7.987,"confianca":"ALTA","fonte":"OSRM/OpenStreetMap","ponta_a":"CAS.BD","municipio_a":"CAMPINAS","ponta_b":"PLA.EE","municipio_b":"PAULINIA"},"geometry":{"type":"LineString","coordinates":[[-47.070406,-22.799328],[-47.070326,-22.798904],[-47.071444,-22.798259],[-47.072143,-22.797346],[-47.072376,-22.796417],[-47.07312,-22.794716],[-47.077575,-22.794951],[-47.079329,-22.795504],[-47.079565,-22.794385],[-47.081457,-22.790342],[-47.082875,-22.787736],[-47.085175,-22.784742],[-47.085684,-22.783103],[-47.087068,-22.78011],[-47.0893,-22.781275],[-47.09718,-22.781865],[-47.101962,-22.779678],[-47.107522,-22.789181],[-47.116451,-22.803745],[-47.117192,-22.80338],[-47.117368,-22.803697]]}},{"type":"Feature","properties":{"id_backbone":"BB-BCC8117D7F7B","trecho":"CAS.BE-CAS.SS","cluster":"CAMPINAS","cabo":"F-0249","capacidade":"72","extensao_km":12.161,"confianca":"ALTA","fonte":"OSRM/OpenStreetMap","ponta_a":"CAS.BE","municipio_a":"CAMPINAS","ponta_b":"CAS.SS","municipio_b":"CAMPINAS"},"geometry":{"type":"LineString","coordinates":[[-47.023603,-22.875805],[-47.023524,-22.876079],[-47.023975,-22.876138],[-47.023972,-22.873473],[-47.024223,-22.872261],[-47.024212,-22.869636],[-47.024879,-22.869579],[-47.024873,-22.869418],[-47.021451,-22.868332],[-47.020734,-22.868897],[-47.019815,-22.869249],[-47.019498,-22.869612],[-47.011546,-22.888852],[-47.007823,-22.895952],[-47.007812,-22.896379],[-47.008092,-22.896789],[-47.010125,-22.897595],[-47.015891,-22.899032],[-47.016955,-22.898374],[-47.017541,-22.899531],[-47.002536,-22.895801],[-46.993027,-22.892666],[-46.990465,-22.892035],[-46.988439,-22.891333],[-46.98681,-22.890547],[-46.98058,-22.888447],[-46.979898,-22.888348],[-46.975963,-22.88686],[-46.975435,-22.886812],[-46.974672,-22.886164],[-46.967943,-22.878436],[-46.967307,-22.878301],[-46.963774,-22.879136],[-46.963829,-22.879509]]}},{"type":"Feature","properties":{"id_backbone":"BB-30403AC5753B","trecho":"CAS.BV-NOVN.NZ","cluster":"CAMPINAS","cabo":"F-0184","capacidade":"72","extensao_km":20.201,"confianca":"REJEITADA","fonte":"OSRM/OpenStreetMap","ponta_a":"CAS.BV","municipio_a":"CAMPINAS","ponta_b":"NOVN.NZ","municipio_b":"SUMARE"},"geometry":{"type":"LineString","coordinates":[[-47.123765,-22.884257],[-47.124232,-22.88381],[-47.124448,-22.883831],[-47.124543,-22.884014],[-47.124321,-22.884274],[-47.125314,-22.885725],[-47.123894,-22.887724],[-47.124515,-22.888625],[-47.12381,-22.88967],[-47.123253,-22.893341],[-47.122773,-22.89474],[-47.12392,-22.895513],[-47.124406,-22.895485],[-47.124606,-22.895016],[-47.124374,-22.894819],[-47.122437,-22.896702],[-47.119367,-22.898567],[-47.117669,-22.899218],[-47.116002,-22.899577],[-47.114644,-22.899578],[-47.113459,-22.899199],[-47.112229,-22.898487],[-47.110987,-22.896916],[-47.11034,-22.896572],[-47.109847,-22.89648],[-47.109528,-22.896592],[-47.109371,-22.896896],[-47.109514,-22.897222],[-47.109882,-22.897343],[-47.110272,-22.897075],[-47.113145,-22.887796],[-47.11432,-22.885006],[-47.115538,-22.882868],[-47.118463,-22.879324],[-47.13104,-22.868297],[-47.134557,-22.86487],[-47.150303,-22.855808],[-47.160062,-22.849588],[-47.162601,-22.847772],[-47.166713,-22.843734],[-47.178359,-22.831382],[-47.180873,-22.829264],[-47.185969,-22.826107],[-47.194999,-22.821228],[-47.19551,-22.820824],[-47.195897,-22.820229],[-47.195893,-22.819167],[-47.194624,-22.815152],[-47.194316,-22.814568],[-47.193393,-22.814281],[-47.193187,-22.813927],[-47.193437,-22.813507],[-47.194271,-22.813042],[-47.194961,-22.81298],[-47.195162,-22.813468],[-47.194601,-22.814424],[-47.195091,-22.816381],[-47.196584,-22.821187],[-47.196971,-22.821622],[-47.19754,-22.821449],[-47.1976,-22.821112],[-47.197393,-22.82084],[-47.196671,-22.820901],[-47.183784,-22.827747],[-47.182877,-22.828371]]}},{"type":"Feature","properties":{"id_backbone":"BB-16D592C9BF1E","trecho":"CAS.BV-CAS.CT","cluster":"CAMPINAS","cabo":"F-0048","capacidade":"12","extensao_km":7.585,"confianca":"SEM_REFERENCIA","fonte":"OSRM/OpenStreetMap","ponta_a":"CAS.BV","municipio_a":"CAMPINAS","ponta_b":"CAS.CT","municipio_b":"CAMPINAS"},"geometry":{"type":"LineString","coordinates":[[-47.123765,-22.884257],[-47.124232,-22.88381],[-47.124448,-22.883831],[-47.124543,-22.884014],[-47.12629,-22.882994],[-47.123623,-22.879141],[-47.121034,-22.877662],[-47.119688,-22.878657],[-47.117599,-22.880761],[-47.115985,-22.882842],[-47.114822,-22.884814],[-47.113301,-22.888436],[-47.110618,-22.896875],[-47.110712,-22.897351],[-47.111188,-22.897955],[-47.111241,-22.898279],[-47.111068,-22.898581],[-47.110508,-22.898899],[-47.1093,-22.898783],[-47.107603,-22.897864],[-47.10713,-22.897909],[-47.105891,-22.898448],[-47.105017,-22.898546],[-47.098458,-22.896803],[-47.09717,-22.896741],[-47.096498,-22.897032],[-47.09617,-22.897018],[-47.095815,-22.896622],[-47.095873,-22.896291],[-47.096171,-22.895971],[-47.095722,-22.895069],[-47.094397,-22.894234],[-47.092757,-22.893871],[-47.091314,-22.89321],[-47.090048,-22.893175],[-47.088603,-22.893893],[-47.087526,-22.894036],[-47.083206,-22.892976],[-47.08083,-22.893115],[-47.080011,-22.892707],[-47.081163,-22.893017],[-47.08135,-22.892646],[-47.081209,-22.892562]]}},{"type":"Feature","properties":{"id_backbone":"BB-17F952945C01","trecho":"CAS.CB-CAS.TQ","cluster":"CAMPINAS","cabo":"F-0082","capacidade":"36","extensao_km":5.828,"confianca":"ALTA","fonte":"OSRM/OpenStreetMap","ponta_a":"CAS.CB","municipio_a":"CAMPINAS","ponta_b":"CAS.TQ","municipio_b":"CAMPINAS"},"geometry":{"type":"LineString","coordinates":[[-47.041063,-22.894883],[-47.041309,-22.894439],[-47.04076,-22.893825],[-47.040744,-22.893099],[-47.040864,-22.893137],[-47.040875,-22.893732],[-47.041322,-22.894268],[-47.041838,-22.893227],[-47.041655,-22.892836],[-47.042685,-22.891081],[-47.0434,-22.889583],[-47.04337,-22.889381],[-47.044553,-22.888159],[-47.04397,-22.885738],[-47.042441,-22.884725],[-47.042029,-22.88405],[-47.042512,-22.881572],[-47.04333,-22.880604],[-47.043076,-22.879112],[-47.043147,-22.878404],[-47.043741,-22.877316],[-47.045811,-22.875963],[-47.046165,-22.875283],[-47.04483,-22.871193],[-47.043441,-22.864306],[-47.044167,-22.857421],[-47.043998,-22.855023],[-47.044274,-22.855001],[-47.044675,-22.856276],[-47.046143,-22.855954],[-47.045565,-22.85367],[-47.044899,-22.853813]]}},{"type":"Feature","properties":{"id_backbone":"BB-B7BEB7119BD7","trecho":"CAS.CE-VIN.SD","cluster":"CAMPINAS","cabo":"F-0004","capacidade":"36","extensao_km":18.467,"confianca":"ALTA","fonte":"OSRM/OpenStreetMap","ponta_a":"CAS.CE","municipio_a":"CAMPINAS","ponta_b":"VIN.SD","municipio_b":"VINHEDO"},"geometry":{"type":"LineString","coordinates":[[-47.061994,-22.903653],[-47.062644,-22.902322],[-47.06133,-22.901707],[-47.057336,-22.909396],[-47.054965,-22.91438],[-47.054738,-22.915347],[-47.055897,-22.915839],[-47.054159,-22.919128],[-47.051071,-22.921716],[-47.050717,-22.922648],[-47.049076,-22.925453],[-47.036072,-22.936631],[-47.032776,-22.942325],[-47.032019,-22.943388],[-47.024456,-22.950754],[-47.023502,-22.952543],[-47.023155,-22.95442],[-47.022409,-22.955944],[-47.021911,-22.956605],[-47.021145,-22.957146],[-47.019805,-22.957599],[-47.015815,-22.959382],[-47.011314,-22.96224],[-47.010893,-22.96282],[-46.990188,-22.979193],[-46.99093,-22.983552],[-46.990773,-22.984024],[-46.990593,-22.989494],[-46.989102,-23.000866],[-46.988035,-23.003699],[-46.986983,-23.005489],[-46.987752,-23.007635],[-46.986635,-23.007878],[-46.985489,-23.0079],[-46.984933,-23.008366],[-46.984556,-23.009022],[-46.983786,-23.011572],[-46.983049,-23.014961],[-46.982379,-23.019241],[-46.98225,-23.022033],[-46.981728,-23.023176],[-46.980638,-23.02458],[-46.980232,-23.025464],[-46.979395,-23.02635],[-46.979051,-23.027777],[-46.976126,-23.028008],[-46.974542,-23.030225]]}},{"type":"Feature","properties":{"id_backbone":"BB-B61E7639B85E","trecho":"CAS.CE-CAS.VT","cluster":"CAMPINAS","cabo":"F-0302","capacidade":"72","extensao_km":5.594,"confianca":"MEDIA","fonte":"OSRM/OpenStreetMap","ponta_a":"CAS.CE","municipio_a":"CAMPINAS","ponta_b":"CAS.VT","municipio_b":"CAMPINAS"},"geometry":{"type":"LineString","coordinates":[[-47.061994,-22.903653],[-47.062644,-22.902322],[-47.06133,-22.901707],[-47.057336,-22.909396],[-47.054965,-22.91438],[-47.054738,-22.915347],[-47.055897,-22.915839],[-47.054304,-22.918904],[-47.053279,-22.919917],[-47.053979,-22.920636],[-47.054613,-22.921803],[-47.054798,-22.921879],[-47.054701,-22.922154],[-47.055516,-22.924022],[-47.056452,-22.925192],[-47.055057,-22.927841],[-47.054093,-22.930131],[-47.056658,-22.93365],[-47.056671,-22.934363],[-47.055748,-22.935998],[-47.055689,-22.93687],[-47.058724,-22.941183],[-47.059274,-22.941473],[-47.059241,-22.941903],[-47.059435,-22.942177],[-47.058711,-22.942615]]}},{"type":"Feature","properties":{"id_backbone":"BB-0CC9D1A3A273","trecho":"CAS.CE-CAS.CT","cluster":"CAMPINAS","cabo":"A-0105","capacidade":"144","extensao_km":2.8,"confianca":"BAIXA","fonte":"OSRM/OpenStreetMap","ponta_a":"CAS.CE","municipio_a":"CAMPINAS","ponta_b":"CAS.CT","municipio_b":"CAMPINAS"},"geometry":{"type":"LineString","coordinates":[[-47.061994,-22.903653],[-47.062923,-22.90179],[-47.063513,-22.901034],[-47.066218,-22.900566],[-47.066451,-22.899884],[-47.068513,-22.899764],[-47.072094,-22.898934],[-47.075553,-22.89257],[-47.077078,-22.893139],[-47.077596,-22.893087],[-47.078574,-22.892654],[-47.079269,-22.892076],[-47.080011,-22.892707],[-47.080588,-22.892963],[-47.081163,-22.893017],[-47.08135,-22.892646],[-47.081209,-22.892562]]}},{"type":"Feature","properties":{"id_backbone":"BB-C4831C66E0EF","trecho":"CAS.CL-CAS.SB","cluster":"CAMPINAS","cabo":"F-0083","capacidade":"36","extensao_km":2.808,"confianca":"SEM_REFERENCIA","fonte":"OSRM/OpenStreetMap","ponta_a":"CAS.CL","municipio_a":"CAMPINAS","ponta_b":"CAS.SB","municipio_b":"CAMPINAS"},"geometry":{"type":"LineString","coordinates":[[-47.096051,-22.926962],[-47.096478,-22.927518],[-47.09447,-22.928884],[-47.093793,-22.929031],[-47.093033,-22.930225],[-47.093123,-22.930636],[-47.089351,-22.930512],[-47.087702,-22.930252],[-47.087073,-22.930513],[-47.086862,-22.930819],[-47.083617,-22.928712],[-47.082206,-22.926396],[-47.076018,-22.922124],[-47.075821,-22.922379]]}},{"type":"Feature","properties":{"id_backbone":"BB-9374865DBA00","trecho":"CAS.CL-CAS.CT","cluster":"CAMPINAS","cabo":"F-0270","capacidade":"72","extensao_km":6.015,"confianca":"BAIXA","fonte":"OSRM/OpenStreetMap","ponta_a":"CAS.CL","municipio_a":"CAMPINAS","ponta_b":"CAS.CT","municipio_b":"CAMPINAS"},"geometry":{"type":"LineString","coordinates":[[-47.096051,-22.926962],[-47.096478,-22.927518],[-47.097741,-22.926699],[-47.097453,-22.92566],[-47.099847,-22.918092],[-47.100121,-22.916075],[-47.100358,-22.915727],[-47.101877,-22.914815],[-47.098034,-22.911818],[-47.095747,-22.910518],[-47.09196,-22.909502],[-47.087318,-22.908662],[-47.087129,-22.908801],[-47.086936,-22.908719],[-47.086157,-22.9092],[-47.085156,-22.908186],[-47.084111,-22.907818],[-47.082247,-22.901822],[-47.082161,-22.900632],[-47.078025,-22.892899],[-47.078808,-22.892518],[-47.079269,-22.892076],[-47.080011,-22.892707],[-47.080588,-22.892963],[-47.081163,-22.893017],[-47.08135,-22.892646],[-47.081209,-22.892562]]}},{"type":"Feature","properties":{"id_backbone":"BB-2E43997A816F","trecho":"CAS.CT-IDU.DP","cluster":"CAMPINAS","cabo":"F-0014","capacidade":"36","extensao_km":31.586,"confianca":"SEM_REFERENCIA","fonte":"OSRM/OpenStreetMap","ponta_a":"CAS.CT","municipio_a":"CAMPINAS","ponta_b":"IDU.DP","municipio_b":"INDAIATUBA"},"geometry":{"type":"LineString","coordinates":[[-47.081209,-22.892562],[-47.081159,-22.892323],[-47.080796,-22.892017],[-47.080053,-22.892786],[-47.077953,-22.890942],[-47.077188,-22.891354],[-47.076296,-22.891277],[-47.071816,-22.899442],[-47.071775,-22.899803],[-47.072549,-22.901087],[-47.071766,-22.901455],[-47.069036,-22.906474],[-47.069588,-22.906899],[-47.069691,-22.90721],[-47.069626,-22.907561],[-47.069029,-22.908132],[-47.068921,-22.908451],[-47.069616,-22.911054],[-47.070063,-22.912068],[-47.070529,-22.91259],[-47.073113,-22.913772],[-47.073264,-22.914432],[-47.073024,-22.914992],[-47.072364,-22.915578],[-47.066272,-22.917915],[-47.065792,-22.918359],[-47.065775,-22.919085],[-47.066134,-22.920997],[-47.06776,-22.926016],[-47.070553,-22.93056],[-47.071036,-22.93116],[-47.071955,-22.93187],[-47.073225,-22.93258],[-47.07498,-22.933247],[-47.079705,-22.934053],[-47.081918,-22.934865],[-47.084075,-22.936329],[-47.08562,-22.938153],[-47.089142,-22.945202],[-47.093085,-22.953654],[-47.095368,-22.958031],[-47.098612,-22.963333],[-47.100606,-22.967367],[-47.101739,-22.970534],[-47.104803,-22.980798],[-47.105369,-22.98224],[-47.107251,-22.988898],[-47.108002,-22.989963],[-47.109993,-22.99135],[-47.110435,-22.992256],[-47.110553,-22.993139],[-47.109854,-22.996004],[-47.109929,-22.997164],[-47.111391,-23.001294],[-47.113162,-23.005345],[-47.114721,-23.008492],[-47.118971,-23.016162],[-47.133925,-23.034388],[-47.13465,-23.036119],[-47.136013,-23.042566],[-47.136679,-23.044226],[-47.137946,-23.046399],[-47.139321,-23.047992],[-47.142921,-23.051537],[-47.153501,-23.061781],[-47.155211,-23.063265],[-47.15671,-23.064915],[-47.173205,-23.080972],[-47.176859,-23.0845],[-47.179558,-23.086726],[-47.180077,-23.08679],[-47.181566,-23.086241],[-47.188843,-23.084191],[-47.193924,-23.084904],[-47.198287,-23.085808],[-47.206298,-23.087555],[-47.211088,-23.088944],[-47.216117,-23.086597],[-47.215429,-23.085325]]}},{"type":"Feature","properties":{"id_backbone":"BB-7D5578021864","trecho":"CAS.CT-CAS.NA","cluster":"CAMPINAS","cabo":"F-0271","capacidade":"72","extensao_km":10.418,"confianca":"ALTA","fonte":"OSRM/OpenStreetMap","ponta_a":"CAS.CT","municipio_a":"CAMPINAS","ponta_b":"CAS.NA","municipio_b":"CAMPINAS"},"geometry":{"type":"LineString","coordinates":[[-47.081209,-22.892562],[-47.081208,-22.892243],[-47.081475,-22.892158],[-47.08168,-22.892467],[-47.087332,-22.893924],[-47.088532,-22.89382],[-47.090292,-22.892997],[-47.091214,-22.893095],[-47.092762,-22.893784],[-47.094454,-22.894162],[-47.095825,-22.895038],[-47.096557,-22.896055],[-47.098002,-22.896185],[-47.104475,-22.898308],[-47.105439,-22.89839],[-47.106255,-22.898174],[-47.107147,-22.897654],[-47.108169,-22.896626],[-47.109846,-22.896224],[-47.110346,-22.895812],[-47.11137,-22.89306],[-47.113101,-22.887385],[-47.114015,-22.885238],[-47.115054,-22.883331],[-47.117342,-22.880309],[-47.119841,-22.877872],[-47.13198,-22.867395],[-47.134288,-22.865077],[-47.13992,-22.861837],[-47.142493,-22.860156],[-47.142862,-22.859817],[-47.143676,-22.858313],[-47.144157,-22.857883],[-47.146577,-22.857302],[-47.146752,-22.857008],[-47.146673,-22.856711],[-47.145824,-22.856317],[-47.145439,-22.856511],[-47.145391,-22.856943],[-47.146691,-22.857539],[-47.147092,-22.857936],[-47.147806,-22.8602],[-47.148023,-22.860387],[-47.148426,-22.86027],[-47.149878,-22.862671],[-47.149764,-22.862734],[-47.149895,-22.862954],[-47.149762,-22.863044]]}},{"type":"Feature","properties":{"id_backbone":"BB-6DE6FD1D39B2","trecho":"CAS.CT-SLO.NJ","cluster":"CAMPINAS","cabo":"F-0139","capacidade":"72","extensao_km":45.374,"confianca":"SEM_REFERENCIA","fonte":"OSRM/OpenStreetMap","ponta_a":"CAS.CT","municipio_a":"CAMPINAS","ponta_b":"SLO.NJ","municipio_b":"SALTO"},"geometry":{"type":"LineString","coordinates":[[-47.081209,-22.892562],[-47.081159,-22.892323],[-47.080796,-22.892017],[-47.080053,-22.892786],[-47.077953,-22.890942],[-47.077188,-22.891354],[-47.076296,-22.891277],[-47.071816,-22.899442],[-47.071775,-22.899803],[-47.072549,-22.901087],[-47.071766,-22.901455],[-47.069036,-22.906474],[-47.069588,-22.906899],[-47.069691,-22.90721],[-47.069626,-22.907561],[-47.069029,-22.908132],[-47.068921,-22.908451],[-47.069616,-22.911054],[-47.070063,-22.912068],[-47.070529,-22.91259],[-47.073113,-22.913772],[-47.073264,-22.914432],[-47.073024,-22.914992],[-47.072364,-22.915578],[-47.066272,-22.917915],[-47.065792,-22.918359],[-47.065775,-22.919085],[-47.066134,-22.920997],[-47.06776,-22.926016],[-47.070553,-22.93056],[-47.071036,-22.93116],[-47.071955,-22.93187],[-47.073225,-22.93258],[-47.07498,-22.933247],[-47.079705,-22.934053],[-47.081918,-22.934865],[-47.084075,-22.936329],[-47.08562,-22.938153],[-47.089142,-22.945202],[-47.093085,-22.953654],[-47.095368,-22.958031],[-47.098612,-22.963333],[-47.100606,-22.967367],[-47.101739,-22.970534],[-47.104803,-22.980798],[-47.105369,-22.98224],[-47.107251,-22.988898],[-47.108002,-22.989963],[-47.109993,-22.99135],[-47.110435,-22.992256],[-47.110553,-22.993139],[-47.109854,-22.996004],[-47.109929,-22.997164],[-47.111391,-23.001294],[-47.113162,-23.005345],[-47.114721,-23.008492],[-47.118971,-23.016162],[-47.133925,-23.034388],[-47.13465,-23.036119],[-47.136013,-23.042566],[-47.136679,-23.044226],[-47.137772,-23.046143],[-47.139075,-23.047737],[-47.142921,-23.051537],[-47.153501,-23.061781],[-47.155211,-23.063265],[-47.15671,-23.064915],[-47.180161,-23.087634],[-47.194683,-23.099323],[-47.215418,-23.115679],[-47.24804,-23.141947],[-47.256088,-23.151724],[-47.264035,-23.161735],[-47.265212,-23.163669],[-47.267505,-23.168332],[-47.272365,-23.176148],[-47.274085,-23.177701],[-47.274739,-23.177903],[-47.276361,-23.178011],[-47.277323,-23.178667],[-47.277595,-23.179242],[-47.277631,-23.179747],[-47.276605,-23.181883],[-47.276541,-23.182576],[-47.276773,-23.183132],[-47.280466,-23.189269],[-47.283797,-23.19259],[-47.286409,-23.195816],[-47.287745,-23.199448],[-47.288534,-23.200597],[-47.291383,-23.204302],[-47.291891,-23.203988]]}},{"type":"Feature","properties":{"id_backbone":"BB-7B655CEBD05B","trecho":"CAS.JE-CAS.SS","cluster":"CAMPINAS","cabo":"F-0049","capacidade":"12","extensao_km":2.851,"confianca":"SEM_REFERENCIA","fonte":"OSRM/OpenStreetMap","ponta_a":"CAS.JE","municipio_a":"CAMPINAS","ponta_b":"CAS.SS","municipio_b":"CAMPINAS"},"geometry":{"type":"LineString","coordinates":[[-46.944129,-22.888531],[-46.944344,-22.888346],[-46.944708,-22.888479],[-46.944725,-22.888229],[-46.944006,-22.886775],[-46.944969,-22.886187],[-46.946544,-22.884893],[-46.948421,-22.884247],[-46.949411,-22.88298],[-46.951021,-22.882156],[-46.95208,-22.881237],[-46.952762,-22.881191],[-46.953941,-22.881709],[-46.954521,-22.881573],[-46.955541,-22.880345],[-46.955934,-22.879185],[-46.956453,-22.878585],[-46.957786,-22.87824],[-46.95915,-22.878408],[-46.960112,-22.878272],[-46.96135,-22.8793],[-46.96213,-22.879445],[-46.963122,-22.879136],[-46.963774,-22.879136],[-46.963829,-22.879509]]}},{"type":"Feature","properties":{"id_backbone":"BB-086E52D00116","trecho":"CAS.MD-MMM.SE","cluster":"CAMPINAS","cabo":"F-0304","capacidade":"72","extensao_km":34.416,"confianca":"ALTA","fonte":"OSRM/OpenStreetMap","ponta_a":"CAS.MD","municipio_a":"CAMPINAS","ponta_b":"MMM.SE","municipio_b":"MOGI MIRIM"},"geometry":{"type":"LineString","coordinates":[[-47.026825,-22.789462],[-47.02792,-22.78874],[-47.028052,-22.788481],[-47.029532,-22.787666],[-47.029754,-22.787264],[-47.029626,-22.786877],[-47.023441,-22.777962],[-47.022522,-22.77557],[-47.021801,-22.771126],[-47.021616,-22.766478],[-47.019588,-22.744425],[-47.019292,-22.74312],[-47.014877,-22.729611],[-47.014393,-22.727366],[-47.012547,-22.693655],[-47.012185,-22.690254],[-47.011338,-22.688088],[-47.007288,-22.681724],[-47.003578,-22.6752],[-47.00284,-22.673276],[-47.00254,-22.671717],[-47.002554,-22.669265],[-47.003398,-22.659979],[-47.003702,-22.657633],[-47.005105,-22.650129],[-47.005811,-22.643883],[-47.005507,-22.641821],[-47.003705,-22.637096],[-47.003567,-22.635471],[-47.003974,-22.633768],[-47.006266,-22.628899],[-47.006904,-22.625844],[-47.006829,-22.619759],[-47.007561,-22.601921],[-47.008065,-22.597133],[-47.007996,-22.595833],[-47.007592,-22.594397],[-47.006058,-22.590522],[-47.005605,-22.588608],[-47.00508,-22.578229],[-47.004848,-22.576605],[-47.004098,-22.574652],[-47.001812,-22.570719],[-47.00121,-22.568839],[-46.998774,-22.554399],[-46.998656,-22.551848],[-46.998731,-22.547855],[-46.998555,-22.546374],[-46.99184,-22.52486],[-46.991441,-22.522921],[-46.990681,-22.515994],[-46.990184,-22.514036],[-46.984688,-22.501325],[-46.982041,-22.492605],[-46.981429,-22.491057],[-46.981129,-22.491079],[-46.981046,-22.49024]]}},{"type":"Feature","properties":{"id_backbone":"BB-1454495F05B2","trecho":"CAS.OV-CAS.VC","cluster":"CAMPINAS","cabo":"F-0183","capacidade":"36","extensao_km":10.082,"confianca":"ALTA","fonte":"OSRM/OpenStreetMap","ponta_a":"CAS.OV","municipio_a":"CAMPINAS","ponta_b":"CAS.VC","municipio_b":"CAMPINAS"},"geometry":{"type":"LineString","coordinates":[[-47.132041,-22.966024],[-47.132613,-22.96579],[-47.132762,-22.965893],[-47.13259,-22.96648],[-47.134357,-22.968746],[-47.134187,-22.969945],[-47.133734,-22.970688],[-47.13314,-22.971168],[-47.137409,-22.976526],[-47.138016,-22.977706],[-47.138072,-22.978703],[-47.137896,-22.979857],[-47.13676,-22.98078],[-47.137463,-22.982547],[-47.136585,-22.983148],[-47.137322,-22.984603],[-47.136764,-22.985358],[-47.136736,-22.985679],[-47.138363,-22.989325],[-47.139291,-22.990371],[-47.137595,-22.991389],[-47.133162,-22.993356],[-47.132497,-22.993785],[-47.131997,-22.994318],[-47.131621,-22.995071],[-47.131519,-22.995899],[-47.131834,-22.996475],[-47.131682,-22.996735],[-47.126484,-22.995738],[-47.125976,-22.996045],[-47.123868,-22.99824],[-47.122369,-22.999173],[-47.112437,-23.002503],[-47.11235,-23.002814],[-47.114101,-23.006636],[-47.118384,-23.014596],[-47.11836,-23.014896],[-47.118051,-23.015074],[-47.117786,-23.015067],[-47.117604,-23.014872],[-47.112172,-23.004453],[-47.111861,-23.004437],[-47.110545,-23.001316],[-47.10934,-23.001761]]}},{"type":"Feature","properties":{"id_backbone":"BB-D9354813365A","trecho":"CAS.VC-JAI.VI","cluster":"CAMPINAS","cabo":"F-1401","capacidade":"72","extensao_km":29.941,"confianca":"ALTA","fonte":"OSRM/OpenStreetMap","ponta_a":"CAS.VC","municipio_a":"CAMPINAS","ponta_b":"JAI.VI","municipio_b":"JUNDIAI"},"geometry":{"type":"LineString","coordinates":[[-47.10934,-23.001761],[-47.110545,-23.001316],[-47.111945,-23.004411],[-47.11206,-23.004203],[-47.110981,-23.000749],[-47.109307,-22.997012],[-47.108627,-22.996453],[-47.107636,-22.99612],[-47.106284,-22.996179],[-47.105176,-22.996594],[-47.102565,-22.998668],[-47.09647,-23.005899],[-47.094929,-23.007434],[-47.085844,-23.013977],[-47.083055,-23.016241],[-47.078666,-23.021056],[-47.076315,-23.024079],[-47.070399,-23.036178],[-47.069556,-23.037666],[-47.068691,-23.038691],[-47.066715,-23.040259],[-47.062308,-23.042624],[-47.060641,-23.043726],[-47.052964,-23.050022],[-47.048562,-23.053999],[-47.044546,-23.058331],[-47.0417,-23.060507],[-47.03138,-23.070105],[-47.030215,-23.071682],[-47.025852,-23.079433],[-47.024285,-23.081945],[-47.018796,-23.08917],[-47.018132,-23.090771],[-47.016933,-23.094689],[-47.016359,-23.095945],[-47.015242,-23.097687],[-47.004887,-23.110175],[-47.003749,-23.111349],[-47.002251,-23.112432],[-46.998963,-23.114193],[-46.99636,-23.11588],[-46.982043,-23.128496],[-46.981369,-23.129361],[-46.980575,-23.130822],[-46.978496,-23.136768],[-46.97729,-23.13871],[-46.976446,-23.139626],[-46.974629,-23.140984],[-46.964915,-23.146453],[-46.96193,-23.14868],[-46.960739,-23.149812],[-46.954468,-23.156718],[-46.943196,-23.166905],[-46.941259,-23.169247],[-46.941046,-23.169997],[-46.941046,-23.171215],[-46.940339,-23.172112],[-46.93986,-23.172312],[-46.938516,-23.1723],[-46.927954,-23.173765],[-46.926792,-23.173578],[-46.924956,-23.172596],[-46.924168,-23.172564],[-46.924091,-23.172951],[-46.924204,-23.17316],[-46.924402,-23.173039],[-46.924552,-23.173278]]}},{"type":"Feature","properties":{"id_backbone":"BB-50D0E1C7EA83","trecho":"CBC.RI-VGS.VJ","cluster":"CAMPINAS","cabo":"F-0154","capacidade":"24","extensao_km":24.297,"confianca":"ALTA","fonte":"OSRM/OpenStreetMap","ponta_a":"CBC.RI","municipio_a":"CASA BRANCA","ponta_b":"VGS.VJ","municipio_b":"VARGEM GRANDE DO SUL"},"geometry":{"type":"LineString","coordinates":[[-47.081398,-21.775136],[-47.081515,-21.775289],[-47.077742,-21.778562],[-47.077311,-21.778128],[-47.076516,-21.77798],[-47.075435,-21.778453],[-47.074019,-21.779883],[-47.073734,-21.780005],[-47.073404,-21.779526],[-47.072268,-21.779427],[-47.069193,-21.780099],[-47.068789,-21.780334],[-47.066064,-21.784965],[-47.06577,-21.786564],[-47.065402,-21.786819],[-47.064658,-21.786279],[-47.063694,-21.786299],[-47.063099,-21.785864],[-47.063054,-21.785519],[-47.063387,-21.785037],[-47.06346,-21.784487],[-47.061706,-21.777211],[-47.06068,-21.775265],[-47.059695,-21.774935],[-47.040047,-21.789162],[-47.014484,-21.802805],[-46.989054,-21.81195],[-46.985249,-21.813517],[-46.980363,-21.815062],[-46.94287,-21.828431],[-46.94147,-21.829094],[-46.934873,-21.831248],[-46.918976,-21.836905],[-46.91739,-21.837672],[-46.916124,-21.837936],[-46.912487,-21.839231],[-46.909788,-21.840543],[-46.902103,-21.843235],[-46.890681,-21.828603],[-46.891438,-21.828077],[-46.891619,-21.828317]]}},{"type":"Feature","properties":{"id_backbone":"BB-8DA81E853847","trecho":"CBP.CP-DNA.EA","cluster":"BAURU","cabo":"F-0224","capacidade":"36","extensao_km":10.454,"confianca":"ALTA","fonte":"OSRM/OpenStreetMap","ponta_a":"CBP.CP","municipio_a":"CABRALIA PAULISTA","ponta_b":"DNA.EA","municipio_b":"DUARTINA"},"geometry":{"type":"LineString","coordinates":[[-49.33693,-22.453661],[-49.336805,-22.454125],[-49.343123,-22.455392],[-49.343387,-22.454797],[-49.344473,-22.443999],[-49.344786,-22.442853],[-49.345376,-22.441702],[-49.346595,-22.440312],[-49.356479,-22.43282],[-49.357577,-22.432354],[-49.358635,-22.432115],[-49.366491,-22.432183],[-49.368584,-22.431871],[-49.37002,-22.431267],[-49.383601,-22.423245],[-49.385054,-22.422769],[-49.386375,-22.422547],[-49.389829,-22.422614],[-49.391177,-22.422058],[-49.39195,-22.421184],[-49.392281,-22.420121],[-49.392259,-22.419438],[-49.391743,-22.417552],[-49.39194,-22.415932],[-49.392553,-22.414692],[-49.394308,-22.412603],[-49.394748,-22.411839],[-49.394991,-22.411801],[-49.395719,-22.412139],[-49.402512,-22.41313],[-49.402368,-22.41398],[-49.408142,-22.414868]]}},{"type":"Feature","properties":{"id_backbone":"BB-08854EF79F0F","trecho":"CCD.BA-CCD.VD","cluster":"CAMPINAS","cabo":"F-0224","capacidade":"24","extensao_km":17.791,"confianca":"SEM_REFERENCIA","fonte":"OSRM/OpenStreetMap","ponta_a":"CCD.BA","municipio_a":"CACONDE","ponta_b":"CCD.VD","municipio_b":"CACONDE"},"geometry":{"type":"LineString","coordinates":[[-46.510858,-21.542349],[-46.51186,-21.541626],[-46.517356,-21.539801],[-46.519592,-21.539874],[-46.526098,-21.542424],[-46.527176,-21.542607],[-46.529815,-21.54188],[-46.53196,-21.542378],[-46.537054,-21.542179],[-46.538207,-21.541849],[-46.539962,-21.54084],[-46.541846,-21.540403],[-46.542475,-21.540433],[-46.543646,-21.54088],[-46.544344,-21.54088],[-46.545342,-21.540454],[-46.546562,-21.540254],[-46.549428,-21.538631],[-46.550682,-21.535881],[-46.550765,-21.535098],[-46.550562,-21.533803],[-46.551326,-21.532401],[-46.552037,-21.531525],[-46.555428,-21.528643],[-46.557478,-21.526234],[-46.558016,-21.525844],[-46.559204,-21.525426],[-46.561518,-21.525242],[-46.563291,-21.526375],[-46.564522,-21.526776],[-46.566452,-21.5271],[-46.567875,-21.528057],[-46.569025,-21.528246],[-46.57113,-21.529679],[-46.573027,-21.529922],[-46.575487,-21.529972],[-46.575931,-21.529734],[-46.576104,-21.529362],[-46.575578,-21.528496],[-46.575587,-21.528076],[-46.576475,-21.527076],[-46.576999,-21.52676],[-46.578943,-21.526387],[-46.581428,-21.52696],[-46.583324,-21.526959],[-46.583794,-21.526716],[-46.584243,-21.526165],[-46.584245,-21.525721],[-46.583581,-21.523793],[-46.584105,-21.52328],[-46.584929,-21.523083],[-46.585757,-21.523239],[-46.586098,-21.523468],[-46.58639,-21.524646],[-46.586971,-21.525303],[-46.589163,-21.525711],[-46.59104,-21.526521],[-46.593668,-21.528303],[-46.594929,-21.52856],[-46.59701,-21.528505],[-46.597859,-21.529052],[-46.598652,-21.529878],[-46.600631,-21.530539],[-46.602594,-21.530849],[-46.604196,-21.533223],[-46.604846,-21.533622],[-46.606791,-21.533777],[-46.607857,-21.532691],[-46.608889,-21.531968],[-46.612616,-21.530711],[-46.613145,-21.530803],[-46.613589,-21.531108],[-46.614048,-21.532569],[-46.614622,-21.533483],[-46.615177,-21.533969],[-46.615814,-21.534144],[-46.616475,-21.534154],[-46.617489,-21.53361],[-46.618012,-21.533154],[-46.618468,-21.532072],[-46.619114,-21.53191],[-46.621096,-21.533109],[-46.62244,-21.534867],[-46.623478,-21.535775],[-46.62372,-21.53625],[-46.624503,-21.536524],[-46.625723,-21.537714],[-46.625991,-21.538099],[-46.625938,-21.539025],[-46.626124,-21.53916],[-46.628188,-21.539164],[-46.62874,-21.539405],[-46.62904,-21.539289],[-46.630176,-21.535387],[-46.630618,-21.534805],[-46.631498,-21.534319],[-46.632474,-21.534254],[-46.632989,-21.534396],[-46.637994,-21.53642],[-46.639537,-21.536758],[-46.640367,-21.536599],[-46.641602,-21.535974],[-46.642169,-21.53531],[-46.643876,-21.53411],[-46.644099,-21.533606],[-46.643888,-21.533528]]}},{"type":"Feature","properties":{"id_backbone":"BB-8065AD58C17C","trecho":"CDP.GK-RCO.AD","cluster":"CAMPINAS","cabo":"F-0106","capacidade":"12","extensao_km":18.024,"confianca":"ALTA","fonte":"OSRM/OpenStreetMap","ponta_a":"CDP.GK","municipio_a":"CORDEIROPOLIS","ponta_b":"RCO.AD","municipio_b":"RIO CLARO"},"geometry":{"type":"LineString","coordinates":[[-47.454155,-22.483004],[-47.454149,-22.48268],[-47.458702,-22.482565],[-47.458764,-22.483427],[-47.45895,-22.483753],[-47.459258,-22.484031],[-47.459759,-22.484125],[-47.462409,-22.483645],[-47.465041,-22.482874],[-47.500569,-22.47226],[-47.523712,-22.462597],[-47.525786,-22.462069],[-47.527867,-22.46176],[-47.534952,-22.461635],[-47.537191,-22.461172],[-47.539778,-22.460374],[-47.542639,-22.459345],[-47.546334,-22.457736],[-47.549304,-22.456191],[-47.55331,-22.45371],[-47.556712,-22.451165],[-47.560631,-22.447624],[-47.563659,-22.444337],[-47.565946,-22.441374],[-47.567641,-22.4389],[-47.569299,-22.436074],[-47.577224,-22.420296],[-47.576757,-22.41925],[-47.574961,-22.417672],[-47.574635,-22.417122],[-47.571475,-22.414651],[-47.569989,-22.413738],[-47.567661,-22.411351],[-47.56669,-22.410767],[-47.565003,-22.408753],[-47.564623,-22.407519],[-47.562086,-22.406756],[-47.561455,-22.408459],[-47.56092,-22.408285]]}},{"type":"Feature","properties":{"id_backbone":"BB-639A1276D8BD","trecho":"CEG.AV-PON.PG","cluster":"SOROCABA","cabo":"F-0201","capacidade":"36","extensao_km":22.13,"confianca":"ALTA","fonte":"OSRM/OpenStreetMap","ponta_a":"CEG.AV","municipio_a":"CESARIO LANGE","ponta_b":"PON.PG","municipio_b":"PORANGABA"},"geometry":{"type":"LineString","coordinates":[[-47.957982,-23.225756],[-47.956347,-23.224114],[-47.960661,-23.220276],[-47.960514,-23.219881],[-47.971071,-23.219054],[-47.974202,-23.219166],[-47.97691,-23.218111],[-47.978747,-23.216672],[-47.979481,-23.216493],[-47.980499,-23.216528],[-47.981004,-23.216784],[-47.981562,-23.218646],[-47.981984,-23.218983],[-47.98252,-23.218987],[-47.983546,-23.21854],[-47.984003,-23.218766],[-47.985252,-23.219897],[-47.992468,-23.220408],[-47.992776,-23.220573],[-47.993885,-23.22197],[-47.997835,-23.223238],[-48.003033,-23.222473],[-48.009302,-23.223492],[-48.013809,-23.223316],[-48.014257,-23.223584],[-48.016601,-23.226095],[-48.020933,-23.227824],[-48.026995,-23.226856],[-48.028793,-23.224953],[-48.029581,-23.224679],[-48.032779,-23.224345],[-48.034296,-23.225061],[-48.036427,-23.224998],[-48.039438,-23.225471],[-48.039921,-23.225247],[-48.040525,-23.224447],[-48.040874,-23.223858],[-48.04115,-23.222857],[-48.043731,-23.220667],[-48.044216,-23.220677],[-48.046249,-23.221339],[-48.046871,-23.221271],[-48.055298,-23.217067],[-48.055644,-23.217064],[-48.056539,-23.217448],[-48.057332,-23.217003],[-48.059135,-23.216638],[-48.059375,-23.216311],[-48.05962,-23.215425],[-48.060358,-23.214813],[-48.062994,-23.214618],[-48.064137,-23.213917],[-48.073007,-23.211586],[-48.07357,-23.211608],[-48.075676,-23.212295],[-48.076657,-23.211357],[-48.077307,-23.211119],[-48.077879,-23.211203],[-48.079177,-23.212232],[-48.080419,-23.211977],[-48.081176,-23.21254],[-48.081615,-23.21254],[-48.082859,-23.210984],[-48.083083,-23.209122],[-48.086045,-23.206538],[-48.08766,-23.205374],[-48.121333,-23.187128],[-48.121764,-23.18662],[-48.121927,-23.185548],[-48.121273,-23.177926],[-48.120886,-23.175726],[-48.125333,-23.174317],[-48.125879,-23.175724],[-48.123318,-23.176549]]}},{"type":"Feature","properties":{"id_backbone":"BB-20F672F1AE5D","trecho":"CER.AC-SPO.LP","cluster":"JUNDIAI","cabo":"F-0157","capacidade":"36","extensao_km":24.79,"confianca":"SEM_REFERENCIA","fonte":"OSRM/OpenStreetMap","ponta_a":"CER.AC","municipio_a":"CAIEIRAS","ponta_b":"SPO.LP","municipio_b":"SAO PAULO"},"geometry":{"type":"LineString","coordinates":[[-46.754363,-23.363797],[-46.754014,-23.365121],[-46.752789,-23.365072],[-46.752449,-23.364738],[-46.75246,-23.363944],[-46.7522,-23.363205],[-46.75195,-23.363246],[-46.75192,-23.367793],[-46.751593,-23.370376],[-46.751151,-23.371042],[-46.749878,-23.371951],[-46.749034,-23.374797],[-46.748242,-23.375001],[-46.746897,-23.37445],[-46.745016,-23.374476],[-46.744267,-23.374657],[-46.743614,-23.375292],[-46.742791,-23.378188],[-46.742476,-23.378771],[-46.741971,-23.379176],[-46.740242,-23.379911],[-46.742411,-23.384218],[-46.742602,-23.38498],[-46.743401,-23.385411],[-46.743581,-23.385714],[-46.742433,-23.388025],[-46.742036,-23.388487],[-46.742496,-23.389311],[-46.74228,-23.390122],[-46.741885,-23.390444],[-46.740956,-23.390572],[-46.740829,-23.390814],[-46.74103,-23.391563],[-46.741042,-23.393049],[-46.741878,-23.393501],[-46.742059,-23.393769],[-46.741954,-23.395709],[-46.742995,-23.3974],[-46.743284,-23.398936],[-46.74288,-23.399531],[-46.740973,-23.401322],[-46.73989,-23.402223],[-46.739072,-23.402625],[-46.738432,-23.404715],[-46.737455,-23.404751],[-46.735332,-23.405377],[-46.735147,-23.40579],[-46.734885,-23.408316],[-46.735093,-23.413665],[-46.735262,-23.414328],[-46.735601,-23.414781],[-46.737533,-23.416202],[-46.741923,-23.419072],[-46.748328,-23.422311],[-46.750147,-23.423605],[-46.751362,-23.425131],[-46.753163,-23.428544],[-46.753658,-23.429116],[-46.754988,-23.430297],[-46.757251,-23.431349],[-46.757835,-23.431857],[-46.758014,-23.432289],[-46.758187,-23.434135],[-46.758583,-23.434935],[-46.759498,-23.43601],[-46.759663,-23.436868],[-46.756546,-23.442683],[-46.752167,-23.463273],[-46.748353,-23.472176],[-46.747505,-23.473494],[-46.746542,-23.474377],[-46.741206,-23.476907],[-46.739467,-23.478497],[-46.738577,-23.479894],[-46.738121,-23.481203],[-46.737219,-23.487515],[-46.73619,-23.489735],[-46.734947,-23.491461],[-46.731371,-23.495213],[-46.727977,-23.500045],[-46.72343,-23.505208],[-46.72222,-23.506797],[-46.721571,-23.507942],[-46.721462,-23.50857],[-46.72164,-23.509459],[-46.722896,-23.511417],[-46.724154,-23.512719],[-46.727115,-23.514493],[-46.731084,-23.516382],[-46.731552,-23.515069],[-46.731496,-23.514779],[-46.730374,-23.514229],[-46.730414,-23.5138],[-46.727798,-23.513247],[-46.72774,-23.513141],[-46.728102,-23.512706],[-46.728086,-23.512387],[-46.727775,-23.512162],[-46.727355,-23.512255],[-46.727014,-23.512828],[-46.725757,-23.517344],[-46.725087,-23.518412],[-46.723555,-23.519449],[-46.719084,-23.521554],[-46.71927,-23.522781],[-46.719056,-23.525602]]}},{"type":"Feature","properties":{"id_backbone":"BB-D95E8CD7D8DD","trecho":"CEX.MF-UHA.FM","cluster":"SAO JOSE DO RIO PRETO","cabo":"F-0007","capacidade":"6","extensao_km":19.31,"confianca":"SEM_REFERENCIA","fonte":"OSRM/OpenStreetMap","ponta_a":"CEX.MF","municipio_a":"CEDRAL","ponta_b":"UHA.FM","municipio_b":"UCHOA"},"geometry":{"type":"LineString","coordinates":[[-49.268532,-20.90307],[-49.268642,-20.902175],[-49.269438,-20.902706],[-49.269615,-20.902585],[-49.269794,-20.902693],[-49.266801,-20.906471],[-49.264935,-20.908134],[-49.264484,-20.910075],[-49.267248,-20.921215],[-49.269676,-20.932437],[-49.269956,-20.932712],[-49.270333,-20.932322],[-49.270553,-20.932301],[-49.271135,-20.932746],[-49.27113,-20.933054],[-49.270055,-20.93423],[-49.268862,-20.934939],[-49.248983,-20.957041],[-49.20773,-20.989277],[-49.205212,-20.991263],[-49.204893,-20.991685],[-49.205124,-20.991955],[-49.205917,-20.99192],[-49.206088,-20.991604],[-49.205747,-20.991233],[-49.203217,-20.989387],[-49.202155,-20.988432],[-49.183606,-20.967824],[-49.183295,-20.967728],[-49.183246,-20.967424],[-49.179872,-20.963671],[-49.178831,-20.962887],[-49.178754,-20.962485],[-49.177881,-20.960958],[-49.177338,-20.958706],[-49.175989,-20.95194],[-49.176537,-20.951853]]}},{"type":"Feature","properties":{"id_backbone":"BB-41908EFC9E7A","trecho":"CGT.AA-SAFP.EN","cluster":"SAO JOSE DOS CAMPOS","cabo":"F-0103","capacidade":"12","extensao_km":12.751,"confianca":"ALTA","fonte":"OSRM/OpenStreetMap","ponta_a":"CGT.AA","municipio_a":"CARAGUATATUBA","ponta_b":"SAFP.EN","municipio_b":"SAO SEBASTIAO"},"geometry":{"type":"LineString","coordinates":[[-45.411679,-23.623811],[-45.412878,-23.625288],[-45.412332,-23.625968],[-45.41513,-23.628832],[-45.417084,-23.631736],[-45.418266,-23.632786],[-45.419331,-23.63423],[-45.424187,-23.642603],[-45.427167,-23.649936],[-45.429705,-23.65767],[-45.431678,-23.657428],[-45.431859,-23.657232],[-45.432564,-23.657521],[-45.433174,-23.657472],[-45.433757,-23.65698],[-45.433793,-23.656186],[-45.434095,-23.656326],[-45.435344,-23.662635],[-45.435754,-23.663774],[-45.435757,-23.664694],[-45.437387,-23.672881],[-45.437852,-23.674359],[-45.437985,-23.676066],[-45.439988,-23.686561],[-45.44089,-23.688335],[-45.44262,-23.689294],[-45.44327,-23.690009],[-45.443514,-23.69082],[-45.443359,-23.692067],[-45.442246,-23.694196],[-45.440848,-23.696416],[-45.440003,-23.697377],[-45.437533,-23.701195],[-45.436984,-23.702325],[-45.436089,-23.70341],[-45.429513,-23.71347],[-45.428342,-23.715572],[-45.427725,-23.716208],[-45.426953,-23.717441],[-45.42542,-23.720189],[-45.425439,-23.720419],[-45.425864,-23.720632]]}},{"type":"Feature","properties":{"id_backbone":"BB-B6F1B9E659C7","trecho":"CGT.AA-PONV.PN","cluster":"SAO JOSE DOS CAMPOS","cabo":"F-0103","capacidade":"12","extensao_km":5.097,"confianca":"SEM_REFERENCIA","fonte":"OSRM/OpenStreetMap","ponta_a":"CGT.AA","municipio_a":"CARAGUATATUBA","ponta_b":"PONV.PN","municipio_b":"CARAGUATATUBA"},"geometry":{"type":"LineString","coordinates":[[-45.411679,-23.623811],[-45.412878,-23.625288],[-45.412332,-23.625968],[-45.41513,-23.628832],[-45.417084,-23.631736],[-45.418266,-23.632786],[-45.419331,-23.63423],[-45.424222,-23.642671],[-45.427167,-23.649936],[-45.429557,-23.657164],[-45.429681,-23.657673],[-45.429415,-23.657908],[-45.429452,-23.658275],[-45.430413,-23.663242],[-45.432101,-23.663495]]}},{"type":"Feature","properties":{"id_backbone":"BB-D7524DA52A94","trecho":"CHL.NJ-EGCO.VE","cluster":"CAMPINAS","cabo":"F-0149","capacidade":"24","extensao_km":21.059,"confianca":"ALTA","fonte":"OSRM/OpenStreetMap","ponta_a":"CHL.NJ","municipio_a":"CONCHAL","ponta_b":"EGCO.VE","municipio_b":"ENGENHEIRO COELHO"},"geometry":{"type":"LineString","coordinates":[[-47.1747,-22.333319],[-47.173299,-22.334813],[-47.172778,-22.334393],[-47.170895,-22.336884],[-47.169939,-22.338244],[-47.169959,-22.338595],[-47.169532,-22.33872],[-47.163507,-22.346945],[-47.163519,-22.347253],[-47.163999,-22.347449],[-47.164,-22.34763],[-47.159511,-22.346661],[-47.158956,-22.346756],[-47.158811,-22.347173],[-47.165572,-22.374847],[-47.166014,-22.375748],[-47.16739,-22.377726],[-47.168424,-22.380466],[-47.168936,-22.381326],[-47.169704,-22.382204],[-47.174197,-22.386088],[-47.175144,-22.387098],[-47.175562,-22.387907],[-47.177962,-22.395116],[-47.178027,-22.396155],[-47.177429,-22.398244],[-47.17485,-22.402898],[-47.172843,-22.408741],[-47.17263,-22.410379],[-47.17265,-22.414129],[-47.172845,-22.41536],[-47.175371,-22.422463],[-47.175893,-22.423472],[-47.184915,-22.432805],[-47.185617,-22.43359],[-47.186224,-22.434615],[-47.186573,-22.435587],[-47.18713,-22.439042],[-47.188608,-22.445368],[-47.194915,-22.463908],[-47.197048,-22.468392],[-47.198926,-22.476064],[-47.19994,-22.479208],[-47.2021,-22.481359],[-47.202732,-22.481685],[-47.206309,-22.481721],[-47.207815,-22.481907],[-47.208318,-22.48156],[-47.208601,-22.481604],[-47.208648,-22.48186],[-47.208289,-22.482112],[-47.208101,-22.482575],[-47.208303,-22.4833],[-47.209235,-22.483173],[-47.213247,-22.485445],[-47.212663,-22.488536],[-47.214068,-22.488528],[-47.214083,-22.489901]]}},{"type":"Feature","properties":{"id_backbone":"BB-C616212E417E","trecho":"CHL.NJ-MGU.HC","cluster":"CAMPINAS","cabo":"TR#1807","capacidade":"24 F","extensao_km":39.05,"confianca":"ALTA","fonte":"OSRM/OpenStreetMap","ponta_a":"CHL.NJ","municipio_a":"CONCHAL","ponta_b":"MGU.HC","municipio_b":"MOGI GUACU"},"geometry":{"type":"LineString","coordinates":[[-47.1747,-22.333319],[-47.173299,-22.334813],[-47.172778,-22.334393],[-47.170895,-22.336884],[-47.169939,-22.338244],[-47.169959,-22.338595],[-47.169532,-22.33872],[-47.163507,-22.346945],[-47.163519,-22.347253],[-47.163999,-22.347449],[-47.163963,-22.347648],[-47.15968,-22.346685],[-47.158588,-22.346868],[-47.15785,-22.346345],[-47.157099,-22.346077],[-47.153208,-22.345293],[-47.151815,-22.34523],[-47.151026,-22.345258],[-47.140027,-22.347836],[-47.138803,-22.348325],[-47.136935,-22.349359],[-47.123183,-22.357136],[-47.121666,-22.358127],[-47.109099,-22.371882],[-47.101889,-22.377574],[-47.100475,-22.378924],[-47.099242,-22.380843],[-47.098458,-22.38308],[-47.096508,-22.393055],[-47.094274,-22.397345],[-47.093668,-22.398017],[-47.0866,-22.403545],[-47.072918,-22.416809],[-47.071683,-22.417438],[-47.070258,-22.41774],[-47.056171,-22.417994],[-47.055272,-22.418131],[-47.0545,-22.41845],[-47.051819,-22.420223],[-47.050797,-22.420732],[-47.035111,-22.424353],[-47.033875,-22.424838],[-47.032598,-22.425933],[-47.030127,-22.430213],[-47.029412,-22.430896],[-47.028464,-22.431353],[-47.016677,-22.432413],[-47.015392,-22.432581],[-47.014205,-22.432963],[-47.012573,-22.434138],[-47.005356,-22.443383],[-47.004262,-22.445145],[-47.004359,-22.445668],[-47.004825,-22.445843],[-47.005176,-22.445667],[-47.005298,-22.445319],[-47.005186,-22.445027],[-47.004768,-22.444705],[-46.992252,-22.439447],[-46.990993,-22.43911],[-46.985337,-22.438232],[-46.984626,-22.438215],[-46.984513,-22.438587],[-46.984968,-22.438952],[-46.985225,-22.438978],[-46.985587,-22.438422],[-46.985452,-22.43624],[-46.98512,-22.434651],[-46.974578,-22.405183],[-46.973797,-22.402683],[-46.972935,-22.398995],[-46.972162,-22.393886],[-46.970568,-22.373598],[-46.970419,-22.373147],[-46.970208,-22.373087],[-46.970081,-22.373247],[-46.97025,-22.373784],[-46.970166,-22.373941],[-46.967356,-22.374081],[-46.966156,-22.3744],[-46.958186,-22.379647],[-46.957782,-22.379648],[-46.95359,-22.381074],[-46.952682,-22.380595],[-46.951012,-22.380104],[-46.94718,-22.380064],[-46.943296,-22.379077],[-46.943014,-22.379138],[-46.942909,-22.379536],[-46.942618,-22.379651],[-46.94189,-22.379211],[-46.941815,-22.378895],[-46.942374,-22.378802],[-46.94256,-22.378527],[-46.942798,-22.375749],[-46.942634,-22.375283],[-46.941967,-22.374516],[-46.942209,-22.374215],[-46.942188,-22.373179],[-46.941456,-22.373134],[-46.943427,-22.365473],[-46.942302,-22.365329],[-46.942154,-22.365873]]}},{"type":"Feature","properties":{"id_backbone":"BB-10DC8D7CF4AB","trecho":"CHQ.CH-PAA.VR","cluster":"CAMPINAS","cabo":"F-0159","capacidade":"6","extensao_km":28.187,"confianca":"SEM_REFERENCIA","fonte":"OSRM/OpenStreetMap","ponta_a":"CHQ.CH","municipio_a":"CHARQUEADA","ponta_b":"PAA.VR","municipio_b":"PIRACICABA"},"geometry":{"type":"LineString","coordinates":[[-47.773382,-22.514959],[-47.772816,-22.513959],[-47.772036,-22.514803],[-47.769116,-22.519111],[-47.766147,-22.522928],[-47.765508,-22.524854],[-47.764621,-22.530483],[-47.763971,-22.532116],[-47.745452,-22.555493],[-47.744376,-22.556329],[-47.743312,-22.556786],[-47.734941,-22.55856],[-47.733823,-22.558948],[-47.732486,-22.559718],[-47.719749,-22.571288],[-47.71015,-22.582084],[-47.709399,-22.583996],[-47.709468,-22.586198],[-47.713588,-22.601602],[-47.714846,-22.605611],[-47.714966,-22.606915],[-47.714825,-22.60782],[-47.714009,-22.610068],[-47.712812,-22.612062],[-47.699605,-22.625628],[-47.698164,-22.628025],[-47.687485,-22.664873],[-47.687374,-22.66707],[-47.688012,-22.678287],[-47.687117,-22.683374],[-47.686934,-22.683646],[-47.686528,-22.683834],[-47.685271,-22.6836],[-47.684105,-22.683851],[-47.683177,-22.684445],[-47.682827,-22.684342],[-47.680291,-22.684567],[-47.672736,-22.6861],[-47.670186,-22.687204],[-47.667838,-22.688896],[-47.666335,-22.690596],[-47.65944,-22.699343],[-47.65818,-22.70121],[-47.657716,-22.702834],[-47.655657,-22.705082],[-47.654716,-22.705897],[-47.654027,-22.706849],[-47.653913,-22.70796],[-47.655722,-22.711418],[-47.659842,-22.709598],[-47.660139,-22.710183]]}},{"type":"Feature","properties":{"id_backbone":"BB-7EA2757EC428","trecho":"CHV.CG-ORN.MP","cluster":"BAURU","cabo":"F-0316-00","capacidade":"24","extensao_km":20.128,"confianca":"MEDIA","fonte":"OSRM/OpenStreetMap","ponta_a":"CHV.CG","municipio_a":"CHAVANTES","ponta_b":"ORN.MP","municipio_b":"OURINHOS"},"geometry":{"type":"LineString","coordinates":[[-49.706107,-23.038191],[-49.708383,-23.039581],[-49.709459,-23.038085],[-49.710524,-23.038586],[-49.712897,-23.039724],[-49.716061,-23.04397],[-49.716903,-23.044145],[-49.718083,-23.043873],[-49.720033,-23.043117],[-49.724704,-23.040732],[-49.770338,-23.016847],[-49.776527,-23.013449],[-49.778944,-23.012508],[-49.781287,-23.011816],[-49.784154,-23.011374],[-49.802906,-23.010638],[-49.815869,-23.009701],[-49.818218,-23.009049],[-49.836709,-22.998646],[-49.845196,-22.994124],[-49.853726,-22.989128],[-49.854506,-22.988298],[-49.855319,-22.986905],[-49.856848,-22.982931],[-49.857698,-22.981266],[-49.857942,-22.980266],[-49.858897,-22.977925],[-49.859679,-22.976346],[-49.859616,-22.975748],[-49.859289,-22.975708],[-49.859441,-22.974135],[-49.868039,-22.974902],[-49.868154,-22.977492]]}},{"type":"Feature","properties":{"id_backbone":"BB-9C20CAF70F51","trecho":"CIV.AD-CIV.VI","cluster":"OSASCO","cabo":"F-1030","capacidade":"72","extensao_km":12.837,"confianca":"REJEITADA","fonte":"OSRM/OpenStreetMap","ponta_a":"CIV.AD","municipio_a":"CARAPICUIBA","ponta_b":"CIV.VI","municipio_b":"CARAPICUIBA"},"geometry":{"type":"LineString","coordinates":[[-46.832442,-23.562789],[-46.832957,-23.563283],[-46.835717,-23.562274],[-46.837754,-23.560491],[-46.837908,-23.559608],[-46.840176,-23.559556],[-46.840319,-23.558765],[-46.840716,-23.558669],[-46.841443,-23.558152],[-46.842939,-23.557717],[-46.843615,-23.556994],[-46.845495,-23.556658],[-46.845465,-23.555987],[-46.845281,-23.555598],[-46.844558,-23.555093],[-46.844243,-23.554663],[-46.843945,-23.553762],[-46.843246,-23.553335],[-46.843462,-23.552725],[-46.842649,-23.55234],[-46.842548,-23.552036],[-46.84295,-23.551733],[-46.843682,-23.551514],[-46.844204,-23.550244],[-46.845349,-23.54896],[-46.847307,-23.547316],[-46.847975,-23.545946],[-46.849673,-23.544718],[-46.849394,-23.544232],[-46.849111,-23.542538],[-46.853945,-23.540616],[-46.85459,-23.540201],[-46.856708,-23.539713],[-46.858397,-23.538997],[-46.859436,-23.539218],[-46.859313,-23.538035],[-46.860436,-23.538299],[-46.860331,-23.537072],[-46.861004,-23.534441],[-46.861711,-23.534612],[-46.862175,-23.534333],[-46.86326,-23.535381],[-46.864248,-23.535992],[-46.866177,-23.536718],[-46.866402,-23.536491],[-46.866665,-23.536568],[-46.866683,-23.536784],[-46.866097,-23.537464],[-46.865732,-23.538631],[-46.866136,-23.540122],[-46.866602,-23.540669],[-46.868023,-23.541442],[-46.868002,-23.541925],[-46.867394,-23.54306],[-46.867752,-23.544009],[-46.868608,-23.544339],[-46.869286,-23.545513],[-46.870375,-23.546323],[-46.871808,-23.548107],[-46.872333,-23.549052],[-46.871184,-23.548444],[-46.870618,-23.548425],[-46.870083,-23.548646],[-46.867585,-23.548458],[-46.867192,-23.548506],[-46.866306,-23.549301],[-46.866087,-23.549614],[-46.867815,-23.551975],[-46.867992,-23.552019],[-46.867145,-23.553415],[-46.867634,-23.554819],[-46.866064,-23.556363],[-46.864387,-23.554806],[-46.863477,-23.554903],[-46.862277,-23.554678],[-46.861697,-23.553743],[-46.860174,-23.552663],[-46.858571,-23.55294],[-46.856487,-23.55407],[-46.855943,-23.555151],[-46.855755,-23.556526],[-46.856487,-23.556657],[-46.857394,-23.55849],[-46.858438,-23.559188],[-46.858866,-23.560301],[-46.85651,-23.561492],[-46.856079,-23.561259],[-46.855759,-23.561482],[-46.855438,-23.562147],[-46.855427,-23.563771],[-46.853586,-23.566872],[-46.853931,-23.567802]]}},{"type":"Feature","properties":{"id_backbone":"BB-F218C4DC6039","trecho":"CIV.CA-JASI.JS","cluster":"OSASCO","cabo":"F-0714","capacidade":"36","extensao_km":8.645,"confianca":"SEM_REFERENCIA","fonte":"OSRM/OpenStreetMap","ponta_a":"CIV.CA","municipio_a":"CARAPICUIBA","ponta_b":"JASI.JS","municipio_b":"BARUERI"},"geometry":{"type":"LineString","coordinates":[[-46.83387,-23.521709],[-46.833938,-23.521889],[-46.833148,-23.522167],[-46.832596,-23.521406],[-46.831949,-23.521171],[-46.831678,-23.520878],[-46.835154,-23.519704],[-46.835444,-23.519112],[-46.836678,-23.518031],[-46.837734,-23.517486],[-46.840206,-23.517052],[-46.844731,-23.516957],[-46.849328,-23.517819],[-46.852618,-23.518073],[-46.855782,-23.519047],[-46.863924,-23.518505],[-46.865533,-23.517964],[-46.866926,-23.517256],[-46.867678,-23.516693],[-46.869397,-23.514012],[-46.869529,-23.514219],[-46.869028,-23.514755],[-46.867858,-23.51666],[-46.867835,-23.517132],[-46.869031,-23.518317],[-46.869511,-23.519374],[-46.870574,-23.520264],[-46.871147,-23.521757],[-46.87249,-23.523123],[-46.873123,-23.523391],[-46.873916,-23.523439],[-46.876382,-23.522959],[-46.87695,-23.523107],[-46.878206,-23.523794],[-46.87836,-23.524263],[-46.878106,-23.525224],[-46.878123,-23.526068],[-46.879355,-23.527841],[-46.879255,-23.529711],[-46.880155,-23.530882],[-46.880769,-23.533304],[-46.883969,-23.532852],[-46.885785,-23.531572],[-46.886217,-23.530726],[-46.886703,-23.531188],[-46.887102,-23.531906],[-46.887619,-23.532299],[-46.887879,-23.53228],[-46.888129,-23.532004],[-46.888482,-23.532011],[-46.888252,-23.531577]]}},{"type":"Feature","properties":{"id_backbone":"BB-8885042DEE9D","trecho":"CIV.VD-COA.GJ","cluster":"OSASCO","cabo":"F-0169","capacidade":"36","extensao_km":6.942,"confianca":"ALTA","fonte":"OSRM/OpenStreetMap","ponta_a":"CIV.VD","municipio_a":"CARAPICUIBA","ponta_b":"COA.GJ","municipio_b":"COTIA"},"geometry":{"type":"LineString","coordinates":[[-46.834418,-23.543217],[-46.834103,-23.544662],[-46.83358,-23.545557],[-46.833565,-23.54596],[-46.835221,-23.549609],[-46.834917,-23.550763],[-46.835174,-23.551442],[-46.835372,-23.553234],[-46.837325,-23.556296],[-46.837372,-23.558599],[-46.837908,-23.559608],[-46.837937,-23.55996],[-46.837299,-23.561266],[-46.836752,-23.561408],[-46.835717,-23.562274],[-46.833128,-23.563255],[-46.831654,-23.563614],[-46.831639,-23.563963],[-46.832715,-23.565454],[-46.831699,-23.566102],[-46.831093,-23.566938],[-46.832002,-23.56746],[-46.834368,-23.571531],[-46.834426,-23.572382],[-46.834087,-23.572684],[-46.83522,-23.575121],[-46.835558,-23.576861],[-46.838719,-23.580162],[-46.838927,-23.580836],[-46.838803,-23.582165],[-46.839241,-23.584868],[-46.839197,-23.586644],[-46.839529,-23.5893],[-46.83933,-23.593617],[-46.839853,-23.594204],[-46.841585,-23.594758],[-46.841654,-23.595794]]}},{"type":"Feature","properties":{"id_backbone":"BB-782C1810B11A","trecho":"CJR.CJ-PVIO.PV","cluster":"JUNDIAI","cabo":"F-0276","capacidade":"12","extensao_km":9.397,"confianca":"SEM_REFERENCIA","fonte":"OSRM/OpenStreetMap","ponta_a":"CJR.CJ","municipio_a":"CAJAMAR","ponta_b":"PVIO.PV","municipio_b":"CAJAMAR"},"geometry":{"type":"LineString","coordinates":[[-46.87179,-23.361711],[-46.871814,-23.361435],[-46.872824,-23.3618],[-46.8732,-23.361045],[-46.873313,-23.361092],[-46.872341,-23.363065],[-46.872356,-23.36355],[-46.87208,-23.364024],[-46.871866,-23.36563],[-46.87072,-23.368136],[-46.869813,-23.369261],[-46.86958,-23.370515],[-46.869346,-23.370877],[-46.867951,-23.371926],[-46.866014,-23.374016],[-46.865504,-23.374152],[-46.862961,-23.373938],[-46.856893,-23.376229],[-46.857299,-23.377682],[-46.85786,-23.378937],[-46.857935,-23.380104],[-46.858755,-23.382011],[-46.859743,-23.382714],[-46.861642,-23.38316],[-46.862171,-23.383602],[-46.865525,-23.395178],[-46.86717,-23.395831],[-46.867703,-23.39654],[-46.867988,-23.398138],[-46.867945,-23.40129],[-46.866895,-23.404876],[-46.86651,-23.405249],[-46.865471,-23.405634],[-46.865212,-23.406063],[-46.865273,-23.406462],[-46.865149,-23.40663],[-46.864408,-23.406396],[-46.861957,-23.406501],[-46.855869,-23.407447],[-46.855756,-23.407589],[-46.855305,-23.407549],[-46.846596,-23.409698],[-46.845044,-23.409564],[-46.84509,-23.409108],[-46.844555,-23.408404],[-46.844851,-23.407223],[-46.844701,-23.406207],[-46.844464,-23.405893]]}},{"type":"Feature","properties":{"id_backbone":"BB-AA052E001774","trecho":"CMP.MC-PLA.DS","cluster":"CAMPINAS","cabo":"F-0016","capacidade":"12","extensao_km":18.368,"confianca":"SEM_REFERENCIA","fonte":"OSRM/OpenStreetMap","ponta_a":"CMP.MC","municipio_a":"COSMOPOLIS","ponta_b":"PLA.DS","municipio_b":"PAULINIA"},"geometry":{"type":"LineString","coordinates":[[-47.191962,-22.643059],[-47.190848,-22.643951],[-47.192784,-22.647735],[-47.186216,-22.650638],[-47.183463,-22.653024],[-47.18192,-22.654124],[-47.181528,-22.654662],[-47.181525,-22.655886],[-47.181109,-22.656358],[-47.180601,-22.656475],[-47.179014,-22.656272],[-47.176531,-22.65657],[-47.174922,-22.657054],[-47.171699,-22.658545],[-47.170697,-22.659352],[-47.16522,-22.665727],[-47.164264,-22.667343],[-47.16199,-22.672292],[-47.160074,-22.675654],[-47.159319,-22.677314],[-47.158928,-22.67899],[-47.158738,-22.683116],[-47.158344,-22.684817],[-47.157979,-22.685687],[-47.153243,-22.693346],[-47.144995,-22.703929],[-47.143825,-22.706428],[-47.143509,-22.708022],[-47.142711,-22.717825],[-47.145066,-22.725395],[-47.145902,-22.726664],[-47.159709,-22.741021],[-47.160233,-22.741847],[-47.160627,-22.743032],[-47.160596,-22.7441],[-47.16034,-22.744956],[-47.159898,-22.745727],[-47.158964,-22.746793],[-47.155352,-22.750471],[-47.154242,-22.75141],[-47.148464,-22.754433],[-47.147028,-22.755456],[-47.145985,-22.75645],[-47.145352,-22.757363],[-47.143958,-22.760276],[-47.143969,-22.760624],[-47.144525,-22.760826],[-47.144882,-22.761548],[-47.148228,-22.763711],[-47.148984,-22.763835],[-47.150539,-22.764459],[-47.151965,-22.763483],[-47.152222,-22.763526],[-47.152259,-22.763751],[-47.151975,-22.76396],[-47.151678,-22.76494],[-47.15189,-22.765375],[-47.152418,-22.765571],[-47.152236,-22.76584],[-47.153071,-22.766632],[-47.152685,-22.767472]]}},{"type":"Feature","properties":{"id_backbone":"BB-8599664AD734","trecho":"CMX.MS-FAT.RP","cluster":"JUNDIAI","cabo":"F-0890","capacidade":"72","extensao_km":19.697,"confianca":"REJEITADA","fonte":"OSRM/OpenStreetMap","ponta_a":"CMX.MS","municipio_a":"CAMPO LIMPO PAULISTA","ponta_b":"FAT.RP","municipio_b":"FRANCISCO MORATO"},"geometry":{"type":"LineString","coordinates":[[-46.78929,-23.206177],[-46.789379,-23.205904],[-46.790302,-23.206205],[-46.790662,-23.205995],[-46.791284,-23.206691],[-46.791721,-23.20773],[-46.793356,-23.209023],[-46.791858,-23.211964],[-46.790235,-23.21586],[-46.788859,-23.221141],[-46.788089,-23.224781],[-46.788501,-23.226299],[-46.791059,-23.230226],[-46.791399,-23.231056],[-46.791496,-23.232158],[-46.79111,-23.234596],[-46.791143,-23.235631],[-46.792155,-23.23864],[-46.792612,-23.240816],[-46.792618,-23.241854],[-46.7924,-23.242962],[-46.790699,-23.246197],[-46.790259,-23.247852],[-46.790291,-23.250856],[-46.791439,-23.252785],[-46.791751,-23.255126],[-46.791646,-23.256011],[-46.790994,-23.257749],[-46.791219,-23.261014],[-46.791533,-23.262096],[-46.792229,-23.26294],[-46.792959,-23.263381],[-46.794824,-23.263736],[-46.796761,-23.264618],[-46.797507,-23.265445],[-46.797763,-23.266374],[-46.79743,-23.267636],[-46.795506,-23.270237],[-46.794412,-23.272256],[-46.792917,-23.273754],[-46.792567,-23.274601],[-46.792544,-23.275473],[-46.793006,-23.276673],[-46.794682,-23.278681],[-46.797071,-23.282551],[-46.79837,-23.283917],[-46.798828,-23.284303],[-46.799408,-23.284355],[-46.799491,-23.284618],[-46.798995,-23.28485],[-46.798486,-23.28557],[-46.797063,-23.285765],[-46.795217,-23.285748],[-46.793776,-23.286151],[-46.789552,-23.286889],[-46.78907,-23.287145],[-46.788701,-23.287772],[-46.788474,-23.290658],[-46.787358,-23.29365],[-46.78673,-23.296269],[-46.78621,-23.296991],[-46.784608,-23.297858],[-46.781154,-23.298482],[-46.780265,-23.298459],[-46.775763,-23.295055],[-46.774977,-23.294656],[-46.77255,-23.294852],[-46.772022,-23.29516],[-46.771183,-23.296112],[-46.770379,-23.296467],[-46.769264,-23.296213],[-46.768153,-23.295293],[-46.767701,-23.295125],[-46.766925,-23.295216],[-46.765506,-23.295917],[-46.763479,-23.297819],[-46.763251,-23.298556],[-46.763445,-23.300131],[-46.763318,-23.300899],[-46.762453,-23.302637],[-46.761027,-23.304868],[-46.760733,-23.305082],[-46.760278,-23.304659],[-46.759726,-23.304597],[-46.758915,-23.305772],[-46.75826,-23.306009],[-46.757735,-23.305902],[-46.757375,-23.305498],[-46.754511,-23.299638],[-46.752693,-23.292376],[-46.750886,-23.288675],[-46.750622,-23.287075],[-46.750345,-23.286381],[-46.74873,-23.28465],[-46.748386,-23.283912],[-46.747417,-23.283147],[-46.746463,-23.282113],[-46.744937,-23.281482],[-46.744521,-23.28067],[-46.744868,-23.280751],[-46.744766,-23.280872]]}},{"type":"Feature","properties":{"id_backbone":"BB-0FC6EEE8B6B1","trecho":"CPV.MI-SJC.RH","cluster":"SAO JOSE DOS CAMPOS","cabo":"F-0101","capacidade":"12","extensao_km":23.658,"confianca":"SEM_REFERENCIA","fonte":"OSRM/OpenStreetMap","ponta_a":"CPV.MI","municipio_a":"CACAPAVA","ponta_b":"SJC.RH","municipio_b":"SAO JOSE DOS CAMPOS"},"geometry":{"type":"LineString","coordinates":[[-45.705543,-23.106788],[-45.705307,-23.106532],[-45.704608,-23.107031],[-45.704026,-23.106417],[-45.703622,-23.109694],[-45.703867,-23.110326],[-45.705028,-23.111019],[-45.705914,-23.111797],[-45.742639,-23.130485],[-45.808443,-23.163627],[-45.87345,-23.196169],[-45.874562,-23.196324],[-45.877667,-23.198452],[-45.883156,-23.203477],[-45.883721,-23.203738],[-45.884387,-23.203661],[-45.88478,-23.20329],[-45.885813,-23.200022],[-45.886233,-23.197485],[-45.885377,-23.193079],[-45.885383,-23.19207],[-45.886012,-23.18859],[-45.886388,-23.188621]]}},{"type":"Feature","properties":{"id_backbone":"BB-CCBC2FDE7E8F","trecho":"GVL.DP-NLZ.TM","cluster":"SAO JOSE DO RIO PRETO","cabo":"F-0024","capacidade":"12","extensao_km":11.86,"confianca":"ALTA","fonte":"OSRM/OpenStreetMap","ponta_a":"GVL.DP","municipio_a":"GASTAO VIDIGAL","ponta_b":"NLZ.TM","municipio_b":"NOVA LUZITANIA"},"geometry":{"type":"LineString","coordinates":[[-50.187891,-20.797689],[-50.18851,-20.797242],[-50.189667,-20.798726],[-50.194357,-20.795128],[-50.19791,-20.791454],[-50.198199,-20.790885],[-50.198512,-20.79084],[-50.198692,-20.791623],[-50.209572,-20.81341],[-50.224537,-20.829623],[-50.226134,-20.830721],[-50.232892,-20.833294],[-50.234586,-20.834268],[-50.235421,-20.835085],[-50.243572,-20.845253],[-50.244989,-20.846485],[-50.246208,-20.847153],[-50.247578,-20.847614],[-50.257391,-20.849321],[-50.257832,-20.850163],[-50.260873,-20.854001],[-50.260781,-20.854119],[-50.262469,-20.855426],[-50.262621,-20.855243]]}},{"type":"Feature","properties":{"id_backbone":"BB-745ACC5FB13C","trecho":"MPP.AB-SAO.VM","cluster":"ARACATUBA","cabo":"F-0103","capacidade":"36","extensao_km":49.544,"confianca":"ALTA","fonte":"OSRM/OpenStreetMap","ponta_a":"MPP.AB","municipio_a":"MIRANTE DO PARANAPANEMA","ponta_b":"SAO.VM","municipio_b":"SANTO ANASTACIO"},"geometry":{"type":"LineString","coordinates":[[-51.906161,-22.295608],[-51.906382,-22.294195],[-51.9053,-22.294062],[-51.907326,-22.280668],[-51.907548,-22.27374],[-51.907429,-22.272312],[-51.90719,-22.271789],[-51.904884,-22.269781],[-51.90414,-22.269591],[-51.902493,-22.269601],[-51.875648,-22.274457],[-51.871196,-22.264243],[-51.870911,-22.263877],[-51.869294,-22.263112],[-51.859669,-22.259487],[-51.858715,-22.258851],[-51.845105,-22.239853],[-51.843727,-22.236089],[-51.84215,-22.229696],[-51.842617,-22.224219],[-51.841981,-22.219967],[-51.841533,-22.219389],[-51.840399,-22.218681],[-51.834686,-22.214199],[-51.834731,-22.21396],[-51.836401,-22.211993],[-51.836455,-22.21138],[-51.819928,-22.180947],[-51.815197,-22.172724],[-51.807044,-22.163054],[-51.790744,-22.142378],[-51.761436,-22.115873],[-51.733601,-22.088496],[-51.731226,-22.086482],[-51.730662,-22.085775],[-51.727538,-22.081051],[-51.720257,-22.048221],[-51.720137,-22.046619],[-51.72026,-22.044837],[-51.722096,-22.0284],[-51.721867,-22.026738],[-51.72108,-22.025257],[-51.719958,-22.024147],[-51.70729,-22.01548],[-51.69728,-22.004225],[-51.689247,-21.998995],[-51.687545,-21.998211],[-51.677582,-21.994475],[-51.666106,-21.993209],[-51.664622,-21.992902],[-51.663774,-21.992493],[-51.662896,-21.991422],[-51.661251,-21.987405],[-51.661398,-21.983218],[-51.661233,-21.982645],[-51.660951,-21.982344],[-51.655386,-21.979499],[-51.654464,-21.979245],[-51.653969,-21.973998],[-51.652931,-21.974049],[-51.653013,-21.973912]]}},{"type":"Feature","properties":{"id_backbone":"BB-A7E0CC516EC4","trecho":"CPV.MI-TTE.CN","cluster":"SAO JOSE DOS CAMPOS","cabo":"F-0101","capacidade":"12","extensao_km":19.446,"confianca":"SEM_REFERENCIA","fonte":"OSRM/OpenStreetMap","ponta_a":"CPV.MI","municipio_a":"CACAPAVA","ponta_b":"TTE.CN","municipio_b":"TAUBATE"},"geometry":{"type":"LineString","coordinates":[[-45.705543,-23.106788],[-45.705307,-23.106532],[-45.704608,-23.107031],[-45.704026,-23.106417],[-45.703633,-23.109326],[-45.703711,-23.110179],[-45.703401,-23.110909],[-45.703183,-23.110979],[-45.702921,-23.110535],[-45.701113,-23.10901],[-45.6521,-23.075453],[-45.648224,-23.073363],[-45.623942,-23.061179],[-45.603065,-23.05094],[-45.598873,-23.049207],[-45.594963,-23.047846],[-45.586064,-23.045401],[-45.563913,-23.039747],[-45.561609,-23.03939],[-45.558546,-23.038211],[-45.558274,-23.038325],[-45.558114,-23.038923],[-45.557943,-23.038975],[-45.557141,-23.037799],[-45.556925,-23.037228],[-45.556974,-23.033799],[-45.556717,-23.031932],[-45.554059,-23.029999],[-45.553279,-23.028243],[-45.552758,-23.028413],[-45.55305,-23.02915]]}},{"type":"Feature","properties":{"id_backbone":"BB-825A1B0C56F7","trecho":"GTA.MF-GTA.RC","cluster":"SAO JOSE DOS CAMPOS","cabo":"F-0107","capacidade":"12","extensao_km":23.331,"confianca":"ALTA","fonte":"OSRM/OpenStreetMap","ponta_a":"GTA.MF","municipio_a":"GUARATINGUETA","ponta_b":"GTA.RC","municipio_b":"GUARATINGUETA"},"geometry":{"type":"LineString","coordinates":[[-45.196337,-22.815813],[-45.196196,-22.81617],[-45.195835,-22.815894],[-45.195413,-22.816818],[-45.19715,-22.817624],[-45.196396,-22.819567],[-45.195151,-22.820474],[-45.194172,-22.821725],[-45.193385,-22.82225],[-45.192859,-22.82236],[-45.192795,-22.82274],[-45.193024,-22.823783],[-45.192266,-22.825099],[-45.190996,-22.830195],[-45.190359,-22.830547],[-45.188092,-22.830272],[-45.18749,-22.830709],[-45.187215,-22.831501],[-45.186954,-22.831783],[-45.186546,-22.831993],[-45.183582,-22.832614],[-45.183305,-22.832973],[-45.182979,-22.834223],[-45.183013,-22.835275],[-45.181427,-22.837127],[-45.180665,-22.838747],[-45.180588,-22.839927],[-45.181355,-22.84227],[-45.181923,-22.843006],[-45.184341,-22.845131],[-45.184959,-22.846233],[-45.185643,-22.849604],[-45.185542,-22.852057],[-45.185008,-22.854283],[-45.184572,-22.854794],[-45.183525,-22.85547],[-45.181284,-22.857441],[-45.180674,-22.858461],[-45.180065,-22.860145],[-45.178151,-22.86208],[-45.176444,-22.86631],[-45.175709,-22.869597],[-45.172863,-22.874856],[-45.172391,-22.875367],[-45.17162,-22.875818],[-45.164588,-22.878191],[-45.163989,-22.878648],[-45.161229,-22.881933],[-45.159101,-22.882805],[-45.158834,-22.883171],[-45.158763,-22.883654],[-45.159085,-22.885075],[-45.158227,-22.887619],[-45.157703,-22.888611],[-45.155356,-22.891759],[-45.152506,-22.893359],[-45.151074,-22.895263],[-45.150233,-22.895864],[-45.148764,-22.896271],[-45.146206,-22.89739],[-45.145168,-22.897372],[-45.142278,-22.896807],[-45.141677,-22.896883],[-45.140962,-22.897228],[-45.139674,-22.898584],[-45.137611,-22.899048],[-45.136436,-22.898752],[-45.134918,-22.897866],[-45.132136,-22.897142],[-45.129085,-22.895065],[-45.128186,-22.895123],[-45.127251,-22.896101],[-45.126789,-22.89623],[-45.126359,-22.89604],[-45.125796,-22.895004],[-45.125374,-22.894711],[-45.124708,-22.894566],[-45.123066,-22.894735],[-45.122569,-22.893792],[-45.122021,-22.893404],[-45.121596,-22.893339],[-45.120502,-22.893542],[-45.119275,-22.894333],[-45.118669,-22.894323],[-45.118112,-22.893685],[-45.118091,-22.892588],[-45.117767,-22.892113],[-45.116893,-22.891858],[-45.116303,-22.892013],[-45.115318,-22.892726],[-45.114944,-22.89341],[-45.115505,-22.895813],[-45.115405,-22.896502],[-45.11508,-22.897209],[-45.113775,-22.898524],[-45.113569,-22.898927],[-45.113608,-22.89943],[-45.113999,-22.900392],[-45.113893,-22.900797],[-45.113364,-22.90138],[-45.113197,-22.901852],[-45.113565,-22.903239],[-45.112823,-22.904401],[-45.112419,-22.906345],[-45.112772,-22.906996],[-45.113928,-22.907483],[-45.114145,-22.907955],[-45.113936,-22.908327],[-45.112674,-22.908782],[-45.112353,-22.909139],[-45.112213,-22.909587],[-45.112682,-22.911149],[-45.113586,-22.912227],[-45.113643,-22.912562],[-45.113504,-22.912979],[-45.112642,-22.913761],[-45.111565,-22.915659],[-45.111267,-22.917762],[-45.110769,-22.917965],[-45.110498,-22.917911],[-45.109647,-22.916394],[-45.109098,-22.91616],[-45.108568,-22.916187],[-45.103884,-22.918104],[-45.099037,-22.921025],[-45.097348,-22.921464],[-45.094543,-22.92148],[-45.093884,-22.921622],[-45.091089,-22.923522],[-45.089755,-22.92391],[-45.083424,-22.923375],[-45.083361,-22.923206],[-45.083705,-22.922834],[-45.083946,-22.922144],[-45.083778,-22.9215],[-45.082617,-22.920734],[-45.080639,-22.920347],[-45.079226,-22.919186]]}},{"type":"Feature","properties":{"id_backbone":"BB-15F1FC7731DC","trecho":"CPB.CB-RIGA.RG","cluster":"SOROCABA","cabo":"F-0244","capacidade":"36","extensao_km":13.388,"confianca":"ALTA","fonte":"OSRM/OpenStreetMap","ponta_a":"CPB.CB","municipio_a":"CAPAO BONITO","ponta_b":"RIGA.RG","municipio_b":"RIBEIRAO GRANDE"},"geometry":{"type":"LineString","coordinates":[[-48.345585,-24.006479],[-48.345246,-24.009413],[-48.34424,-24.009397],[-48.343996,-24.010903],[-48.344245,-24.012098],[-48.349889,-24.016503],[-48.349344,-24.017068],[-48.347864,-24.020616],[-48.347048,-24.025677],[-48.347207,-24.027008],[-48.348637,-24.030138],[-48.349,-24.032411],[-48.348959,-24.03323],[-48.348471,-24.0347],[-48.346349,-24.038156],[-48.346228,-24.038726],[-48.346314,-24.03999],[-48.349432,-24.045336],[-48.350166,-24.047602],[-48.352221,-24.052505],[-48.357284,-24.056192],[-48.358032,-24.057344],[-48.358409,-24.059664],[-48.360129,-24.064191],[-48.360852,-24.067413],[-48.361442,-24.071501],[-48.361957,-24.072498],[-48.362986,-24.073622],[-48.36312,-24.073973],[-48.363148,-24.07549],[-48.362926,-24.075927],[-48.361767,-24.077195],[-48.361639,-24.078052],[-48.362719,-24.080417],[-48.363438,-24.08136],[-48.364512,-24.083255],[-48.365183,-24.085349],[-48.363874,-24.089679],[-48.363245,-24.091031],[-48.363366,-24.091508],[-48.364331,-24.092767],[-48.364454,-24.093745],[-48.364358,-24.095869],[-48.365262,-24.097246],[-48.367264,-24.099705],[-48.366692,-24.101133],[-48.366447,-24.101117],[-48.366453,-24.101714],[-48.367009,-24.102601],[-48.36731,-24.103939],[-48.369506,-24.10628],[-48.370318,-24.108654],[-48.370253,-24.109129],[-48.369701,-24.11035],[-48.369913,-24.111676],[-48.369502,-24.112936],[-48.369533,-24.11361]]}},{"type":"Feature","properties":{"id_backbone":"BB-31BE88CAE074","trecho":"GPA.RL-RIC.EM","cluster":"SOROCABA","cabo":"F-0189","capacidade":"36","extensao_km":30.69,"confianca":"MEDIA","fonte":"OSRM/OpenStreetMap","ponta_a":"GPA.RL","municipio_a":"GUAPIARA","ponta_b":"RIC.EM","municipio_b":"RIBEIRAO BRANCO"},"geometry":{"type":"LineString","coordinates":[[-48.529917,-24.185402],[-48.532256,-24.185853],[-48.533301,-24.186627],[-48.534245,-24.186786],[-48.534866,-24.187348],[-48.536338,-24.187551],[-48.53667,-24.188102],[-48.536307,-24.18898],[-48.536425,-24.189345],[-48.536671,-24.189487],[-48.537387,-24.188897],[-48.538475,-24.18723],[-48.538883,-24.186137],[-48.539131,-24.184838],[-48.540333,-24.183496],[-48.540703,-24.18331],[-48.541493,-24.18346],[-48.54315,-24.184845],[-48.544651,-24.1851],[-48.545728,-24.186146],[-48.54701,-24.186777],[-48.548341,-24.185973],[-48.548633,-24.185988],[-48.549294,-24.186507],[-48.549664,-24.186543],[-48.551075,-24.185974],[-48.552776,-24.185683],[-48.553575,-24.185149],[-48.554723,-24.185821],[-48.555138,-24.185888],[-48.556586,-24.1852],[-48.557213,-24.184186],[-48.557354,-24.183432],[-48.558614,-24.182497],[-48.558793,-24.18093],[-48.559945,-24.180126],[-48.560608,-24.180159],[-48.560955,-24.180849],[-48.56199,-24.181569],[-48.562322,-24.181505],[-48.563317,-24.180755],[-48.564092,-24.180853],[-48.566503,-24.180388],[-48.566984,-24.180519],[-48.567253,-24.181191],[-48.567501,-24.181391],[-48.56892,-24.181376],[-48.569366,-24.181189],[-48.570901,-24.17936],[-48.572485,-24.178294],[-48.572913,-24.17844],[-48.57316,-24.17923],[-48.573675,-24.18012],[-48.574817,-24.180291],[-48.577354,-24.181771],[-48.578004,-24.182363],[-48.578407,-24.182318],[-48.57938,-24.181622],[-48.579767,-24.181613],[-48.581445,-24.182906],[-48.582882,-24.18295],[-48.583527,-24.183181],[-48.585344,-24.185703],[-48.586734,-24.185944],[-48.587548,-24.185856],[-48.589126,-24.185512],[-48.59038,-24.184575],[-48.591626,-24.183183],[-48.594517,-24.18187],[-48.596531,-24.180646],[-48.598107,-24.180206],[-48.599533,-24.18036],[-48.601364,-24.179985],[-48.602304,-24.180017],[-48.602624,-24.180244],[-48.603582,-24.181847],[-48.605,-24.182571],[-48.608493,-24.182398],[-48.609528,-24.182127],[-48.611665,-24.180226],[-48.616451,-24.177338],[-48.618053,-24.175893],[-48.618452,-24.1757],[-48.619651,-24.175597],[-48.620432,-24.175897],[-48.623877,-24.179201],[-48.625476,-24.17933],[-48.626441,-24.179676],[-48.627338,-24.180267],[-48.628771,-24.180753],[-48.630023,-24.180862],[-48.63118,-24.181173],[-48.634313,-24.183063],[-48.636793,-24.184206],[-48.637906,-24.184327],[-48.638983,-24.183986],[-48.640278,-24.18426],[-48.641465,-24.184247],[-48.641716,-24.183952],[-48.641818,-24.183105],[-48.642062,-24.182553],[-48.642577,-24.181953],[-48.643121,-24.1818],[-48.646715,-24.182548],[-48.647832,-24.183377],[-48.648869,-24.184978],[-48.649474,-24.185261],[-48.656485,-24.185066],[-48.657856,-24.18464],[-48.658899,-24.184732],[-48.659728,-24.184088],[-48.662551,-24.183648],[-48.663814,-24.182947],[-48.667176,-24.182103],[-48.668793,-24.182539],[-48.670694,-24.183659],[-48.671298,-24.18373],[-48.671753,-24.183365],[-48.672254,-24.182512],[-48.673969,-24.181413],[-48.6746,-24.181245],[-48.677636,-24.181357],[-48.679808,-24.181734],[-48.680876,-24.182292],[-48.681369,-24.182316],[-48.683837,-24.180774],[-48.685098,-24.179365],[-48.687179,-24.17798],[-48.690323,-24.177897],[-48.694105,-24.178024],[-48.694346,-24.178337],[-48.694807,-24.179698],[-48.695736,-24.180644],[-48.69652,-24.180736],[-48.696975,-24.180682],[-48.699067,-24.179253],[-48.700017,-24.178852],[-48.702006,-24.178616],[-48.704989,-24.17891],[-48.705429,-24.179301],[-48.706464,-24.18142],[-48.70854,-24.182722],[-48.708889,-24.183525],[-48.710412,-24.185027],[-48.711235,-24.186875],[-48.711924,-24.187111],[-48.716067,-24.187474],[-48.718883,-24.188125],[-48.719645,-24.188575],[-48.721216,-24.190439],[-48.722971,-24.191056],[-48.723335,-24.19201],[-48.723813,-24.192343],[-48.725368,-24.192367],[-48.72752,-24.192061],[-48.728209,-24.192189],[-48.729337,-24.19329],[-48.729682,-24.193868],[-48.729714,-24.194369],[-48.729343,-24.195518],[-48.729574,-24.196111],[-48.729869,-24.196248],[-48.730862,-24.195895],[-48.731467,-24.19589],[-48.732455,-24.197936],[-48.733162,-24.198384],[-48.734534,-24.19967],[-48.735137,-24.199775],[-48.736998,-24.199347],[-48.738205,-24.199296],[-48.74243,-24.201444],[-48.745643,-24.201728],[-48.750155,-24.203181],[-48.753878,-24.20381],[-48.756136,-24.205099],[-48.756898,-24.205759],[-48.757265,-24.206437],[-48.757346,-24.206953],[-48.757161,-24.208379],[-48.757327,-24.208683],[-48.759103,-24.2095],[-48.761176,-24.210124],[-48.763458,-24.212983],[-48.763534,-24.213896],[-48.762866,-24.215378],[-48.762981,-24.216232],[-48.763802,-24.217374],[-48.763874,-24.217903],[-48.765403,-24.219505],[-48.765134,-24.219746]]}},{"type":"Feature","properties":{"id_backbone":"BB-1E94BA06E8D4","trecho":"IBN.GF-IBN.GN","cluster":"SOROCABA","cabo":"F-0056","capacidade":"12","extensao_km":12.72,"confianca":"MEDIA","fonte":"OSRM/OpenStreetMap","ponta_a":"IBN.GF","municipio_a":"IBIUNA","ponta_b":"IBN.GN","municipio_b":"IBIUNA"},"geometry":{"type":"LineString","coordinates":[[-47.13285,-23.640758],[-47.133068,-23.63897],[-47.134365,-23.63859],[-47.133839,-23.640829],[-47.133523,-23.641448],[-47.133595,-23.642858],[-47.133006,-23.644228],[-47.133121,-23.64504],[-47.132447,-23.646156],[-47.132213,-23.646866],[-47.132857,-23.649371],[-47.138699,-23.64845],[-47.139542,-23.648097],[-47.141154,-23.647836],[-47.142704,-23.647872],[-47.148768,-23.647367],[-47.154715,-23.646467],[-47.157434,-23.646844],[-47.15861,-23.646705],[-47.159875,-23.647424],[-47.160424,-23.647547],[-47.162873,-23.646738],[-47.165288,-23.646524],[-47.166732,-23.646177],[-47.169097,-23.646347],[-47.170952,-23.64902],[-47.172015,-23.649579],[-47.174063,-23.649609],[-47.174891,-23.649453],[-47.176268,-23.648909],[-47.17702,-23.648957],[-47.177313,-23.649241],[-47.177761,-23.65049],[-47.17881,-23.651203],[-47.180836,-23.651486],[-47.182535,-23.653766],[-47.183928,-23.65501],[-47.186706,-23.655701],[-47.187384,-23.656185],[-47.187781,-23.657814],[-47.18861,-23.659212],[-47.188809,-23.660187],[-47.189447,-23.660975],[-47.189576,-23.662684],[-47.190025,-23.663414],[-47.190785,-23.663929],[-47.194187,-23.662464],[-47.196198,-23.66014],[-47.196952,-23.658617],[-47.198357,-23.657524],[-47.201117,-23.656793],[-47.202355,-23.656671],[-47.202801,-23.656431],[-47.203234,-23.655927],[-47.203558,-23.655212],[-47.203731,-23.654159],[-47.204036,-23.653867],[-47.204542,-23.653968],[-47.205292,-23.655239],[-47.206164,-23.655531],[-47.20692,-23.65631],[-47.212129,-23.658633],[-47.213095,-23.658429],[-47.213937,-23.657955],[-47.216,-23.657406],[-47.217648,-23.656735],[-47.220914,-23.656294],[-47.220811,-23.655558]]}},{"type":"Feature","properties":{"id_backbone":"BB-1596E31D26E8","trecho":"IBN.GN-IBN.VI","cluster":"SOROCABA","cabo":"F-0051A","capacidade":"12","extensao_km":18.245,"confianca":"ALTA","fonte":"OSRM/OpenStreetMap","ponta_a":"IBN.GN","municipio_a":"IBIUNA","ponta_b":"IBN.VI","municipio_b":"IBIUNA"},"geometry":{"type":"LineString","coordinates":[[-47.220811,-23.655558],[-47.220914,-23.656294],[-47.222172,-23.656143],[-47.222215,-23.656318],[-47.223828,-23.656035],[-47.224655,-23.656995],[-47.224846,-23.657347],[-47.225003,-23.658936],[-47.227139,-23.66438],[-47.227192,-23.664962],[-47.226768,-23.666122],[-47.226979,-23.666514],[-47.235717,-23.672553],[-47.23598,-23.672795],[-47.2369,-23.674534],[-47.238599,-23.675747],[-47.239934,-23.677106],[-47.240456,-23.677147],[-47.241962,-23.676723],[-47.242937,-23.676904],[-47.245556,-23.679509],[-47.250368,-23.683367],[-47.251971,-23.683884],[-47.253624,-23.684043],[-47.254632,-23.683951],[-47.257247,-23.683241],[-47.261232,-23.6839],[-47.26267,-23.683644],[-47.265316,-23.683961],[-47.265889,-23.684238],[-47.267137,-23.685795],[-47.267509,-23.68595],[-47.267959,-23.6857],[-47.268073,-23.684863],[-47.268705,-23.683821],[-47.269113,-23.683674],[-47.271244,-23.684425],[-47.272432,-23.685208],[-47.272813,-23.685267],[-47.274356,-23.684665],[-47.275511,-23.683762],[-47.276524,-23.683627],[-47.277788,-23.683126],[-47.280895,-23.682381],[-47.281487,-23.681612],[-47.282069,-23.679902],[-47.283815,-23.677258],[-47.285398,-23.676315],[-47.289114,-23.674636],[-47.289827,-23.674588],[-47.290792,-23.674916],[-47.291288,-23.675235],[-47.29204,-23.676171],[-47.293307,-23.67669],[-47.294173,-23.676811],[-47.296609,-23.67672],[-47.297969,-23.677701],[-47.298761,-23.677642],[-47.299817,-23.676942],[-47.300639,-23.676961],[-47.301875,-23.676657],[-47.301313,-23.675713],[-47.301143,-23.674755],[-47.300853,-23.674362],[-47.30186,-23.673935],[-47.30302,-23.672215],[-47.302554,-23.671317],[-47.302344,-23.666896],[-47.301382,-23.664016],[-47.300989,-23.663459],[-47.302722,-23.66169],[-47.302715,-23.659532],[-47.303155,-23.659427],[-47.304647,-23.659611],[-47.305597,-23.659432],[-47.305797,-23.659525],[-47.306072,-23.660087],[-47.307062,-23.660266],[-47.307983,-23.660057],[-47.308522,-23.659375],[-47.308741,-23.658753],[-47.30866,-23.657527],[-47.307944,-23.657121],[-47.30792,-23.656915],[-47.309815,-23.65591],[-47.310326,-23.655379],[-47.310117,-23.655067],[-47.308273,-23.654067],[-47.308132,-23.653728],[-47.308246,-23.653474],[-47.309025,-23.653171],[-47.309615,-23.653373],[-47.310742,-23.654228],[-47.312114,-23.654298],[-47.312788,-23.654115],[-47.312965,-23.653843],[-47.312807,-23.65305],[-47.311816,-23.651296],[-47.311875,-23.651106],[-47.313397,-23.650615],[-47.314024,-23.650124],[-47.315624,-23.649489],[-47.317556,-23.648385],[-47.318138,-23.648433],[-47.318932,-23.648161],[-47.320335,-23.648079],[-47.320865,-23.647518],[-47.3213,-23.646361],[-47.322357,-23.646213],[-47.322554,-23.645754],[-47.322265,-23.645116],[-47.322275,-23.644156],[-47.322989,-23.643083],[-47.323689,-23.64243],[-47.323625,-23.641981],[-47.323505,-23.641878],[-47.322792,-23.642071],[-47.321677,-23.642851],[-47.320327,-23.643271],[-47.319709,-23.64298],[-47.319651,-23.642701],[-47.319801,-23.642448],[-47.318595,-23.641755]]}},{"type":"Feature","properties":{"id_backbone":"BB-94A8933D7D75","trecho":"IEO.GC-SOC.CR","cluster":"SOROCABA","cabo":"F-0011","capacidade":"12","extensao_km":34.896,"confianca":"ALTA","fonte":"OSRM/OpenStreetMap","ponta_a":"IEO.GC","municipio_a":"IPERO","ponta_b":"SOC.CR","municipio_b":"SOROCABA"},"geometry":{"type":"LineString","coordinates":[[-47.68685,-23.349282],[-47.686935,-23.349492],[-47.68999,-23.34843],[-47.689919,-23.350479],[-47.690344,-23.351329],[-47.691582,-23.352588],[-47.694622,-23.354831],[-47.694491,-23.355225],[-47.694256,-23.361545],[-47.693847,-23.362402],[-47.693379,-23.362403],[-47.690615,-23.363168],[-47.689228,-23.363968],[-47.68837,-23.364713],[-47.687616,-23.36577],[-47.68734,-23.36704],[-47.686694,-23.368437],[-47.685251,-23.369909],[-47.684443,-23.371502],[-47.683255,-23.372625],[-47.681565,-23.373806],[-47.679905,-23.37732],[-47.677877,-23.378489],[-47.67525,-23.379354],[-47.671054,-23.380272],[-47.664218,-23.383092],[-47.662111,-23.383235],[-47.659526,-23.38379],[-47.658512,-23.381814],[-47.658097,-23.379694],[-47.657826,-23.379383],[-47.657358,-23.379262],[-47.653126,-23.380054],[-47.648364,-23.38256],[-47.648148,-23.382506],[-47.647465,-23.381753],[-47.644885,-23.380082],[-47.644463,-23.379969],[-47.640787,-23.381565],[-47.639848,-23.381834],[-47.631953,-23.381598],[-47.628346,-23.382091],[-47.625939,-23.382225],[-47.620764,-23.384104],[-47.619809,-23.384672],[-47.618012,-23.386143],[-47.616049,-23.388842],[-47.613913,-23.390912],[-47.604688,-23.392943],[-47.604286,-23.392899],[-47.600184,-23.393757],[-47.59464,-23.396133],[-47.591184,-23.398858],[-47.590072,-23.399958],[-47.589893,-23.401501],[-47.589228,-23.40271],[-47.587194,-23.405164],[-47.585164,-23.406448],[-47.584904,-23.406982],[-47.584834,-23.407614],[-47.584561,-23.408028],[-47.580038,-23.410717],[-47.576175,-23.41241],[-47.575108,-23.413203],[-47.571417,-23.41802],[-47.566822,-23.423297],[-47.565037,-23.425812],[-47.557697,-23.433019],[-47.556195,-23.433905],[-47.547725,-23.436599],[-47.547181,-23.436965],[-47.547413,-23.440549],[-47.548931,-23.444243],[-47.549836,-23.445843],[-47.55106,-23.447036],[-47.551492,-23.44708],[-47.55174,-23.447586],[-47.5542,-23.448803],[-47.556589,-23.449731],[-47.556234,-23.450493],[-47.549537,-23.457462],[-47.54918,-23.459276],[-47.545082,-23.468259],[-47.544558,-23.472615],[-47.543833,-23.474699],[-47.542993,-23.476092],[-47.541861,-23.477206],[-47.539937,-23.480379],[-47.533969,-23.486178],[-47.533054,-23.486781],[-47.531506,-23.488745],[-47.531433,-23.488991],[-47.532219,-23.492672],[-47.532155,-23.493038],[-47.531241,-23.494736],[-47.529547,-23.496916],[-47.528619,-23.497769],[-47.526984,-23.500059],[-47.524619,-23.501933],[-47.523199,-23.502735],[-47.521529,-23.503108],[-47.516246,-23.503098],[-47.515763,-23.50322],[-47.515478,-23.503423],[-47.51433,-23.505122],[-47.513698,-23.505475],[-47.512885,-23.505315],[-47.51053,-23.503349],[-47.509797,-23.502937],[-47.507121,-23.505198],[-47.505924,-23.505902],[-47.49659,-23.513679],[-47.489308,-23.515292],[-47.488655,-23.51089]]}},{"type":"Feature","properties":{"id_backbone":"BB-86514816944A","trecho":"IEO.GC-TTI.TI","cluster":"SOROCABA","cabo":"F-0066","capacidade":"6","extensao_km":32.16,"confianca":"SEM_REFERENCIA","fonte":"OSRM/OpenStreetMap","ponta_a":"IEO.GC","municipio_a":"IPERO","ponta_b":"TTI.TI","municipio_b":"TATUI"},"geometry":{"type":"LineString","coordinates":[[-47.68685,-23.349282],[-47.686935,-23.349492],[-47.68999,-23.34843],[-47.690095,-23.344522],[-47.690704,-23.342427],[-47.689368,-23.338413],[-47.688339,-23.336634],[-47.686321,-23.334502],[-47.685154,-23.333582],[-47.682317,-23.33184],[-47.681905,-23.33122],[-47.681755,-23.32852],[-47.68209,-23.327516],[-47.682562,-23.319397],[-47.681033,-23.301051],[-47.680619,-23.300111],[-47.678022,-23.297393],[-47.678174,-23.297081],[-47.679871,-23.296235],[-47.680185,-23.295812],[-47.681618,-23.296219],[-47.682519,-23.296236],[-47.685181,-23.295729],[-47.690056,-23.294474],[-47.693342,-23.294091],[-47.696188,-23.294159],[-47.709506,-23.295481],[-47.711711,-23.295417],[-47.718681,-23.294629],[-47.726262,-23.29359],[-47.779939,-23.283914],[-47.784756,-23.283487],[-47.803685,-23.282982],[-47.806664,-23.282591],[-47.808538,-23.281974],[-47.808468,-23.281606],[-47.807414,-23.281312],[-47.80617,-23.280316],[-47.805733,-23.280593],[-47.805875,-23.281079],[-47.828273,-23.320949],[-47.829411,-23.322482],[-47.830691,-23.3236],[-47.8321,-23.324408],[-47.852005,-23.33262],[-47.85727,-23.335715],[-47.858856,-23.336126],[-47.859219,-23.33639],[-47.859038,-23.336959],[-47.858356,-23.337251],[-47.856261,-23.337841],[-47.854247,-23.33809],[-47.853095,-23.33962],[-47.852755,-23.33983],[-47.850962,-23.340479],[-47.8495,-23.340558],[-47.849353,-23.341041],[-47.849549,-23.342364],[-47.849442,-23.344081],[-47.846195,-23.349515],[-47.849816,-23.35154],[-47.848619,-23.353722],[-47.848375,-23.353578]]}},{"type":"Feature","properties":{"id_backbone":"BB-D295CF438B38","trecho":"IGA.PT-IGA.QB","cluster":"SOROCABA","cabo":"F-0241","capacidade":"36","extensao_km":3.291,"confianca":"MEDIA","fonte":"OSRM/OpenStreetMap","ponta_a":"IGA.PT","municipio_a":"ITAPETININGA","ponta_b":"IGA.QB","municipio_b":"ITAPETININGA"},"geometry":{"type":"LineString","coordinates":[[-48.030535,-23.578365],[-48.030108,-23.579655],[-48.038153,-23.583306],[-48.047903,-23.585513],[-48.052677,-23.586873],[-48.052031,-23.592065],[-48.050959,-23.591853]]}},{"type":"Feature","properties":{"id_backbone":"BB-FBEB6383D09D","trecho":"IGA.QB-TTI.TI","cluster":"SOROCABA","cabo":"F-0036","capacidade":"6","extensao_km":46.802,"confianca":"SEM_REFERENCIA","fonte":"OSRM/OpenStreetMap","ponta_a":"IGA.QB","municipio_a":"ITAPETININGA","ponta_b":"TTI.TI","municipio_b":"TATUI"},"geometry":{"type":"LineString","coordinates":[[-48.050959,-23.591853],[-48.049086,-23.591476],[-48.049161,-23.590969],[-48.053783,-23.591427],[-48.053621,-23.59266],[-48.053736,-23.593219],[-48.054764,-23.595043],[-48.055932,-23.597755],[-48.056064,-23.600081],[-48.055926,-23.601814],[-48.055215,-23.605527],[-48.054493,-23.607334],[-48.054332,-23.607086],[-48.052387,-23.605998],[-48.034135,-23.598189],[-48.032783,-23.597743],[-48.002872,-23.596155],[-47.989907,-23.59318],[-47.988096,-23.592915],[-47.987021,-23.593236],[-47.986429,-23.592999],[-47.986189,-23.591261],[-47.969277,-23.551793],[-47.964625,-23.538057],[-47.964007,-23.534778],[-47.964171,-23.53126],[-47.968714,-23.507008],[-47.968724,-23.504919],[-47.967914,-23.494351],[-47.967996,-23.492752],[-47.968389,-23.491607],[-47.969061,-23.490574],[-47.973737,-23.485883],[-47.974353,-23.485071],[-47.974994,-23.483273],[-47.975031,-23.482371],[-47.974849,-23.481339],[-47.974227,-23.480023],[-47.959942,-23.459783],[-47.953552,-23.447906],[-47.952143,-23.44658],[-47.939404,-23.43605],[-47.937985,-23.434607],[-47.923611,-23.408551],[-47.923159,-23.407096],[-47.923102,-23.406205],[-47.923252,-23.405209],[-47.926082,-23.397843],[-47.926274,-23.396837],[-47.926239,-23.395696],[-47.920187,-23.377289],[-47.919409,-23.37568],[-47.916815,-23.372022],[-47.91595,-23.371174],[-47.914551,-23.370181],[-47.91309,-23.369388],[-47.908577,-23.368037],[-47.901463,-23.365451],[-47.900406,-23.364682],[-47.897848,-23.362128],[-47.896322,-23.361168],[-47.894704,-23.36065],[-47.885177,-23.359577],[-47.883826,-23.359181],[-47.882364,-23.358286],[-47.881255,-23.357131],[-47.880611,-23.355828],[-47.876642,-23.343362],[-47.876014,-23.342322],[-47.874873,-23.341248],[-47.874477,-23.341295],[-47.874204,-23.341832],[-47.866737,-23.346123],[-47.865572,-23.347468],[-47.86558,-23.348178],[-47.865813,-23.348987],[-47.865148,-23.350393],[-47.863938,-23.352113],[-47.863307,-23.351955],[-47.86301,-23.352077],[-47.860042,-23.353451],[-47.859743,-23.353896],[-47.858826,-23.353408],[-47.856882,-23.356396],[-47.849451,-23.352219],[-47.848619,-23.353722],[-47.848375,-23.353578]]}},{"type":"Feature","properties":{"id_backbone":"BB-ABBE46687EA1","trecho":"IVA.GU-IVA.RD","cluster":"SOROCABA","cabo":"F-0109","capacidade":"12","extensao_km":47.047,"confianca":"SEM_REFERENCIA","fonte":"OSRM/OpenStreetMap","ponta_a":"IVA.GU","municipio_a":"ITAPEVA","ponta_b":"IVA.RD","municipio_b":"ITAPEVA"},"geometry":{"type":"LineString","coordinates":[[-48.84889,-23.713354],[-48.849495,-23.713024],[-48.850072,-23.712215],[-48.850472,-23.711017],[-48.851204,-23.710625],[-48.851701,-23.711281],[-48.8517,-23.712494],[-48.851875,-23.712821],[-48.851155,-23.714265],[-48.850215,-23.717374],[-48.849012,-23.718516],[-48.847094,-23.719606],[-48.845853,-23.720082],[-48.845529,-23.720374],[-48.845183,-23.722471],[-48.844284,-23.725785],[-48.844351,-23.726445],[-48.845011,-23.728078],[-48.845085,-23.729982],[-48.843361,-23.735755],[-48.843606,-23.736532],[-48.845012,-23.738363],[-48.84571,-23.7404],[-48.845741,-23.741016],[-48.845203,-23.742356],[-48.843821,-23.743553],[-48.843573,-23.744037],[-48.843867,-23.746462],[-48.844095,-23.747121],[-48.844672,-23.748012],[-48.84475,-23.748534],[-48.844151,-23.750036],[-48.843016,-23.751727],[-48.842067,-23.755458],[-48.842147,-23.756568],[-48.842811,-23.758737],[-48.842979,-23.762217],[-48.843325,-23.763481],[-48.842956,-23.764744],[-48.842233,-23.765709],[-48.839651,-23.767548],[-48.836592,-23.770488],[-48.833783,-23.773693],[-48.832638,-23.775588],[-48.831278,-23.776852],[-48.830785,-23.777567],[-48.830514,-23.778546],[-48.830423,-23.782762],[-48.830556,-23.783655],[-48.831127,-23.785347],[-48.831342,-23.786684],[-48.831286,-23.787361],[-48.830727,-23.788238],[-48.829483,-23.789165],[-48.827823,-23.791209],[-48.827538,-23.791762],[-48.827215,-23.799035],[-48.826953,-23.800191],[-48.824276,-23.804772],[-48.823033,-23.807682],[-48.820613,-23.811636],[-48.819286,-23.815929],[-48.817482,-23.819304],[-48.817006,-23.820783],[-48.815969,-23.822807],[-48.815347,-23.823464],[-48.813812,-23.824136],[-48.812561,-23.825093],[-48.809819,-23.826149],[-48.806104,-23.828166],[-48.802977,-23.831306],[-48.801091,-23.832629],[-48.800785,-23.833299],[-48.799527,-23.839724],[-48.798272,-23.842697],[-48.797897,-23.843168],[-48.796159,-23.844425],[-48.793688,-23.847935],[-48.791917,-23.849224],[-48.791607,-23.849749],[-48.791571,-23.850385],[-48.791886,-23.851805],[-48.792681,-23.853625],[-48.792807,-23.855431],[-48.792648,-23.856158],[-48.791864,-23.85788],[-48.791398,-23.858436],[-48.78347,-23.864654],[-48.780925,-23.867302],[-48.779759,-23.869108],[-48.774765,-23.878798],[-48.773502,-23.8808],[-48.771687,-23.884846],[-48.771393,-23.887007],[-48.772039,-23.889804],[-48.771033,-23.89215],[-48.769045,-23.898691],[-48.768674,-23.900415],[-48.76944,-23.906659],[-48.771458,-23.911093],[-48.771562,-23.911627],[-48.770581,-23.917539],[-48.768725,-23.923008],[-48.767902,-23.93314],[-48.768125,-23.933777],[-48.768801,-23.934539],[-48.770591,-23.935607],[-48.771538,-23.936429],[-48.781757,-23.950231],[-48.782591,-23.951059],[-48.784176,-23.951956],[-48.799208,-23.956109],[-48.801144,-23.95681],[-48.802446,-23.957822],[-48.818705,-23.97276],[-48.819574,-23.973384],[-48.820572,-23.973841],[-48.833375,-23.978258],[-48.834322,-23.978313],[-48.835312,-23.978152],[-48.839637,-23.976151],[-48.841389,-23.97585],[-48.843166,-23.976123],[-48.846883,-23.977994],[-48.847989,-23.978288],[-48.848733,-23.9783],[-48.850316,-23.977756],[-48.856302,-23.974918],[-48.86408,-23.971563],[-48.866103,-23.969953],[-48.866563,-23.969953],[-48.866781,-23.970214],[-48.866595,-23.970665],[-48.861983,-23.97251],[-48.861843,-23.97294],[-48.862468,-23.973701],[-48.867028,-23.973725],[-48.868065,-23.973976],[-48.868434,-23.974832],[-48.868054,-23.976134],[-48.869167,-23.977035],[-48.869828,-23.978043],[-48.870361,-23.979325],[-48.870782,-23.979519],[-48.872397,-23.979685],[-48.87262,-23.980606],[-48.872809,-23.984043],[-48.873785,-23.98599],[-48.875335,-23.985834],[-48.87539,-23.985991],[-48.875008,-23.98604],[-48.87506,-23.986937],[-48.876596,-23.986865],[-48.876879,-23.991075],[-48.877737,-23.995156],[-48.878516,-23.996921],[-48.878746,-23.998754],[-48.878578,-24.00172],[-48.876599,-24.004834],[-48.87676,-24.006234],[-48.877416,-24.007252],[-48.877035,-24.008626],[-48.877163,-24.009617]]}},{"type":"Feature","properties":{"id_backbone":"BB-D663470DC5D4","trecho":"JUMR.JU-TIE.TT","cluster":"SOROCABA","cabo":"F-0041","capacidade":"6","extensao_km":11.179,"confianca":"ALTA","fonte":"OSRM/OpenStreetMap","ponta_a":"JUMR.JU","municipio_a":"JUMIRIM","ponta_b":"TIE.TT","municipio_b":"TIETE"},"geometry":{"type":"LineString","coordinates":[[-47.788099,-23.083425],[-47.779786,-23.087634],[-47.779377,-23.088473],[-47.77954,-23.090208],[-47.779375,-23.090905],[-47.775474,-23.097541],[-47.773349,-23.099784],[-47.772644,-23.100329],[-47.770011,-23.101377],[-47.766599,-23.102218],[-47.765981,-23.102591],[-47.764002,-23.106366],[-47.763738,-23.107497],[-47.763384,-23.107852],[-47.762494,-23.107912],[-47.761334,-23.106878],[-47.760725,-23.106679],[-47.758465,-23.107581],[-47.7567,-23.107429],[-47.754227,-23.107823],[-47.752975,-23.108557],[-47.750577,-23.109114],[-47.749393,-23.109564],[-47.740167,-23.114531],[-47.738335,-23.114775],[-47.736999,-23.116092],[-47.736315,-23.116429],[-47.734052,-23.116209],[-47.732251,-23.117172],[-47.730789,-23.117415],[-47.73023,-23.117309],[-47.727904,-23.116184],[-47.726791,-23.11611],[-47.726331,-23.116248],[-47.723891,-23.117762],[-47.722968,-23.117814],[-47.722161,-23.117657],[-47.721851,-23.117268],[-47.721696,-23.116295],[-47.719388,-23.114432],[-47.718945,-23.110763],[-47.718174,-23.109606],[-47.71744,-23.102987],[-47.715355,-23.103228],[-47.712342,-23.103038],[-47.711558,-23.102516],[-47.711917,-23.102069],[-47.712102,-23.102072]]}},{"type":"Feature","properties":{"id_backbone":"BB-F67963863A6B","trecho":"LJP.JP-TIE.TT","cluster":"SOROCABA","cabo":"F-0021","capacidade":"6","extensao_km":18.87,"confianca":"ALTA","fonte":"OSRM/OpenStreetMap","ponta_a":"LJP.JP","municipio_a":"LARANJAL PAULISTA","ponta_b":"TIE.TT","municipio_b":"TIETE"},"geometry":{"type":"LineString","coordinates":[[-47.835076,-23.051706],[-47.83458,-23.051963],[-47.834374,-23.048948],[-47.832224,-23.049024],[-47.831365,-23.048477],[-47.829944,-23.04823],[-47.829594,-23.047895],[-47.824681,-23.048189],[-47.824291,-23.048077],[-47.822843,-23.049904],[-47.822252,-23.051605],[-47.822288,-23.053006],[-47.823219,-23.056809],[-47.823341,-23.058041],[-47.822552,-23.062325],[-47.821988,-23.063609],[-47.821442,-23.064268],[-47.816566,-23.067708],[-47.81552,-23.069106],[-47.814006,-23.07005],[-47.813287,-23.070727],[-47.808193,-23.077429],[-47.807669,-23.077792],[-47.807143,-23.077921],[-47.798402,-23.077987],[-47.796384,-23.078708],[-47.792798,-23.079282],[-47.792235,-23.079626],[-47.791674,-23.080235],[-47.790748,-23.081691],[-47.788912,-23.082985],[-47.779941,-23.087508],[-47.779405,-23.088302],[-47.77954,-23.090208],[-47.779375,-23.090905],[-47.775474,-23.097541],[-47.773349,-23.099784],[-47.772644,-23.100329],[-47.770011,-23.101377],[-47.766599,-23.102218],[-47.765981,-23.102591],[-47.764002,-23.106366],[-47.763738,-23.107497],[-47.763267,-23.107909],[-47.762376,-23.107856],[-47.761334,-23.106878],[-47.760725,-23.106679],[-47.758465,-23.107581],[-47.7568,-23.107424],[-47.754378,-23.107777],[-47.752975,-23.108557],[-47.750577,-23.109114],[-47.749393,-23.109564],[-47.740167,-23.114531],[-47.738335,-23.114775],[-47.736999,-23.116092],[-47.736505,-23.116373],[-47.735884,-23.116477],[-47.734052,-23.116209],[-47.732251,-23.117172],[-47.730789,-23.117415],[-47.73023,-23.117309],[-47.727904,-23.116184],[-47.726791,-23.11611],[-47.726331,-23.116248],[-47.723891,-23.117762],[-47.722968,-23.117814],[-47.722052,-23.117584],[-47.721851,-23.117268],[-47.721696,-23.116295],[-47.719388,-23.114432],[-47.718945,-23.110763],[-47.718174,-23.109606],[-47.71744,-23.102987],[-47.715355,-23.103228],[-47.712342,-23.103038],[-47.711558,-23.102516],[-47.711917,-23.102069],[-47.712102,-23.102072]]}},{"type":"Feature","properties":{"id_backbone":"BB-4595DA66FEF1","trecho":"PLL.JM-SGJ.MH","cluster":"SOROCABA","cabo":"TR#1524","capacidade":"24 F","extensao_km":34.04,"confianca":"ALTA","fonte":"OSRM/OpenStreetMap","ponta_a":"PLL.JM","municipio_a":"PILAR DO SUL","ponta_b":"SGJ.MH","municipio_b":"SAO MIGUEL ARCANJO"},"geometry":{"type":"LineString","coordinates":[[-47.715782,-23.813601],[-47.715582,-23.813632],[-47.718777,-23.826607],[-47.719321,-23.827794],[-47.719866,-23.836111],[-47.720245,-23.836693],[-47.722397,-23.83896],[-47.723259,-23.839398],[-47.726431,-23.839357],[-47.726691,-23.839527],[-47.734244,-23.839361],[-47.73612,-23.838873],[-47.740044,-23.837477],[-47.741369,-23.837179],[-47.759143,-23.835964],[-47.770616,-23.835394],[-47.776923,-23.835991],[-47.778297,-23.836456],[-47.78773,-23.842819],[-47.79189,-23.845051],[-47.793827,-23.84539],[-47.797037,-23.844475],[-47.798889,-23.844723],[-47.81631,-23.853663],[-47.83117,-23.855417],[-47.842396,-23.858709],[-47.85999,-23.864769],[-47.865783,-23.867163],[-47.866354,-23.867208],[-47.867036,-23.867704],[-47.878285,-23.872324],[-47.88653,-23.873396],[-47.934545,-23.880585],[-47.954181,-23.883714],[-47.958836,-23.885215],[-47.969181,-23.885801],[-47.97697,-23.888175],[-47.985771,-23.890584],[-47.988237,-23.891101],[-47.988485,-23.890854],[-47.988858,-23.887186],[-47.998934,-23.884057],[-47.997705,-23.880726],[-47.998962,-23.88035],[-47.998648,-23.879391],[-47.999504,-23.879148],[-47.99922,-23.877844],[-48.001316,-23.877203],[-48.000498,-23.877511]]}},{"type":"Feature","properties":{"id_backbone":"BB-2EC06D4C9E34","trecho":"QUDR.QU-QUDR.RD","cluster":"SOROCABA","cabo":"F-0118","capacidade":"6","extensao_km":1.739,"confianca":"SEM_REFERENCIA","fonte":"OSRM/OpenStreetMap","ponta_a":"QUDR.QU","municipio_a":"QUADRA","ponta_b":"QUDR.RD","municipio_b":"QUADRA"},"geometry":{"type":"LineString","coordinates":[[-48.056139,-23.301342],[-48.05548,-23.299531],[-48.054957,-23.299692],[-48.05475,-23.299064],[-48.043845,-23.302319],[-48.04339,-23.301741],[-48.043111,-23.300524]]}},{"type":"Feature","properties":{"id_backbone":"BB-46E507B0D582","trecho":"SOC.AS-SOC.AT","cluster":"SOROCABA","cabo":"F-0006B","capacidade":"6","extensao_km":6.709,"confianca":"SEM_REFERENCIA","fonte":"OSRM/OpenStreetMap","ponta_a":"SOC.AS","municipio_a":"SOROCABA","ponta_b":"SOC.AT","municipio_b":"SOROCABA"},"geometry":{"type":"LineString","coordinates":[[-47.457861,-23.497763],[-47.459419,-23.498374],[-47.459882,-23.498349],[-47.462376,-23.495401],[-47.462473,-23.494558],[-47.462804,-23.494517],[-47.463248,-23.494737],[-47.463897,-23.494681],[-47.477517,-23.488538],[-47.478282,-23.487903],[-47.479075,-23.487815],[-47.480626,-23.48721],[-47.480853,-23.486679],[-47.479935,-23.484941],[-47.485307,-23.482263],[-47.482736,-23.479568],[-47.49348,-23.467902],[-47.493835,-23.467357],[-47.49669,-23.464403],[-47.496617,-23.464213],[-47.494713,-23.463071],[-47.495071,-23.462595],[-47.495742,-23.463004]]}},{"type":"Feature","properties":{"id_backbone":"BB-86C8564F7248","trecho":"SOC.AS-SOC.CR","cluster":"SOROCABA","cabo":"F-0008","capacidade":"36","extensao_km":4.359,"confianca":"BAIXA","fonte":"OSRM/OpenStreetMap","ponta_a":"SOC.AS","municipio_a":"SOROCABA","ponta_b":"SOC.CR","municipio_b":"SOROCABA"},"geometry":{"type":"LineString","coordinates":[[-47.457861,-23.497763],[-47.459402,-23.498365],[-47.46039,-23.498999],[-47.467805,-23.502742],[-47.468278,-23.502543],[-47.468575,-23.502978],[-47.470685,-23.503823],[-47.473036,-23.504333],[-47.478826,-23.504463],[-47.480785,-23.504969],[-47.481647,-23.505352],[-47.4846,-23.507796],[-47.488469,-23.510371],[-47.488749,-23.510838],[-47.489228,-23.514193],[-47.488655,-23.51089]]}},{"type":"Feature","properties":{"id_backbone":"BB-902D06C72B21","trecho":"SOC.CR-SOC.PA","cluster":"SOROCABA","cabo":"F-0003","capacidade":"36","extensao_km":3.451,"confianca":"ALTA","fonte":"OSRM/OpenStreetMap","ponta_a":"SOC.CR","municipio_a":"SOROCABA","ponta_b":"SOC.PA","municipio_b":"SOROCABA"},"geometry":{"type":"LineString","coordinates":[[-47.488655,-23.51089],[-47.488141,-23.510251],[-47.485119,-23.508306],[-47.481781,-23.50558],[-47.480757,-23.505062],[-47.477898,-23.504455],[-47.472806,-23.504421],[-47.47065,-23.503903],[-47.468062,-23.502958],[-47.467682,-23.502957],[-47.464852,-23.504627],[-47.460136,-23.501655],[-47.45964,-23.501872],[-47.459249,-23.501629]]}},{"type":"Feature","properties":{"id_backbone":"BB-F572DC576617","trecho":"SOC.CR-VOM.AF","cluster":"SOROCABA","cabo":"F-0076","capacidade":"24","extensao_km":8.012,"confianca":"ALTA","fonte":"OSRM/OpenStreetMap","ponta_a":"SOC.CR","municipio_a":"SOROCABA","ponta_b":"VOM.AF","municipio_b":"VOTORANTIM"},"geometry":{"type":"LineString","coordinates":[[-47.488655,-23.51089],[-47.488141,-23.510251],[-47.485119,-23.508306],[-47.483987,-23.510179],[-47.478142,-23.509305],[-47.476604,-23.51056],[-47.473857,-23.515667],[-47.471855,-23.517724],[-47.471011,-23.518047],[-47.469975,-23.518047],[-47.465799,-23.515968],[-47.46439,-23.518629],[-47.464902,-23.521054],[-47.465099,-23.52499],[-47.465576,-23.528509],[-47.465136,-23.530932],[-47.465606,-23.532889],[-47.465291,-23.535324],[-47.466246,-23.538062],[-47.466542,-23.539945],[-47.466581,-23.542018],[-47.460471,-23.542895],[-47.45862,-23.542173],[-47.453238,-23.542487],[-47.452419,-23.54234],[-47.449837,-23.542318],[-47.449506,-23.54206],[-47.448297,-23.542028]]}},{"type":"Feature","properties":{"id_backbone":"BB-8EB6E4EE4957","trecho":"SOC.PE-VOM.AF","cluster":"SOROCABA","cabo":"F-0017","capacidade":"36","extensao_km":6.416,"confianca":"SEM_REFERENCIA","fonte":"OSRM/OpenStreetMap","ponta_a":"SOC.PE","municipio_a":"SOROCABA","ponta_b":"VOM.AF","municipio_b":"VOTORANTIM"},"geometry":{"type":"LineString","coordinates":[[-47.456414,-23.498078],[-47.456422,-23.498196],[-47.4539,-23.499377],[-47.45414,-23.500439],[-47.453889,-23.500689],[-47.454259,-23.50198],[-47.454184,-23.502971],[-47.452679,-23.502822],[-47.451919,-23.505997],[-47.451935,-23.506463],[-47.452482,-23.507213],[-47.453224,-23.509441],[-47.453273,-23.510412],[-47.452874,-23.511255],[-47.451214,-23.513449],[-47.450954,-23.514191],[-47.450831,-23.515885],[-47.451238,-23.517206],[-47.452597,-23.51831],[-47.452972,-23.518789],[-47.453257,-23.519573],[-47.45345,-23.521185],[-47.452867,-23.522704],[-47.451926,-23.523443],[-47.450932,-23.524931],[-47.449692,-23.529009],[-47.44988,-23.529819],[-47.451055,-23.532166],[-47.454284,-23.534614],[-47.454565,-23.535189],[-47.454573,-23.535622],[-47.454286,-23.536119],[-47.453581,-23.536778],[-47.453624,-23.537205],[-47.45337,-23.537008],[-47.452348,-23.537932],[-47.450928,-23.538432],[-47.450848,-23.538578],[-47.451655,-23.541639],[-47.452037,-23.542167],[-47.45196,-23.54235],[-47.449837,-23.542318],[-47.449506,-23.54206],[-47.448297,-23.542028]]}},{"type":"Feature","properties":{"id_backbone":"BB-E739758D37DD","trecho":"VOM.AF-VOM.PJ","cluster":"SOROCABA","cabo":"F-0020","capacidade":"24","extensao_km":3.458,"confianca":"ALTA","fonte":"OSRM/OpenStreetMap","ponta_a":"VOM.AF","municipio_a":"VOTORANTIM","ponta_b":"VOM.PJ","municipio_b":"VOTORANTIM"},"geometry":{"type":"LineString","coordinates":[[-47.448297,-23.542028],[-47.447503,-23.542028],[-47.447511,-23.543952],[-47.448835,-23.546431],[-47.448896,-23.546848],[-47.448717,-23.548039],[-47.448123,-23.548918],[-47.447547,-23.550637],[-47.447022,-23.553142],[-47.446913,-23.554402],[-47.447465,-23.555842],[-47.449206,-23.557909],[-47.449472,-23.558521],[-47.449483,-23.55909],[-47.449065,-23.560397],[-47.448843,-23.562515],[-47.44905,-23.562988],[-47.453767,-23.567909],[-47.454445,-23.568079],[-47.454864,-23.56882]]}},{"type":"Feature","properties":{"id_backbone":"BB-B0BFFA8E5F4D","trecho":"CSM.CS-ECAU.EU","cluster":"SAO JOSE DO RIO PRETO","cabo":"F-0074","capacidade":"72","extensao_km":12.215,"confianca":"SEM_REFERENCIA","fonte":"OSRM/OpenStreetMap","ponta_a":"CSM.CS","municipio_a":"COSMORAMA","ponta_b":"ECAU.EU","municipio_b":"TANABI"},"geometry":{"type":"LineString","coordinates":[[-49.77856,-20.48092],[-49.779457,-20.482446],[-49.780574,-20.481848],[-49.792601,-20.489183],[-49.793445,-20.489285],[-49.794295,-20.490526],[-49.794862,-20.490808],[-49.794878,-20.491124],[-49.7946,-20.491241],[-49.794163,-20.490945],[-49.793813,-20.490929],[-49.790363,-20.492898],[-49.726806,-20.534824],[-49.725924,-20.535477],[-49.725586,-20.535975],[-49.72306,-20.537664],[-49.723034,-20.53807],[-49.724631,-20.541132],[-49.724613,-20.545299]]}},{"type":"Feature","properties":{"id_backbone":"BB-51AE74169622","trecho":"CTD.RB-ELIS.ES","cluster":"SAO JOSE DO RIO PRETO","cabo":"F-0031","capacidade":"12","extensao_km":17.901,"confianca":"ALTA","fonte":"OSRM/OpenStreetMap","ponta_a":"CTD.RB","municipio_a":"CATANDUVA","ponta_b":"ELIS.ES","municipio_b":"ELISIARIO"},"geometry":{"type":"LineString","coordinates":[[-48.971033,-21.136429],[-48.9706,-21.136576],[-48.969416,-21.133729],[-48.969288,-21.13336],[-48.969677,-21.132727],[-48.973585,-21.131323],[-48.976152,-21.131491],[-48.976967,-21.131253],[-48.978906,-21.12985],[-48.979351,-21.128796],[-48.981069,-21.128504],[-48.981328,-21.12755],[-48.982066,-21.126578],[-48.983995,-21.125836],[-48.984338,-21.125837],[-48.98526,-21.125274],[-48.988444,-21.122702],[-48.988727,-21.122313],[-48.989791,-21.121681],[-48.98994,-21.12111],[-48.990546,-21.121112],[-48.990759,-21.120671],[-48.990502,-21.120321],[-48.990748,-21.120148],[-48.991128,-21.120772],[-48.994958,-21.122707],[-49.017406,-21.132352],[-49.019251,-21.132938],[-49.020424,-21.134287],[-49.021148,-21.134744],[-49.021613,-21.135875],[-49.021971,-21.136253],[-49.023811,-21.137399],[-49.031785,-21.1445],[-49.032332,-21.145265],[-49.033614,-21.149143],[-49.034097,-21.149988],[-49.038454,-21.15482],[-49.039271,-21.155339],[-49.041018,-21.155828],[-49.050732,-21.157728],[-49.051633,-21.157558],[-49.053165,-21.156829],[-49.054593,-21.156385],[-49.055726,-21.156102],[-49.059717,-21.155594],[-49.060965,-21.154985],[-49.062213,-21.155679],[-49.082889,-21.163906],[-49.084434,-21.164919],[-49.085232,-21.16526],[-49.098036,-21.167145],[-49.099014,-21.167025],[-49.100571,-21.167163],[-49.102512,-21.167088],[-49.106254,-21.166879],[-49.106405,-21.166754],[-49.106822,-21.166886],[-49.109425,-21.16682],[-49.110355,-21.166555],[-49.110874,-21.16771]]}},{"type":"Feature","properties":{"id_backbone":"BB-76553D921FDB","trecho":"CTD.RB-TGA.DC","cluster":"SAO JOSE DO RIO PRETO","cabo":"F-0083","capacidade":"48","extensao_km":72.227,"confianca":"ALTA","fonte":"OSRM/OpenStreetMap","ponta_a":"CTD.RB","municipio_a":"CATANDUVA","ponta_b":"TGA.DC","municipio_b":"TAQUARITINGA"},"geometry":{"type":"LineString","coordinates":[[-48.971033,-21.136429],[-48.9706,-21.136576],[-48.969853,-21.134816],[-48.96858,-21.135276],[-48.966905,-21.138237],[-48.966741,-21.138668],[-48.966832,-21.13894],[-48.971696,-21.143903],[-48.973439,-21.145095],[-48.974829,-21.147103],[-48.976187,-21.148173],[-48.976613,-21.148344],[-48.976829,-21.148706],[-48.977699,-21.149426],[-48.978204,-21.149725],[-48.978684,-21.149792],[-48.979319,-21.150768],[-48.980184,-21.151304],[-48.980217,-21.151533],[-48.981498,-21.152818],[-48.98414,-21.156394],[-48.986892,-21.160515],[-48.98721,-21.160712],[-48.987553,-21.160544],[-48.987769,-21.159996],[-48.987656,-21.159694],[-48.987259,-21.159658],[-48.98667,-21.160014],[-48.966251,-21.175735],[-48.859507,-21.278133],[-48.766799,-21.358967],[-48.735193,-21.381006],[-48.731645,-21.383153],[-48.728436,-21.385697],[-48.677719,-21.420991],[-48.59894,-21.475468],[-48.598269,-21.476014],[-48.597977,-21.476695],[-48.598367,-21.477269],[-48.599091,-21.477283],[-48.599455,-21.476898],[-48.599472,-21.476437],[-48.598582,-21.475609],[-48.518236,-21.433757],[-48.513974,-21.431558],[-48.513583,-21.431511],[-48.513449,-21.431645],[-48.513489,-21.431935],[-48.513824,-21.432408],[-48.514162,-21.432476],[-48.514302,-21.432105],[-48.51408,-21.429733],[-48.511305,-21.424569],[-48.510671,-21.423818],[-48.51068,-21.423486],[-48.508014,-21.418734],[-48.507641,-21.418332],[-48.5074,-21.417655],[-48.505021,-21.4165],[-48.502076,-21.41361],[-48.500683,-21.411907],[-48.500476,-21.408249],[-48.502416,-21.4081],[-48.502259,-21.406089]]}},{"type":"Feature","properties":{"id_backbone":"BB-2C70BB01DFBC","trecho":"ELIS.ES-SJIT.ST","cluster":"SAO JOSE DO RIO PRETO","cabo":"F-0032","capacidade":"12","extensao_km":9.958,"confianca":"ALTA","fonte":"OSRM/OpenStreetMap","ponta_a":"ELIS.ES","municipio_a":"ELISIARIO","ponta_b":"SJIT.ST","municipio_b":"URUPES"},"geometry":{"type":"LineString","coordinates":[[-49.110874,-21.16771],[-49.110355,-21.166555],[-49.114881,-21.164769],[-49.117704,-21.162195],[-49.118239,-21.161358],[-49.11906,-21.160966],[-49.120311,-21.159798],[-49.121823,-21.158765],[-49.124429,-21.15761],[-49.126384,-21.15715],[-49.127895,-21.156981],[-49.129809,-21.157073],[-49.130629,-21.157455],[-49.138048,-21.15924],[-49.139046,-21.15961],[-49.141438,-21.160911],[-49.143386,-21.1615],[-49.149587,-21.16184],[-49.152248,-21.1624],[-49.160938,-21.162891],[-49.161647,-21.163431],[-49.166324,-21.171665],[-49.171656,-21.17654],[-49.175271,-21.177944],[-49.181835,-21.178877],[-49.184434,-21.178995],[-49.189122,-21.179707],[-49.189664,-21.179615],[-49.189672,-21.180655],[-49.191268,-21.180331]]}},{"type":"Feature","properties":{"id_backbone":"BB-266F34C3FB78","trecho":"CRG.RP-SDL.SA","cluster":"RIBEIRAO PRETO","cabo":"F-0083","capacidade":"12","extensao_km":24.373,"confianca":"ALTA","fonte":"OSRM/OpenStreetMap","ponta_a":"CRG.RP","municipio_a":"CANDIDO RODRIGUES","ponta_b":"SDL.SA","municipio_b":"SANTA ADELIA"},"geometry":{"type":"LineString","coordinates":[[-48.631557,-21.324556],[-48.630331,-21.324743],[-48.630232,-21.324506],[-48.633155,-21.32261],[-48.633026,-21.322367],[-48.633071,-21.316608],[-48.633385,-21.310903],[-48.633589,-21.310003],[-48.634125,-21.308984],[-48.634844,-21.308144],[-48.637108,-21.306815],[-48.637741,-21.306238],[-48.638631,-21.304089],[-48.639415,-21.303196],[-48.642386,-21.302149],[-48.64406,-21.30059],[-48.645176,-21.300138],[-48.64715,-21.30012],[-48.649832,-21.299278],[-48.650894,-21.299361],[-48.653319,-21.29999],[-48.654113,-21.29997],[-48.654617,-21.299708],[-48.654993,-21.299081],[-48.655014,-21.298348],[-48.654456,-21.296832],[-48.654639,-21.296032],[-48.655288,-21.295447],[-48.656528,-21.295523],[-48.658545,-21.297179],[-48.659695,-21.297533],[-48.660749,-21.297249],[-48.662744,-21.29565],[-48.664579,-21.294841],[-48.664957,-21.294368],[-48.665114,-21.293874],[-48.664724,-21.291994],[-48.664808,-21.291561],[-48.665147,-21.291049],[-48.66577,-21.290728],[-48.667359,-21.290505],[-48.668291,-21.289952],[-48.670309,-21.287651],[-48.671652,-21.286568],[-48.672375,-21.284896],[-48.673946,-21.282686],[-48.67452,-21.28231],[-48.676735,-21.281614],[-48.677081,-21.281206],[-48.678092,-21.278976],[-48.678608,-21.27827],[-48.681335,-21.276583],[-48.681762,-21.2759],[-48.682197,-21.274515],[-48.682086,-21.273962],[-48.682618,-21.273843],[-48.684513,-21.272857],[-48.686531,-21.271012],[-48.689616,-21.2674],[-48.690054,-21.267714],[-48.692533,-21.265505],[-48.694994,-21.264423],[-48.700215,-21.264798],[-48.700479,-21.264372],[-48.701663,-21.26078],[-48.702487,-21.258964],[-48.707703,-21.255972],[-48.710599,-21.255301],[-48.714436,-21.256412],[-48.71535,-21.256389],[-48.718207,-21.254319],[-48.721294,-21.250573],[-48.726542,-21.248232],[-48.728951,-21.247894],[-48.730416,-21.247361],[-48.731849,-21.246159],[-48.732887,-21.244897],[-48.736579,-21.242397],[-48.7384,-21.239947],[-48.738824,-21.239599],[-48.741029,-21.238959],[-48.741662,-21.238915],[-48.784362,-21.241581],[-48.786618,-21.241519],[-48.788158,-21.240737],[-48.788742,-21.241551],[-48.789362,-21.24183],[-48.791661,-21.241974],[-48.80625,-21.244177],[-48.806387,-21.243449]]}},{"type":"Feature","properties":{"id_backbone":"BB-62ECCE4EAFE7","trecho":"CRUP.CA-TBT.RE","cluster":"RIBEIRAO PRETO","cabo":"F-0293","capacidade":"12","extensao_km":15.077,"confianca":"ALTA","fonte":"OSRM/OpenStreetMap","ponta_a":"CRUP.CA","municipio_a":"TABATINGA","ponta_b":"TBT.RE","municipio_b":"TABATINGA"},"geometry":{"type":"LineString","coordinates":[[-48.579156,-21.721763],[-48.579828,-21.721859],[-48.579676,-21.722861],[-48.588694,-21.724049],[-48.589646,-21.723744],[-48.597601,-21.718262],[-48.602379,-21.71819],[-48.607401,-21.715933],[-48.608486,-21.715862],[-48.612696,-21.716355],[-48.6156,-21.717454],[-48.618065,-21.717408],[-48.618926,-21.717546],[-48.620304,-21.7185],[-48.623147,-21.71981],[-48.627237,-21.722723],[-48.628924,-21.724653],[-48.630314,-21.727752],[-48.631438,-21.728338],[-48.63612,-21.731737],[-48.643042,-21.734821],[-48.644999,-21.735302],[-48.647659,-21.735613],[-48.648238,-21.735897],[-48.649176,-21.737224],[-48.649381,-21.737908],[-48.648685,-21.742251],[-48.648848,-21.744729],[-48.64862,-21.74738],[-48.664643,-21.745469],[-48.666835,-21.745527],[-48.669688,-21.744871],[-48.671563,-21.745185],[-48.673993,-21.746269],[-48.67483,-21.746349],[-48.675557,-21.746156],[-48.677861,-21.744723],[-48.678335,-21.744576],[-48.683468,-21.744567],[-48.685568,-21.743471],[-48.68777,-21.742004],[-48.687422,-21.737789],[-48.688721,-21.73334],[-48.686856,-21.732845]]}},{"type":"Feature","properties":{"id_backbone":"BB-97955EF3949F","trecho":"CVH.CB-SOM.DF","cluster":"RIBEIRAO PRETO","cabo":"F-0264","capacidade":"24","extensao_km":28.841,"confianca":"ALTA","fonte":"OSRM/OpenStreetMap","ponta_a":"CVH.CB","municipio_a":"CRAVINHOS","ponta_b":"SOM.DF","municipio_b":"SAO SIMAO"},"geometry":{"type":"LineString","coordinates":[[-47.730037,-21.337798],[-47.73046,-21.338029],[-47.726463,-21.335878],[-47.726266,-21.336012],[-47.725157,-21.338514],[-47.72466,-21.340184],[-47.724092,-21.344496],[-47.724388,-21.351766],[-47.724184,-21.354159],[-47.723364,-21.357042],[-47.722264,-21.359133],[-47.697075,-21.390399],[-47.695646,-21.391761],[-47.693851,-21.392905],[-47.680135,-21.398202],[-47.677731,-21.399492],[-47.67513,-21.40138],[-47.673755,-21.402622],[-47.672251,-21.404292],[-47.656935,-21.424105],[-47.654863,-21.427599],[-47.652718,-21.432508],[-47.648891,-21.444092],[-47.646726,-21.451418],[-47.641405,-21.467578],[-47.641311,-21.468236],[-47.64153,-21.468436],[-47.641881,-21.468338],[-47.642378,-21.467824],[-47.642312,-21.467389],[-47.640143,-21.466811],[-47.591028,-21.457198],[-47.588731,-21.456953],[-47.586317,-21.457023],[-47.584593,-21.457342],[-47.583877,-21.457608],[-47.583517,-21.457978],[-47.582424,-21.458051],[-47.581289,-21.458574],[-47.579327,-21.459846],[-47.577901,-21.460419],[-47.575477,-21.461747],[-47.57517,-21.462134],[-47.574589,-21.462233],[-47.563497,-21.468394],[-47.562845,-21.469252],[-47.56219,-21.47196],[-47.560714,-21.475738],[-47.557177,-21.478169],[-47.556269,-21.477734],[-47.555569,-21.478551]]}},{"type":"Feature","properties":{"id_backbone":"BB-62AF141ADE5A","trecho":"DUD.XN-RBB.SP","cluster":"RIBEIRAO PRETO","cabo":"F-0222","capacidade":"12","extensao_km":18.222,"confianca":"ALTA","fonte":"OSRM/OpenStreetMap","ponta_a":"DUD.XN","municipio_a":"DOURADO","ponta_b":"RBB.SP","municipio_b":"RIBEIRAO BONITO"},"geometry":{"type":"LineString","coordinates":[[-48.317493,-22.115503],[-48.316867,-22.114061],[-48.315399,-22.114622],[-48.314792,-22.112875],[-48.308911,-22.107093],[-48.307447,-22.107512],[-48.300563,-22.110638],[-48.298964,-22.111189],[-48.296355,-22.111708],[-48.294534,-22.111791],[-48.292955,-22.111665],[-48.267195,-22.107496],[-48.212613,-22.093126],[-48.210484,-22.092885],[-48.19336,-22.092445],[-48.190246,-22.091856],[-48.18577,-22.08988],[-48.180889,-22.087445],[-48.179024,-22.086958],[-48.178323,-22.08691],[-48.177795,-22.087144],[-48.177578,-22.087003],[-48.178016,-22.086045],[-48.177933,-22.085153],[-48.178102,-22.084174],[-48.176752,-22.079111],[-48.176453,-22.078552],[-48.176376,-22.077733],[-48.175852,-22.075825],[-48.1749,-22.072558],[-48.17468,-22.072234],[-48.174838,-22.072036],[-48.177535,-22.071172],[-48.175376,-22.065207]]}},{"type":"Feature","properties":{"id_backbone":"BB-B16BC1E5DB5C","trecho":"FAC.CE-FAC.PM","cluster":"RIBEIRAO PRETO","cabo":"TR#1693","capacidade":"12 F","extensao_km":8.481,"confianca":"BAIXA","fonte":"OSRM/OpenStreetMap","ponta_a":"FAC.CE","municipio_a":"FRANCA","ponta_b":"FAC.PM","municipio_b":"FRANCA"},"geometry":{"type":"LineString","coordinates":[[-47.373329,-20.559126],[-47.373156,-20.559188],[-47.371359,-20.554685],[-47.371024,-20.554174],[-47.371401,-20.55346],[-47.375189,-20.542397],[-47.376027,-20.533166],[-47.375767,-20.532107],[-47.375054,-20.531596],[-47.375121,-20.53144],[-47.375996,-20.532002],[-47.376243,-20.531727],[-47.376654,-20.526733],[-47.376303,-20.526559],[-47.376172,-20.526207],[-47.376292,-20.525907],[-47.376723,-20.525607],[-47.377212,-20.520014],[-47.378025,-20.520022],[-47.37969,-20.520472],[-47.379862,-20.520365],[-47.391361,-20.509979],[-47.391733,-20.509204],[-47.392756,-20.508712],[-47.395045,-20.506642],[-47.395344,-20.506778],[-47.398236,-20.506874],[-47.398948,-20.507169],[-47.39909,-20.506992],[-47.398744,-20.503883],[-47.399113,-20.503838],[-47.399229,-20.504671],[-47.401754,-20.503725]]}},{"type":"Feature","properties":{"id_backbone":"BB-59C62D9C5936","trecho":"FZBB.FL-SCL.NJ","cluster":"RIBEIRAO PRETO","cabo":"F-0241","capacidade":"12","extensao_km":7.923,"confianca":"ALTA","fonte":"OSRM/OpenStreetMap","ponta_a":"FZBB.FL","municipio_a":"SAO CARLOS","ponta_b":"SCL.NJ","municipio_b":"SAO CARLOS"},"geometry":{"type":"LineString","coordinates":[[-47.837073,-22.035421],[-47.837023,-22.035636],[-47.837932,-22.036006],[-47.837438,-22.036846],[-47.836801,-22.036849],[-47.836677,-22.0372],[-47.841725,-22.037552],[-47.850398,-22.037285],[-47.852246,-22.037532],[-47.853795,-22.037952],[-47.853994,-22.037794],[-47.853956,-22.036906],[-47.858257,-22.03694],[-47.8594,-22.037164],[-47.859831,-22.036884],[-47.860067,-22.036501],[-47.860785,-22.036522],[-47.861615,-22.036157],[-47.862056,-22.035679],[-47.863252,-22.035763],[-47.870917,-22.034697],[-47.871565,-22.03386],[-47.871132,-22.026699],[-47.871321,-22.026281],[-47.871775,-22.02615],[-47.872767,-22.026369],[-47.874689,-22.02597],[-47.880979,-22.023915],[-47.881394,-22.023475],[-47.882327,-22.021823],[-47.883692,-22.021178],[-47.885418,-22.02093],[-47.886224,-22.020566],[-47.887389,-22.02044],[-47.889583,-22.020357],[-47.889578,-22.020534],[-47.890608,-22.020554],[-47.890715,-22.016008],[-47.892001,-22.016025]]}},{"type":"Feature","properties":{"id_backbone":"BB-68B2385A7329","trecho":"GUPN.GP-RBB.SP","cluster":"RIBEIRAO PRETO","cabo":"F-0223","capacidade":"6","extensao_km":14.643,"confianca":"ALTA","fonte":"OSRM/OpenStreetMap","ponta_a":"GUPN.GP","municipio_a":"RIBEIRAO BONITO","ponta_b":"RBB.SP","municipio_b":"RIBEIRAO BONITO"},"geometry":{"type":"LineString","coordinates":[[-48.251118,-21.974852],[-48.248146,-21.977912],[-48.250969,-21.980315],[-48.249628,-21.984978],[-48.247335,-21.987915],[-48.246728,-21.988229],[-48.229915,-21.993547],[-48.227581,-21.994595],[-48.219055,-21.99971],[-48.215997,-22.00174],[-48.202536,-22.012571],[-48.190297,-22.020483],[-48.188662,-22.021885],[-48.187868,-22.022994],[-48.187277,-22.024225],[-48.186586,-22.027362],[-48.184029,-22.040254],[-48.182626,-22.051402],[-48.182658,-22.054441],[-48.18006,-22.063485],[-48.176018,-22.064903],[-48.176684,-22.066635],[-48.175983,-22.066862],[-48.175376,-22.065207]]}},{"type":"Feature","properties":{"id_backbone":"BB-02EFA9230FC6","trecho":"IBE.SI-SCL.NJ","cluster":"RIBEIRAO PRETO","cabo":"F-0238","capacidade":"12","extensao_km":15.604,"confianca":"ALTA","fonte":"OSRM/OpenStreetMap","ponta_a":"IBE.SI","municipio_a":"IBATE","ponta_b":"SCL.NJ","municipio_b":"SAO CARLOS"},"geometry":{"type":"LineString","coordinates":[[-47.998652,-21.955121],[-47.999187,-21.954052],[-47.998287,-21.953673],[-47.996621,-21.956991],[-47.991796,-21.954847],[-47.98896,-21.953712],[-47.988688,-21.953732],[-47.97804,-21.961354],[-47.976248,-21.96243],[-47.974111,-21.963389],[-47.894024,-21.988528],[-47.891062,-21.989687],[-47.890114,-21.990804],[-47.889515,-21.991266],[-47.889322,-21.991998],[-47.891184,-21.997163],[-47.89129,-21.998664],[-47.891085,-21.999734],[-47.890956,-22.005083],[-47.891941,-22.005101],[-47.891705,-22.016021],[-47.892001,-22.016025]]}},{"type":"Feature","properties":{"id_backbone":"BB-921D9E5DE26B","trecho":"IPV.RD-IPV.SM","cluster":"RIBEIRAO PRETO","cabo":"F-0234","capacidade":"24","extensao_km":1.238,"confianca":"SEM_REFERENCIA","fonte":"OSRM/OpenStreetMap","ponta_a":"IPV.RD","municipio_a":"IGARAPAVA","ponta_b":"IPV.SM","municipio_b":"IGARAPAVA"},"geometry":{"type":"LineString","coordinates":[[-47.743878,-20.040081],[-47.744517,-20.040235],[-47.744272,-20.041221],[-47.751977,-20.042797],[-47.752412,-20.041249],[-47.752014,-20.041262]]}},{"type":"Feature","properties":{"id_backbone":"BB-2E12E4283863","trecho":"IYG.CL-TBT.RE","cluster":"RIBEIRAO PRETO","cabo":"F-0226","capacidade":"12","extensao_km":21.123,"confianca":"MEDIA","fonte":"OSRM/OpenStreetMap","ponta_a":"IYG.CL","municipio_a":"IBITINGA","ponta_b":"TBT.RE","municipio_b":"TABATINGA"},"geometry":{"type":"LineString","coordinates":[[-48.830672,-21.757118],[-48.822254,-21.758836],[-48.821991,-21.759898],[-48.821058,-21.760121],[-48.818256,-21.761694],[-48.814062,-21.763587],[-48.812665,-21.764365],[-48.812411,-21.764648],[-48.811389,-21.765108],[-48.803736,-21.771025],[-48.801449,-21.772386],[-48.795046,-21.777331],[-48.790312,-21.780062],[-48.789989,-21.781461],[-48.788246,-21.78461],[-48.787382,-21.787012],[-48.787492,-21.787312],[-48.787373,-21.787462],[-48.787025,-21.787408],[-48.784876,-21.786872],[-48.687771,-21.769941],[-48.686008,-21.769853],[-48.685904,-21.769597],[-48.68636,-21.769118],[-48.68656,-21.768328],[-48.68892,-21.756654],[-48.689228,-21.754169],[-48.689643,-21.752837],[-48.69098,-21.745822],[-48.690952,-21.745026],[-48.690653,-21.743896],[-48.689821,-21.742414],[-48.689289,-21.742113],[-48.687855,-21.742052],[-48.687696,-21.741853],[-48.687422,-21.737789],[-48.688721,-21.73334],[-48.686856,-21.732845]]}},{"type":"Feature","properties":{"id_backbone":"BB-62CAE46C62A4","trecho":"JAL.SS-PTG.PT","cluster":"RIBEIRAO PRETO","cabo":"F-0425","capacidade":"36","extensao_km":32.757,"confianca":"ALTA","fonte":"OSRM/OpenStreetMap","ponta_a":"JAL.SS","municipio_a":"JABOTICABAL","ponta_b":"PTG.PT","municipio_b":"PITANGUEIRAS"},"geometry":{"type":"LineString","coordinates":[[-48.317839,-21.255101],[-48.318264,-21.255689],[-48.319074,-21.255154],[-48.313197,-21.247213],[-48.312858,-21.246458],[-48.311763,-21.241792],[-48.310967,-21.240138],[-48.308931,-21.238046],[-48.308741,-21.238064],[-48.308771,-21.237899],[-48.305571,-21.234495],[-48.300653,-21.231617],[-48.291621,-21.226867],[-48.284177,-21.222351],[-48.277442,-21.217313],[-48.277007,-21.216776],[-48.276866,-21.2163],[-48.276238,-21.204708],[-48.275963,-21.202241],[-48.275326,-21.199322],[-48.276747,-21.191098],[-48.276762,-21.189981],[-48.275575,-21.185606],[-48.272526,-21.180734],[-48.271284,-21.176525],[-48.270112,-21.174852],[-48.269649,-21.173856],[-48.268673,-21.164683],[-48.268481,-21.160171],[-48.268665,-21.156948],[-48.269245,-21.152967],[-48.268934,-21.147082],[-48.269021,-21.14504],[-48.269428,-21.144297],[-48.270437,-21.143262],[-48.272551,-21.139469],[-48.277869,-21.135723],[-48.278461,-21.133859],[-48.279207,-21.130164],[-48.279259,-21.129217],[-48.279063,-21.128049],[-48.277302,-21.124767],[-48.279569,-21.118607],[-48.279962,-21.116758],[-48.279744,-21.114211],[-48.2792,-21.112522],[-48.278946,-21.111118],[-48.279132,-21.108689],[-48.279127,-21.105115],[-48.278751,-21.099271],[-48.279035,-21.097613],[-48.278545,-21.095879],[-48.272563,-21.081628],[-48.272144,-21.081213],[-48.269991,-21.080358],[-48.263575,-21.074856],[-48.261428,-21.072079],[-48.258504,-21.06766],[-48.256095,-21.065098],[-48.252094,-21.059841],[-48.250685,-21.055424],[-48.249725,-21.05056],[-48.249289,-21.048793],[-48.24904,-21.048324],[-48.24843,-21.047889],[-48.245224,-21.046921],[-48.23877,-21.04061],[-48.236252,-21.038865],[-48.2324,-21.036812],[-48.230585,-21.035537],[-48.228246,-21.030443],[-48.228167,-21.027847],[-48.222995,-21.016014],[-48.223104,-21.015674],[-48.222752,-21.013605],[-48.21998,-21.011171],[-48.219568,-21.011121],[-48.219722,-21.010243],[-48.217781,-21.00996],[-48.218006,-21.009065]]}},{"type":"Feature","properties":{"id_backbone":"BB-6E303D52A209","trecho":"LST.GB-SOM.RD","cluster":"RIBEIRAO PRETO","cabo":"F-0265","capacidade":"12","extensao_km":23.174,"confianca":"MEDIA","fonte":"OSRM/OpenStreetMap","ponta_a":"LST.GB","municipio_a":"LUIS ANTONIO","ponta_b":"SOM.RD","municipio_b":"SAO SIMAO"},"geometry":{"type":"LineString","coordinates":[[-47.701654,-21.553698],[-47.701211,-21.553495],[-47.702337,-21.552423],[-47.702774,-21.551441],[-47.702555,-21.550859],[-47.701757,-21.550709],[-47.699282,-21.550661],[-47.69713,-21.550037],[-47.678459,-21.540716],[-47.675898,-21.539566],[-47.67511,-21.53946],[-47.666338,-21.53958],[-47.665171,-21.53933],[-47.638344,-21.525673],[-47.635132,-21.523689],[-47.634452,-21.522832],[-47.633516,-21.519706],[-47.632561,-21.517683],[-47.63049,-21.515323],[-47.623456,-21.508179],[-47.621521,-21.506694],[-47.618594,-21.503948],[-47.612762,-21.500907],[-47.608417,-21.495572],[-47.605494,-21.492597],[-47.599413,-21.488649],[-47.598499,-21.488279],[-47.592989,-21.486912],[-47.583928,-21.485528],[-47.580731,-21.485624],[-47.57585,-21.486106],[-47.570835,-21.485611],[-47.568099,-21.48507],[-47.56415,-21.483826],[-47.559677,-21.482055],[-47.558986,-21.481551],[-47.557305,-21.480738],[-47.556548,-21.480035],[-47.554933,-21.479542],[-47.555118,-21.479075],[-47.551796,-21.477503],[-47.551952,-21.477079],[-47.55011,-21.47658],[-47.54827,-21.478238],[-47.548125,-21.478217],[-47.548074,-21.478045],[-47.54909,-21.477133],[-47.551233,-21.475703],[-47.551252,-21.475179],[-47.551973,-21.474433],[-47.550501,-21.472312],[-47.549744,-21.471569],[-47.549839,-21.471259],[-47.550463,-21.470757],[-47.550488,-21.470514],[-47.549559,-21.469435],[-47.549003,-21.469138],[-47.549682,-21.468271],[-47.549803,-21.466538],[-47.550569,-21.465364],[-47.55037,-21.46524],[-47.549449,-21.46547],[-47.548,-21.465262],[-47.54702,-21.46477],[-47.546748,-21.463665],[-47.54642,-21.463026],[-47.546495,-21.46511],[-47.546655,-21.465485],[-47.546495,-21.465955],[-47.546212,-21.465994],[-47.545552,-21.465359],[-47.544397,-21.465083],[-47.541938,-21.465196],[-47.539911,-21.466585],[-47.540344,-21.468277]]}},{"type":"Feature","properties":{"id_backbone":"BB-64824341CC80","trecho":"MOM.MO-SEW.VO","cluster":"RIBEIRAO PRETO","cabo":"F-0245","capacidade":"72","extensao_km":17.92,"confianca":"SEM_REFERENCIA","fonte":"OSRM/OpenStreetMap","ponta_a":"MOM.MO","municipio_a":"MATAO","ponta_b":"SEW.VO","municipio_b":"SANTA ERNESTINA"},"geometry":{"type":"LineString","coordinates":[[-48.366165,-21.605662],[-48.367506,-21.605032],[-48.364696,-21.599811],[-48.367732,-21.598393],[-48.368904,-21.597351],[-48.370854,-21.596198],[-48.371918,-21.595259],[-48.370292,-21.594415],[-48.370823,-21.593587],[-48.370789,-21.592794],[-48.3685,-21.587509],[-48.368967,-21.585954],[-48.368931,-21.58529],[-48.369487,-21.584694],[-48.370519,-21.582364],[-48.372088,-21.578078],[-48.377353,-21.569365],[-48.377914,-21.568753],[-48.381372,-21.566961],[-48.381786,-21.566318],[-48.381714,-21.565874],[-48.381462,-21.565563],[-48.377649,-21.56254],[-48.377404,-21.561697],[-48.377502,-21.560224],[-48.390501,-21.540905],[-48.390924,-21.539136],[-48.391025,-21.536105],[-48.3909,-21.535689],[-48.391093,-21.535044],[-48.391428,-21.528664],[-48.392741,-21.526591],[-48.393206,-21.525071],[-48.394765,-21.52191],[-48.395189,-21.522096],[-48.39645,-21.519621],[-48.397864,-21.517371],[-48.398964,-21.516584],[-48.397678,-21.514757],[-48.396666,-21.512818],[-48.396165,-21.510756],[-48.395919,-21.51032],[-48.395986,-21.509843],[-48.394891,-21.504681],[-48.394189,-21.503637],[-48.392852,-21.498494],[-48.392848,-21.49795],[-48.393688,-21.494304],[-48.39404,-21.491917],[-48.391252,-21.479754],[-48.393778,-21.474983],[-48.393666,-21.472809],[-48.393053,-21.471103],[-48.391216,-21.46985],[-48.389067,-21.467324],[-48.388957,-21.467154],[-48.389445,-21.46682]]}},{"type":"Feature","properties":{"id_backbone":"BB-08086E49391C","trecho":"RNA.CM-VOT.RP","cluster":"RIBEIRAO PRETO","cabo":"F-0085","capacidade":"36","extensao_km":115.368,"confianca":"SEM_REFERENCIA","fonte":"OSRM/OpenStreetMap","ponta_a":"RNA.CM","municipio_a":"RUBINEIA","ponta_b":"VOT.RP","municipio_b":"VOTUPORANGA"},"geometry":{"type":"LineString","coordinates":[[-50.998424,-20.171608],[-50.998708,-20.172013],[-50.99862,-20.172069],[-50.997501,-20.170479],[-50.996929,-20.17086],[-50.996865,-20.17077],[-50.988704,-20.176503],[-50.988368,-20.176938],[-50.985612,-20.177354],[-50.959012,-20.183058],[-50.946546,-20.185743],[-50.944115,-20.186517],[-50.927009,-20.190143],[-50.922516,-20.191508],[-50.911027,-20.195953],[-50.908293,-20.196832],[-50.813323,-20.219296],[-50.810571,-20.219751],[-50.702198,-20.227468],[-50.680409,-20.229283],[-50.565782,-20.256281],[-50.551809,-20.259693],[-50.502527,-20.271209],[-50.497661,-20.272081],[-50.491926,-20.272591],[-50.403149,-20.275289],[-50.399994,-20.274924],[-50.397953,-20.274414],[-50.385268,-20.269913],[-50.382637,-20.269409],[-50.3793,-20.269217],[-50.235253,-20.273092],[-50.232638,-20.273198],[-50.231059,-20.273464],[-50.229056,-20.274132],[-50.227257,-20.275164],[-50.176518,-20.319072],[-50.171978,-20.322432],[-50.16855,-20.324548],[-50.16116,-20.328278],[-49.991674,-20.400688],[-49.986813,-20.402532],[-49.976582,-20.40687],[-49.970461,-20.409997],[-49.969678,-20.410944],[-49.96494,-20.413573],[-49.96725,-20.415784],[-49.971074,-20.417372],[-49.970739,-20.41939],[-49.973169,-20.419735]]}},{"type":"Feature","properties":{"id_backbone":"BB-8A887A4682AF","trecho":"RPO.CE-RPO.NO","cluster":"RIBEIRAO PRETO","cabo":"F-0592","capacidade":"36","extensao_km":2.745,"confianca":"ALTA","fonte":"OSRM/OpenStreetMap","ponta_a":"RPO.CE","municipio_a":"RIBEIRAO PRETO","ponta_b":"RPO.NO","municipio_b":"RIBEIRAO PRETO"},"geometry":{"type":"LineString","coordinates":[[-47.804104,-21.158305],[-47.80045,-21.160996],[-47.812554,-21.175232],[-47.810702,-21.176617]]}},{"type":"Feature","properties":{"id_backbone":"BB-2FED18F0B0C2","trecho":"RPO.EBT-RPO.NO","cluster":"RIBEIRAO PRETO","cabo":"F-0551","capacidade":"36","extensao_km":0.478,"confianca":"BAIXA","fonte":"OSRM/OpenStreetMap","ponta_a":"RPO.EBT","municipio_a":"RIBEIRAO PRETO","ponta_b":"RPO.NO","municipio_b":"RIBEIRAO PRETO"},"geometry":{"type":"LineString","coordinates":[[-47.811153,-21.177716],[-47.811014,-21.177562],[-47.812499,-21.176444],[-47.811879,-21.175735],[-47.810702,-21.176617]]}},{"type":"Feature","properties":{"id_backbone":"BB-78A1BDBA0BF8","trecho":"RPO.JL-RPO.LG","cluster":"RIBEIRAO PRETO","cabo":"F-0555","capacidade":"36","extensao_km":7.638,"confianca":"SEM_REFERENCIA","fonte":"OSRM/OpenStreetMap","ponta_a":"RPO.JL","municipio_a":"RIBEIRAO PRETO","ponta_b":"RPO.LG","municipio_b":"RIBEIRAO PRETO"},"geometry":{"type":"LineString","coordinates":[[-47.810294,-21.177504],[-47.80998,-21.177157],[-47.802501,-21.1827],[-47.796872,-21.175966],[-47.795146,-21.175079],[-47.794669,-21.174451],[-47.794349,-21.174475],[-47.791305,-21.176664],[-47.790754,-21.177298],[-47.788152,-21.179191],[-47.787102,-21.180399],[-47.786131,-21.182773],[-47.786241,-21.184556],[-47.785791,-21.186208],[-47.786002,-21.187053],[-47.785663,-21.187628],[-47.783959,-21.188059],[-47.770809,-21.197418],[-47.769557,-21.198583],[-47.767455,-21.200052],[-47.767243,-21.200612],[-47.766974,-21.200789],[-47.766664,-21.200821],[-47.76626,-21.200602],[-47.766135,-21.200341],[-47.766222,-21.199746],[-47.762492,-21.195105],[-47.762587,-21.195034],[-47.763607,-21.196267]]}},{"type":"Feature","properties":{"id_backbone":"BB-9CC796B011CA","trecho":"RPO.LE-RPO.SL","cluster":"RIBEIRAO PRETO","cabo":"F-0505","capacidade":"36","extensao_km":4.371,"confianca":"MEDIA","fonte":"OSRM/OpenStreetMap","ponta_a":"RPO.LE","municipio_a":"RIBEIRAO PRETO","ponta_b":"RPO.SL","municipio_b":"RIBEIRAO PRETO"},"geometry":{"type":"LineString","coordinates":[[-47.785716,-21.181522],[-47.785163,-21.181206],[-47.78556,-21.180639],[-47.786696,-21.181328],[-47.786131,-21.182773],[-47.786241,-21.184556],[-47.785804,-21.186056],[-47.786158,-21.187257],[-47.78824,-21.188406],[-47.791795,-21.18879],[-47.799255,-21.192896],[-47.806884,-21.195939],[-47.807605,-21.195759],[-47.808042,-21.198461],[-47.809324,-21.19827],[-47.809388,-21.197713],[-47.809678,-21.197441],[-47.810816,-21.198324],[-47.812708,-21.198684],[-47.813021,-21.198432]]}},{"type":"Feature","properties":{"id_backbone":"BB-36AEE2AD70E1","trecho":"RPO.NO-RPO.OE","cluster":"RIBEIRAO PRETO","cabo":"F-0501","capacidade":"36","extensao_km":4.837,"confianca":"ALTA","fonte":"OSRM/OpenStreetMap","ponta_a":"RPO.NO","municipio_a":"RIBEIRAO PRETO","ponta_b":"RPO.OE","municipio_b":"RIBEIRAO PRETO"},"geometry":{"type":"LineString","coordinates":[[-47.810702,-21.176617],[-47.810382,-21.176858],[-47.809754,-21.176135],[-47.813307,-21.1735],[-47.81096,-21.169199],[-47.813761,-21.167288],[-47.813674,-21.166417],[-47.813984,-21.165802],[-47.814784,-21.165575],[-47.815257,-21.165776],[-47.815542,-21.166158],[-47.815864,-21.166188],[-47.816481,-21.165821],[-47.816725,-21.165275],[-47.817208,-21.165525],[-47.818591,-21.164418],[-47.819092,-21.164515],[-47.820077,-21.164372],[-47.82348,-21.16465],[-47.826778,-21.165836],[-47.835474,-21.159176],[-47.834294,-21.157855],[-47.835159,-21.157154],[-47.834757,-21.156703],[-47.834027,-21.157329]]}},{"type":"Feature","properties":{"id_backbone":"BB-A593B37C58DB","trecho":"RPO.NO-RPO.VT","cluster":"RIBEIRAO PRETO","cabo":"F-0592","capacidade":"36","extensao_km":2.792,"confianca":"BAIXA","fonte":"OSRM/OpenStreetMap","ponta_a":"RPO.NO","municipio_a":"RIBEIRAO PRETO","ponta_b":"RPO.VT","municipio_b":"RIBEIRAO PRETO"},"geometry":{"type":"LineString","coordinates":[[-47.810702,-21.176617],[-47.808729,-21.178087],[-47.804934,-21.173665],[-47.806421,-21.172455],[-47.797886,-21.162951],[-47.795508,-21.164808]]}},{"type":"Feature","properties":{"id_backbone":"BB-19462369AF34","trecho":"RPO.OE-RPO.SO","cluster":"RIBEIRAO PRETO","cabo":"F-0651","capacidade":"36","extensao_km":6.592,"confianca":"MEDIA","fonte":"OSRM/OpenStreetMap","ponta_a":"RPO.OE","municipio_a":"RIBEIRAO PRETO","ponta_b":"RPO.SO","municipio_b":"RIBEIRAO PRETO"},"geometry":{"type":"LineString","coordinates":[[-47.834027,-21.157329],[-47.833745,-21.15757],[-47.83436,-21.157781],[-47.834842,-21.157404],[-47.836,-21.158778],[-47.838681,-21.156698],[-47.838958,-21.156809],[-47.838961,-21.157536],[-47.841341,-21.160191],[-47.841989,-21.160226],[-47.84229,-21.160458],[-47.842376,-21.160743],[-47.842166,-21.161239],[-47.843738,-21.163726],[-47.844246,-21.164121],[-47.844755,-21.164841],[-47.844832,-21.165367],[-47.846421,-21.16785],[-47.846568,-21.168322],[-47.846458,-21.168691],[-47.846145,-21.16898],[-47.843902,-21.169861],[-47.843622,-21.170646],[-47.844022,-21.172328],[-47.844308,-21.172501],[-47.845067,-21.172364],[-47.845262,-21.17248],[-47.845251,-21.172835],[-47.844793,-21.17311],[-47.845695,-21.173366],[-47.846775,-21.176394],[-47.845386,-21.17667],[-47.840852,-21.178114],[-47.840989,-21.178523],[-47.8399,-21.178863],[-47.838217,-21.179022],[-47.838245,-21.179247],[-47.839119,-21.179577],[-47.840134,-21.18028],[-47.842539,-21.184644],[-47.842232,-21.184836],[-47.841894,-21.18442],[-47.841599,-21.184447],[-47.835168,-21.187192],[-47.836228,-21.189231]]}},{"type":"Feature","properties":{"id_backbone":"BB-8925928BDDB8","trecho":"CNH.BI-LJP.JP","cluster":"BAURU","cabo":"F-0174","capacidade":"36","extensao_km":21.43,"confianca":"ALTA","fonte":"OSRM/OpenStreetMap","ponta_a":"CNH.BI","municipio_a":"CONCHAS","ponta_b":"LJP.JP","municipio_b":"LARANJAL PAULISTA"},"geometry":{"type":"LineString","coordinates":[[-48.006996,-23.01287],[-48.006791,-23.012312],[-48.003496,-23.013325],[-48.003433,-23.014367],[-48.003051,-23.015065],[-48.000205,-23.017472],[-47.997984,-23.020458],[-47.99789,-23.020884],[-47.998238,-23.021788],[-47.995684,-23.024977],[-47.993068,-23.02613],[-47.992727,-23.026765],[-47.991497,-23.026882],[-47.986891,-23.029069],[-47.981091,-23.034554],[-47.967124,-23.042739],[-47.966449,-23.042988],[-47.962998,-23.043453],[-47.960736,-23.044616],[-47.959652,-23.045446],[-47.958821,-23.045598],[-47.95652,-23.046627],[-47.955642,-23.046631],[-47.945426,-23.045188],[-47.943743,-23.045151],[-47.941884,-23.044679],[-47.94057,-23.044526],[-47.921588,-23.046825],[-47.910487,-23.043269],[-47.910004,-23.043241],[-47.908431,-23.043626],[-47.904911,-23.04361],[-47.89869,-23.043047],[-47.897227,-23.043105],[-47.896107,-23.04281],[-47.886687,-23.041888],[-47.885746,-23.041467],[-47.885129,-23.040908],[-47.882676,-23.036939],[-47.881834,-23.036479],[-47.880966,-23.036365],[-47.853036,-23.038659],[-47.852352,-23.039015],[-47.848448,-23.043349],[-47.847287,-23.044037],[-47.84625,-23.044307],[-47.845171,-23.044308],[-47.84386,-23.043927],[-47.841845,-23.04235],[-47.840706,-23.041772],[-47.839764,-23.042629],[-47.836208,-23.043817],[-47.837059,-23.047814],[-47.837369,-23.047818],[-47.838419,-23.048568],[-47.837656,-23.049784],[-47.836641,-23.050911],[-47.837839,-23.051862],[-47.837674,-23.052029],[-47.836249,-23.05123],[-47.835076,-23.051706]]}},{"type":"Feature","properties":{"id_backbone":"BB-37E4096EA2E3","trecho":"COA.GJ-EMB.EB","cluster":"OSASCO","cabo":"F-0170","capacidade":"24","extensao_km":8.902,"confianca":"ALTA","fonte":"OSRM/OpenStreetMap","ponta_a":"COA.GJ","municipio_a":"COTIA","ponta_b":"EMB.EB","municipio_b":"EMBU"},"geometry":{"type":"LineString","coordinates":[[-46.841654,-23.595794],[-46.841742,-23.596442],[-46.841353,-23.596899],[-46.841781,-23.597417],[-46.846029,-23.599966],[-46.846827,-23.599932],[-46.848835,-23.59891],[-46.854773,-23.598452],[-46.856356,-23.597827],[-46.857364,-23.598695],[-46.858213,-23.599178],[-46.858338,-23.599444],[-46.858247,-23.600253],[-46.857871,-23.601173],[-46.855439,-23.602987],[-46.851501,-23.608261],[-46.85029,-23.610215],[-46.850004,-23.611392],[-46.849912,-23.614394],[-46.85015,-23.618398],[-46.849307,-23.619858],[-46.8486,-23.620447],[-46.849891,-23.6227],[-46.850266,-23.623926],[-46.8507,-23.626365],[-46.851338,-23.627142],[-46.851226,-23.630016],[-46.85076,-23.630822],[-46.850751,-23.631166],[-46.853242,-23.63409],[-46.854006,-23.636574],[-46.853907,-23.637687],[-46.854292,-23.638305],[-46.854376,-23.638893],[-46.854262,-23.63928],[-46.854188,-23.639415],[-46.853425,-23.639517],[-46.85305,-23.6401],[-46.851905,-23.640534],[-46.851698,-23.641027],[-46.851927,-23.641756],[-46.852702,-23.642242],[-46.853066,-23.642835],[-46.855378,-23.645338],[-46.855382,-23.645766],[-46.855125,-23.646186],[-46.853396,-23.647782],[-46.853183,-23.648604],[-46.853248,-23.649008],[-46.853607,-23.649576],[-46.853285,-23.649825],[-46.855001,-23.651372]]}},{"type":"Feature","properties":{"id_backbone":"BB-6AC79FA4B1A2","trecho":"CPR.PF-STB.DC","cluster":"CAMPINAS","cabo":"F-0165","capacidade":"36","extensao_km":32.42,"confianca":"ALTA","fonte":"OSRM/OpenStreetMap","ponta_a":"CPR.PF","municipio_a":"CAPIVARI","ponta_b":"STB.DC","municipio_b":"SANTA BARBARA D'OESTE"},"geometry":{"type":"LineString","coordinates":[[-47.505192,-22.9971],[-47.505191,-22.997507],[-47.506165,-22.997498],[-47.506183,-22.995704],[-47.507447,-22.995674],[-47.508831,-22.995076],[-47.509491,-22.994573],[-47.510226,-22.993591],[-47.510641,-22.992521],[-47.510598,-22.991148],[-47.507982,-22.982307],[-47.507704,-22.98187],[-47.507455,-22.98037],[-47.506713,-22.959691],[-47.506966,-22.957896],[-47.514486,-22.924202],[-47.514684,-22.922469],[-47.514451,-22.920266],[-47.512609,-22.913939],[-47.512108,-22.913245],[-47.512161,-22.91241],[-47.50791,-22.897688],[-47.506877,-22.896091],[-47.50547,-22.89513],[-47.490776,-22.889794],[-47.470465,-22.886947],[-47.46901,-22.88634],[-47.467946,-22.885212],[-47.454181,-22.852648],[-47.4475,-22.820368],[-47.446778,-22.817508],[-47.433791,-22.789543],[-47.426108,-22.777949],[-47.423046,-22.772443],[-47.422268,-22.7715],[-47.42191,-22.770356],[-47.419759,-22.766276],[-47.418508,-22.763424],[-47.418271,-22.763214],[-47.417806,-22.763278],[-47.417575,-22.763136],[-47.417555,-22.762836],[-47.417929,-22.762627],[-47.417948,-22.762288],[-47.41154,-22.753279],[-47.414079,-22.7517]]}},{"type":"Feature","properties":{"id_backbone":"BB-4EA4FCE594CA","trecho":"CQR.ERB-CQR.SM","cluster":"BAURU","cabo":"F-0124-00","capacidade":"12","extensao_km":0.89,"confianca":"ALTA","fonte":"OSRM/OpenStreetMap","ponta_a":"CQR.ERB","municipio_a":"CERQUEIRA CESAR","ponta_b":"CQR.SM","municipio_b":"CERQUEIRA CESAR"},"geometry":{"type":"LineString","coordinates":[[-49.161907,-23.040092],[-49.160539,-23.038878],[-49.162953,-23.036795],[-49.162025,-23.035888],[-49.162736,-23.035235],[-49.163037,-23.035367],[-49.163584,-23.034879]]}},{"type":"Feature","properties":{"id_backbone":"BB-A02F74E87676","trecho":"CTY.RJ-IAK.CA","cluster":"ARACATUBA","cabo":"F-0309-03","capacidade":"12","extensao_km":47.873,"confianca":"BAIXA","fonte":"OSRM/OpenStreetMap","ponta_a":"CTY.RJ","municipio_a":"CLEMENTINA","ponta_b":"IAK.CA","municipio_b":"IACRI"},"geometry":{"type":"LineString","coordinates":[[-50.450837,-21.557893],[-50.452122,-21.559243],[-50.452692,-21.559601],[-50.444843,-21.571404],[-50.444691,-21.571935],[-50.444821,-21.572244],[-50.446763,-21.574206],[-50.464173,-21.595478],[-50.495394,-21.638045],[-50.496357,-21.63929],[-50.49795,-21.640847],[-50.499276,-21.641819],[-50.500784,-21.642647],[-50.508764,-21.645746],[-50.598714,-21.679832],[-50.600173,-21.680193],[-50.600188,-21.680447],[-50.599856,-21.680942],[-50.600523,-21.683374],[-50.600647,-21.685904],[-50.598969,-21.695264],[-50.595889,-21.70307],[-50.595698,-21.70434],[-50.604306,-21.740343],[-50.605116,-21.742215],[-50.610604,-21.764332],[-50.60859,-21.792897],[-50.608649,-21.793855],[-50.609316,-21.794429],[-50.625084,-21.797395],[-50.628059,-21.798086],[-50.634693,-21.802075],[-50.639428,-21.807736],[-50.64533,-21.81389],[-50.656922,-21.818288],[-50.657558,-21.818688],[-50.658086,-21.8193],[-50.659658,-21.822868],[-50.66123,-21.825777],[-50.664327,-21.82839],[-50.665383,-21.829688],[-50.665841,-21.830027],[-50.668887,-21.83114],[-50.671027,-21.831478],[-50.673308,-21.832594],[-50.674098,-21.833146],[-50.675724,-21.834935],[-50.677481,-21.837981],[-50.679279,-21.839519],[-50.681931,-21.843728],[-50.690446,-21.853729],[-50.692203,-21.855569],[-50.692279,-21.855893],[-50.689569,-21.85787],[-50.689659,-21.858154],[-50.689522,-21.858421],[-50.690722,-21.859807]]}},{"type":"Feature","properties":{"id_backbone":"BB-05104D6ACAAE","trecho":"CUPU.CP-MPP.AB","cluster":"ARACATUBA","cabo":"F-0101","capacidade":"12","extensao_km":24.437,"confianca":"SEM_REFERENCIA","fonte":"OSRM/OpenStreetMap","ponta_a":"CUPU.CP","municipio_a":"MIRANTE DO PARANAPANEMA","ponta_b":"MPP.AB","municipio_b":"MIRANTE DO PARANAPANEMA"},"geometry":{"type":"LineString","coordinates":[[-52.102551,-22.281879],[-52.102492,-22.277774],[-52.102217,-22.276646],[-52.101795,-22.27578],[-52.101059,-22.27494],[-52.100051,-22.274252],[-52.099169,-22.273924],[-52.098087,-22.273728],[-52.088604,-22.273054],[-52.069223,-22.271813],[-52.066669,-22.272312],[-52.052288,-22.277264],[-52.050437,-22.278424],[-52.045525,-22.28286],[-52.042547,-22.283895],[-52.040938,-22.284215],[-52.028803,-22.285401],[-52.027599,-22.285654],[-52.02578,-22.286131],[-52.015757,-22.289521],[-52.012388,-22.290444],[-52.009127,-22.290873],[-51.999793,-22.291066],[-51.986939,-22.289071],[-51.982626,-22.288234],[-51.977412,-22.286324],[-51.966726,-22.282011],[-51.943638,-22.2742],[-51.938691,-22.272323],[-51.937788,-22.272201],[-51.914162,-22.272319],[-51.911471,-22.271876],[-51.909254,-22.271089],[-51.908464,-22.270959],[-51.907854,-22.27132],[-51.907566,-22.272021],[-51.907377,-22.281131],[-51.905205,-22.295049],[-51.906225,-22.295197],[-51.906161,-22.295608]]}},{"type":"Feature","properties":{"id_backbone":"BB-0DFAD6645B18","trecho":"CYU.AM-PSE.RS","cluster":"ARACATUBA","cabo":"F-0214","capacidade":"12","extensao_km":15.357,"confianca":"ALTA","fonte":"OSRM/OpenStreetMap","ponta_a":"CYU.AM","municipio_a":"CAIUA","ponta_b":"PSE.RS","municipio_b":"PRESIDENTE EPITACIO"},"geometry":{"type":"LineString","coordinates":[[-51.988636,-21.831287],[-51.9876,-21.830293],[-51.990212,-21.827867],[-51.990086,-21.827535],[-51.990183,-21.827029],[-51.991977,-21.822584],[-51.992487,-21.822028],[-51.994867,-21.820349],[-51.996878,-21.816857],[-51.997853,-21.815705],[-51.998723,-21.815067],[-52.008212,-21.811071],[-52.009603,-21.810251],[-52.010899,-21.808693],[-52.012148,-21.804956],[-52.01337,-21.803393],[-52.014486,-21.802627],[-52.019866,-21.799976],[-52.027192,-21.794324],[-52.043342,-21.786357],[-52.051231,-21.784513],[-52.055264,-21.782508],[-52.056405,-21.78233],[-52.060329,-21.782216],[-52.061375,-21.781717],[-52.06331,-21.780137],[-52.064613,-21.779626],[-52.071354,-21.779156],[-52.079433,-21.77583],[-52.086869,-21.773031],[-52.091115,-21.771672],[-52.092707,-21.770871],[-52.093637,-21.770205],[-52.093799,-21.76925],[-52.098925,-21.765511],[-52.101458,-21.762761],[-52.105169,-21.76576],[-52.104906,-21.766046]]}},{"type":"Feature","properties":{"id_backbone":"BB-925D02BF9C83","trecho":"DGS.DG-JAU.AG","cluster":"BAURU","cabo":"F-0155-04","capacidade":"12","extensao_km":30.285,"confianca":"MEDIA","fonte":"OSRM/OpenStreetMap","ponta_a":"DGS.DG","municipio_a":"DOIS CORREGOS","ponta_b":"JAU.AG","municipio_b":"JAU"},"geometry":{"type":"LineString","coordinates":[[-48.382101,-22.367899],[-48.382539,-22.367122],[-48.389573,-22.371475],[-48.391286,-22.373133],[-48.391203,-22.373553],[-48.39388,-22.379163],[-48.395052,-22.382165],[-48.393543,-22.389214],[-48.393809,-22.38994],[-48.394468,-22.390266],[-48.401985,-22.391837],[-48.403774,-22.392023],[-48.405746,-22.391939],[-48.41497,-22.390516],[-48.41795,-22.390585],[-48.420042,-22.390907],[-48.461334,-22.403082],[-48.469876,-22.405535],[-48.471471,-22.405801],[-48.482642,-22.405261],[-48.484034,-22.405015],[-48.485458,-22.404507],[-48.493491,-22.39986],[-48.495128,-22.398647],[-48.496015,-22.39769],[-48.499674,-22.392249],[-48.515701,-22.367323],[-48.517806,-22.364823],[-48.521323,-22.36181],[-48.544624,-22.342842],[-48.545452,-22.341954],[-48.546814,-22.341056],[-48.55253,-22.336393],[-48.553761,-22.335177],[-48.554966,-22.334401],[-48.571202,-22.321177],[-48.57174,-22.320578],[-48.572002,-22.319554],[-48.573048,-22.318834],[-48.573444,-22.317231],[-48.574307,-22.31185],[-48.574947,-22.307276],[-48.575286,-22.303103],[-48.574612,-22.302725],[-48.572354,-22.302638],[-48.569416,-22.301314],[-48.567843,-22.300385],[-48.567325,-22.30088],[-48.556349,-22.294008]]}},{"type":"Feature","properties":{"id_backbone":"BB-9428D95E7D8E","trecho":"DNA.EA-LUO.SP","cluster":"BAURU","cabo":"F-0149-00","capacidade":"12","extensao_km":12.771,"confianca":"ALTA","fonte":"OSRM/OpenStreetMap","ponta_a":"DNA.EA","municipio_a":"DUARTINA","ponta_b":"LUO.SP","municipio_b":"LUCIANOPOLIS"},"geometry":{"type":"LineString","coordinates":[[-49.408142,-22.414868],[-49.416685,-22.41621],[-49.416411,-22.417565],[-49.417252,-22.418014],[-49.417749,-22.417934],[-49.419159,-22.417052],[-49.420243,-22.416868],[-49.421163,-22.417163],[-49.423676,-22.418741],[-49.424546,-22.418956],[-49.425419,-22.418699],[-49.427162,-22.417649],[-49.427934,-22.417566],[-49.428683,-22.417872],[-49.431414,-22.41993],[-49.432078,-22.420059],[-49.434353,-22.419822],[-49.435861,-22.419931],[-49.439382,-22.421184],[-49.440386,-22.421131],[-49.44425,-22.419776],[-49.445183,-22.419788],[-49.446049,-22.42023],[-49.452339,-22.425099],[-49.4537,-22.425854],[-49.455738,-22.426268],[-49.45989,-22.426137],[-49.46167,-22.42636],[-49.472545,-22.430444],[-49.47418,-22.430781],[-49.48554,-22.430328],[-49.487493,-22.430536],[-49.491066,-22.431322],[-49.492997,-22.431494],[-49.502506,-22.431002],[-49.504506,-22.430507],[-49.50805,-22.428641],[-49.509579,-22.42809],[-49.512294,-22.427521],[-49.513094,-22.427595],[-49.513519,-22.427288],[-49.516908,-22.427005],[-49.519013,-22.427344],[-49.521646,-22.428854],[-49.522042,-22.428857],[-49.522029,-22.428493]]}},{"type":"Feature","properties":{"id_backbone":"BB-52B78F277968","trecho":"DRA.RB-OVE.RA","cluster":"ARACATUBA","cabo":"F-0215","capacidade":"6","extensao_km":19.388,"confianca":"BAIXA","fonte":"OSRM/OpenStreetMap","ponta_a":"DRA.RB","municipio_a":"DRACENA","ponta_b":"OVE.RA","municipio_b":"OURO VERDE"},"geometry":{"type":"LineString","coordinates":[[-51.532553,-21.488386],[-51.532445,-21.488016],[-51.537321,-21.486836],[-51.54015,-21.496635],[-51.542615,-21.501795],[-51.54424,-21.503474],[-51.54603,-21.503972],[-51.559143,-21.505921],[-51.575785,-21.510895],[-51.577022,-21.511008],[-51.578035,-21.51086],[-51.591087,-21.506848],[-51.608182,-21.503065],[-51.609609,-21.50284],[-51.620641,-21.502701],[-51.622183,-21.502524],[-51.632904,-21.49861],[-51.633898,-21.49811],[-51.636458,-21.496354],[-51.644594,-21.495527],[-51.657222,-21.49371],[-51.672097,-21.494827],[-51.673057,-21.494733],[-51.689297,-21.489026],[-51.692072,-21.488835],[-51.700891,-21.488707],[-51.70088,-21.4883]]}},{"type":"Feature","properties":{"id_backbone":"BB-E9C336E8B0F2","trecho":"DVN.RD-DVN.SS","cluster":"CAMPINAS","cabo":"F-0178","capacidade":"24","extensao_km":3.532,"confianca":"SEM_REFERENCIA","fonte":"OSRM/OpenStreetMap","ponta_a":"DVN.RD","municipio_a":"DIVINOLANDIA","ponta_b":"DVN.SS","municipio_b":"DIVINOLANDIA"},"geometry":{"type":"LineString","coordinates":[[-46.732145,-21.681236],[-46.732639,-21.681137],[-46.733777,-21.680269],[-46.735965,-21.680206],[-46.737327,-21.678855],[-46.739176,-21.677862],[-46.743107,-21.677015],[-46.744954,-21.677113],[-46.744989,-21.677006],[-46.744794,-21.676315],[-46.743889,-21.675227],[-46.743062,-21.674854],[-46.742692,-21.674074],[-46.741646,-21.673445],[-46.741186,-21.672641],[-46.740708,-21.671221],[-46.740779,-21.670604],[-46.74165,-21.669531],[-46.741813,-21.669097],[-46.740978,-21.666795],[-46.739549,-21.665303],[-46.739111,-21.663061],[-46.73724,-21.663293]]}},{"type":"Feature","properties":{"id_backbone":"BB-ADD05F923AE5","trecho":"EBG.EG-ICS.IS","cluster":"OSASCO","cabo":"F-0546","capacidade":"24","extensao_km":17.226,"confianca":"ALTA","fonte":"OSRM/OpenStreetMap","ponta_a":"EBG.EG","municipio_a":"EMBU-GUACU","ponta_b":"ICS.IS","municipio_b":"ITAPECERICA DA SERRA"},"geometry":{"type":"LineString","coordinates":[[-46.814592,-23.829861],[-46.814975,-23.829609],[-46.815323,-23.830232],[-46.816412,-23.829706],[-46.815197,-23.827247],[-46.814399,-23.827119],[-46.815579,-23.825404],[-46.816833,-23.824896],[-46.817134,-23.824596],[-46.8173,-23.822708],[-46.817953,-23.821221],[-46.818752,-23.818596],[-46.818589,-23.816134],[-46.819161,-23.814508],[-46.818855,-23.812386],[-46.819158,-23.811784],[-46.819722,-23.811578],[-46.820272,-23.810929],[-46.820863,-23.809104],[-46.820846,-23.808613],[-46.820085,-23.806091],[-46.820232,-23.804717],[-46.820795,-23.804407],[-46.822733,-23.804205],[-46.823197,-23.80403],[-46.824088,-23.803176],[-46.824556,-23.802113],[-46.825211,-23.802727],[-46.825757,-23.802718],[-46.826424,-23.802472],[-46.828072,-23.80128],[-46.828766,-23.800547],[-46.828968,-23.799549],[-46.828162,-23.79766],[-46.827788,-23.795425],[-46.827698,-23.79405],[-46.827861,-23.793128],[-46.828929,-23.792163],[-46.832247,-23.790558],[-46.833116,-23.789287],[-46.833456,-23.786388],[-46.832665,-23.784963],[-46.832478,-23.783984],[-46.833168,-23.78341],[-46.834465,-23.781521],[-46.83737,-23.780664],[-46.838123,-23.780059],[-46.838599,-23.779346],[-46.838669,-23.777357],[-46.837292,-23.774162],[-46.837543,-23.772391],[-46.838247,-23.770569],[-46.837639,-23.767889],[-46.837816,-23.76453],[-46.838485,-23.762284],[-46.838949,-23.761504],[-46.839702,-23.760824],[-46.840938,-23.760375],[-46.841492,-23.759975],[-46.841578,-23.757971],[-46.841307,-23.757531],[-46.83896,-23.756887],[-46.838298,-23.756265],[-46.83825,-23.755807],[-46.841841,-23.752692],[-46.842045,-23.751587],[-46.843054,-23.750903],[-46.84412,-23.750665],[-46.84487,-23.750032],[-46.846533,-23.74922],[-46.847277,-23.747859],[-46.848546,-23.747807],[-46.849265,-23.747367],[-46.850013,-23.746513],[-46.850313,-23.745903],[-46.850366,-23.745549],[-46.850192,-23.745133],[-46.848836,-23.743965],[-46.848165,-23.74283],[-46.847298,-23.741948],[-46.847426,-23.740321],[-46.848034,-23.739292],[-46.848069,-23.738716],[-46.847771,-23.738369],[-46.845719,-23.736976],[-46.844417,-23.736763],[-46.844085,-23.736543],[-46.842979,-23.734509],[-46.842688,-23.733519],[-46.843237,-23.732356],[-46.844349,-23.731394],[-46.844861,-23.730073],[-46.845835,-23.728678],[-46.846426,-23.728306],[-46.848635,-23.727883],[-46.849659,-23.72721],[-46.850621,-23.726423],[-46.850958,-23.72536],[-46.851629,-23.724238],[-46.852046,-23.722262],[-46.851166,-23.718716],[-46.848334,-23.71857],[-46.84784,-23.718318],[-46.848742,-23.716871],[-46.849551,-23.716374],[-46.849813,-23.716276],[-46.849877,-23.716413],[-46.85101,-23.71593],[-46.850541,-23.714767],[-46.849981,-23.714953]]}},{"type":"Feature","properties":{"id_backbone":"BB-2A7BBE605A6E","trecho":"ECP.ED-TOP.FP","cluster":"ARACATUBA","cabo":"F-0101","capacidade":"24","extensao_km":49.043,"confianca":"SEM_REFERENCIA","fonte":"OSRM/OpenStreetMap","ponta_a":"ECP.ED","municipio_a":"EUCLIDES DA CUNHA PAULISTA","ponta_b":"TOP.FP","municipio_b":"TEODORO SAMPAIO"},"geometry":{"type":"LineString","coordinates":[[-52.589484,-22.552164],[-52.589491,-22.551219],[-52.587014,-22.550898],[-52.586686,-22.550995],[-52.561542,-22.498653],[-52.558102,-22.491924],[-52.557026,-22.490737],[-52.556025,-22.490585],[-52.555188,-22.490588],[-52.482998,-22.501909],[-52.476325,-22.502381],[-52.403945,-22.506],[-52.324619,-22.517831],[-52.291381,-22.527508],[-52.287669,-22.528753],[-52.233223,-22.551274],[-52.231586,-22.551793],[-52.230118,-22.552051],[-52.227018,-22.552022],[-52.223965,-22.551222],[-52.171399,-22.530669],[-52.170408,-22.530264],[-52.170723,-22.52957]]}},{"type":"Feature","properties":{"id_backbone":"BB-B2A3244CD32D","trecho":"EGCO.VE-VOS.IA","cluster":"CAMPINAS","cabo":"F-0077","capacidade":"6","extensao_km":72.034,"confianca":"SEM_REFERENCIA","fonte":"OSRM/OpenStreetMap","ponta_a":"EGCO.VE","municipio_a":"ENGENHEIRO COELHO","ponta_b":"VOS.IA","municipio_b":"VALINHOS"},"geometry":{"type":"LineString","coordinates":[[-47.214083,-22.489901],[-47.214087,-22.490534],[-47.213694,-22.490511],[-47.212078,-22.491033],[-47.21207,-22.491411],[-47.211776,-22.491525],[-47.210551,-22.492937],[-47.202783,-22.502275],[-47.20265,-22.502606],[-47.2027,-22.503196],[-47.201873,-22.503668],[-47.20045,-22.505135],[-47.19106,-22.516957],[-47.189726,-22.518236],[-47.183747,-22.522331],[-47.182031,-22.524013],[-47.181453,-22.524833],[-47.178571,-22.530781],[-47.172179,-22.541437],[-47.171296,-22.543671],[-47.170953,-22.546021],[-47.171146,-22.548528],[-47.173589,-22.568349],[-47.174059,-22.570156],[-47.185283,-22.592407],[-47.208679,-22.638062],[-47.209161,-22.639281],[-47.209357,-22.640581],[-47.209307,-22.641848],[-47.208787,-22.643524],[-47.206776,-22.647459],[-47.205932,-22.648654],[-47.204835,-22.649666],[-47.203502,-22.650383],[-47.202118,-22.650765],[-47.190867,-22.652101],[-47.188725,-22.652497],[-47.18666,-22.653176],[-47.180488,-22.655823],[-47.175189,-22.656951],[-47.172286,-22.658204],[-47.171015,-22.659039],[-47.165711,-22.665123],[-47.164759,-22.666417],[-47.16199,-22.672292],[-47.159771,-22.676241],[-47.158976,-22.678639],[-47.158584,-22.683943],[-47.157741,-22.68613],[-47.155411,-22.689677],[-47.153243,-22.693346],[-47.14532,-22.703479],[-47.144418,-22.704946],[-47.143825,-22.706428],[-47.143509,-22.708022],[-47.142711,-22.717825],[-47.145066,-22.725395],[-47.145902,-22.726664],[-47.159709,-22.741021],[-47.160526,-22.742639],[-47.160596,-22.7441],[-47.160187,-22.745275],[-47.159637,-22.746051],[-47.154824,-22.750941],[-47.153188,-22.752073],[-47.149303,-22.753969],[-47.147642,-22.754966],[-47.145555,-22.756952],[-47.139228,-22.766873],[-47.134341,-22.775197],[-47.133671,-22.777194],[-47.133547,-22.779293],[-47.13561,-22.792438],[-47.135475,-22.793878],[-47.134974,-22.795554],[-47.134545,-22.796365],[-47.133336,-22.797821],[-47.129622,-22.801697],[-47.124037,-22.805232],[-47.122808,-22.805866],[-47.11751,-22.807845],[-47.112439,-22.810406],[-47.103514,-22.815589],[-47.102277,-22.816516],[-47.100766,-22.818139],[-47.089575,-22.831631],[-47.087445,-22.833495],[-47.081717,-22.837055],[-47.080693,-22.838034],[-47.079909,-22.839719],[-47.079568,-22.843626],[-47.078994,-22.846344],[-47.07927,-22.846815],[-47.079777,-22.846757],[-47.08026,-22.846413],[-47.080324,-22.846025],[-47.080109,-22.845776],[-47.079528,-22.845584],[-47.054527,-22.842132],[-47.052939,-22.842193],[-47.050825,-22.842557],[-47.045723,-22.843895],[-47.038552,-22.844266],[-47.036314,-22.844696],[-47.034771,-22.845483],[-47.029154,-22.849755],[-47.026961,-22.85156],[-47.025921,-22.852841],[-47.025018,-22.85473],[-47.01186,-22.888135],[-47.010894,-22.890163],[-47.006886,-22.896987],[-47.006592,-22.897713],[-47.00645,-22.898918],[-47.006829,-22.900829],[-47.008783,-22.904052],[-47.010569,-22.909605],[-47.010887,-22.910925],[-47.011237,-22.914166],[-47.012397,-22.91829],[-47.01231,-22.919596],[-47.011087,-22.923015],[-47.011033,-22.924845],[-47.011391,-22.930234],[-47.011188,-22.931372],[-47.010204,-22.934621],[-47.010203,-22.935828],[-47.010381,-22.936723],[-47.010869,-22.937909],[-47.014497,-22.944269],[-47.016886,-22.949427],[-47.017591,-22.950645],[-47.018282,-22.951471],[-47.021374,-22.954307],[-47.022702,-22.956193],[-47.02308,-22.956303],[-47.023393,-22.956198],[-47.023709,-22.955562],[-47.023475,-22.955112],[-47.022949,-22.955116],[-47.022047,-22.956449],[-47.021492,-22.956955],[-47.015815,-22.959382],[-47.011314,-22.96224],[-47.010893,-22.96282],[-46.99869,-22.972408],[-46.99878,-22.972004]]}},{"type":"Feature","properties":{"id_backbone":"BB-841009187670","trecho":"EMB.EB-EMB.PI","cluster":"OSASCO","cabo":"F-0722","capacidade":"12","extensao_km":8.024,"confianca":"ALTA","fonte":"OSRM/OpenStreetMap","ponta_a":"EMB.EB","municipio_a":"EMBU","ponta_b":"EMB.PI","municipio_b":"EMBU"},"geometry":{"type":"LineString","coordinates":[[-46.855001,-23.651372],[-46.85554,-23.65203],[-46.855562,-23.652256],[-46.854055,-23.651361],[-46.853629,-23.651969],[-46.852248,-23.651495],[-46.851078,-23.652722],[-46.850844,-23.652711],[-46.85053,-23.652071],[-46.849123,-23.650369],[-46.849179,-23.649865],[-46.849818,-23.649207],[-46.849713,-23.648663],[-46.849203,-23.648413],[-46.847247,-23.648662],[-46.846787,-23.648529],[-46.84656,-23.648207],[-46.845834,-23.645734],[-46.844154,-23.644],[-46.84352,-23.643688],[-46.841963,-23.643409],[-46.840718,-23.642221],[-46.839367,-23.64158],[-46.838885,-23.641516],[-46.838739,-23.641295],[-46.837461,-23.641138],[-46.83678,-23.640656],[-46.835769,-23.640883],[-46.835389,-23.64102],[-46.835349,-23.641174],[-46.835878,-23.64163],[-46.83592,-23.641862],[-46.834599,-23.644645],[-46.833547,-23.648151],[-46.833471,-23.648282],[-46.831962,-23.648401],[-46.831658,-23.649363],[-46.830234,-23.650519],[-46.830023,-23.651544],[-46.829053,-23.653054],[-46.828516,-23.65452],[-46.826887,-23.656776],[-46.826544,-23.65759],[-46.825805,-23.658258],[-46.825143,-23.659807],[-46.824339,-23.660493],[-46.824118,-23.661062],[-46.82349,-23.660874],[-46.823637,-23.660108],[-46.823354,-23.660032],[-46.822674,-23.660148],[-46.822018,-23.660472],[-46.821109,-23.661353],[-46.819808,-23.660965],[-46.819069,-23.660931],[-46.816494,-23.661685],[-46.814894,-23.6629],[-46.81342,-23.664568],[-46.812691,-23.664932],[-46.812091,-23.665536],[-46.811407,-23.664923],[-46.810994,-23.664204],[-46.80998,-23.664357],[-46.808761,-23.663061],[-46.808263,-23.663244]]}},{"type":"Feature","properties":{"id_backbone":"BB-50B322F8E47F","trecho":"ENBA.EA-TNB.TA","cluster":"SAO JOSE DO RIO PRETO","cabo":"F-0127","capacidade":"36","extensao_km":8.877,"confianca":"ALTA","fonte":"OSRM/OpenStreetMap","ponta_a":"ENBA.EA","municipio_a":"MONTE APRAZIVEL","ponta_b":"TNB.TA","municipio_b":"TANABI"},"geometry":{"type":"LineString","coordinates":[[-49.689303,-20.684393],[-49.689283,-20.684128],[-49.688272,-20.684141],[-49.687815,-20.683203],[-49.687509,-20.681961],[-49.687147,-20.682051],[-49.685783,-20.675341],[-49.685108,-20.672998],[-49.684243,-20.670853],[-49.670378,-20.644601],[-49.668983,-20.642854],[-49.657518,-20.631271],[-49.656693,-20.630899],[-49.656472,-20.630498],[-49.654755,-20.628951],[-49.654632,-20.628656],[-49.649864,-20.628055],[-49.650676,-20.622612],[-49.647804,-20.622232],[-49.647706,-20.622888]]}},{"type":"Feature","properties":{"id_backbone":"BB-EB936254112D","trecho":"ESE.RB-SDU.SD","cluster":"SAO JOSE DO RIO PRETO","cabo":"F-0013","capacidade":"6","extensao_km":13.245,"confianca":"ALTA","fonte":"OSRM/OpenStreetMap","ponta_a":"ESE.RB","municipio_a":"ESTRELA D'OESTE","ponta_b":"SDU.SD","municipio_b":"SAO JOAO DAS DUAS PONTES"},"geometry":{"type":"LineString","coordinates":[[-50.399141,-20.284854],[-50.400212,-20.286874],[-50.396788,-20.288423],[-50.397201,-20.289249],[-50.395505,-20.290049],[-50.394427,-20.290814],[-50.393392,-20.291931],[-50.392742,-20.293199],[-50.392388,-20.294432],[-50.391878,-20.29977],[-50.391457,-20.302548],[-50.39102,-20.304283],[-50.388606,-20.311382],[-50.387936,-20.312524],[-50.385125,-20.315713],[-50.381125,-20.321051],[-50.380543,-20.322122],[-50.379137,-20.329251],[-50.379142,-20.330371],[-50.379747,-20.332871],[-50.379823,-20.334287],[-50.379217,-20.340032],[-50.378685,-20.34191],[-50.37772,-20.343543],[-50.376975,-20.344401],[-50.37345,-20.347364],[-50.372585,-20.348282],[-50.369579,-20.353499],[-50.368672,-20.355739],[-50.366828,-20.36561],[-50.366754,-20.366964],[-50.367021,-20.368919],[-50.372123,-20.383526],[-50.372894,-20.384783],[-50.374353,-20.386247],[-50.375707,-20.387066],[-50.377729,-20.387819],[-50.377063,-20.38957],[-50.37736,-20.389689]]}},{"type":"Feature","properties":{"id_backbone":"BB-51DBAFB5F938","trecho":"ESP.JB-MGU.HC","cluster":"CAMPINAS","cabo":"F-0150","capacidade":"24","extensao_km":33.981,"confianca":"ALTA","fonte":"OSRM/OpenStreetMap","ponta_a":"ESP.JB","municipio_a":"ESPIRITO SANTO DO PINHAL","ponta_b":"MGU.HC","municipio_b":"MOGI GUACU"},"geometry":{"type":"LineString","coordinates":[[-46.746841,-22.194523],[-46.746961,-22.194273],[-46.748018,-22.194496],[-46.747458,-22.195759],[-46.749184,-22.196863],[-46.749609,-22.196301],[-46.752718,-22.195703],[-46.752977,-22.19545],[-46.752854,-22.195355],[-46.752978,-22.195244],[-46.758686,-22.19637],[-46.761262,-22.197284],[-46.763387,-22.197556],[-46.765712,-22.197137],[-46.766234,-22.19697],[-46.767602,-22.195925],[-46.768562,-22.194374],[-46.768798,-22.193517],[-46.768752,-22.192057],[-46.76907,-22.190158],[-46.76857,-22.190213],[-46.768516,-22.190461],[-46.776051,-22.197212],[-46.77713,-22.198482],[-46.77781,-22.200221],[-46.77799,-22.204793],[-46.778598,-22.206625],[-46.779145,-22.207419],[-46.780024,-22.208258],[-46.783115,-22.209923],[-46.783988,-22.210694],[-46.784918,-22.212387],[-46.786062,-22.217134],[-46.786706,-22.218462],[-46.787976,-22.219785],[-46.791531,-22.222061],[-46.792997,-22.223695],[-46.79583,-22.230572],[-46.799615,-22.237897],[-46.800385,-22.239042],[-46.814373,-22.253149],[-46.818959,-22.257534],[-46.821874,-22.259741],[-46.825825,-22.26236],[-46.828044,-22.263568],[-46.83351,-22.266113],[-46.840338,-22.26906],[-46.843582,-22.269774],[-46.857247,-22.272206],[-46.858484,-22.272248],[-46.859774,-22.272031],[-46.866057,-22.269355],[-46.867598,-22.268886],[-46.869167,-22.268673],[-46.880025,-22.268278],[-46.881645,-22.268808],[-46.884139,-22.270401],[-46.884929,-22.271406],[-46.885315,-22.27227],[-46.888499,-22.283139],[-46.889002,-22.284464],[-46.889594,-22.28537],[-46.891055,-22.286607],[-46.897448,-22.289876],[-46.899177,-22.290608],[-46.905993,-22.292921],[-46.90693,-22.293423],[-46.907702,-22.29406],[-46.908545,-22.295302],[-46.910588,-22.300445],[-46.919235,-22.315408],[-46.927956,-22.326088],[-46.933582,-22.332831],[-46.934714,-22.333966],[-46.944815,-22.341414],[-46.947586,-22.343176],[-46.94805,-22.342869],[-46.948398,-22.343063],[-46.94839,-22.343278],[-46.948042,-22.343647],[-46.94736,-22.346377],[-46.947649,-22.347115],[-46.94707,-22.347517],[-46.945864,-22.352392],[-46.945369,-22.353836],[-46.945577,-22.354276],[-46.945057,-22.354494],[-46.944717,-22.355558],[-46.945308,-22.35966],[-46.945328,-22.362707],[-46.942917,-22.362146],[-46.943225,-22.36276],[-46.943409,-22.362791],[-46.943277,-22.363346],[-46.942858,-22.363277],[-46.942154,-22.365873]]}},{"type":"Feature","properties":{"id_backbone":"BB-D6FA7877C301","trecho":"ETVA.ET-MGU.HC","cluster":"CAMPINAS","cabo":"F-0170","capacidade":"24","extensao_km":14.452,"confianca":"MEDIA","fonte":"OSRM/OpenStreetMap","ponta_a":"ETVA.ET","municipio_a":"ESTIVA GERBI","ponta_b":"MGU.HC","municipio_b":"MOGI GUACU"},"geometry":{"type":"LineString","coordinates":[[-46.953123,-22.279638],[-46.953033,-22.279685],[-46.953315,-22.280157],[-46.95622,-22.278641],[-46.956025,-22.278305],[-46.95644,-22.278059],[-46.956585,-22.278746],[-46.958949,-22.283326],[-46.961848,-22.287228],[-46.962426,-22.288224],[-46.963403,-22.289254],[-46.964453,-22.290866],[-46.965434,-22.291678],[-46.970115,-22.294239],[-46.970773,-22.294458],[-46.971082,-22.294066],[-46.970755,-22.293328],[-46.97046,-22.293193],[-46.970217,-22.293273],[-46.969914,-22.293931],[-46.968485,-22.29941],[-46.95657,-22.345683],[-46.95666,-22.347227],[-46.957087,-22.348824],[-46.957801,-22.350245],[-46.958771,-22.3515],[-46.964639,-22.355869],[-46.965411,-22.356076],[-46.966472,-22.355769],[-46.9667,-22.35603],[-46.966061,-22.35651],[-46.965108,-22.357778],[-46.963916,-22.358226],[-46.958792,-22.360788],[-46.956639,-22.364049],[-46.956213,-22.36407],[-46.954742,-22.362896],[-46.954253,-22.362923],[-46.953226,-22.363447],[-46.951673,-22.367509],[-46.946086,-22.367306],[-46.945869,-22.367123],[-46.945448,-22.365778],[-46.944834,-22.365687],[-46.943608,-22.366455],[-46.943224,-22.366349],[-46.943427,-22.365473],[-46.942302,-22.365329],[-46.942154,-22.365873]]}},{"type":"Feature","properties":{"id_backbone":"BB-4E25CBDD31CF","trecho":"FAT.RP-JAI.GC","cluster":"JUNDIAI","cabo":null,"capacidade":"144","extensao_km":23.786,"confianca":"ALTA","fonte":"OSRM/OpenStreetMap","ponta_a":"FAT.RP","municipio_a":"FRANCISCO MORATO","ponta_b":"JAI.GC","municipio_b":"JUNDIAI"},"geometry":{"type":"LineString","coordinates":[[-46.744766,-23.280872],[-46.744604,-23.280952],[-46.744937,-23.281482],[-46.746463,-23.282113],[-46.747417,-23.283147],[-46.748556,-23.283998],[-46.750453,-23.286588],[-46.75097,-23.288638],[-46.752693,-23.292376],[-46.754511,-23.299638],[-46.757146,-23.305079],[-46.757735,-23.305902],[-46.75826,-23.306009],[-46.758806,-23.305856],[-46.759575,-23.304677],[-46.760475,-23.304573],[-46.761177,-23.304301],[-46.761867,-23.303593],[-46.763432,-23.300523],[-46.763251,-23.298556],[-46.763479,-23.297819],[-46.765952,-23.29541],[-46.766901,-23.294782],[-46.767667,-23.294902],[-46.769264,-23.296213],[-46.770022,-23.296478],[-46.770953,-23.296266],[-46.772022,-23.29516],[-46.77255,-23.294852],[-46.775134,-23.294686],[-46.780352,-23.298481],[-46.780867,-23.298439],[-46.78218,-23.297851],[-46.785087,-23.297515],[-46.78621,-23.296991],[-46.78673,-23.296269],[-46.787358,-23.29365],[-46.788474,-23.290658],[-46.788701,-23.287772],[-46.78907,-23.287145],[-46.789552,-23.286889],[-46.793776,-23.286151],[-46.79551,-23.285605],[-46.797063,-23.285765],[-46.797865,-23.285606],[-46.79829,-23.285177],[-46.798972,-23.284837],[-46.799132,-23.284357],[-46.800245,-23.283712],[-46.803841,-23.282595],[-46.807644,-23.280107],[-46.808705,-23.279114],[-46.809336,-23.277138],[-46.811103,-23.275574],[-46.813578,-23.268035],[-46.81404,-23.267467],[-46.815221,-23.266912],[-46.821436,-23.264728],[-46.824736,-23.264497],[-46.82888,-23.264756],[-46.830246,-23.264438],[-46.832583,-23.261832],[-46.834575,-23.259988],[-46.836039,-23.256844],[-46.836087,-23.254068],[-46.836845,-23.253025],[-46.837121,-23.252378],[-46.837867,-23.251646],[-46.839066,-23.249547],[-46.840028,-23.248989],[-46.841902,-23.248801],[-46.846489,-23.245602],[-46.849241,-23.245127],[-46.852473,-23.243636],[-46.853612,-23.242923],[-46.85443,-23.242171],[-46.856243,-23.238007],[-46.856706,-23.234395],[-46.85734,-23.233086],[-46.858341,-23.232218],[-46.862115,-23.230666],[-46.863766,-23.229595],[-46.869123,-23.223376],[-46.870117,-23.22172],[-46.870195,-23.219143],[-46.87041,-23.218816],[-46.871174,-23.218308],[-46.871974,-23.217293],[-46.872844,-23.214366],[-46.873013,-23.213537],[-46.872909,-23.211034],[-46.873013,-23.210628],[-46.87501,-23.208862],[-46.876608,-23.20779],[-46.87705,-23.207105],[-46.877153,-23.206188],[-46.877414,-23.205645],[-46.877527,-23.203315],[-46.873463,-23.198765],[-46.873897,-23.198207],[-46.875216,-23.197246],[-46.875668,-23.197677]]}},{"type":"Feature","properties":{"id_backbone":"BB-B66CE8D57DB4","trecho":"FLL.NI-GVL.DP","cluster":"SAO JOSE DO RIO PRETO","cabo":"F-0006","capacidade":"6","extensao_km":17.255,"confianca":"ALTA","fonte":"OSRM/OpenStreetMap","ponta_a":"FLL.NI","municipio_a":"FLOREAL","ponta_b":"GVL.DP","municipio_b":"GASTAO VIDIGAL"},"geometry":{"type":"LineString","coordinates":[[-50.145094,-20.677107],[-50.145312,-20.677711],[-50.151233,-20.675756],[-50.153991,-20.676485],[-50.155177,-20.676132],[-50.155791,-20.675454],[-50.156238,-20.675381],[-50.156427,-20.675612],[-50.156166,-20.676075],[-50.156183,-20.676356],[-50.15652,-20.676889],[-50.156069,-20.677309],[-50.15438,-20.691759],[-50.15328,-20.709468],[-50.153326,-20.711586],[-50.155581,-20.733728],[-50.155745,-20.735017],[-50.156149,-20.736305],[-50.157177,-20.737911],[-50.188323,-20.771463],[-50.190005,-20.774099],[-50.197878,-20.79003],[-50.198595,-20.790975],[-50.194188,-20.795412],[-50.189667,-20.798726],[-50.18851,-20.797242],[-50.187891,-20.797689]]}},{"type":"Feature","properties":{"id_backbone":"BB-9F706D85D540","trecho":"FND.GS-MIO.SS","cluster":"SAO JOSE DO RIO PRETO","cabo":"F-0086","capacidade":"6","extensao_km":15.695,"confianca":"ALTA","fonte":"OSRM/OpenStreetMap","ponta_a":"FND.GS","municipio_a":"FERNANDOPOLIS","ponta_b":"MIO.SS","municipio_b":"MERIDIANO"},"geometry":{"type":"LineString","coordinates":[[-50.24961,-20.283553],[-50.249885,-20.283404],[-50.249421,-20.282607],[-50.24683,-20.283956],[-50.246797,-20.28425],[-50.246598,-20.284157],[-50.245296,-20.284778],[-50.243471,-20.285104],[-50.242057,-20.284944],[-50.240671,-20.284395],[-50.232602,-20.280045],[-50.231605,-20.280206],[-50.231496,-20.280102],[-50.228346,-20.280718],[-50.227659,-20.277744],[-50.226481,-20.278006],[-50.225444,-20.277696],[-50.224847,-20.277804],[-50.224039,-20.278517],[-50.222335,-20.279415],[-50.17557,-20.319834],[-50.171978,-20.322432],[-50.16949,-20.323993],[-50.160511,-20.328894],[-50.16029,-20.32969],[-50.160383,-20.330188],[-50.165455,-20.341761],[-50.173156,-20.355726],[-50.173219,-20.356029],[-50.17251,-20.3561],[-50.17274,-20.358027],[-50.173022,-20.357999]]}},{"type":"Feature","properties":{"id_backbone":"BB-4493E86F12D7","trecho":"FRA.DJ-IPR.IR","cluster":"ARACATUBA","cabo":"F-0217","capacidade":"12","extensao_km":13.47,"confianca":"ALTA","fonte":"OSRM/OpenStreetMap","ponta_a":"FRA.DJ","municipio_a":"FLORA RICA","ponta_b":"IPR.IR","municipio_b":"IRAPURU"},"geometry":{"type":"LineString","coordinates":[[-51.378128,-21.675917],[-51.37655,-21.675357],[-51.37541,-21.674313],[-51.374735,-21.673237],[-51.374413,-21.671885],[-51.375479,-21.640197],[-51.370373,-21.585265],[-51.369721,-21.58372],[-51.368368,-21.582254],[-51.358591,-21.577231],[-51.357662,-21.576305],[-51.356578,-21.574357],[-51.354932,-21.573343],[-51.352247,-21.569816],[-51.349864,-21.567803],[-51.349136,-21.566991],[-51.348349,-21.567568],[-51.348568,-21.567854]]}},{"type":"Feature","properties":{"id_backbone":"BB-4276FD11ACAF","trecho":"GAR.RB-MIA.JA","cluster":"BAURU","cabo":"F-0137-01","capacidade":"18","extensao_km":34.412,"confianca":"ALTA","fonte":"OSRM/OpenStreetMap","ponta_a":"GAR.RB","municipio_a":"GARCA","ponta_b":"MIA.JA","municipio_b":"MARILIA"},"geometry":{"type":"LineString","coordinates":[[-49.654602,-22.209814],[-49.653941,-22.209907],[-49.654378,-22.212452],[-49.661425,-22.21141],[-49.662012,-22.211477],[-49.670473,-22.210728],[-49.671168,-22.211097],[-49.674364,-22.211],[-49.684369,-22.214194],[-49.684484,-22.214369],[-49.684315,-22.21497],[-49.684395,-22.21645],[-49.684706,-22.217009],[-49.685189,-22.217364],[-49.692423,-22.218392],[-49.693871,-22.218054],[-49.696258,-22.216311],[-49.698113,-22.215249],[-49.700214,-22.214164],[-49.702725,-22.213266],[-49.724244,-22.209311],[-49.725927,-22.209286],[-49.729692,-22.2099],[-49.734333,-22.210972],[-49.742764,-22.213818],[-49.746724,-22.214839],[-49.75112,-22.216248],[-49.769453,-22.225157],[-49.77207,-22.226047],[-49.775116,-22.226429],[-49.800654,-22.22634],[-49.803073,-22.226454],[-49.804053,-22.226724],[-49.805175,-22.227285],[-49.812206,-22.232543],[-49.813405,-22.23307],[-49.815244,-22.233339],[-49.817159,-22.233046],[-49.818721,-22.232289],[-49.836478,-22.218589],[-49.839542,-22.216531],[-49.842463,-22.215344],[-49.844976,-22.214996],[-49.847847,-22.215228],[-49.924476,-22.232276],[-49.927338,-22.232605],[-49.92801,-22.23241],[-49.928488,-22.231729],[-49.929306,-22.230971],[-49.930376,-22.230485],[-49.930997,-22.229031],[-49.931691,-22.227924],[-49.932217,-22.227374],[-49.934743,-22.225713],[-49.935038,-22.225248],[-49.935273,-22.224123],[-49.935564,-22.22379],[-49.94443,-22.21881],[-49.945784,-22.217885],[-49.946187,-22.2181],[-49.946456,-22.218038],[-49.949618,-22.214322],[-49.950751,-22.212446],[-49.953136,-22.213291],[-49.952919,-22.213838]]}},{"type":"Feature","properties":{"id_backbone":"BB-1BC163676A30","trecho":"GBE.AB-LIS.SS","cluster":"BAURU","cabo":"F-0390","capacidade":"36","extensao_km":34.724,"confianca":"ALTA","fonte":"OSRM/OpenStreetMap","ponta_a":"GBE.AB","municipio_a":"GUAIMBE","ponta_b":"LIS.SS","municipio_b":"LINS"},"geometry":{"type":"LineString","coordinates":[[-49.898292,-21.91072],[-49.900219,-21.906708],[-49.900757,-21.905878],[-49.901986,-21.904513],[-49.904008,-21.903105],[-49.910594,-21.899384],[-49.91151,-21.898511],[-49.911584,-21.897905],[-49.908725,-21.884487],[-49.908349,-21.882013],[-49.899979,-21.796624],[-49.899404,-21.794234],[-49.896116,-21.785049],[-49.893842,-21.778863],[-49.893035,-21.777391],[-49.891263,-21.774994],[-49.868412,-21.751615],[-49.807609,-21.710717],[-49.80162,-21.706552],[-49.800004,-21.705691],[-49.799106,-21.704869],[-49.777067,-21.689998],[-49.775971,-21.689092],[-49.772514,-21.685483],[-49.771145,-21.684467],[-49.770666,-21.68363],[-49.769512,-21.682448],[-49.768888,-21.68205],[-49.768717,-21.681488],[-49.768131,-21.680935],[-49.767575,-21.680768],[-49.767362,-21.680144],[-49.764454,-21.67726],[-49.759354,-21.675425],[-49.752597,-21.671768],[-49.750547,-21.67333],[-49.750364,-21.673129]]}},{"type":"Feature","properties":{"id_backbone":"BB-98CB0766D391","trecho":"GIC.RT-LIS.SS","cluster":"BAURU","cabo":"F-0313-00","capacidade":"12","extensao_km":10.874,"confianca":"MEDIA","fonte":"OSRM/OpenStreetMap","ponta_a":"GIC.RT","municipio_a":"GUAICARA","ponta_b":"LIS.SS","municipio_b":"LINS"},"geometry":{"type":"LineString","coordinates":[[-49.799011,-21.625296],[-49.798968,-21.625199],[-49.798089,-21.625537],[-49.798878,-21.627436],[-49.789838,-21.631861],[-49.788425,-21.632736],[-49.787907,-21.633762],[-49.789716,-21.665962],[-49.790072,-21.666365],[-49.790667,-21.666047],[-49.79082,-21.665771],[-49.790651,-21.665458],[-49.790378,-21.66541],[-49.789889,-21.665645],[-49.777313,-21.67432],[-49.770661,-21.679471],[-49.769999,-21.680202],[-49.769822,-21.680973],[-49.76948,-21.681443],[-49.769351,-21.681982],[-49.769139,-21.682131],[-49.768888,-21.68205],[-49.768717,-21.681488],[-49.768131,-21.680935],[-49.767575,-21.680768],[-49.767362,-21.680144],[-49.765086,-21.677783],[-49.764066,-21.67704],[-49.759354,-21.675425],[-49.752597,-21.671768],[-49.750547,-21.67333],[-49.750364,-21.673129]]}},{"type":"Feature","properties":{"id_backbone":"BB-C7B143322493","trecho":"GPI.TP-SRR.VS","cluster":"SAO JOSE DO RIO PRETO","cabo":"F-0026","capacidade":"12","extensao_km":19.011,"confianca":"SEM_REFERENCIA","fonte":"OSRM/OpenStreetMap","ponta_a":"GPI.TP","municipio_a":"GUAPIACU","ponta_b":"SRR.VS","municipio_b":"SAO JOSE DO RIO PRETO"},"geometry":{"type":"LineString","coordinates":[[-49.224641,-20.794402],[-49.229979,-20.794794],[-49.232118,-20.793151],[-49.235917,-20.792684],[-49.236367,-20.789159],[-49.237386,-20.788939],[-49.239585,-20.787267],[-49.242371,-20.787894],[-49.244005,-20.787464],[-49.245357,-20.786867],[-49.24843,-20.787388],[-49.251078,-20.787065],[-49.252585,-20.787189],[-49.253268,-20.787078],[-49.257532,-20.784004],[-49.258743,-20.783347],[-49.259785,-20.78179],[-49.262359,-20.782541],[-49.262579,-20.781757],[-49.266283,-20.783039],[-49.301163,-20.791729],[-49.333765,-20.799611],[-49.337191,-20.800175],[-49.356202,-20.802535],[-49.359602,-20.80312],[-49.359718,-20.802866],[-49.360014,-20.802817],[-49.360391,-20.803514],[-49.360808,-20.805261],[-49.361672,-20.806552],[-49.363186,-20.80641],[-49.365943,-20.806858],[-49.366804,-20.807821],[-49.367917,-20.808392],[-49.370636,-20.808359],[-49.372317,-20.808686],[-49.373609,-20.808306],[-49.37455,-20.808608],[-49.374935,-20.808586],[-49.375183,-20.80842],[-49.374394,-20.807689],[-49.375115,-20.807055],[-49.376043,-20.807918],[-49.374851,-20.808946],[-49.374739,-20.809363],[-49.376504,-20.812676],[-49.378727,-20.814507],[-49.380871,-20.812509],[-49.381583,-20.81317],[-49.381114,-20.813607]]}},{"type":"Feature","properties":{"id_backbone":"BB-526A41371347","trecho":"GUNS.GA-PDR.PN","cluster":"BAURU","cabo":"F-0155.02","capacidade":"12","extensao_km":17.228,"confianca":"ALTA","fonte":"OSRM/OpenStreetMap","ponta_a":"GUNS.GA","municipio_a":"PEDERNEIRAS","ponta_b":"PDR.PN","municipio_b":"PEDERNEIRAS"},"geometry":{"type":"LineString","coordinates":[[-48.891931,-22.309243],[-48.892639,-22.314654],[-48.897762,-22.331952],[-48.898154,-22.332671],[-48.899394,-22.333586],[-48.899874,-22.334865],[-48.900657,-22.335093],[-48.90091,-22.334832],[-48.900904,-22.334496],[-48.900277,-22.334195],[-48.853125,-22.342714],[-48.846943,-22.343377],[-48.843079,-22.343554],[-48.838188,-22.343585],[-48.83051,-22.343019],[-48.800948,-22.338153],[-48.795575,-22.337595],[-48.795378,-22.337896],[-48.794885,-22.339943],[-48.794063,-22.344039],[-48.779631,-22.348259],[-48.778478,-22.349064],[-48.776011,-22.352669],[-48.776823,-22.353175],[-48.776679,-22.353388]]}},{"type":"Feature","properties":{"id_backbone":"BB-27020CBBAAFA","trecho":"HED.XN-TUP.RC","cluster":"BAURU","cabo":"F-0012","capacidade":"12","extensao_km":17.298,"confianca":"SEM_REFERENCIA","fonte":"OSRM/OpenStreetMap","ponta_a":"HED.XN","municipio_a":"HERCULANDIA","ponta_b":"TUP.RC","municipio_b":"TUPA"},"geometry":{"type":"LineString","coordinates":[[-50.385523,-22.003103],[-50.388336,-21.998838],[-50.389965,-21.99974],[-50.390993,-21.998219],[-50.394294,-22.00009],[-50.395119,-22.000093],[-50.39569,-21.999883],[-50.400299,-21.995268],[-50.430427,-21.966915],[-50.43187,-21.965711],[-50.433571,-21.964783],[-50.434933,-21.96432],[-50.438163,-21.963691],[-50.491209,-21.954577],[-50.506906,-21.950149],[-50.508283,-21.949616],[-50.508407,-21.949188],[-50.508118,-21.94542],[-50.507993,-21.945352],[-50.508101,-21.945208],[-50.508027,-21.944448],[-50.515846,-21.936477],[-50.514341,-21.935182],[-50.514129,-21.934401],[-50.514214,-21.933863],[-50.515664,-21.932444]]}},{"type":"Feature","properties":{"id_backbone":"BB-878DA5A08B99","trecho":"HLBR.HL-PPM.CM","cluster":"BAURU","cabo":"F-0153-00","capacidade":"12","extensao_km":27.661,"confianca":"MEDIA","fonte":"OSRM/OpenStreetMap","ponta_a":"HLBR.HL","municipio_a":"PARANAPANEMA","ponta_b":"PPM.CM","municipio_b":"PARANAPANEMA"},"geometry":{"type":"LineString","coordinates":[[-48.876739,-23.431264],[-48.878107,-23.43016],[-48.877631,-23.429655],[-48.877526,-23.429138],[-48.877291,-23.429027],[-48.876845,-23.429071],[-48.876181,-23.42971],[-48.875706,-23.429369],[-48.874302,-23.429151],[-48.870731,-23.431935],[-48.86844,-23.429692],[-48.867807,-23.42953],[-48.866735,-23.429884],[-48.862655,-23.433168],[-48.861922,-23.433955],[-48.86123,-23.435167],[-48.860176,-23.4381],[-48.859596,-23.438964],[-48.85865,-23.439863],[-48.85751,-23.44057],[-48.855792,-23.441107],[-48.854611,-23.441177],[-48.850682,-23.44096],[-48.849204,-23.441224],[-48.848377,-23.441563],[-48.846614,-23.442756],[-48.837851,-23.450578],[-48.835839,-23.451663],[-48.834552,-23.45193],[-48.833453,-23.451962],[-48.83007,-23.451319],[-48.828754,-23.451261],[-48.824401,-23.450205],[-48.823159,-23.450092],[-48.821447,-23.44951],[-48.818495,-23.448916],[-48.815918,-23.44889],[-48.814452,-23.449161],[-48.812089,-23.450092],[-48.782262,-23.465867],[-48.780853,-23.466811],[-48.771178,-23.471939],[-48.769206,-23.472704],[-48.767817,-23.472984],[-48.761626,-23.473145],[-48.761511,-23.473002],[-48.761597,-23.472849],[-48.767581,-23.472901],[-48.769931,-23.472347],[-48.772245,-23.471268],[-48.775238,-23.469552],[-48.775825,-23.468916],[-48.776116,-23.46816],[-48.776159,-23.46766],[-48.773323,-23.453694],[-48.770633,-23.440914],[-48.770196,-23.439723],[-48.769416,-23.438335],[-48.768244,-23.436902],[-48.75655,-23.427115],[-48.75538,-23.425569],[-48.754841,-23.423856],[-48.754822,-23.422338],[-48.757495,-23.41362],[-48.757689,-23.412665],[-48.757621,-23.411374],[-48.757362,-23.410368],[-48.756761,-23.40917],[-48.750305,-23.400621],[-48.748866,-23.399386],[-48.747025,-23.398573],[-48.743471,-23.398325],[-48.742501,-23.398921],[-48.742137,-23.39899],[-48.740905,-23.398273],[-48.73855,-23.397976],[-48.736615,-23.39731],[-48.724116,-23.390076],[-48.725151,-23.38857]]}},{"type":"Feature","properties":{"id_backbone":"BB-264D783037CB","trecho":"HORT.HT-NOVN.NZ","cluster":"CAMPINAS","cabo":"F-0010","capacidade":"12","extensao_km":7.194,"confianca":"SEM_REFERENCIA","fonte":"OSRM/OpenStreetMap","ponta_a":"HORT.HT","municipio_a":"HORTOLANDIA","ponta_b":"NOVN.NZ","municipio_b":"SUMARE"},"geometry":{"type":"LineString","coordinates":[[-47.215875,-22.86391],[-47.215583,-22.863671],[-47.215488,-22.861928],[-47.216194,-22.861879],[-47.216256,-22.861597],[-47.216207,-22.859381],[-47.216045,-22.858487],[-47.21603,-22.850061],[-47.211065,-22.847921],[-47.210378,-22.847887],[-47.210219,-22.847622],[-47.208913,-22.847029],[-47.208205,-22.846446],[-47.207058,-22.842332],[-47.206304,-22.835317],[-47.205961,-22.834621],[-47.202256,-22.82987],[-47.200327,-22.826062],[-47.197638,-22.82366],[-47.196776,-22.822459],[-47.195861,-22.822263],[-47.19502,-22.821875],[-47.183784,-22.827747],[-47.182877,-22.828371]]}},{"type":"Feature","properties":{"id_backbone":"BB-CB078A60B3F5","trecho":"IAG.IG-RGP.AR","cluster":"BAURU","cabo":"TR#1724","capacidade":"24 F","extensao_km":22.884,"confianca":"ALTA","fonte":"OSRM/OpenStreetMap","ponta_a":"IAG.IG","municipio_a":"IACANGA","ponta_b":"RGP.AR","municipio_b":"REGINOPOLIS"},"geometry":{"type":"LineString","coordinates":[[-49.019615,-21.889536],[-49.02099,-21.889061],[-49.021344,-21.88993],[-49.023222,-21.889278],[-49.027814,-21.889333],[-49.028793,-21.889676],[-49.029799,-21.890634],[-49.030046,-21.890398],[-49.030247,-21.889353],[-49.030418,-21.889226],[-49.03052,-21.889395],[-49.029907,-21.892927],[-49.029972,-21.893222],[-49.03034,-21.893555],[-49.03856,-21.894991],[-49.041503,-21.895192],[-49.098743,-21.888739],[-49.102295,-21.888747],[-49.16437,-21.90355],[-49.16687,-21.904035],[-49.1697,-21.904238],[-49.172086,-21.904117],[-49.174091,-21.9038],[-49.213981,-21.894742],[-49.224015,-21.891582],[-49.224298,-21.89115],[-49.224265,-21.889763],[-49.226263,-21.88968],[-49.226221,-21.888699]]}},{"type":"Feature","properties":{"id_backbone":"BB-7C08B2DC90C1","trecho":"IBL.BV-IBL.FM","cluster":"SAO JOSE DOS CAMPOS","cabo":"F-0102.01","capacidade":"36","extensao_km":5.301,"confianca":"BAIXA","fonte":"OSRM/OpenStreetMap","ponta_a":"IBL.BV","municipio_a":"ILHABELA","ponta_b":"IBL.FM","municipio_b":"ILHABELA"},"geometry":{"type":"LineString","coordinates":[[-45.378077,-23.823312],[-45.377817,-23.822892],[-45.378652,-23.82287],[-45.379065,-23.823376],[-45.380242,-23.822848],[-45.380125,-23.822673],[-45.381732,-23.823603],[-45.382499,-23.824219],[-45.386035,-23.828665],[-45.387257,-23.829296],[-45.388878,-23.829785],[-45.391135,-23.831009],[-45.391471,-23.831419],[-45.392314,-23.831846],[-45.392712,-23.832349],[-45.394179,-23.833536],[-45.394333,-23.834292],[-45.395527,-23.835484],[-45.395956,-23.836233],[-45.396996,-23.837024],[-45.397984,-23.838585],[-45.398805,-23.839026],[-45.39955,-23.839153],[-45.400122,-23.840261],[-45.400872,-23.840873],[-45.401407,-23.84172],[-45.402105,-23.842417],[-45.404007,-23.843696],[-45.405943,-23.846244],[-45.411116,-23.850811],[-45.411309,-23.850446],[-45.411167,-23.84851],[-45.412119,-23.848827]]}},{"type":"Feature","properties":{"id_backbone":"BB-70CAE5DBDB73","trecho":"ICS.CM-SPO.MM","cluster":"OSASCO","cabo":null,"capacidade":"72","extensao_km":6.841,"confianca":"SEM_REFERENCIA","fonte":"OSRM/OpenStreetMap","ponta_a":"ICS.CM","municipio_a":"ITAPECERICA DA SERRA","ponta_b":"SPO.MM","municipio_b":"SAO PAULO"},"geometry":{"type":"LineString","coordinates":[[-46.791548,-23.756625],[-46.793521,-23.755743],[-46.793746,-23.755477],[-46.793344,-23.754677],[-46.79206,-23.755092],[-46.789982,-23.754508],[-46.789177,-23.754054],[-46.789383,-23.753181],[-46.788698,-23.751415],[-46.788703,-23.750949],[-46.788877,-23.74994],[-46.790302,-23.747795],[-46.791053,-23.747445],[-46.792778,-23.746153],[-46.793917,-23.742438],[-46.79367,-23.740618],[-46.793114,-23.739465],[-46.790608,-23.73839],[-46.789681,-23.73763],[-46.78582,-23.731246],[-46.785764,-23.730618],[-46.786355,-23.726649],[-46.785045,-23.722183],[-46.785202,-23.719948],[-46.784249,-23.717984],[-46.783012,-23.718786],[-46.78089,-23.719389],[-46.779701,-23.720222],[-46.779206,-23.720098],[-46.777377,-23.718314],[-46.777631,-23.714597],[-46.77872,-23.713432]]}},{"type":"Feature","properties":{"id_backbone":"BB-0C4F92D97003","trecho":"IDI.CW-RGF.MF","cluster":"ARACATUBA","cabo":"F-0101","capacidade":"12","extensao_km":8.981,"confianca":"ALTA","fonte":"OSRM/OpenStreetMap","ponta_a":"IDI.CW","municipio_a":"INDIANA","ponta_b":"RGF.MF","municipio_b":"REGENTE FEIJO"},"geometry":{"type":"LineString","coordinates":[[-51.253598,-22.176395],[-51.253805,-22.175841],[-51.257998,-22.177299],[-51.259244,-22.177268],[-51.2614,-22.177962],[-51.264672,-22.178317],[-51.265676,-22.178707],[-51.2661,-22.179095],[-51.266415,-22.179719],[-51.266551,-22.180748],[-51.266288,-22.181505],[-51.264809,-22.183359],[-51.264761,-22.184192],[-51.265265,-22.185202],[-51.267234,-22.187158],[-51.269496,-22.189063],[-51.274622,-22.191046],[-51.275861,-22.191774],[-51.276746,-22.191841],[-51.277735,-22.191443],[-51.279104,-22.190149],[-51.281003,-22.187838],[-51.282154,-22.18713],[-51.282846,-22.186875],[-51.283727,-22.186852],[-51.284357,-22.187064],[-51.28495,-22.187487],[-51.285693,-22.188547],[-51.286481,-22.190744],[-51.29028,-22.196045],[-51.29079,-22.196482],[-51.291098,-22.197135],[-51.295359,-22.20302],[-51.298135,-22.207052],[-51.300091,-22.210381],[-51.305112,-22.217013],[-51.302262,-22.218906],[-51.302491,-22.219206]]}},{"type":"Feature","properties":{"id_backbone":"BB-EACE7FDBB672","trecho":"IDP.ID-OUTE.OU","cluster":"SAO JOSE DO RIO PRETO","cabo":"F-0129","capacidade":"36","extensao_km":9.71,"confianca":"ALTA","fonte":"OSRM/OpenStreetMap","ponta_a":"IDP.ID","municipio_a":"INDIAPORA","ponta_b":"OUTE.OU","municipio_b":"OUROESTE"},"geometry":{"type":"LineString","coordinates":[[-50.28838,-19.978574],[-50.290089,-19.978658],[-50.289775,-19.983169],[-50.289861,-19.983462],[-50.290451,-19.983801],[-50.292526,-19.983675],[-50.295665,-19.982405],[-50.296088,-19.982107],[-50.298213,-19.982088],[-50.305169,-19.983595],[-50.341866,-19.99508],[-50.344057,-19.99546],[-50.346635,-19.995574],[-50.359444,-19.994985],[-50.360986,-19.99497],[-50.362342,-19.995147],[-50.364413,-19.995837],[-50.369159,-19.998431],[-50.370287,-19.998634],[-50.370591,-19.999108],[-50.371524,-19.999675],[-50.371459,-19.999779]]}},{"type":"Feature","properties":{"id_backbone":"BB-3B51F45C2332","trecho":"IDU.DP-IDU.MR","cluster":"CAMPINAS","cabo":"F-0175","capacidade":"72","extensao_km":5.409,"confianca":"SEM_REFERENCIA","fonte":"OSRM/OpenStreetMap","ponta_a":"IDU.DP","municipio_a":"INDAIATUBA","ponta_b":"IDU.MR","municipio_b":"INDAIATUBA"},"geometry":{"type":"LineString","coordinates":[[-47.215429,-23.085325],[-47.214547,-23.083655],[-47.213758,-23.084017],[-47.218467,-23.092654],[-47.218424,-23.093342],[-47.218033,-23.09449],[-47.216667,-23.09649],[-47.217544,-23.09785],[-47.218484,-23.098469],[-47.21917,-23.099169],[-47.219605,-23.09989],[-47.219788,-23.099942],[-47.221585,-23.103384],[-47.225387,-23.108165],[-47.22539,-23.108311],[-47.220536,-23.109811],[-47.220324,-23.11006],[-47.22021,-23.111434],[-47.221013,-23.113307],[-47.224413,-23.119691],[-47.224748,-23.119807],[-47.226604,-23.119312]]}},{"type":"Feature","properties":{"id_backbone":"BB-8F783D944160","trecho":"IEN.AT-PAA.VR","cluster":"CAMPINAS","cabo":"F-0159","capacidade":"18","extensao_km":40.854,"confianca":"SEM_REFERENCIA","fonte":"OSRM/OpenStreetMap","ponta_a":"IEN.AT","municipio_a":"IPEUNA","ponta_b":"PAA.VR","municipio_b":"PIRACICABA"},"geometry":{"type":"LineString","coordinates":[[-47.720391,-22.436876],[-47.719937,-22.436322],[-47.718652,-22.437233],[-47.716805,-22.435173],[-47.716097,-22.435726],[-47.713358,-22.436752],[-47.713018,-22.437108],[-47.712533,-22.437065],[-47.709294,-22.438174],[-47.708904,-22.438514],[-47.708414,-22.438472],[-47.705517,-22.439385],[-47.70544,-22.439656],[-47.70601,-22.440615],[-47.720085,-22.455238],[-47.723236,-22.458719],[-47.725787,-22.462526],[-47.730043,-22.470806],[-47.731589,-22.472879],[-47.733268,-22.474379],[-47.734696,-22.475382],[-47.74252,-22.479598],[-47.743987,-22.480871],[-47.746801,-22.483722],[-47.748843,-22.486881],[-47.749806,-22.48791],[-47.750828,-22.488679],[-47.754936,-22.490877],[-47.755079,-22.491397],[-47.754948,-22.494191],[-47.753384,-22.496337],[-47.752251,-22.499951],[-47.753368,-22.501569],[-47.753534,-22.502093],[-47.753203,-22.503722],[-47.75294,-22.507096],[-47.753062,-22.50832],[-47.753504,-22.509927],[-47.754369,-22.511591],[-47.755565,-22.513082],[-47.764226,-22.519577],[-47.765972,-22.521159],[-47.766523,-22.521407],[-47.766714,-22.521971],[-47.767259,-22.522314],[-47.767335,-22.522544],[-47.766567,-22.522987],[-47.765815,-22.524447],[-47.765365,-22.52578],[-47.764621,-22.530483],[-47.763971,-22.532116],[-47.745452,-22.555493],[-47.744376,-22.556329],[-47.743312,-22.556786],[-47.734941,-22.55856],[-47.733823,-22.558948],[-47.732486,-22.559718],[-47.719749,-22.571288],[-47.71015,-22.582084],[-47.709399,-22.583996],[-47.709468,-22.586198],[-47.713588,-22.601602],[-47.714846,-22.605611],[-47.714966,-22.606915],[-47.714825,-22.60782],[-47.714009,-22.610068],[-47.712812,-22.612062],[-47.699605,-22.625628],[-47.698164,-22.628025],[-47.687485,-22.664873],[-47.687374,-22.66707],[-47.688012,-22.678287],[-47.687117,-22.683374],[-47.686934,-22.683646],[-47.686528,-22.683834],[-47.685271,-22.6836],[-47.684105,-22.683851],[-47.683177,-22.684445],[-47.682827,-22.684342],[-47.680291,-22.684567],[-47.672736,-22.6861],[-47.670186,-22.687204],[-47.667838,-22.688896],[-47.666335,-22.690596],[-47.65944,-22.699343],[-47.65818,-22.70121],[-47.657716,-22.702834],[-47.655657,-22.705082],[-47.654716,-22.705897],[-47.654027,-22.706849],[-47.653913,-22.70796],[-47.655722,-22.711418],[-47.659842,-22.709598],[-47.660139,-22.710183]]}},{"type":"Feature","properties":{"id_backbone":"BB-B6E0A324BE90","trecho":"IIA.BR-LIA.RP","cluster":"CAMPINAS","cabo":"F-0147","capacidade":"24","extensao_km":26.169,"confianca":"ALTA","fonte":"OSRM/OpenStreetMap","ponta_a":"IIA.BR","municipio_a":"ITAPIRA","ponta_b":"LIA.RP","municipio_b":"LINDOIA"},"geometry":{"type":"LineString","coordinates":[[-46.824193,-22.436894],[-46.821586,-22.439404],[-46.821938,-22.440074],[-46.82316,-22.441145],[-46.825413,-22.448574],[-46.825755,-22.449353],[-46.82619,-22.44984],[-46.826628,-22.450066],[-46.826668,-22.450282],[-46.826517,-22.450456],[-46.825934,-22.450568],[-46.825379,-22.451959],[-46.824428,-22.45304],[-46.818066,-22.455432],[-46.816395,-22.456432],[-46.814049,-22.458203],[-46.812219,-22.459019],[-46.776073,-22.461505],[-46.773584,-22.461526],[-46.771631,-22.461333],[-46.769035,-22.460775],[-46.756136,-22.456649],[-46.754771,-22.456438],[-46.753663,-22.456495],[-46.740134,-22.45974],[-46.725704,-22.460097],[-46.724628,-22.460317],[-46.723632,-22.460973],[-46.723158,-22.461793],[-46.72198,-22.462979],[-46.720787,-22.464878],[-46.720047,-22.465674],[-46.717008,-22.467481],[-46.714675,-22.470262],[-46.712116,-22.471898],[-46.7114,-22.472169],[-46.710501,-22.472259],[-46.709525,-22.472026],[-46.705585,-22.469187],[-46.704707,-22.468742],[-46.703493,-22.468535],[-46.702418,-22.468693],[-46.701486,-22.469132],[-46.697685,-22.472336],[-46.697026,-22.472671],[-46.695992,-22.472791],[-46.694721,-22.472567],[-46.693289,-22.47257],[-46.692167,-22.472318],[-46.691184,-22.472494],[-46.690206,-22.473356],[-46.687658,-22.478181],[-46.687138,-22.478816],[-46.686022,-22.479348],[-46.682689,-22.47954],[-46.681847,-22.479727],[-46.680811,-22.480435],[-46.680329,-22.481275],[-46.679693,-22.48663],[-46.678809,-22.489429],[-46.67872,-22.490223],[-46.67894,-22.491114],[-46.680675,-22.494779],[-46.6807,-22.495727],[-46.68024,-22.497287],[-46.68024,-22.497931],[-46.681668,-22.503732],[-46.681488,-22.504644],[-46.681075,-22.505257],[-46.680548,-22.50572],[-46.679681,-22.506133],[-46.672583,-22.509012],[-46.668898,-22.510681],[-46.668365,-22.51135],[-46.668118,-22.512328],[-46.668244,-22.513108],[-46.668917,-22.514737],[-46.668889,-22.515906],[-46.668191,-22.517268],[-46.666832,-22.518137],[-46.664755,-22.518945],[-46.66277,-22.519329],[-46.658056,-22.519398],[-46.651795,-22.521468],[-46.647964,-22.522446],[-46.647801,-22.522662],[-46.647144,-22.522172],[-46.646776,-22.521617],[-46.645289,-22.521959]]}},{"type":"Feature","properties":{"id_backbone":"BB-9B89DFBC85BB","trecho":"IIN.IP-SCL.NJ","cluster":"CAMPINAS","cabo":"F-0240","capacidade":"72","extensao_km":35.407,"confianca":"ALTA","fonte":"OSRM/OpenStreetMap","ponta_a":"IIN.IP","municipio_a":"ITIRAPINA","ponta_b":"SCL.NJ","municipio_b":"SAO CARLOS"},"geometry":{"type":"LineString","coordinates":[[-47.818025,-22.254546],[-47.818693,-22.254638],[-47.818823,-22.253758],[-47.817885,-22.253644],[-47.817746,-22.254507],[-47.816787,-22.25437],[-47.817622,-22.249749],[-47.817602,-22.248209],[-47.817053,-22.247221],[-47.814769,-22.244829],[-47.81286,-22.243646],[-47.778916,-22.225646],[-47.776674,-22.223999],[-47.766301,-22.215356],[-47.765682,-22.215009],[-47.765197,-22.215329],[-47.765394,-22.216235],[-47.765723,-22.216401],[-47.766033,-22.216318],[-47.767872,-22.212532],[-47.771054,-22.204947],[-47.798724,-22.143496],[-47.805058,-22.133595],[-47.807915,-22.12883],[-47.809539,-22.126572],[-47.836214,-22.084607],[-47.839235,-22.080266],[-47.861252,-22.045656],[-47.861915,-22.043756],[-47.861974,-22.042006],[-47.86135,-22.038584],[-47.861051,-22.03766],[-47.860766,-22.037261],[-47.860048,-22.036987],[-47.860002,-22.036559],[-47.860245,-22.03644],[-47.860785,-22.036522],[-47.861277,-22.036317],[-47.862056,-22.035679],[-47.863252,-22.035763],[-47.871016,-22.034657],[-47.871565,-22.03386],[-47.871132,-22.026699],[-47.871321,-22.026281],[-47.871775,-22.02615],[-47.872767,-22.026369],[-47.874689,-22.02597],[-47.880979,-22.023915],[-47.881394,-22.023475],[-47.882327,-22.021823],[-47.883692,-22.021178],[-47.885418,-22.02093],[-47.886224,-22.020566],[-47.887389,-22.02044],[-47.889583,-22.020357],[-47.889578,-22.020534],[-47.890608,-22.020554],[-47.890715,-22.016008],[-47.892001,-22.016025]]}},{"type":"Feature","properties":{"id_backbone":"BB-98C808EF0C0D","trecho":"IJO.CB-NHT.NH","cluster":"SAO JOSE DO RIO PRETO","cabo":"F-0080","capacidade":"24","extensao_km":30.981,"confianca":"ALTA","fonte":"OSRM/OpenStreetMap","ponta_a":"IJO.CB","municipio_a":"ITAJOBI","ponta_b":"NHT.NH","municipio_b":"NOVO HORIZONTE"},"geometry":{"type":"LineString","coordinates":[[-49.059056,-21.316174],[-49.057017,-21.315406],[-49.056329,-21.317079],[-49.047289,-21.313545],[-49.046983,-21.313648],[-49.049669,-21.321198],[-49.052467,-21.336541],[-49.053437,-21.340913],[-49.06135,-21.367718],[-49.061809,-21.371419],[-49.060999,-21.385606],[-49.061355,-21.389067],[-49.062029,-21.391438],[-49.066403,-21.402351],[-49.067267,-21.40357],[-49.068097,-21.404052],[-49.068768,-21.404206],[-49.076765,-21.404179],[-49.079161,-21.404696],[-49.128785,-21.418201],[-49.131417,-21.418998],[-49.134008,-21.420147],[-49.136153,-21.421457],[-49.137935,-21.422839],[-49.181972,-21.459067],[-49.185078,-21.461459],[-49.198459,-21.471022],[-49.199615,-21.471591],[-49.200452,-21.472374],[-49.201105,-21.472723],[-49.205222,-21.473933],[-49.205775,-21.473927],[-49.21259,-21.47186],[-49.216113,-21.471644],[-49.217178,-21.471368],[-49.224443,-21.46624],[-49.22505,-21.466988],[-49.223815,-21.46784]]}},{"type":"Feature","properties":{"id_backbone":"BB-8A0DB678D810","trecho":"IOI.IB-SJR.FG","cluster":"CAMPINAS","cabo":"F-0152","capacidade":"24","extensao_km":18.494,"confianca":"ALTA","fonte":"OSRM/OpenStreetMap","ponta_a":"IOI.IB","municipio_a":"ITOBI","ponta_b":"SJR.FG","municipio_b":"SAO JOSE DO RIO PARDO"},"geometry":{"type":"LineString","coordinates":[[-46.975462,-21.73236],[-46.970355,-21.733644],[-46.968573,-21.731796],[-46.968328,-21.731946],[-46.968091,-21.731719],[-46.962489,-21.725953],[-46.934726,-21.690492],[-46.928884,-21.682916],[-46.926976,-21.680017],[-46.925736,-21.67781],[-46.916248,-21.658473],[-46.910055,-21.649259],[-46.902427,-21.632544],[-46.901058,-21.630758],[-46.899908,-21.629796],[-46.898762,-21.629163],[-46.898155,-21.629198],[-46.897479,-21.629487],[-46.897058,-21.629347],[-46.896818,-21.629028],[-46.896771,-21.628663],[-46.896938,-21.628324],[-46.897237,-21.62812],[-46.898065,-21.627975],[-46.898231,-21.62747],[-46.897742,-21.62657],[-46.896109,-21.625184],[-46.89387,-21.620014],[-46.893402,-21.619537],[-46.893575,-21.61909],[-46.893448,-21.613035],[-46.893609,-21.606969],[-46.889161,-21.597574]]}},{"type":"Feature","properties":{"id_backbone":"BB-EB23628959DF","trecho":"IPR.IR-JQS.JQ","cluster":"ARACATUBA","cabo":"F-0041","capacidade":"12","extensao_km":16.679,"confianca":"ALTA","fonte":"OSRM/OpenStreetMap","ponta_a":"IPR.IR","municipio_a":"IRAPURU","ponta_b":"JQS.JQ","municipio_b":"JUNQUEIROPOLIS"},"geometry":{"type":"LineString","coordinates":[[-51.348568,-21.567854],[-51.348349,-21.567568],[-51.351454,-21.565281],[-51.351802,-21.564783],[-51.351644,-21.563985],[-51.351662,-21.561789],[-51.351133,-21.559509],[-51.351231,-21.558485],[-51.353619,-21.551998],[-51.355541,-21.549572],[-51.356039,-21.548437],[-51.355973,-21.54761],[-51.350376,-21.534447],[-51.350643,-21.533793],[-51.351234,-21.533653],[-51.352459,-21.533858],[-51.353414,-21.533585],[-51.372555,-21.526479],[-51.423596,-21.499029],[-51.424549,-21.49842],[-51.425584,-21.497477],[-51.428813,-21.494167],[-51.429498,-21.493022],[-51.429911,-21.492677],[-51.430314,-21.492863],[-51.430552,-21.494032],[-51.431336,-21.495556],[-51.431681,-21.496709],[-51.437789,-21.511133],[-51.431073,-21.513609]]}},{"type":"Feature","properties":{"id_backbone":"BB-EB251B41B3B5","trecho":"ITA.CS-ITA.MD","cluster":"JUNDIAI","cabo":"F-0802","capacidade":"36","extensao_km":9.314,"confianca":"ALTA","fonte":"OSRM/OpenStreetMap","ponta_a":"ITA.CS","municipio_a":"ITATIBA","ponta_b":"ITA.MD","municipio_b":"ITATIBA"},"geometry":{"type":"LineString","coordinates":[[-46.840543,-23.003646],[-46.841157,-23.003453],[-46.841389,-23.004073],[-46.833086,-23.006804],[-46.831245,-23.006276],[-46.830101,-23.005439],[-46.829765,-23.005097],[-46.829651,-23.004663],[-46.828772,-23.003332],[-46.827779,-23.002611],[-46.824149,-23.001168],[-46.821722,-23.001039],[-46.820438,-23.000754],[-46.81784,-22.999387],[-46.816539,-22.998519],[-46.815574,-22.998156],[-46.813666,-22.997647],[-46.811235,-22.997267],[-46.80961,-22.997188],[-46.809514,-22.997063],[-46.807648,-22.99715],[-46.806776,-22.996802],[-46.806127,-22.995805],[-46.803668,-22.994644],[-46.801911,-22.994518],[-46.797402,-22.993583],[-46.788985,-22.991341],[-46.787204,-22.990733],[-46.78637,-22.990194],[-46.785902,-22.989579],[-46.783689,-22.984922],[-46.783398,-22.982792],[-46.782761,-22.981645],[-46.781902,-22.981195],[-46.780264,-22.980651],[-46.778466,-22.980572],[-46.777739,-22.980392],[-46.777077,-22.979858],[-46.775546,-22.978086],[-46.774326,-22.977478],[-46.77238,-22.97714],[-46.769628,-22.977552],[-46.769716,-22.9774],[-46.771622,-22.977029],[-46.771311,-22.975754],[-46.771216,-22.975894]]}},{"type":"Feature","properties":{"id_backbone":"BB-7C778A6A1C7A","trecho":"ITE.IV-ITE.QE","cluster":"OSASCO","cabo":"F-0559","capacidade":"12","extensao_km":6.619,"confianca":"BAIXA","fonte":"OSRM/OpenStreetMap","ponta_a":"ITE.IV","municipio_a":"ITAPEVI","ponta_b":"ITE.QE","municipio_b":"ITAPEVI"},"geometry":{"type":"LineString","coordinates":[[-46.936452,-23.550233],[-46.937409,-23.549349],[-46.937913,-23.550083],[-46.938043,-23.551047],[-46.938599,-23.551073],[-46.938897,-23.550458],[-46.939818,-23.550503],[-46.941133,-23.549299],[-46.941262,-23.549783],[-46.941665,-23.550088],[-46.943008,-23.550396],[-46.943556,-23.550722],[-46.94466,-23.552526],[-46.946061,-23.5528],[-46.946906,-23.55355],[-46.947544,-23.553886],[-46.947712,-23.554549],[-46.948677,-23.554623],[-46.949109,-23.554952],[-46.950004,-23.557876],[-46.951724,-23.558985],[-46.952515,-23.560246],[-46.95323,-23.561842],[-46.953574,-23.561973],[-46.954774,-23.561955],[-46.955853,-23.562534],[-46.956666,-23.562318],[-46.957607,-23.562404],[-46.961289,-23.563505],[-46.962134,-23.563455],[-46.96372,-23.563883],[-46.964741,-23.565173],[-46.964706,-23.566065],[-46.96502,-23.567484],[-46.966351,-23.568613],[-46.966732,-23.56923],[-46.966914,-23.570281],[-46.967964,-23.573118],[-46.968206,-23.573533],[-46.969424,-23.574582],[-46.970225,-23.57656],[-46.970788,-23.577477],[-46.969177,-23.578744],[-46.968437,-23.578645],[-46.967451,-23.579532],[-46.967467,-23.580286],[-46.96813,-23.580533],[-46.968927,-23.581765],[-46.970223,-23.582902]]}},{"type":"Feature","properties":{"id_backbone":"BB-E90C4E099C92","trecho":"ITU.FP-ITU.RD","cluster":"JUNDIAI","cabo":"F-0167","capacidade":"12","extensao_km":1.614,"confianca":"MEDIA","fonte":"OSRM/OpenStreetMap","ponta_a":"ITU.FP","municipio_a":"ITU","ponta_b":"ITU.RD","municipio_b":"ITU"},"geometry":{"type":"LineString","coordinates":[[-47.299914,-23.261429],[-47.299279,-23.262016],[-47.299797,-23.26253],[-47.302172,-23.260204],[-47.299522,-23.258081],[-47.297988,-23.255876],[-47.297723,-23.255817],[-47.297597,-23.255944],[-47.297124,-23.255103],[-47.296757,-23.253949],[-47.29607,-23.252859],[-47.296207,-23.252819]]}},{"type":"Feature","properties":{"id_backbone":"BB-D34A7D4C78AC","trecho":"ITU.RT-SLO.NJ","cluster":"JUNDIAI","cabo":"F-0922","capacidade":null,"extensao_km":11.117,"confianca":"SEM_REFERENCIA","fonte":"OSRM/OpenStreetMap","ponta_a":"ITU.RT","municipio_a":"ITU","ponta_b":"SLO.NJ","municipio_b":"SALTO"},"geometry":{"type":"LineString","coordinates":[[-47.291301,-23.282617],[-47.292854,-23.282606],[-47.292678,-23.280177],[-47.29632,-23.279064],[-47.296142,-23.2779],[-47.296603,-23.276092],[-47.296883,-23.275615],[-47.298452,-23.274082],[-47.300037,-23.273601],[-47.302233,-23.273707],[-47.302701,-23.273517],[-47.303167,-23.272943],[-47.30325,-23.272487],[-47.302947,-23.269958],[-47.302642,-23.268789],[-47.302668,-23.268221],[-47.303464,-23.266567],[-47.3043,-23.26344],[-47.305744,-23.2625],[-47.306329,-23.261482],[-47.30625,-23.260861],[-47.305777,-23.259746],[-47.305738,-23.258023],[-47.303979,-23.256297],[-47.303826,-23.255966],[-47.303845,-23.255777],[-47.30452,-23.255476],[-47.304768,-23.255108],[-47.30626,-23.248728],[-47.306947,-23.244331],[-47.306815,-23.241726],[-47.305658,-23.233105],[-47.305233,-23.231425],[-47.304587,-23.229733],[-47.302609,-23.225661],[-47.301856,-23.224781],[-47.301566,-23.223696],[-47.299929,-23.220156],[-47.299016,-23.218748],[-47.298679,-23.217474],[-47.296569,-23.212986],[-47.296198,-23.21256],[-47.296262,-23.212043],[-47.295844,-23.211121],[-47.295594,-23.210753],[-47.295236,-23.210562],[-47.293216,-23.210281],[-47.292156,-23.210978],[-47.291887,-23.210938],[-47.291267,-23.210184],[-47.291733,-23.209783],[-47.288145,-23.205152],[-47.290793,-23.203567],[-47.291383,-23.204302],[-47.291891,-23.203988]]}},{"type":"Feature","properties":{"id_backbone":"BB-78BAC1944AD5","trecho":"ITV. C X-JAI.VP","cluster":"JUNDIAI","cabo":"F-1236","capacidade":"102","extensao_km":9.228,"confianca":"MEDIA","fonte":"OSRM/OpenStreetMap","ponta_a":"ITV. C X","municipio_a":"ITUPEVA","ponta_b":"JAI.VP","municipio_b":"JUNDIAI"},"geometry":{"type":"LineString","coordinates":[[-47.058923,-23.155389],[-47.057853,-23.155682],[-47.057717,-23.15553],[-47.05802,-23.15496],[-47.057389,-23.154722],[-47.056515,-23.155907],[-47.050503,-23.154828],[-47.049149,-23.154752],[-47.047758,-23.154945],[-47.039669,-23.157653],[-47.034571,-23.159092],[-47.028875,-23.160404],[-47.027307,-23.16061],[-47.025583,-23.161079],[-47.024054,-23.161265],[-47.015954,-23.162972],[-47.012576,-23.164132],[-47.007767,-23.166371],[-47.004469,-23.168163],[-46.994415,-23.183254],[-46.993435,-23.183992],[-46.992358,-23.18427],[-46.991169,-23.185719],[-46.991013,-23.186809],[-46.991893,-23.188826],[-46.991798,-23.189078],[-46.989019,-23.190407],[-46.988564,-23.190142]]}},{"type":"Feature","properties":{"id_backbone":"BB-071A1F05A6E9","trecho":"IUL.CL-OSC.EK","cluster":"ARACATUBA","cabo":"F-0130","capacidade":"36","extensao_km":14.686,"confianca":"ALTA","fonte":"OSRM/OpenStreetMap","ponta_a":"IUL.CL","municipio_a":"INUBIA PAULISTA","ponta_b":"OSC.EK","municipio_b":"OSVALDO CRUZ"},"geometry":{"type":"LineString","coordinates":[[-50.959289,-21.769703],[-50.961391,-21.768942],[-50.960411,-21.766616],[-50.959883,-21.76582],[-50.959829,-21.765176],[-50.959425,-21.763968],[-50.956149,-21.755228],[-50.955346,-21.754452],[-50.954758,-21.75412],[-50.954256,-21.754039],[-50.953339,-21.754438],[-50.946771,-21.759065],[-50.944642,-21.760036],[-50.942817,-21.760491],[-50.880595,-21.767124],[-50.876379,-21.768177],[-50.875356,-21.76853],[-50.874967,-21.768831],[-50.874576,-21.769387],[-50.874496,-21.769989],[-50.879395,-21.788534],[-50.879434,-21.789494],[-50.880954,-21.795153],[-50.87201,-21.797228],[-50.871762,-21.796288],[-50.871519,-21.796344]]}},{"type":"Feature","properties":{"id_backbone":"BB-CE40CEEE40F2","trecho":"JAI.AT-JAI.GC","cluster":"JUNDIAI","cabo":"F-0676","capacidade":"24","extensao_km":6.668,"confianca":"ALTA","fonte":"OSRM/OpenStreetMap","ponta_a":"JAI.AT","municipio_a":"JUNDIAI","ponta_b":"JAI.GC","municipio_b":"JUNDIAI"},"geometry":{"type":"LineString","coordinates":[[-46.851613,-23.244822],[-46.851984,-23.244677],[-46.852549,-23.243777],[-46.85239,-23.24346],[-46.854586,-23.241947],[-46.854789,-23.241594],[-46.856243,-23.238007],[-46.856706,-23.234395],[-46.85734,-23.233086],[-46.858341,-23.232218],[-46.862115,-23.230666],[-46.863766,-23.229595],[-46.869123,-23.223376],[-46.870117,-23.22172],[-46.870195,-23.219143],[-46.87041,-23.218816],[-46.871174,-23.218308],[-46.871974,-23.217293],[-46.872844,-23.214366],[-46.873013,-23.213537],[-46.872909,-23.211034],[-46.873013,-23.210628],[-46.87501,-23.208862],[-46.876608,-23.20779],[-46.87705,-23.207105],[-46.877153,-23.206188],[-46.877414,-23.205645],[-46.877527,-23.203315],[-46.873463,-23.198765],[-46.873897,-23.198207],[-46.875216,-23.197246],[-46.875668,-23.197677]]}},{"type":"Feature","properties":{"id_backbone":"BB-2B27E32730CF","trecho":"JAI.CB-JIU.DI","cluster":"JUNDIAI","cabo":null,"capacidade":"48","extensao_km":16.564,"confianca":"MEDIA","fonte":"OSRM/OpenStreetMap","ponta_a":"JAI.CB","municipio_a":"JUNDIAI","ponta_b":"JIU.DI","municipio_b":"JARINU"},"geometry":{"type":"LineString","coordinates":[[-46.84999,-23.155792],[-46.850192,-23.155437],[-46.849728,-23.154227],[-46.851026,-23.151772],[-46.848616,-23.151055],[-46.845932,-23.149476],[-46.845081,-23.149479],[-46.841611,-23.150211],[-46.838992,-23.150233],[-46.836477,-23.150558],[-46.835576,-23.150333],[-46.833651,-23.149302],[-46.832988,-23.149227],[-46.830848,-23.149757],[-46.829674,-23.150303],[-46.827622,-23.150505],[-46.826075,-23.150154],[-46.825203,-23.150171],[-46.824845,-23.150315],[-46.82391,-23.151408],[-46.823558,-23.151561],[-46.822715,-23.151117],[-46.821822,-23.149395],[-46.82123,-23.148774],[-46.819374,-23.147841],[-46.811734,-23.144755],[-46.810892,-23.144563],[-46.810224,-23.144671],[-46.80753,-23.146698],[-46.804932,-23.146186],[-46.80372,-23.145293],[-46.80312,-23.144348],[-46.80144,-23.143242],[-46.800993,-23.142254],[-46.800464,-23.14181],[-46.799258,-23.141232],[-46.797209,-23.14091],[-46.796706,-23.140581],[-46.79563,-23.139073],[-46.795296,-23.138815],[-46.794085,-23.138825],[-46.792695,-23.138319],[-46.790997,-23.136764],[-46.788591,-23.13602],[-46.787019,-23.136123],[-46.784267,-23.13452],[-46.780998,-23.133593],[-46.779212,-23.133596],[-46.777818,-23.13333],[-46.77624,-23.132751],[-46.775987,-23.132496],[-46.775081,-23.130575],[-46.774824,-23.128954],[-46.774131,-23.127278],[-46.773157,-23.125909],[-46.772324,-23.123972],[-46.769991,-23.121983],[-46.768152,-23.120731],[-46.765882,-23.120099],[-46.763461,-23.119758],[-46.762286,-23.119392],[-46.757178,-23.119466],[-46.756635,-23.119349],[-46.755559,-23.11878],[-46.754568,-23.118661],[-46.753978,-23.119125],[-46.753674,-23.119182],[-46.751541,-23.118675],[-46.750387,-23.117909],[-46.748438,-23.115906],[-46.747041,-23.114892],[-46.746137,-23.113435],[-46.743317,-23.110455],[-46.742812,-23.110202],[-46.741864,-23.110426],[-46.739773,-23.110254],[-46.73797,-23.108873],[-46.737355,-23.108261],[-46.736384,-23.106691],[-46.735304,-23.105355],[-46.733665,-23.102432],[-46.732218,-23.10185],[-46.731003,-23.101772],[-46.729221,-23.101996],[-46.729605,-23.10244],[-46.727489,-23.104472],[-46.725264,-23.102642],[-46.725027,-23.102718]]}},{"type":"Feature","properties":{"id_backbone":"BB-AC1EC61B098D","trecho":"JAI.EG-JAI.VI","cluster":"JUNDIAI","cabo":"F-0912","capacidade":"24","extensao_km":6.824,"confianca":"MEDIA","fonte":"OSRM/OpenStreetMap","ponta_a":"JAI.EG","municipio_a":"JUNDIAI","ponta_b":"JAI.VI","municipio_b":"JUNDIAI"},"geometry":{"type":"LineString","coordinates":[[-46.948234,-23.129173],[-46.948334,-23.129555],[-46.948688,-23.129868],[-46.948636,-23.130006],[-46.946289,-23.131471],[-46.94549,-23.132471],[-46.945286,-23.132995],[-46.944572,-23.132815],[-46.9436,-23.133128],[-46.940856,-23.133396],[-46.940206,-23.134352],[-46.938229,-23.136019],[-46.938336,-23.136675],[-46.939735,-23.13772],[-46.94018,-23.138275],[-46.938461,-23.139745],[-46.937883,-23.143705],[-46.937978,-23.144257],[-46.939759,-23.145032],[-46.93947,-23.145401],[-46.938709,-23.147408],[-46.939008,-23.148157],[-46.939122,-23.149633],[-46.938875,-23.149887],[-46.937297,-23.150529],[-46.936189,-23.151977],[-46.933643,-23.157649],[-46.927692,-23.167648],[-46.927681,-23.167845],[-46.928007,-23.167884],[-46.928058,-23.168085],[-46.927362,-23.168468],[-46.926729,-23.16919],[-46.927583,-23.169631],[-46.927739,-23.170134],[-46.92591,-23.173519],[-46.92442,-23.173886],[-46.924047,-23.173233],[-46.924402,-23.173039],[-46.924552,-23.173278]]}},{"type":"Feature","properties":{"id_backbone":"BB-3C4328571653","trecho":"JAI.GC-SPB.VN","cluster":"JUNDIAI","cabo":"F-0899","capacidade":null,"extensao_km":30.657,"confianca":"SEM_REFERENCIA","fonte":"OSRM/OpenStreetMap","ponta_a":"JAI.GC","municipio_a":"JUNDIAI","ponta_b":"SPB.VN","municipio_b":"SANTANA DE PARNAIBA"},"geometry":{"type":"LineString","coordinates":[[-46.875668,-23.197677],[-46.876001,-23.19806],[-46.874131,-23.199496],[-46.877527,-23.203315],[-46.877414,-23.205645],[-46.877153,-23.206188],[-46.87705,-23.207105],[-46.876608,-23.20779],[-46.874719,-23.209108],[-46.873278,-23.210364],[-46.873131,-23.210741],[-46.873161,-23.211135],[-46.874794,-23.211522],[-46.874561,-23.212028],[-46.87442,-23.213173],[-46.875141,-23.216463],[-46.874415,-23.21837],[-46.874314,-23.219329],[-46.875152,-23.222344],[-46.875188,-23.222935],[-46.874891,-23.223817],[-46.87383,-23.225047],[-46.87356,-23.225923],[-46.873804,-23.228468],[-46.874887,-23.228961],[-46.873595,-23.229994],[-46.873135,-23.230706],[-46.86983,-23.237274],[-46.869342,-23.238819],[-46.868698,-23.242811],[-46.86624,-23.247889],[-46.865865,-23.249819],[-46.866095,-23.251341],[-46.867321,-23.255396],[-46.86743,-23.256544],[-46.86728,-23.258112],[-46.866396,-23.261019],[-46.86638,-23.262691],[-46.866682,-23.263647],[-46.868013,-23.266197],[-46.868321,-23.267117],[-46.868436,-23.268015],[-46.868342,-23.271035],[-46.868572,-23.272175],[-46.869127,-23.273264],[-46.871306,-23.275932],[-46.871882,-23.276916],[-46.87294,-23.280455],[-46.873019,-23.281091],[-46.872865,-23.282214],[-46.872445,-23.28313],[-46.871786,-23.283929],[-46.870955,-23.28446],[-46.867821,-23.285888],[-46.866946,-23.28659],[-46.866484,-23.287216],[-46.866121,-23.288058],[-46.865998,-23.289093],[-46.866577,-23.292152],[-46.866567,-23.293126],[-46.866337,-23.293919],[-46.865686,-23.294947],[-46.863994,-23.296851],[-46.860969,-23.298608],[-46.858945,-23.301002],[-46.856582,-23.302641],[-46.855745,-23.303692],[-46.855434,-23.304985],[-46.85619,-23.308569],[-46.856643,-23.309543],[-46.857773,-23.311033],[-46.8581,-23.312083],[-46.858069,-23.313142],[-46.857492,-23.314419],[-46.85632,-23.315463],[-46.849343,-23.319433],[-46.848811,-23.320261],[-46.848243,-23.322238],[-46.84784,-23.322882],[-46.847295,-23.32337],[-46.840771,-23.32685],[-46.839431,-23.327852],[-46.838797,-23.328757],[-46.838489,-23.329499],[-46.836722,-23.335677],[-46.836551,-23.33708],[-46.836919,-23.338937],[-46.838188,-23.342128],[-46.838778,-23.343203],[-46.840053,-23.344425],[-46.843635,-23.345789],[-46.844598,-23.3466],[-46.845471,-23.348187],[-46.84751,-23.353308],[-46.848516,-23.360373],[-46.848536,-23.361388],[-46.847931,-23.362914],[-46.846638,-23.364358],[-46.846238,-23.365018],[-46.845622,-23.368314],[-46.845079,-23.369684],[-46.845314,-23.369778],[-46.84772,-23.369232],[-46.84844,-23.369436],[-46.848793,-23.369833],[-46.848966,-23.370725],[-46.849484,-23.371585],[-46.851141,-23.372417],[-46.853964,-23.372895],[-46.855429,-23.375817],[-46.85579,-23.376094],[-46.856841,-23.376129],[-46.85786,-23.378937],[-46.857935,-23.380104],[-46.858755,-23.382011],[-46.859743,-23.382714],[-46.861642,-23.38316],[-46.862171,-23.383602],[-46.865525,-23.395178],[-46.86717,-23.395831],[-46.867703,-23.39654],[-46.867988,-23.398138],[-46.867932,-23.401395],[-46.866895,-23.404876],[-46.86651,-23.405249],[-46.865514,-23.405592],[-46.865212,-23.406063],[-46.865265,-23.406374],[-46.868179,-23.407951],[-46.868611,-23.408348],[-46.869755,-23.408354],[-46.870241,-23.408297],[-46.872891,-23.407033],[-46.885085,-23.405305],[-46.882257,-23.404199]]}},{"type":"Feature","properties":{"id_backbone":"BB-B5362DBC2249","trecho":"JAI.GC-SPO.AG","cluster":"JUNDIAI","cabo":"X-0001","capacidade":"144","extensao_km":42.771,"confianca":"SEM_REFERENCIA","fonte":"OSRM/OpenStreetMap","ponta_a":"JAI.GC","municipio_a":"JUNDIAI","ponta_b":"SPO.AG","municipio_b":"SAO PAULO"},"geometry":{"type":"LineString","coordinates":[[-46.875668,-23.197677],[-46.876001,-23.19806],[-46.874131,-23.199496],[-46.877527,-23.203315],[-46.877414,-23.205645],[-46.877153,-23.206188],[-46.87705,-23.207105],[-46.876608,-23.20779],[-46.874719,-23.209108],[-46.873278,-23.210364],[-46.873131,-23.210741],[-46.873161,-23.211135],[-46.874794,-23.211522],[-46.874561,-23.212028],[-46.87442,-23.213173],[-46.875141,-23.216463],[-46.874415,-23.21837],[-46.874314,-23.219329],[-46.875152,-23.222344],[-46.875188,-23.222935],[-46.874891,-23.223817],[-46.87383,-23.225047],[-46.87356,-23.225923],[-46.873804,-23.228468],[-46.874887,-23.228961],[-46.873595,-23.229994],[-46.873135,-23.230706],[-46.869977,-23.236941],[-46.869342,-23.238819],[-46.868893,-23.242074],[-46.868617,-23.243052],[-46.866081,-23.248344],[-46.865873,-23.25024],[-46.867247,-23.255079],[-46.867493,-23.256416],[-46.86779,-23.261108],[-46.867429,-23.262304],[-46.866686,-23.263058],[-46.864463,-23.264117],[-46.859308,-23.267303],[-46.85752,-23.269079],[-46.855096,-23.272292],[-46.850626,-23.276007],[-46.849455,-23.277275],[-46.848927,-23.278322],[-46.848714,-23.279129],[-46.847781,-23.287154],[-46.847448,-23.288818],[-46.846914,-23.290007],[-46.846276,-23.290792],[-46.843111,-23.293621],[-46.842042,-23.294994],[-46.841535,-23.296446],[-46.84085,-23.301686],[-46.839932,-23.303513],[-46.835481,-23.308163],[-46.834229,-23.309284],[-46.832725,-23.310192],[-46.826686,-23.312455],[-46.825533,-23.313278],[-46.824467,-23.314652],[-46.823999,-23.315798],[-46.82385,-23.31676],[-46.823757,-23.323105],[-46.823133,-23.334069],[-46.822735,-23.335723],[-46.822119,-23.337296],[-46.821361,-23.338706],[-46.820264,-23.340195],[-46.813127,-23.347347],[-46.809922,-23.34962],[-46.808954,-23.35008],[-46.806996,-23.350637],[-46.799581,-23.351513],[-46.798086,-23.351902],[-46.796131,-23.352838],[-46.792056,-23.355918],[-46.79098,-23.356353],[-46.788038,-23.357127],[-46.786515,-23.357964],[-46.785643,-23.358811],[-46.784873,-23.360075],[-46.784098,-23.363283],[-46.783481,-23.364711],[-46.778353,-23.373257],[-46.777047,-23.374651],[-46.771744,-23.379078],[-46.770564,-23.380471],[-46.770156,-23.381259],[-46.769625,-23.382884],[-46.769512,-23.383755],[-46.769116,-23.391369],[-46.768073,-23.400023],[-46.767857,-23.407409],[-46.767616,-23.409698],[-46.767009,-23.412081],[-46.766012,-23.414458],[-46.761712,-23.421868],[-46.761227,-23.423047],[-46.760825,-23.428161],[-46.760945,-23.432497],[-46.761156,-23.433137],[-46.761775,-23.434057],[-46.763508,-23.435587],[-46.77176,-23.440749],[-46.776126,-23.443274],[-46.783232,-23.448348],[-46.784651,-23.448803],[-46.786076,-23.448794],[-46.786839,-23.449122],[-46.787383,-23.449951],[-46.787235,-23.451184],[-46.786631,-23.453511],[-46.786008,-23.454833],[-46.780616,-23.461985],[-46.778675,-23.464162],[-46.778098,-23.465131],[-46.77805,-23.466381],[-46.779154,-23.469403],[-46.779078,-23.470251],[-46.778708,-23.470978],[-46.77831,-23.471421],[-46.776894,-23.472313],[-46.77181,-23.474421],[-46.771309,-23.474844],[-46.770809,-23.475612],[-46.770459,-23.47707],[-46.770935,-23.480407],[-46.770951,-23.482218],[-46.771275,-23.482578],[-46.771774,-23.482506],[-46.771916,-23.482006],[-46.771541,-23.4817],[-46.770572,-23.481672],[-46.769506,-23.481931],[-46.767505,-23.483001],[-46.765664,-23.48451],[-46.763586,-23.485752],[-46.760111,-23.487161],[-46.757505,-23.487996],[-46.756468,-23.487908],[-46.756846,-23.487139],[-46.75678,-23.486767],[-46.756422,-23.486337],[-46.755761,-23.486034],[-46.754524,-23.486346],[-46.753481,-23.484771],[-46.752401,-23.483828],[-46.751505,-23.483939],[-46.750085,-23.484713],[-46.748528,-23.485187]]}},{"type":"Feature","properties":{"id_backbone":"BB-4FAC8DC43155","trecho":"JAI.GC-SPO.LP","cluster":"JUNDIAI","cabo":"F-4000","capacidade":"36","extensao_km":45.61,"confianca":"SEM_REFERENCIA","fonte":"OSRM/OpenStreetMap","ponta_a":"JAI.GC","municipio_a":"JUNDIAI","ponta_b":"SPO.LP","municipio_b":"SAO PAULO"},"geometry":{"type":"LineString","coordinates":[[-46.875668,-23.197677],[-46.876001,-23.19806],[-46.874131,-23.199496],[-46.877527,-23.203315],[-46.877414,-23.205645],[-46.877153,-23.206188],[-46.87705,-23.207105],[-46.876608,-23.20779],[-46.874719,-23.209108],[-46.873278,-23.210364],[-46.873131,-23.210741],[-46.873161,-23.211135],[-46.874794,-23.211522],[-46.874561,-23.212028],[-46.87442,-23.213173],[-46.875141,-23.216463],[-46.874415,-23.21837],[-46.874314,-23.219329],[-46.875152,-23.222344],[-46.875188,-23.222935],[-46.874891,-23.223817],[-46.87383,-23.225047],[-46.87356,-23.225923],[-46.873804,-23.228468],[-46.874887,-23.228961],[-46.873595,-23.229994],[-46.873135,-23.230706],[-46.869977,-23.236941],[-46.869342,-23.238819],[-46.868698,-23.242811],[-46.86624,-23.247889],[-46.865924,-23.249156],[-46.865873,-23.25024],[-46.866034,-23.251102],[-46.867163,-23.254773],[-46.867493,-23.256416],[-46.867789,-23.260922],[-46.867541,-23.262108],[-46.866686,-23.263058],[-46.864775,-23.263949],[-46.861681,-23.265724],[-46.858965,-23.267589],[-46.85752,-23.269079],[-46.855096,-23.272292],[-46.850626,-23.276007],[-46.849455,-23.277275],[-46.848927,-23.278322],[-46.848714,-23.279129],[-46.847781,-23.287154],[-46.847448,-23.288818],[-46.846914,-23.290007],[-46.846276,-23.290792],[-46.843111,-23.293621],[-46.842042,-23.294994],[-46.841535,-23.296446],[-46.84085,-23.301686],[-46.839932,-23.303513],[-46.835481,-23.308163],[-46.834229,-23.309284],[-46.832725,-23.310192],[-46.826686,-23.312455],[-46.825533,-23.313278],[-46.824467,-23.314652],[-46.823999,-23.315798],[-46.82385,-23.31676],[-46.823757,-23.323105],[-46.823133,-23.334069],[-46.822735,-23.335723],[-46.822119,-23.337296],[-46.821361,-23.338706],[-46.820264,-23.340195],[-46.813127,-23.347347],[-46.809922,-23.34962],[-46.808954,-23.35008],[-46.806996,-23.350637],[-46.799581,-23.351513],[-46.798086,-23.351902],[-46.796131,-23.352838],[-46.792056,-23.355918],[-46.79098,-23.356353],[-46.788038,-23.357127],[-46.786515,-23.357964],[-46.785643,-23.358811],[-46.784873,-23.360075],[-46.784098,-23.363283],[-46.783481,-23.364711],[-46.778353,-23.373257],[-46.777047,-23.374651],[-46.771744,-23.379078],[-46.770564,-23.380471],[-46.769877,-23.381993],[-46.769512,-23.383755],[-46.769247,-23.389798],[-46.768073,-23.400023],[-46.767857,-23.407409],[-46.767455,-23.410494],[-46.767009,-23.412081],[-46.766012,-23.414458],[-46.761712,-23.421868],[-46.761227,-23.423047],[-46.760391,-23.434023],[-46.759954,-23.435363],[-46.757014,-23.441285],[-46.756607,-23.442406],[-46.752167,-23.463273],[-46.748353,-23.472176],[-46.747856,-23.473027],[-46.746542,-23.474377],[-46.741206,-23.476907],[-46.739467,-23.478497],[-46.738577,-23.479894],[-46.738121,-23.481203],[-46.737219,-23.487515],[-46.73619,-23.489735],[-46.734947,-23.491461],[-46.731371,-23.495213],[-46.727977,-23.500045],[-46.72343,-23.505208],[-46.72222,-23.506797],[-46.721571,-23.507942],[-46.721462,-23.50857],[-46.72164,-23.509459],[-46.722896,-23.511417],[-46.724154,-23.512719],[-46.727115,-23.514493],[-46.731084,-23.516382],[-46.731552,-23.515069],[-46.731496,-23.514779],[-46.730374,-23.514229],[-46.730414,-23.5138],[-46.727798,-23.513247],[-46.72774,-23.513141],[-46.728102,-23.512706],[-46.728086,-23.512387],[-46.727775,-23.512162],[-46.727355,-23.512255],[-46.727014,-23.512828],[-46.725757,-23.517344],[-46.725087,-23.518412],[-46.723555,-23.519449],[-46.719084,-23.521554],[-46.71927,-23.522781],[-46.719056,-23.525602]]}},{"type":"Feature","properties":{"id_backbone":"BB-242095366EEF","trecho":"JATO.JA-LUI.PN","cluster":"ARACATUBA","cabo":"F-0022","capacidade":"6","extensao_km":11.234,"confianca":"ALTA","fonte":"OSRM/OpenStreetMap","ponta_a":"JATO.JA","municipio_a":"ALTO ALEGRE","ponta_b":"LUI.PN","municipio_b":"LUIZIANIA"},"geometry":{"type":"LineString","coordinates":[[-50.243054,-21.624143],[-50.243584,-21.62424],[-50.243325,-21.626018],[-50.243193,-21.626576],[-50.242225,-21.62844],[-50.242254,-21.628677],[-50.248549,-21.629748],[-50.251603,-21.630743],[-50.253648,-21.631708],[-50.256899,-21.633879],[-50.264146,-21.640775],[-50.265927,-21.642157],[-50.267282,-21.642984],[-50.269988,-21.644262],[-50.286087,-21.651045],[-50.297913,-21.657744],[-50.302018,-21.659902],[-50.303458,-21.660938],[-50.3199,-21.670329],[-50.324079,-21.673067],[-50.326112,-21.673428],[-50.329929,-21.673732],[-50.329852,-21.674219],[-50.329576,-21.674443],[-50.329881,-21.674774]]}},{"type":"Feature","properties":{"id_backbone":"BB-DA9E21C8F7FF","trecho":"JAU.AG-PDR.PN","cluster":"BAURU","cabo":"F-0155","capacidade":"36","extensao_km":26.803,"confianca":"SEM_REFERENCIA","fonte":"OSRM/OpenStreetMap","ponta_a":"JAU.AG","municipio_a":"JAU","ponta_b":"PDR.PN","municipio_b":"PEDERNEIRAS"},"geometry":{"type":"LineString","coordinates":[[-48.556349,-22.294008],[-48.555239,-22.293324],[-48.555745,-22.292557],[-48.567906,-22.300072],[-48.569528,-22.301225],[-48.571715,-22.302184],[-48.573571,-22.302497],[-48.57461,-22.30248],[-48.575841,-22.30199],[-48.577143,-22.302647],[-48.586266,-22.303282],[-48.694256,-22.309521],[-48.708948,-22.310528],[-48.71347,-22.311492],[-48.716429,-22.312538],[-48.718483,-22.313461],[-48.720597,-22.314664],[-48.733434,-22.324051],[-48.737021,-22.326003],[-48.739058,-22.326924],[-48.743843,-22.328455],[-48.761022,-22.331338],[-48.76149,-22.331251],[-48.761677,-22.330982],[-48.761611,-22.330668],[-48.76129,-22.330335],[-48.760793,-22.330295],[-48.760428,-22.330752],[-48.757353,-22.337115],[-48.757086,-22.338089],[-48.756466,-22.339044],[-48.756526,-22.339559],[-48.76392,-22.341382],[-48.765203,-22.341998],[-48.774058,-22.349733],[-48.774168,-22.349952],[-48.772567,-22.352301],[-48.775998,-22.354331],[-48.776679,-22.353388]]}},{"type":"Feature","properties":{"id_backbone":"BB-8EFF20AB15A0","trecho":"JCI.CF-JCI.JM","cluster":"SAO JOSE DOS CAMPOS","cabo":"F-0105","capacidade":"36","extensao_km":3.992,"confianca":"BAIXA","fonte":"OSRM/OpenStreetMap","ponta_a":"JCI.CF","municipio_a":"JACAREI","ponta_b":"JCI.JM","municipio_b":"JACAREI"},"geometry":{"type":"LineString","coordinates":[[-45.94482,-23.279635],[-45.946174,-23.279201],[-45.946543,-23.280143],[-45.948348,-23.281537],[-45.947401,-23.283524],[-45.948064,-23.284468],[-45.950805,-23.287281],[-45.952487,-23.28868],[-45.952803,-23.288822],[-45.953533,-23.288641],[-45.954011,-23.288815],[-45.954814,-23.290655],[-45.961872,-23.301684],[-45.962139,-23.301785],[-45.962412,-23.30129],[-45.965481,-23.302713],[-45.965822,-23.302307],[-45.966101,-23.302768],[-45.966744,-23.302872],[-45.96678,-23.302582]]}},{"type":"Feature","properties":{"id_backbone":"BB-B733D9225596","trecho":"JCI.JM-MCZ.MO","cluster":"SAO JOSE DOS CAMPOS","cabo":"F-0159","capacidade":"36","extensao_km":44.57,"confianca":"ALTA","fonte":"OSRM/OpenStreetMap","ponta_a":"JCI.JM","municipio_a":"JACAREI","ponta_b":"MCZ.MO","municipio_b":"MOGI DAS CRUZES"},"geometry":{"type":"LineString","coordinates":[[-45.96678,-23.302582],[-45.966744,-23.302872],[-45.967418,-23.30293],[-45.967255,-23.303994],[-45.966817,-23.304988],[-45.966867,-23.305368],[-45.968609,-23.306635],[-45.969732,-23.308217],[-45.970489,-23.308886],[-45.971928,-23.308988],[-45.972892,-23.307452],[-45.973676,-23.308023],[-45.975139,-23.307479],[-45.978731,-23.309667],[-45.980535,-23.309262],[-45.981985,-23.309174],[-45.985013,-23.309723],[-45.984394,-23.311365],[-45.985514,-23.311747],[-45.985148,-23.312719],[-45.984671,-23.313103],[-45.985058,-23.313902],[-45.985597,-23.314472],[-45.985895,-23.315408],[-45.989045,-23.317544],[-45.991237,-23.321329],[-45.99324,-23.322968],[-45.993442,-23.323883],[-45.994164,-23.324889],[-45.995572,-23.325478],[-45.998383,-23.330275],[-45.999903,-23.331879],[-46.001094,-23.332868],[-46.00109,-23.333838],[-46.001451,-23.335386],[-46.002156,-23.336782],[-46.002804,-23.33743],[-46.003011,-23.33841],[-46.003668,-23.339691],[-46.003764,-23.34091],[-46.003481,-23.341973],[-46.003726,-23.344392],[-46.004742,-23.346226],[-46.004746,-23.348772],[-46.005317,-23.350135],[-46.006199,-23.350677],[-46.008315,-23.35153],[-46.012698,-23.354397],[-46.014209,-23.355598],[-46.014922,-23.357014],[-46.017586,-23.359691],[-46.019505,-23.360237],[-46.021818,-23.361626],[-46.023234,-23.361895],[-46.024133,-23.363393],[-46.026421,-23.364943],[-46.028207,-23.367939],[-46.028561,-23.368099],[-46.030476,-23.368281],[-46.031463,-23.368847],[-46.033707,-23.370895],[-46.036133,-23.371388],[-46.03714,-23.37122],[-46.039291,-23.370021],[-46.041433,-23.369388],[-46.041904,-23.369547],[-46.042414,-23.370755],[-46.042863,-23.370966],[-46.043894,-23.371039],[-46.04593,-23.370856],[-46.049641,-23.370127],[-46.05067,-23.369155],[-46.051159,-23.368961],[-46.052059,-23.368987],[-46.054026,-23.37003],[-46.054946,-23.369841],[-46.054988,-23.369625],[-46.054778,-23.369353],[-46.054586,-23.369413],[-46.054478,-23.369843],[-46.054789,-23.370459],[-46.056694,-23.371531],[-46.05781,-23.37196],[-46.059104,-23.373229],[-46.059238,-23.375226],[-46.060262,-23.375917],[-46.06154,-23.377704],[-46.060823,-23.379671],[-46.06205,-23.382643],[-46.062853,-23.385538],[-46.062693,-23.38633],[-46.062312,-23.387001],[-46.061122,-23.388044],[-46.060578,-23.388335],[-46.059539,-23.388346],[-46.05909,-23.388538],[-46.059082,-23.390038],[-46.059541,-23.390629],[-46.06111,-23.391306],[-46.061766,-23.392404],[-46.062729,-23.392768],[-46.0652,-23.394654],[-46.067411,-23.395578],[-46.067502,-23.395892],[-46.067074,-23.39748],[-46.067089,-23.398579],[-46.066189,-23.400056],[-46.066092,-23.400728],[-46.066554,-23.401374],[-46.067087,-23.401802],[-46.067407,-23.401806],[-46.068209,-23.401265],[-46.068577,-23.401391],[-46.070022,-23.402457],[-46.070263,-23.403164],[-46.069442,-23.405325],[-46.068974,-23.40586],[-46.067802,-23.406648],[-46.067338,-23.40748],[-46.066623,-23.408087],[-46.066264,-23.409138],[-46.065599,-23.41029],[-46.065065,-23.412357],[-46.064739,-23.414904],[-46.062866,-23.416431],[-46.061944,-23.41918],[-46.061902,-23.420071],[-46.060966,-23.42131],[-46.061122,-23.423332],[-46.060825,-23.423446],[-46.059503,-23.423159],[-46.059302,-23.42334],[-46.059141,-23.423977],[-46.059215,-23.424585],[-46.060405,-23.426091],[-46.063558,-23.432924],[-46.064103,-23.434619],[-46.066388,-23.436887],[-46.068,-23.439684],[-46.069031,-23.440779],[-46.069045,-23.441128],[-46.068282,-23.4434],[-46.068232,-23.444119],[-46.068498,-23.444994],[-46.068437,-23.445277],[-46.067311,-23.445911],[-46.066536,-23.44758],[-46.065211,-23.448583],[-46.064489,-23.450399],[-46.064753,-23.450861],[-46.067777,-23.45205],[-46.068119,-23.452276],[-46.068823,-23.4532],[-46.069724,-23.453472],[-46.071381,-23.454422],[-46.074862,-23.455472],[-46.077527,-23.455051],[-46.078298,-23.455116],[-46.078629,-23.4553],[-46.078796,-23.455668],[-46.0787,-23.455962],[-46.077907,-23.45681],[-46.077144,-23.458699],[-46.077459,-23.459947],[-46.077167,-23.460842],[-46.078387,-23.464255],[-46.07969,-23.466255],[-46.08009,-23.466304],[-46.081647,-23.465928],[-46.083821,-23.46673],[-46.084559,-23.466727],[-46.085964,-23.465975],[-46.087971,-23.463486],[-46.089072,-23.462615],[-46.089767,-23.462489],[-46.092638,-23.4628],[-46.096319,-23.463697],[-46.098221,-23.463916],[-46.099173,-23.464287],[-46.099637,-23.465055],[-46.101668,-23.466488],[-46.101966,-23.467828],[-46.102157,-23.467989],[-46.102936,-23.467886],[-46.104223,-23.468194],[-46.105749,-23.468128],[-46.107984,-23.468309],[-46.110551,-23.46806],[-46.113693,-23.469029],[-46.116251,-23.469624],[-46.119652,-23.46926],[-46.124027,-23.469623],[-46.127633,-23.471272],[-46.130441,-23.473353],[-46.132816,-23.47418],[-46.133312,-23.47476],[-46.139588,-23.479052],[-46.140026,-23.479483],[-46.140707,-23.481254],[-46.142062,-23.482444],[-46.14189,-23.485662],[-46.142024,-23.48627],[-46.145597,-23.491808],[-46.148687,-23.492808],[-46.149256,-23.492798],[-46.149754,-23.49298],[-46.150391,-23.494726],[-46.151599,-23.495563],[-46.156611,-23.497767],[-46.159386,-23.500062],[-46.160788,-23.500635],[-46.163293,-23.502096],[-46.164191,-23.502838],[-46.165256,-23.503294],[-46.16591,-23.50389],[-46.174752,-23.509223],[-46.175577,-23.509619],[-46.176332,-23.509689],[-46.176789,-23.510309],[-46.18081,-23.51264],[-46.182412,-23.513376],[-46.183061,-23.513341],[-46.183701,-23.513985],[-46.188425,-23.516012],[-46.187873,-23.517269],[-46.187098,-23.524791],[-46.185262,-23.524984],[-46.183552,-23.525582],[-46.18154,-23.528009],[-46.183136,-23.529205]]}},{"type":"Feature","properties":{"id_backbone":"BB-128F06E13AC2","trecho":"JCI.JM-SBL.SI","cluster":"SAO JOSE DOS CAMPOS","cabo":"F-1158","capacidade":"72","extensao_km":31.642,"confianca":"SEM_REFERENCIA","fonte":"OSRM/OpenStreetMap","ponta_a":"JCI.JM","municipio_a":"JACAREI","ponta_b":"SBL.SI","municipio_b":"SANTA ISABEL"},"geometry":{"type":"LineString","coordinates":[[-45.96678,-23.302582],[-45.966744,-23.302872],[-45.967418,-23.30293],[-45.967255,-23.303994],[-45.966817,-23.304988],[-45.966867,-23.305368],[-45.968609,-23.306635],[-45.969732,-23.308217],[-45.970489,-23.308886],[-45.971928,-23.308988],[-45.972892,-23.307452],[-45.973676,-23.308023],[-45.975139,-23.307479],[-45.978731,-23.309667],[-45.980535,-23.309262],[-45.982486,-23.309193],[-45.987975,-23.310309],[-45.99146,-23.310631],[-45.993926,-23.311349],[-45.994602,-23.311404],[-45.99791,-23.310873],[-46.000565,-23.310019],[-46.010774,-23.305721],[-46.011238,-23.305647],[-46.016461,-23.303402],[-46.020756,-23.301776],[-46.021734,-23.301739],[-46.02318,-23.302262],[-46.023439,-23.302036],[-46.023618,-23.301377],[-46.023597,-23.300964],[-46.023406,-23.300868],[-46.02285,-23.301136],[-46.022918,-23.301443],[-46.025768,-23.302074],[-46.030631,-23.303756],[-46.041507,-23.307099],[-46.044722,-23.307499],[-46.052799,-23.307589],[-46.055821,-23.308031],[-46.059258,-23.309358],[-46.064327,-23.312688],[-46.067062,-23.313984],[-46.070365,-23.314881],[-46.0792,-23.316129],[-46.081447,-23.316834],[-46.088166,-23.319625],[-46.092635,-23.32092],[-46.095428,-23.321395],[-46.09806,-23.321611],[-46.114254,-23.321842],[-46.118103,-23.322596],[-46.122018,-23.324347],[-46.150733,-23.33921],[-46.167517,-23.347477],[-46.169373,-23.348239],[-46.180121,-23.351876],[-46.182724,-23.352365],[-46.184725,-23.352303],[-46.189646,-23.351651],[-46.199215,-23.351838],[-46.199805,-23.351616],[-46.199913,-23.351271],[-46.199725,-23.350648],[-46.199869,-23.350243],[-46.201528,-23.348107],[-46.202471,-23.347011],[-46.204174,-23.346066],[-46.20643,-23.343853],[-46.207687,-23.341726],[-46.208225,-23.341465],[-46.211304,-23.340959],[-46.212406,-23.340158],[-46.214,-23.337945],[-46.217056,-23.333075],[-46.217327,-23.331079],[-46.218871,-23.328629],[-46.220213,-23.326639],[-46.222206,-23.324631],[-46.224456,-23.321521],[-46.226604,-23.31977],[-46.226664,-23.319416],[-46.226409,-23.31912],[-46.227418,-23.318475],[-46.228757,-23.320303],[-46.229216,-23.319818],[-46.22935,-23.319972]]}},{"type":"Feature","properties":{"id_backbone":"BB-3AC1309322C4","trecho":"JLS.RC-VIBR.VB","cluster":"SAO JOSE DO RIO PRETO","cabo":"F-0026","capacidade":"6","extensao_km":16.2,"confianca":"BAIXA","fonte":"OSRM/OpenStreetMap","ponta_a":"JLS.RC","municipio_a":"JALES","ponta_b":"VIBR.VB","municipio_b":"VITORIA BRASIL"},"geometry":{"type":"LineString","coordinates":[[-50.549564,-20.271359],[-50.547736,-20.269956],[-50.548928,-20.268579],[-50.54106,-20.262558],[-50.535386,-20.263883],[-50.53444,-20.263803],[-50.533461,-20.263968],[-50.502305,-20.271253],[-50.501581,-20.271594],[-50.501695,-20.272071],[-50.501969,-20.272183],[-50.502204,-20.272086],[-50.502417,-20.271405],[-50.504067,-20.252831],[-50.503861,-20.249092],[-50.503167,-20.246282],[-50.502257,-20.244074],[-50.50116,-20.242217],[-50.480096,-20.211876],[-50.478456,-20.208756],[-50.477547,-20.205873],[-50.47722,-20.203796],[-50.477146,-20.201919],[-50.47766,-20.192754],[-50.482343,-20.193687],[-50.482539,-20.19525],[-50.4833,-20.195197]]}},{"type":"Feature","properties":{"id_backbone":"BB-0EF65FA0EAB9","trecho":"JLS.RC-JLS.RD","cluster":"SAO JOSE DO RIO PRETO","cabo":"F-0017","capacidade":"36","extensao_km":2.976,"confianca":"ALTA","fonte":"OSRM/OpenStreetMap","ponta_a":"JLS.RC","municipio_a":"JALES","ponta_b":"JLS.RD","municipio_b":"JALES"},"geometry":{"type":"LineString","coordinates":[[-50.549564,-20.271359],[-50.547736,-20.269956],[-50.552579,-20.264389],[-50.553648,-20.265219],[-50.55476,-20.265437],[-50.556542,-20.264687],[-50.558135,-20.264638],[-50.559423,-20.265344],[-50.563181,-20.266439],[-50.566278,-20.267854],[-50.566938,-20.267826],[-50.567813,-20.267405],[-50.568321,-20.266943],[-50.568868,-20.265963]]}},{"type":"Feature","properties":{"id_backbone":"BB-1178DBDB651E","trecho":"JPS.JO-PRC.SG","cluster":"JUNDIAI","cabo":"F-0398","capacidade":"12","extensao_km":25.053,"confianca":"SEM_REFERENCIA","fonte":"OSRM/OpenStreetMap","ponta_a":"JPS.JO","municipio_a":"JOANOPOLIS","ponta_b":"PRC.SG","municipio_b":"PIRACAIA"},"geometry":{"type":"LineString","coordinates":[[-46.273699,-22.929801],[-46.274731,-22.930822],[-46.275276,-22.930377],[-46.275773,-22.930869],[-46.276387,-22.930369],[-46.277114,-22.93116],[-46.278216,-22.933146],[-46.279937,-22.933967],[-46.281495,-22.933878],[-46.281979,-22.934014],[-46.283593,-22.936074],[-46.285384,-22.936461],[-46.287204,-22.937904],[-46.290768,-22.939357],[-46.291512,-22.939863],[-46.292006,-22.94084],[-46.293343,-22.946538],[-46.293688,-22.946853],[-46.294149,-22.947002],[-46.296076,-22.946564],[-46.296785,-22.946742],[-46.297264,-22.947312],[-46.297468,-22.949267],[-46.297701,-22.949806],[-46.298201,-22.95007],[-46.300031,-22.950286],[-46.300487,-22.950782],[-46.300429,-22.951262],[-46.300072,-22.951636],[-46.297118,-22.953712],[-46.296914,-22.954342],[-46.297167,-22.954882],[-46.297897,-22.955152],[-46.299561,-22.95484],[-46.30032,-22.954855],[-46.300872,-22.955025],[-46.301378,-22.955407],[-46.301785,-22.955997],[-46.30196,-22.956582],[-46.301845,-22.958597],[-46.302356,-22.959052],[-46.302807,-22.959061],[-46.303132,-22.95889],[-46.304436,-22.957573],[-46.305329,-22.9572],[-46.306002,-22.957112],[-46.306981,-22.957262],[-46.308411,-22.957751],[-46.309326,-22.95843],[-46.309484,-22.959042],[-46.30935,-22.959591],[-46.307019,-22.962565],[-46.307006,-22.963018],[-46.307248,-22.963336],[-46.30772,-22.963445],[-46.309514,-22.963162],[-46.309978,-22.96334],[-46.310891,-22.964147],[-46.311307,-22.964227],[-46.311638,-22.964103],[-46.312123,-22.963245],[-46.312695,-22.962914],[-46.314681,-22.96358],[-46.316042,-22.963028],[-46.316859,-22.962959],[-46.317541,-22.963152],[-46.318319,-22.963832],[-46.318571,-22.964664],[-46.318502,-22.965605],[-46.318062,-22.966588],[-46.316511,-22.967098],[-46.315554,-22.967997],[-46.315087,-22.968171],[-46.313635,-22.967882],[-46.313116,-22.967978],[-46.310911,-22.969909],[-46.310763,-22.970633],[-46.31092,-22.970988],[-46.311632,-22.971711],[-46.311922,-22.97288],[-46.312401,-22.973134],[-46.3129,-22.973078],[-46.314426,-22.972247],[-46.31627,-22.972578],[-46.316611,-22.972386],[-46.317308,-22.971482],[-46.317961,-22.971355],[-46.318301,-22.971571],[-46.318424,-22.971936],[-46.318038,-22.973204],[-46.318027,-22.973767],[-46.318376,-22.974549],[-46.318716,-22.974888],[-46.319564,-22.975192],[-46.322261,-22.975108],[-46.322878,-22.975488],[-46.323029,-22.976009],[-46.322774,-22.976641],[-46.321098,-22.977295],[-46.320808,-22.977794],[-46.320984,-22.978699],[-46.322359,-22.979955],[-46.322528,-22.980404],[-46.322396,-22.981076],[-46.32135,-22.981929],[-46.321095,-22.982587],[-46.321284,-22.982984],[-46.321597,-22.983195],[-46.324971,-22.983658],[-46.325384,-22.983985],[-46.325481,-22.984453],[-46.325187,-22.984918],[-46.32152,-22.988326],[-46.32135,-22.988681],[-46.321406,-22.989205],[-46.321718,-22.989535],[-46.322395,-22.989658],[-46.324431,-22.98865],[-46.325149,-22.988609],[-46.325722,-22.988996],[-46.326067,-22.990264],[-46.326358,-22.990591],[-46.329275,-22.991136],[-46.329731,-22.991574],[-46.329753,-22.992028],[-46.329361,-22.992763],[-46.329346,-22.993233],[-46.329973,-22.994173],[-46.330231,-22.994995],[-46.329981,-22.9957],[-46.329088,-22.996749],[-46.329013,-22.997302],[-46.332294,-23.003888],[-46.332295,-23.004248],[-46.331858,-23.00514],[-46.332017,-23.005481],[-46.332858,-23.006051],[-46.333112,-23.006518],[-46.332839,-23.007922],[-46.333531,-23.00913],[-46.333746,-23.01149],[-46.334973,-23.012955],[-46.335287,-23.014745],[-46.336845,-23.018658],[-46.337182,-23.022255],[-46.337042,-23.022688],[-46.336478,-23.023374],[-46.336404,-23.023745],[-46.33659,-23.024047],[-46.337942,-23.024822],[-46.338207,-23.025264],[-46.338812,-23.032695],[-46.339208,-23.033107],[-46.340299,-23.03339],[-46.340582,-23.033882],[-46.340481,-23.034304],[-46.340073,-23.034604],[-46.336964,-23.035047],[-46.336393,-23.036946],[-46.335856,-23.037303],[-46.334933,-23.037191],[-46.33453,-23.037335],[-46.333868,-23.038363],[-46.333886,-23.039182],[-46.336924,-23.043256],[-46.340046,-23.045995],[-46.341782,-23.048376],[-46.342132,-23.048623],[-46.347503,-23.050562],[-46.348974,-23.052212],[-46.350482,-23.054387],[-46.351398,-23.054967],[-46.352097,-23.055841],[-46.352344,-23.055707],[-46.352594,-23.0561],[-46.352955,-23.05604],[-46.353779,-23.055204],[-46.354238,-23.055144],[-46.359749,-23.054944],[-46.359101,-23.055012]]}},{"type":"Feature","properties":{"id_backbone":"BB-10316A6147A4","trecho":"JQB.JQ-JQB.PL","cluster":"OSASCO","cabo":"F-0703","capacidade":"12","extensao_km":10.362,"confianca":"MEDIA","fonte":"OSRM/OpenStreetMap","ponta_a":"JQB.JQ","municipio_a":"JUQUITIBA","ponta_b":"JQB.PL","municipio_b":"JUQUITIBA"},"geometry":{"type":"LineString","coordinates":[[-47.067083,-23.930734],[-47.067516,-23.930642],[-47.067672,-23.931206],[-47.066897,-23.931356],[-47.06681,-23.932725],[-47.067294,-23.93319],[-47.06858,-23.933587],[-47.066802,-23.935529],[-47.066572,-23.936201],[-47.06691,-23.936381],[-47.069331,-23.935842],[-47.069615,-23.93598],[-47.069657,-23.936309],[-47.067111,-23.936614],[-47.065188,-23.937045],[-47.064547,-23.937352],[-47.061997,-23.939333],[-47.060977,-23.939872],[-47.059758,-23.940249],[-47.052479,-23.940833],[-47.046385,-23.940188],[-47.042603,-23.940294],[-47.041158,-23.939823],[-47.034187,-23.935676],[-47.03292,-23.935134],[-47.022415,-23.935072],[-47.01483,-23.934294],[-47.012474,-23.933961],[-47.011241,-23.933594],[-47.006326,-23.931278],[-47.000842,-23.931196],[-46.999528,-23.930946],[-46.99648,-23.929672],[-46.99577,-23.929035],[-46.992097,-23.922219],[-46.991872,-23.922191],[-46.991263,-23.923887],[-46.990719,-23.923803]]}},{"type":"Feature","properties":{"id_backbone":"BB-E9B701A3984B","trecho":"JRM.CD-RAC.HD","cluster":"ARACATUBA","cabo":"F-0102","capacidade":"18","extensao_km":14.605,"confianca":"MEDIA","fonte":"OSRM/OpenStreetMap","ponta_a":"JRM.CD","municipio_a":"JOAO RAMALHO","ponta_b":"RAC.HD","municipio_b":"RANCHARIA"},"geometry":{"type":"LineString","coordinates":[[-50.76606,-22.249309],[-50.767113,-22.252974],[-50.766547,-22.253219],[-50.76695,-22.25642],[-50.767331,-22.256814],[-50.768741,-22.256664],[-50.770397,-22.256783],[-50.775236,-22.25658],[-50.786,-22.256021],[-50.86356,-22.243307],[-50.864855,-22.242932],[-50.867835,-22.242427],[-50.869659,-22.242297],[-50.88275,-22.240123],[-50.883595,-22.23969],[-50.887712,-22.239037],[-50.888319,-22.238573],[-50.891806,-22.230227],[-50.892141,-22.230346]]}},{"type":"Feature","properties":{"id_backbone":"BB-4881F6DB9931","trecho":"LEP.GP-LEP.RD","cluster":"BAURU","cabo":"F-0123-00","capacidade":"24","extensao_km":7.494,"confianca":"ALTA","fonte":"OSRM/OpenStreetMap","ponta_a":"LEP.GP","municipio_a":"LENCOIS PAULISTA","ponta_b":"LEP.RD","municipio_b":"LENCOIS PAULISTA"},"geometry":{"type":"LineString","coordinates":[[-48.796977,-22.593298],[-48.796605,-22.593388],[-48.796367,-22.594318],[-48.796612,-22.595241],[-48.799128,-22.594972],[-48.799919,-22.594469],[-48.800916,-22.594207],[-48.801232,-22.59328],[-48.804319,-22.59127],[-48.804474,-22.590919],[-48.804962,-22.590854],[-48.806488,-22.589839],[-48.806873,-22.589357],[-48.807122,-22.589374],[-48.807119,-22.589956],[-48.806524,-22.590593],[-48.80667,-22.59118],[-48.812069,-22.59867],[-48.813415,-22.600966],[-48.813931,-22.601505],[-48.814112,-22.602211],[-48.816168,-22.605985],[-48.81676,-22.606665],[-48.817059,-22.607602],[-48.82137,-22.615365],[-48.821908,-22.615978],[-48.822204,-22.61689],[-48.825282,-22.622353],[-48.827106,-22.624173],[-48.837321,-22.630933],[-48.83685,-22.631101],[-48.837462,-22.63139]]}},{"type":"Feature","properties":{"id_backbone":"BB-F1BE13139703","trecho":"LIS.RD-LIS.SS","cluster":"BAURU","cabo":"F-0312-00","capacidade":"36","extensao_km":5.008,"confianca":"ALTA","fonte":"OSRM/OpenStreetMap","ponta_a":"LIS.RD","municipio_a":"LINS","ponta_b":"LIS.SS","municipio_b":"LINS"},"geometry":{"type":"LineString","coordinates":[[-49.789522,-21.664492],[-49.789488,-21.661947],[-49.778997,-21.665797],[-49.77662,-21.667114],[-49.770639,-21.671133],[-49.763385,-21.675511],[-49.762066,-21.674821],[-49.760965,-21.675958],[-49.760034,-21.67567],[-49.756272,-21.673867],[-49.752597,-21.671768],[-49.750547,-21.67333],[-49.750364,-21.673129]]}},{"type":"Feature","properties":{"id_backbone":"BB-DD8492519916","trecho":"LME.AM-LME.RD","cluster":"CAMPINAS","cabo":"F-0001","capacidade":"12","extensao_km":7.753,"confianca":"SEM_REFERENCIA","fonte":"OSRM/OpenStreetMap","ponta_a":"LME.AM","municipio_a":"LEME","ponta_b":"LME.RD","municipio_b":"LEME"},"geometry":{"type":"LineString","coordinates":[[-47.38355,-22.185219],[-47.383086,-22.184971],[-47.383565,-22.184176],[-47.393128,-22.189164],[-47.396293,-22.189233],[-47.39679,-22.188922],[-47.397362,-22.189258],[-47.398323,-22.189271],[-47.398904,-22.189085],[-47.399335,-22.189342],[-47.400561,-22.18965],[-47.406988,-22.191037],[-47.408994,-22.190937],[-47.417233,-22.188922],[-47.417695,-22.188931],[-47.425488,-22.193439],[-47.426304,-22.193688],[-47.442297,-22.191171],[-47.450087,-22.193454],[-47.450044,-22.191074]]}},{"type":"Feature","properties":{"id_backbone":"BB-BCC2BE86E87E","trecho":"LOU.RK-VIN.CA","cluster":"CAMPINAS","cabo":"F-0308","capacidade":"36","extensao_km":14.243,"confianca":"BAIXA","fonte":"OSRM/OpenStreetMap","ponta_a":"LOU.RK","municipio_a":"LOUVEIRA","ponta_b":"VIN.CA","municipio_b":"VINHEDO"},"geometry":{"type":"LineString","coordinates":[[-46.951976,-23.085298],[-46.951426,-23.085335],[-46.950733,-23.081944],[-46.950534,-23.08175],[-46.953581,-23.079284],[-46.953665,-23.077632],[-46.953317,-23.076993],[-46.952721,-23.076654],[-46.952523,-23.076365],[-46.952595,-23.075157],[-46.952192,-23.072159],[-46.94908,-23.064961],[-46.949005,-23.063484],[-46.949308,-23.06201],[-46.952836,-23.055654],[-46.953254,-23.055228],[-46.961203,-23.05146],[-46.962039,-23.050799],[-46.962468,-23.049962],[-46.963196,-23.047498],[-46.964871,-23.044756],[-46.965382,-23.04408],[-46.967083,-23.042849],[-46.968004,-23.04051],[-46.969602,-23.039245],[-46.970283,-23.037592],[-46.97282,-23.034367],[-46.972855,-23.033809],[-46.972099,-23.032256],[-46.972125,-23.03175],[-46.970713,-23.030881],[-46.970246,-23.031204],[-46.969174,-23.030582],[-46.968063,-23.030353],[-46.96726,-23.029999],[-46.966714,-23.029366],[-46.966447,-23.028161],[-46.966099,-23.027725],[-46.959881,-23.025111],[-46.958169,-23.024794],[-46.957114,-23.023911],[-46.956105,-23.023506],[-46.955422,-23.022805],[-46.953092,-23.021759],[-46.952675,-23.021396],[-46.951901,-23.019838],[-46.95132,-23.019022],[-46.949841,-23.018046],[-46.949,-23.017873],[-46.947713,-23.017936],[-46.946619,-23.017677],[-46.945157,-23.017744],[-46.943381,-23.017542],[-46.942718,-23.017611],[-46.94127,-23.018205],[-46.939312,-23.018745],[-46.934678,-23.020485],[-46.932124,-23.020696],[-46.928296,-23.020245],[-46.926201,-23.022182],[-46.923671,-23.023796],[-46.922064,-23.024368],[-46.920598,-23.025337],[-46.92002,-23.025906],[-46.921363,-23.025941],[-46.920516,-23.02713],[-46.92104,-23.028142],[-46.92179,-23.028852],[-46.920902,-23.029774]]}},{"type":"Feature","properties":{"id_backbone":"BB-ADE627690439","trecho":"LVA.JK-VAP.FF","cluster":"ARACATUBA","cabo":"F-0207","capacidade":"12","extensao_km":26.131,"confianca":"ALTA","fonte":"OSRM/OpenStreetMap","ponta_a":"LVA.JK","municipio_a":"LAVINIA","ponta_b":"VAP.FF","municipio_b":"VALPARAISO"},"geometry":{"type":"LineString","coordinates":[[-51.041069,-21.170017],[-51.040897,-21.169713],[-51.040093,-21.170099],[-51.038724,-21.16759],[-51.038505,-21.167442],[-51.037562,-21.164767],[-51.037108,-21.164085],[-51.008508,-21.12306],[-51.007738,-21.122375],[-51.005911,-21.122367],[-50.950335,-21.157355],[-50.896316,-21.200672],[-50.893783,-21.202559],[-50.890564,-21.204105],[-50.875442,-21.209187],[-50.868216,-21.211788],[-50.866623,-21.213791],[-50.866142,-21.217238],[-50.866291,-21.21812],[-50.868276,-21.218362],[-50.867723,-21.22316],[-50.865849,-21.222996],[-50.864321,-21.224115],[-50.864702,-21.224628],[-50.864998,-21.224556]]}},{"type":"Feature","properties":{"id_backbone":"BB-3D82332C04DE","trecho":"MAR.CL-MAR.TP","cluster":"JUNDIAI","cabo":"F-0682","capacidade":"24","extensao_km":8.127,"confianca":"BAIXA","fonte":"OSRM/OpenStreetMap","ponta_a":"MAR.CL","municipio_a":"MAIRIPORA","ponta_b":"MAR.TP","municipio_b":"MAIRIPORA"},"geometry":{"type":"LineString","coordinates":[[-46.531152,-23.313692],[-46.531531,-23.316065],[-46.530918,-23.315901],[-46.530565,-23.316163],[-46.530835,-23.316648],[-46.531512,-23.316912],[-46.532499,-23.316816],[-46.534782,-23.316155],[-46.536681,-23.316352],[-46.536868,-23.316213],[-46.537021,-23.315315],[-46.5381,-23.314292],[-46.538766,-23.313952],[-46.539465,-23.313906],[-46.54143,-23.314129],[-46.542217,-23.314778],[-46.546062,-23.315161],[-46.547568,-23.315843],[-46.549269,-23.31691],[-46.550601,-23.31724],[-46.552359,-23.31731],[-46.552684,-23.317626],[-46.552905,-23.318394],[-46.553128,-23.318536],[-46.553341,-23.318402],[-46.553772,-23.317585],[-46.554878,-23.314396],[-46.555374,-23.313596],[-46.555834,-23.313421],[-46.556648,-23.313411],[-46.557169,-23.312971],[-46.558015,-23.313286],[-46.558846,-23.313389],[-46.56105,-23.313298],[-46.561764,-23.312695],[-46.561413,-23.311784],[-46.561426,-23.311272],[-46.562343,-23.31099],[-46.562829,-23.310628],[-46.562941,-23.310396],[-46.562751,-23.309819],[-46.562967,-23.309477],[-46.563738,-23.309149],[-46.564729,-23.308987],[-46.566819,-23.30713],[-46.568559,-23.306959],[-46.56936,-23.308036],[-46.569683,-23.308235],[-46.571132,-23.307811],[-46.571719,-23.307419],[-46.572169,-23.30747],[-46.573372,-23.308679],[-46.574768,-23.311097],[-46.575776,-23.311575],[-46.576884,-23.311379],[-46.577319,-23.311455],[-46.582179,-23.315632],[-46.582552,-23.315651],[-46.583043,-23.315333],[-46.583432,-23.315563],[-46.583423,-23.315829],[-46.582948,-23.316002],[-46.582922,-23.316281],[-46.584598,-23.317946],[-46.586087,-23.318282]]}},{"type":"Feature","properties":{"id_backbone":"BB-F00ADFBE176B","trecho":"MAR.PP-SPO.SZ","cluster":"JUNDIAI","cabo":"F-0862","capacidade":"144","extensao_km":12.375,"confianca":"BAIXA","fonte":"OSRM/OpenStreetMap","ponta_a":"MAR.PP","municipio_a":"MAIRIPORA","ponta_b":"SPO.SZ","municipio_b":"SAO PAULO"},"geometry":{"type":"LineString","coordinates":[[-46.638107,-23.39178],[-46.638,-23.393027],[-46.637832,-23.393419],[-46.636266,-23.394159],[-46.635803,-23.394637],[-46.635167,-23.394575],[-46.634807,-23.395048],[-46.633567,-23.394848],[-46.632988,-23.39505],[-46.632537,-23.395661],[-46.631959,-23.395714],[-46.631268,-23.396565],[-46.629614,-23.397512],[-46.6288,-23.398851],[-46.628076,-23.399361],[-46.626168,-23.39768],[-46.625651,-23.397488],[-46.625227,-23.397645],[-46.625688,-23.398275],[-46.626204,-23.399428],[-46.626193,-23.399704],[-46.62465,-23.401246],[-46.623442,-23.401838],[-46.622708,-23.403825],[-46.622715,-23.406051],[-46.623179,-23.407296],[-46.622916,-23.407951],[-46.622314,-23.408701],[-46.621651,-23.412017],[-46.621912,-23.412631],[-46.622809,-23.41342],[-46.622898,-23.414038],[-46.622668,-23.415104],[-46.622055,-23.416283],[-46.622354,-23.417888],[-46.622188,-23.418669],[-46.621767,-23.419442],[-46.621664,-23.420873],[-46.62134,-23.421386],[-46.620264,-23.422298],[-46.619945,-23.423101],[-46.619986,-23.424133],[-46.620434,-23.424763],[-46.620467,-23.425049],[-46.619651,-23.426509],[-46.619647,-23.426956],[-46.619925,-23.427423],[-46.619905,-23.42789],[-46.619555,-23.429366],[-46.618987,-23.430451],[-46.618882,-23.432416],[-46.618661,-23.433356],[-46.618711,-23.434057],[-46.619114,-23.43476],[-46.619154,-23.435976],[-46.618831,-23.436986],[-46.618332,-23.437772],[-46.617104,-23.438594],[-46.616166,-23.438804],[-46.616167,-23.440386],[-46.615887,-23.44026],[-46.615338,-23.440318],[-46.615191,-23.440071],[-46.615543,-23.439387],[-46.615755,-23.438324],[-46.616568,-23.437795],[-46.616744,-23.437474],[-46.616539,-23.437252],[-46.616655,-23.43687],[-46.616273,-23.435772],[-46.616254,-23.435244],[-46.61576,-23.435084],[-46.615344,-23.4343],[-46.614863,-23.43398],[-46.614062,-23.433065],[-46.611207,-23.43194],[-46.609189,-23.432023],[-46.608972,-23.431775],[-46.608388,-23.431579],[-46.608061,-23.430995],[-46.608078,-23.430316],[-46.608541,-23.429589],[-46.609275,-23.429257],[-46.609612,-23.428824],[-46.609614,-23.428571],[-46.608351,-23.42881],[-46.607752,-23.42877],[-46.607143,-23.429236],[-46.605898,-23.42856],[-46.605816,-23.4282],[-46.6053,-23.427756],[-46.604955,-23.427185],[-46.604573,-23.427212],[-46.603198,-23.426796],[-46.602915,-23.426231],[-46.601744,-23.426235],[-46.601484,-23.426067],[-46.601108,-23.426891],[-46.600376,-23.426994],[-46.600471,-23.427722],[-46.600146,-23.427831],[-46.599618,-23.428619],[-46.598348,-23.4287],[-46.59772,-23.429241],[-46.596709,-23.428699],[-46.595467,-23.428806],[-46.594761,-23.428521],[-46.594206,-23.427816],[-46.593977,-23.4278],[-46.593743,-23.427499],[-46.592503,-23.427095],[-46.592068,-23.426775],[-46.591247,-23.425047],[-46.589647,-23.423294],[-46.589472,-23.422844],[-46.589451,-23.421603]]}},{"type":"Feature","properties":{"id_backbone":"BB-9D7435314350","trecho":"MAT.VR-PDR.PN","cluster":"BAURU","cabo":"F-0183-00","capacidade":"36","extensao_km":20.783,"confianca":"ALTA","fonte":"OSRM/OpenStreetMap","ponta_a":"MAT.VR","municipio_a":"MACATUBA","ponta_b":"PDR.PN","municipio_b":"PEDERNEIRAS"},"geometry":{"type":"LineString","coordinates":[[-48.710799,-22.503248],[-48.710712,-22.503093],[-48.71137,-22.502779],[-48.707024,-22.49525],[-48.711799,-22.493814],[-48.715748,-22.49326],[-48.716345,-22.492946],[-48.716005,-22.487564],[-48.716195,-22.485868],[-48.716962,-22.48335],[-48.718368,-22.480981],[-48.723872,-22.474208],[-48.724509,-22.473097],[-48.725186,-22.471196],[-48.728142,-22.439975],[-48.728095,-22.437066],[-48.726723,-22.420504],[-48.726811,-22.419536],[-48.727168,-22.418436],[-48.728106,-22.41705],[-48.740169,-22.40475],[-48.741344,-22.403369],[-48.742317,-22.401804],[-48.752187,-22.382761],[-48.752887,-22.380984],[-48.753423,-22.378331],[-48.753723,-22.361478],[-48.75356,-22.361255],[-48.753308,-22.361276],[-48.753255,-22.36194],[-48.753442,-22.362258],[-48.754829,-22.3622],[-48.756443,-22.361241],[-48.766261,-22.358049],[-48.768206,-22.357505],[-48.770448,-22.357181],[-48.770777,-22.356893],[-48.773519,-22.352851],[-48.775998,-22.354331],[-48.776679,-22.353388]]}},{"type":"Feature","properties":{"id_backbone":"BB-7ACCA166D622","trecho":"MEG.LG-SOR.CN","cluster":"CAMPINAS","cabo":"F-0228","capacidade":"24","extensao_km":29.553,"confianca":"ALTA","fonte":"OSRM/OpenStreetMap","ponta_a":"MEG.LG","municipio_a":"MONTE ALEGRE DO SUL","ponta_b":"SOR.CN","municipio_b":"SOCORRO"},"geometry":{"type":"LineString","coordinates":[[-46.679088,-22.680431],[-46.678981,-22.681727],[-46.679127,-22.686931],[-46.679508,-22.687366],[-46.679397,-22.687536],[-46.679914,-22.688714],[-46.680491,-22.689375],[-46.682058,-22.690039],[-46.682279,-22.690088],[-46.682551,-22.689867],[-46.682346,-22.689551],[-46.681003,-22.690149],[-46.680648,-22.690463],[-46.680098,-22.691503],[-46.678507,-22.692989],[-46.678243,-22.693499],[-46.67826,-22.694662],[-46.67804,-22.695031],[-46.676792,-22.695923],[-46.676366,-22.696458],[-46.676079,-22.697153],[-46.675907,-22.698951],[-46.675352,-22.699597],[-46.674403,-22.69983],[-46.671064,-22.700002],[-46.670311,-22.700252],[-46.669001,-22.701136],[-46.668445,-22.701173],[-46.666929,-22.70087],[-46.664553,-22.701665],[-46.661194,-22.703916],[-46.660156,-22.704936],[-46.659013,-22.704274],[-46.658122,-22.703385],[-46.656775,-22.702936],[-46.655925,-22.701712],[-46.653725,-22.700103],[-46.652949,-22.699333],[-46.651609,-22.699323],[-46.650684,-22.699654],[-46.64936,-22.69939],[-46.648812,-22.699439],[-46.647096,-22.700249],[-46.646616,-22.700734],[-46.645657,-22.700772],[-46.64548,-22.701461],[-46.644077,-22.702852],[-46.643762,-22.703063],[-46.642889,-22.703222],[-46.642181,-22.703663],[-46.641883,-22.704876],[-46.64111,-22.705097],[-46.640088,-22.704881],[-46.638902,-22.704151],[-46.638465,-22.705782],[-46.637156,-22.706327],[-46.636418,-22.70788],[-46.635862,-22.708257],[-46.634896,-22.708186],[-46.63419,-22.70847],[-46.631979,-22.707529],[-46.63042,-22.705759],[-46.629194,-22.70492],[-46.626288,-22.702478],[-46.625808,-22.702239],[-46.624637,-22.702031],[-46.623996,-22.701618],[-46.623131,-22.699875],[-46.621825,-22.699034],[-46.620251,-22.697322],[-46.619918,-22.696336],[-46.619251,-22.696601],[-46.618165,-22.696172],[-46.617603,-22.696184],[-46.614486,-22.697059],[-46.613617,-22.696739],[-46.611847,-22.695483],[-46.610726,-22.695344],[-46.609287,-22.694719],[-46.608477,-22.69466],[-46.607958,-22.694372],[-46.606278,-22.692918],[-46.604771,-22.692049],[-46.602175,-22.688659],[-46.601622,-22.687406],[-46.600556,-22.685886],[-46.599954,-22.685332],[-46.599458,-22.685114],[-46.599057,-22.685083],[-46.598209,-22.685378],[-46.596995,-22.685269],[-46.59636,-22.685495],[-46.595291,-22.68752],[-46.595248,-22.688336],[-46.593808,-22.688419],[-46.592815,-22.689534],[-46.592804,-22.691183],[-46.591999,-22.692208],[-46.591124,-22.692516],[-46.589124,-22.692663],[-46.588016,-22.693229],[-46.587245,-22.694167],[-46.586639,-22.694409],[-46.585946,-22.694213],[-46.585132,-22.693645],[-46.583097,-22.69093],[-46.582423,-22.689625],[-46.58122,-22.689285],[-46.579848,-22.689392],[-46.579516,-22.689283],[-46.57813,-22.688097],[-46.57691,-22.686521],[-46.576466,-22.686201],[-46.575834,-22.686228],[-46.57507,-22.685958],[-46.574045,-22.685913],[-46.570708,-22.686786],[-46.569786,-22.68775],[-46.569279,-22.687889],[-46.568992,-22.687799],[-46.568569,-22.687552],[-46.568129,-22.684435],[-46.567777,-22.683649],[-46.567158,-22.682985],[-46.56563,-22.681891],[-46.562631,-22.676926],[-46.560799,-22.674544],[-46.553589,-22.664043],[-46.552948,-22.663592],[-46.552334,-22.663393],[-46.549949,-22.663262],[-46.54646,-22.662131],[-46.545331,-22.6615],[-46.544499,-22.66051],[-46.544199,-22.659142],[-46.544813,-22.656827],[-46.544767,-22.655968],[-46.543393,-22.652985],[-46.54183,-22.650542],[-46.539128,-22.647102],[-46.53695,-22.639378],[-46.536592,-22.638578],[-46.535524,-22.637053],[-46.535114,-22.634403],[-46.533695,-22.6317],[-46.533725,-22.631043],[-46.534417,-22.628477],[-46.534567,-22.623863],[-46.533893,-22.6209],[-46.531668,-22.616526],[-46.531146,-22.613399],[-46.530387,-22.610715],[-46.530519,-22.609584],[-46.529308,-22.608233],[-46.529168,-22.607027],[-46.529211,-22.605161],[-46.5285,-22.602838],[-46.526618,-22.599477],[-46.527599,-22.599415],[-46.527706,-22.598723],[-46.52848,-22.597786],[-46.528437,-22.596993],[-46.529008,-22.596904],[-46.528906,-22.594019],[-46.528359,-22.593975],[-46.528334,-22.594508],[-46.527831,-22.594537]]}},{"type":"Feature","properties":{"id_backbone":"BB-00F03FC0FF84","trecho":"MGU.MJ-MMM.RD","cluster":"CAMPINAS","cabo":"F-0109","capacidade":"12","extensao_km":33.871,"confianca":"SEM_REFERENCIA","fonte":"OSRM/OpenStreetMap","ponta_a":"MGU.MJ","municipio_a":"MOGI GUACU","ponta_b":"MMM.RD","municipio_b":"MOGI MIRIM"},"geometry":{"type":"LineString","coordinates":[[-47.133793,-22.2871],[-47.13386,-22.289251],[-47.133506,-22.289877],[-47.132985,-22.297813],[-47.13273,-22.299082],[-47.132464,-22.312051],[-47.132583,-22.313034],[-47.133031,-22.314455],[-47.134101,-22.316161],[-47.135148,-22.317133],[-47.154033,-22.332241],[-47.155034,-22.333285],[-47.15583,-22.334891],[-47.157731,-22.342779],[-47.158261,-22.343579],[-47.158169,-22.344437],[-47.158324,-22.345294],[-47.159065,-22.346349],[-47.158956,-22.346756],[-47.158507,-22.346849],[-47.157479,-22.346187],[-47.154171,-22.34545],[-47.151026,-22.345258],[-47.140027,-22.347836],[-47.138803,-22.348325],[-47.136935,-22.349359],[-47.123183,-22.357136],[-47.121666,-22.358127],[-47.109099,-22.371882],[-47.101889,-22.377574],[-47.100475,-22.378924],[-47.099242,-22.380843],[-47.098458,-22.38308],[-47.096508,-22.393055],[-47.094274,-22.397345],[-47.093668,-22.398017],[-47.0866,-22.403545],[-47.073722,-22.416115],[-47.072918,-22.416809],[-47.071907,-22.417351],[-47.070258,-22.41774],[-47.056171,-22.417994],[-47.055272,-22.418131],[-47.0545,-22.41845],[-47.051819,-22.420223],[-47.050797,-22.420732],[-47.035111,-22.424353],[-47.033875,-22.424838],[-47.032598,-22.425933],[-47.030127,-22.430213],[-47.029412,-22.430896],[-47.028464,-22.431353],[-47.016677,-22.432413],[-47.015392,-22.432581],[-47.014205,-22.432963],[-47.012573,-22.434138],[-47.005356,-22.443383],[-47.004262,-22.445145],[-47.004359,-22.445668],[-47.004825,-22.445843],[-47.005176,-22.445667],[-47.005298,-22.445319],[-47.005186,-22.445027],[-47.004768,-22.444705],[-46.992252,-22.439447],[-46.99063,-22.43905],[-46.984626,-22.438215],[-46.98449,-22.438534],[-46.984899,-22.438914],[-46.985305,-22.438951],[-46.985587,-22.438422],[-46.985452,-22.43624],[-46.98512,-22.434651],[-46.980858,-22.422599],[-46.980542,-22.42242],[-46.976397,-22.426001]]}},{"type":"Feature","properties":{"id_backbone":"BB-1D12DA2B3531","trecho":"MIA.JA-VUZ.VC","cluster":"BAURU","cabo":"F-0137-02","capacidade":"12","extensao_km":17.917,"confianca":"ALTA","fonte":"OSRM/OpenStreetMap","ponta_a":"MIA.JA","municipio_a":"MARILIA","ponta_b":"VUZ.VC","municipio_b":"VERA CRUZ"},"geometry":{"type":"LineString","coordinates":[[-49.952919,-22.213838],[-49.95247,-22.214976],[-49.954252,-22.215589],[-49.949905,-22.226825],[-49.950826,-22.227145],[-49.950896,-22.227308],[-49.950272,-22.228578],[-49.94919,-22.229391],[-49.948831,-22.230109],[-49.948397,-22.230012],[-49.947586,-22.229354],[-49.946164,-22.228676],[-49.944618,-22.228162],[-49.941124,-22.227464],[-49.94018,-22.227437],[-49.938885,-22.227772],[-49.936639,-22.228735],[-49.93106,-22.23191],[-49.92912,-22.232496],[-49.927597,-22.232679],[-49.924783,-22.232438],[-49.847833,-22.215335],[-49.845588,-22.215088],[-49.843533,-22.215237],[-49.841414,-22.215785],[-49.839474,-22.216694],[-49.837357,-22.218065],[-49.823954,-22.22839],[-49.8229,-22.229408],[-49.82251,-22.230566],[-49.822199,-22.230746],[-49.821107,-22.229203],[-49.821061,-22.228857],[-49.823551,-22.227104],[-49.819632,-22.22199],[-49.822349,-22.220174]]}},{"type":"Feature","properties":{"id_backbone":"BB-8FB5411BC0AE","trecho":"MIA.JA-RBD.AP","cluster":"BAURU","cabo":"F-0305-00","capacidade":"36","extensao_km":73.764,"confianca":"MEDIA","fonte":"OSRM/OpenStreetMap","ponta_a":"MIA.JA","municipio_a":"MARILIA","ponta_b":"RBD.AP","municipio_b":"RIBEIRAO DO SUL"},"geometry":{"type":"LineString","coordinates":[[-49.952919,-22.213838],[-49.952806,-22.214123],[-49.950189,-22.213242],[-49.949971,-22.213597],[-49.949351,-22.214976],[-49.94751,-22.223023],[-49.945644,-22.228869],[-49.945186,-22.229303],[-49.94343,-22.229906],[-49.942905,-22.230328],[-49.942464,-22.231208],[-49.942168,-22.232477],[-49.941604,-22.233816],[-49.940531,-22.235232],[-49.938355,-22.237193],[-49.937971,-22.237861],[-49.937547,-22.239417],[-49.937248,-22.239925],[-49.933704,-22.243451],[-49.93211,-22.24207],[-49.928589,-22.245494],[-49.927833,-22.244547],[-49.921074,-22.24654],[-49.920851,-22.24617],[-49.920517,-22.246266],[-49.920673,-22.247215],[-49.921001,-22.248007],[-49.920937,-22.248894],[-49.921476,-22.252745],[-49.92369,-22.266754],[-49.923706,-22.267923],[-49.923517,-22.268988],[-49.916524,-22.286461],[-49.913667,-22.293153],[-49.909714,-22.297698],[-49.905622,-22.300496],[-49.904113,-22.302937],[-49.899467,-22.30836],[-49.898422,-22.310365],[-49.898091,-22.311787],[-49.898033,-22.312927],[-49.898748,-22.333896],[-49.898962,-22.336305],[-49.898947,-22.340773],[-49.898584,-22.343059],[-49.897942,-22.344499],[-49.889162,-22.356947],[-49.885479,-22.363394],[-49.884292,-22.364855],[-49.882886,-22.366184],[-49.881921,-22.36683],[-49.870562,-22.372111],[-49.869117,-22.372545],[-49.868344,-22.372447],[-49.867476,-22.371855],[-49.865917,-22.369104],[-49.865509,-22.368631],[-49.864633,-22.368559],[-49.86427,-22.368768],[-49.864022,-22.369185],[-49.864388,-22.371258],[-49.864299,-22.373403],[-49.864408,-22.373982],[-49.864747,-22.374681],[-49.866434,-22.376709],[-49.86661,-22.377894],[-49.865719,-22.384872],[-49.862068,-22.402253],[-49.858631,-22.435747],[-49.858709,-22.438046],[-49.859351,-22.44092],[-49.862256,-22.447722],[-49.863112,-22.449171],[-49.864853,-22.450838],[-49.871421,-22.454669],[-49.872447,-22.455469],[-49.885565,-22.469629],[-49.887189,-22.47162],[-49.888474,-22.473968],[-49.889184,-22.476237],[-49.889426,-22.477925],[-49.889441,-22.514421],[-49.889593,-22.516562],[-49.889486,-22.523813],[-49.889641,-22.769432],[-49.88979,-22.773665],[-49.890021,-22.774188],[-49.890433,-22.774442],[-49.894471,-22.774581],[-49.897352,-22.775087],[-49.921855,-22.782234],[-49.922314,-22.782236],[-49.922672,-22.782454],[-49.931315,-22.784995],[-49.932048,-22.782914]]}},{"type":"Feature","properties":{"id_backbone":"BB-529DD1082047","trecho":"MIA.JA-ORN.MP","cluster":"BAURU","cabo":"F-0302","capacidade":"36","extensao_km":92.572,"confianca":"SEM_REFERENCIA","fonte":"OSRM/OpenStreetMap","ponta_a":"MIA.JA","municipio_a":"MARILIA","ponta_b":"ORN.MP","municipio_b":"OURINHOS"},"geometry":{"type":"LineString","coordinates":[[-49.952919,-22.213838],[-49.952806,-22.214123],[-49.950189,-22.213242],[-49.949971,-22.213597],[-49.949351,-22.214976],[-49.94751,-22.223023],[-49.945644,-22.228869],[-49.945186,-22.229303],[-49.94343,-22.229906],[-49.942905,-22.230328],[-49.942464,-22.231208],[-49.942168,-22.232477],[-49.941604,-22.233816],[-49.940531,-22.235232],[-49.938355,-22.237193],[-49.937971,-22.237861],[-49.937547,-22.239417],[-49.937248,-22.239925],[-49.933704,-22.243451],[-49.93211,-22.24207],[-49.928589,-22.245494],[-49.927833,-22.244547],[-49.921074,-22.24654],[-49.920851,-22.24617],[-49.920517,-22.246266],[-49.920673,-22.247215],[-49.921001,-22.248007],[-49.920937,-22.248894],[-49.921476,-22.252745],[-49.92369,-22.266754],[-49.923706,-22.267923],[-49.923517,-22.268988],[-49.916524,-22.286461],[-49.913667,-22.293153],[-49.909714,-22.297698],[-49.905622,-22.300496],[-49.904113,-22.302937],[-49.899467,-22.30836],[-49.898422,-22.310365],[-49.898091,-22.311787],[-49.898033,-22.312927],[-49.898748,-22.333896],[-49.898962,-22.336305],[-49.898947,-22.340773],[-49.898584,-22.343059],[-49.897942,-22.344499],[-49.889162,-22.356947],[-49.885479,-22.363394],[-49.884292,-22.364855],[-49.882886,-22.366184],[-49.881921,-22.36683],[-49.870562,-22.372111],[-49.869117,-22.372545],[-49.868344,-22.372447],[-49.867476,-22.371855],[-49.865917,-22.369104],[-49.865509,-22.368631],[-49.864633,-22.368559],[-49.86427,-22.368768],[-49.864022,-22.369185],[-49.864388,-22.371258],[-49.864299,-22.373403],[-49.864408,-22.373982],[-49.864747,-22.374681],[-49.866434,-22.376709],[-49.86661,-22.377894],[-49.865719,-22.384872],[-49.861999,-22.402759],[-49.858663,-22.435199],[-49.858662,-22.437492],[-49.858958,-22.439497],[-49.859695,-22.441843],[-49.862256,-22.447722],[-49.863112,-22.449171],[-49.864853,-22.450838],[-49.871421,-22.454669],[-49.872447,-22.455469],[-49.886143,-22.470265],[-49.887444,-22.472006],[-49.888474,-22.473968],[-49.889184,-22.476237],[-49.889453,-22.478421],[-49.889441,-22.514421],[-49.889593,-22.516562],[-49.889486,-22.523813],[-49.889509,-22.608731],[-49.889672,-22.77238],[-49.889558,-22.906641],[-49.889678,-22.910067],[-49.889965,-22.912349],[-49.890216,-22.91292],[-49.890786,-22.913422],[-49.890997,-22.913895],[-49.89091,-22.914216],[-49.89002,-22.915194],[-49.889719,-22.9158],[-49.889589,-22.916861],[-49.889564,-22.921873],[-49.889662,-22.923761],[-49.890853,-22.927843],[-49.891099,-22.928363],[-49.891683,-22.928777],[-49.891849,-22.929324],[-49.891502,-22.929965],[-49.889985,-22.930712],[-49.889133,-22.932141],[-49.888877,-22.933119],[-49.8884,-22.93755],[-49.888165,-22.938271],[-49.887409,-22.939545],[-49.884776,-22.94241],[-49.878444,-22.949734],[-49.876318,-22.95243],[-49.873492,-22.955457],[-49.869015,-22.96078],[-49.869137,-22.962025],[-49.868039,-22.974902],[-49.868154,-22.977492]]}},{"type":"Feature","properties":{"id_backbone":"BB-D202EB62FF55","trecho":"MID.NU-VAP.FF","cluster":"ARACATUBA","cabo":"F-0237","capacidade":"72","extensao_km":33.684,"confianca":"SEM_REFERENCIA","fonte":"OSRM/OpenStreetMap","ponta_a":"MID.NU","municipio_a":"MIRANDOPOLIS","ponta_b":"VAP.FF","municipio_b":"VALPARAISO"},"geometry":{"type":"LineString","coordinates":[[-51.103044,-21.132412],[-51.103566,-21.132638],[-51.103164,-21.133421],[-51.101492,-21.132669],[-51.101778,-21.13181],[-51.100708,-21.131217],[-51.101634,-21.129404],[-51.097207,-21.127376],[-51.093653,-21.12472],[-51.084698,-21.111699],[-51.082378,-21.109867],[-51.07684,-21.102916],[-51.066744,-21.091852],[-51.063677,-21.087684],[-51.063211,-21.087411],[-51.061976,-21.08719],[-51.061477,-21.087262],[-50.950335,-21.157355],[-50.896316,-21.200672],[-50.893783,-21.202559],[-50.890564,-21.204105],[-50.875442,-21.209187],[-50.868216,-21.211788],[-50.866623,-21.213791],[-50.866142,-21.217238],[-50.866291,-21.21812],[-50.868276,-21.218362],[-50.867723,-21.22316],[-50.865849,-21.222996],[-50.864321,-21.224115],[-50.864702,-21.224628],[-50.864998,-21.224556]]}},{"type":"Feature","properties":{"id_backbone":"BB-A57AC1D710E4","trecho":"MMM.MF-MMM.PJ","cluster":"CAMPINAS","cabo":"F-0099","capacidade":"12","extensao_km":11.623,"confianca":"SEM_REFERENCIA","fonte":"OSRM/OpenStreetMap","ponta_a":"MMM.MF","municipio_a":"MOGI MIRIM","ponta_b":"MMM.PJ","municipio_b":"MOGI MIRIM"},"geometry":{"type":"LineString","coordinates":[[-46.951726,-22.521718],[-46.953445,-22.521332],[-46.956286,-22.522189],[-46.957537,-22.519542],[-46.958187,-22.518602],[-46.955512,-22.509271],[-46.954181,-22.505899],[-46.954448,-22.50182],[-46.955929,-22.496235],[-46.957972,-22.491166],[-46.957962,-22.490477],[-46.957693,-22.489521],[-46.95641,-22.487068],[-46.956841,-22.48658],[-46.958045,-22.483667],[-46.958966,-22.480501],[-46.961229,-22.474381],[-46.961271,-22.472204],[-46.961119,-22.47056],[-46.960772,-22.470129],[-46.960959,-22.469759],[-46.960907,-22.469098],[-46.960617,-22.468685],[-46.96082,-22.467996],[-46.960495,-22.467092],[-46.959963,-22.466248],[-46.959453,-22.464362],[-46.959254,-22.464122],[-46.959303,-22.463733],[-46.959048,-22.46288],[-46.958666,-22.462133],[-46.958247,-22.461746],[-46.95854,-22.461678],[-46.959177,-22.460896],[-46.960839,-22.459499],[-46.963131,-22.458395],[-46.962016,-22.447915],[-46.963665,-22.444992],[-46.964013,-22.444064],[-46.966559,-22.440728],[-46.966549,-22.440572],[-46.965154,-22.439429],[-46.962689,-22.43839],[-46.960404,-22.4357],[-46.961745,-22.434852],[-46.960945,-22.433702],[-46.960138,-22.434224]]}},{"type":"Feature","properties":{"id_backbone":"BB-18CF027F18FF","trecho":"MND.AA-NOL.RG","cluster":"SAO JOSE DO RIO PRETO","cabo":"TR-0068","capacidade":"4","extensao_km":22.395,"confianca":"ALTA","fonte":"OSRM/OpenStreetMap","ponta_a":"MND.AA","municipio_a":"MENDONCA","ponta_b":"NOL.RG","municipio_b":"NOVA ALIANCA"},"geometry":{"type":"LineString","coordinates":[[-49.579823,-21.183074],[-49.579722,-21.182463],[-49.577963,-21.182679],[-49.578046,-21.183513],[-49.57787,-21.183536],[-49.573696,-21.182379],[-49.57196,-21.181432],[-49.570566,-21.180197],[-49.5696,-21.17869],[-49.569098,-21.177524],[-49.568767,-21.175811],[-49.567961,-21.155024],[-49.567644,-21.153058],[-49.567156,-21.151606],[-49.565806,-21.149283],[-49.550083,-21.129423],[-49.549288,-21.12823],[-49.547959,-21.125193],[-49.546331,-21.117251],[-49.545439,-21.114595],[-49.543938,-21.112112],[-49.539097,-21.105789],[-49.53817,-21.104009],[-49.53778,-21.102135],[-49.537954,-21.100146],[-49.542829,-21.081509],[-49.542951,-21.079681],[-49.542904,-21.073985],[-49.542545,-21.07217],[-49.541484,-21.070547],[-49.535237,-21.065291],[-49.533657,-21.06344],[-49.532389,-21.061025],[-49.530816,-21.05578],[-49.529845,-21.053399],[-49.527538,-21.04986],[-49.522546,-21.043287],[-49.520424,-21.041365],[-49.515034,-21.038043],[-49.512197,-21.036052],[-49.502869,-21.027819],[-49.501703,-21.025842],[-49.501272,-21.024034],[-49.501745,-21.017776],[-49.499419,-21.017247],[-49.499647,-21.016339],[-49.498453,-21.016092]]}},{"type":"Feature","properties":{"id_backbone":"BB-E9EC477B6A8F","trecho":"MOC.RB-SJR.FG","cluster":"CAMPINAS","cabo":"F-0223","capacidade":"36","extensao_km":23.207,"confianca":"ALTA","fonte":"OSRM/OpenStreetMap","ponta_a":"MOC.RB","municipio_a":"MOCOCA","ponta_b":"SJR.FG","municipio_b":"SAO JOSE DO RIO PARDO"},"geometry":{"type":"LineString","coordinates":[[-47.00214,-21.466473],[-47.002845,-21.46598],[-47.002336,-21.46538],[-46.998862,-21.467627],[-46.999633,-21.46829],[-47.000477,-21.469371],[-47.000625,-21.469778],[-47.000618,-21.47008],[-47.00017,-21.470386],[-46.999426,-21.470387],[-46.999319,-21.472456],[-46.997911,-21.476863],[-46.998145,-21.477942],[-46.999372,-21.480334],[-47.000025,-21.482162],[-47.000059,-21.485704],[-46.999455,-21.487509],[-46.99873,-21.488609],[-46.998622,-21.489014],[-46.998103,-21.489475],[-46.99637,-21.491982],[-46.995628,-21.493426],[-46.99569,-21.497964],[-46.996134,-21.500329],[-46.995533,-21.502078],[-46.994715,-21.503521],[-46.991113,-21.505913],[-46.990824,-21.506321],[-46.990496,-21.508174],[-46.991224,-21.510126],[-46.991056,-21.510765],[-46.990188,-21.511668],[-46.987426,-21.513675],[-46.984778,-21.516218],[-46.984241,-21.5174],[-46.983624,-21.518114],[-46.982846,-21.518408],[-46.981526,-21.518508],[-46.978753,-21.520858],[-46.976183,-21.523339],[-46.975421,-21.524372],[-46.973491,-21.526009],[-46.968442,-21.530956],[-46.96683,-21.532802],[-46.965733,-21.533698],[-46.965726,-21.534435],[-46.966141,-21.535375],[-46.966004,-21.537048],[-46.966176,-21.538054],[-46.965682,-21.539403],[-46.965628,-21.540599],[-46.965095,-21.542979],[-46.964522,-21.544703],[-46.964556,-21.545082],[-46.965065,-21.546107],[-46.965057,-21.546588],[-46.964921,-21.547102],[-46.964149,-21.547996],[-46.963864,-21.549055],[-46.9638,-21.552676],[-46.96321,-21.556335],[-46.963371,-21.55885],[-46.965152,-21.564737],[-46.965056,-21.565241],[-46.96337,-21.566739],[-46.961639,-21.567548],[-46.959983,-21.567293],[-46.957162,-21.567849],[-46.95612,-21.568721],[-46.955691,-21.569565],[-46.953932,-21.571893],[-46.953205,-21.572412],[-46.951204,-21.574684],[-46.950198,-21.575294],[-46.949012,-21.575753],[-46.946507,-21.578387],[-46.945724,-21.579657],[-46.945079,-21.579803],[-46.944029,-21.580557],[-46.933169,-21.581595],[-46.9285,-21.581612],[-46.924039,-21.581406],[-46.922774,-21.581516],[-46.920822,-21.581249],[-46.920159,-21.581438],[-46.912647,-21.583917],[-46.910738,-21.585115],[-46.905758,-21.586953],[-46.902288,-21.589305],[-46.90074,-21.590575],[-46.89955,-21.591203],[-46.898643,-21.593154],[-46.896715,-21.593659],[-46.895905,-21.594412],[-46.894218,-21.593494],[-46.893565,-21.594325],[-46.892396,-21.594986],[-46.890777,-21.594575],[-46.889147,-21.595228],[-46.890636,-21.598471],[-46.889798,-21.598838],[-46.889161,-21.597574]]}},{"type":"Feature","properties":{"id_backbone":"BB-E0CE50A56A4C","trecho":"MOE.MG-TUB.SG","cluster":"SAO JOSE DO RIO PRETO","cabo":"TR#1562","capacidade":"24 F","extensao_km":16.072,"confianca":"ALTA","fonte":"OSRM/OpenStreetMap","ponta_a":"MOE.MG","municipio_a":"MONCOES","ponta_b":"TUB.SG","municipio_b":"TURIUBA"},"geometry":{"type":"LineString","coordinates":[[-50.090788,-20.851412],[-50.091577,-20.852105],[-50.093454,-20.850233],[-50.094649,-20.851255],[-50.103143,-20.848669],[-50.10349,-20.848434],[-50.103623,-20.848137],[-50.103239,-20.847007],[-50.103403,-20.846858],[-50.103614,-20.846942],[-50.105887,-20.855443],[-50.105997,-20.856609],[-50.107867,-20.863597],[-50.108376,-20.864835],[-50.109335,-20.868441],[-50.109443,-20.869528],[-50.119798,-20.908087],[-50.12156,-20.912412],[-50.134113,-20.937918],[-50.134832,-20.938895],[-50.134716,-20.939126],[-50.13393,-20.939184],[-50.114774,-20.947509],[-50.11296,-20.947894],[-50.110746,-20.947624],[-50.110338,-20.947696],[-50.109494,-20.9511],[-50.105715,-20.950252]]}},{"type":"Feature","properties":{"id_backbone":"BB-C5222435726C","trecho":"MOR.JF-MOR.JP","cluster":"CAMPINAS","cabo":"F-0093","capacidade":"12","extensao_km":9.934,"confianca":"SEM_REFERENCIA","fonte":"OSRM/OpenStreetMap","ponta_a":"MOR.JF","municipio_a":"MONTE MOR","ponta_b":"MOR.JP","municipio_b":"MONTE MOR"},"geometry":{"type":"LineString","coordinates":[[-47.317562,-22.947918],[-47.316944,-22.946605],[-47.316331,-22.946806],[-47.313599,-22.946754],[-47.313812,-22.949089],[-47.309135,-22.949487],[-47.305888,-22.950204],[-47.303068,-22.950509],[-47.302246,-22.950275],[-47.301189,-22.948641],[-47.299885,-22.947928],[-47.299407,-22.948086],[-47.29906,-22.947949],[-47.297363,-22.948047],[-47.293329,-22.947527],[-47.291721,-22.947803],[-47.291523,-22.947662],[-47.291402,-22.946928],[-47.291118,-22.94656],[-47.287795,-22.945412],[-47.275901,-22.944859],[-47.274395,-22.944489],[-47.271456,-22.943409],[-47.267774,-22.943447],[-47.264966,-22.944109],[-47.261576,-22.943413],[-47.26083,-22.943084],[-47.260041,-22.942463],[-47.259382,-22.942682],[-47.258764,-22.942392],[-47.258634,-22.942145],[-47.259132,-22.941751],[-47.259808,-22.940605],[-47.259748,-22.940146],[-47.259424,-22.93988],[-47.259506,-22.939597],[-47.260268,-22.939652],[-47.261576,-22.939359],[-47.266127,-22.936297],[-47.266437,-22.936476],[-47.267105,-22.937323],[-47.267215,-22.937719],[-47.26781,-22.938327],[-47.268712,-22.937751],[-47.26972,-22.93761],[-47.26945,-22.936359],[-47.26972,-22.93616],[-47.265509,-22.932213],[-47.265644,-22.930738],[-47.265123,-22.9304],[-47.26247,-22.929716],[-47.262191,-22.929205],[-47.262371,-22.929159],[-47.262182,-22.928815]]}},{"type":"Feature","properties":{"id_backbone":"BB-79D6B38DB527","trecho":"MOZ.RT-NHA.RR","cluster":"SAO JOSE DO RIO PRETO","cabo":"F-0091","capacidade":"72","extensao_km":38.149,"confianca":"BAIXA","fonte":"OSRM/OpenStreetMap","ponta_a":"MOZ.RT","municipio_a":"MONTE APRAZIVEL","ponta_b":"NHA.RR","municipio_b":"NHANDEARA"},"geometry":{"type":"LineString","coordinates":[[-49.712922,-20.775188],[-49.713412,-20.775138],[-49.713305,-20.774232],[-49.718403,-20.77368],[-49.720308,-20.773971],[-49.720715,-20.773819],[-49.720858,-20.773507],[-49.72062,-20.770859],[-49.72178,-20.767928],[-49.721821,-20.765262],[-49.721515,-20.764499],[-49.720304,-20.762682],[-49.71972,-20.760773],[-49.718337,-20.759244],[-49.717999,-20.758647],[-49.717928,-20.757397],[-49.718309,-20.756796],[-49.718101,-20.755741],[-49.720323,-20.75589],[-49.763518,-20.748495],[-49.789028,-20.743509],[-49.7922,-20.742713],[-49.795491,-20.7413],[-49.809648,-20.732857],[-49.813735,-20.730849],[-49.851984,-20.71787],[-49.853471,-20.717155],[-49.85916,-20.715263],[-49.860372,-20.715031],[-49.879483,-20.7086],[-49.881992,-20.708074],[-49.88412,-20.70788],[-49.897223,-20.708304],[-49.900616,-20.708094],[-49.904171,-20.707206],[-49.915589,-20.703002],[-49.917794,-20.702496],[-49.920751,-20.70222],[-49.95873,-20.70449],[-49.964176,-20.703995],[-49.989849,-20.701059],[-49.992492,-20.701026],[-49.996344,-20.701635],[-50.003882,-20.703871],[-50.006497,-20.704384],[-50.009497,-20.704526],[-50.019894,-20.703841],[-50.025324,-20.702883],[-50.028846,-20.701993],[-50.029699,-20.701549],[-50.033342,-20.699526],[-50.033897,-20.698554],[-50.034253,-20.698242],[-50.03824,-20.696635],[-50.037195,-20.694287],[-50.037734,-20.694075]]}},{"type":"Feature","properties":{"id_backbone":"BB-A1DE66B4F15E","trecho":"MOZ.RT-SRR.VS","cluster":"SAO JOSE DO RIO PRETO","cabo":"F-0093","capacidade":"72","extensao_km":37.703,"confianca":"SEM_REFERENCIA","fonte":"OSRM/OpenStreetMap","ponta_a":"MOZ.RT","municipio_a":"MONTE APRAZIVEL","ponta_b":"SRR.VS","municipio_b":"SAO JOSE DO RIO PRETO"},"geometry":{"type":"LineString","coordinates":[[-49.712922,-20.775188],[-49.711484,-20.775355],[-49.710576,-20.768611],[-49.710044,-20.768301],[-49.709458,-20.768348],[-49.709232,-20.766659],[-49.708226,-20.764699],[-49.706244,-20.758784],[-49.704136,-20.75892],[-49.702862,-20.759102],[-49.700033,-20.759959],[-49.687006,-20.764458],[-49.685699,-20.764733],[-49.659832,-20.773435],[-49.657559,-20.774528],[-49.647649,-20.780537],[-49.64436,-20.781729],[-49.640589,-20.782363],[-49.617868,-20.785382],[-49.613744,-20.786563],[-49.550513,-20.801379],[-49.544253,-20.803451],[-49.542166,-20.80393],[-49.529596,-20.8042],[-49.526722,-20.80446],[-49.469977,-20.814729],[-49.465134,-20.815183],[-49.440265,-20.81663],[-49.438271,-20.817108],[-49.42965,-20.820803],[-49.427386,-20.821535],[-49.409082,-20.82489],[-49.406439,-20.8252],[-49.405868,-20.825516],[-49.403208,-20.825469],[-49.402692,-20.825222],[-49.396754,-20.823962],[-49.393372,-20.823786],[-49.391743,-20.82166],[-49.382116,-20.812672],[-49.381114,-20.813607]]}},{"type":"Feature","properties":{"id_backbone":"BB-2116D0CA70FB","trecho":"MPY.MB-PVL.BC","cluster":"ARACATUBA","cabo":"TR#1506","capacidade":"24 F","extensao_km":34.028,"confianca":"ALTA","fonte":"OSRM/OpenStreetMap","ponta_a":"MPY.MB","municipio_a":"MARABA PAULISTA","ponta_b":"PVL.BC","municipio_b":"PRESIDENTE VENCESLAU"},"geometry":{"type":"LineString","coordinates":[[-51.960095,-22.105392],[-51.960853,-22.106963],[-51.947407,-22.112931],[-51.940697,-22.114911],[-51.927443,-22.118487],[-51.927304,-22.117218],[-51.926622,-22.115211],[-51.920187,-22.099323],[-51.840334,-21.904599],[-51.838231,-21.901057],[-51.834214,-21.895234],[-51.834239,-21.895001],[-51.834539,-21.894853],[-51.836818,-21.895249],[-51.837568,-21.895214],[-51.839805,-21.894429],[-51.840261,-21.893912],[-51.839976,-21.892361],[-51.840616,-21.885923],[-51.845183,-21.875747],[-51.843946,-21.875267],[-51.844671,-21.873487],[-51.841441,-21.872179],[-51.841666,-21.871729]]}},{"type":"Feature","properties":{"id_backbone":"BB-4029B092CAFB","trecho":"MRES.BO-MRES.PB","cluster":"SAO JOSE DOS CAMPOS","cabo":"F-0105","capacidade":"12","extensao_km":6.601,"confianca":"SEM_REFERENCIA","fonte":"OSRM/OpenStreetMap","ponta_a":"MRES.BO","municipio_a":"SAO SEBASTIAO","ponta_b":"MRES.PB","municipio_b":"SAO SEBASTIAO"},"geometry":{"type":"LineString","coordinates":[[-45.62463,-23.782621],[-45.624864,-23.782896],[-45.624786,-23.783034],[-45.626251,-23.782415],[-45.627692,-23.784371],[-45.62921,-23.783713],[-45.631213,-23.783171],[-45.634976,-23.782716],[-45.639448,-23.782734],[-45.639712,-23.782526],[-45.639723,-23.781474],[-45.640457,-23.780589],[-45.640432,-23.77976],[-45.640904,-23.779018],[-45.640809,-23.778421],[-45.64151,-23.777896],[-45.641489,-23.776985],[-45.642444,-23.7763],[-45.64327,-23.775983],[-45.645961,-23.775816],[-45.648457,-23.775356],[-45.649031,-23.77538],[-45.6505,-23.775903],[-45.653171,-23.777246],[-45.655725,-23.777663],[-45.657777,-23.777732],[-45.658354,-23.777415],[-45.658363,-23.776639],[-45.65864,-23.775596],[-45.659167,-23.775385],[-45.659655,-23.775588],[-45.660621,-23.776472],[-45.662328,-23.777213],[-45.663145,-23.777335],[-45.66369,-23.777197],[-45.666459,-23.775366],[-45.669888,-23.774233],[-45.674885,-23.773626],[-45.674817,-23.771735],[-45.673975,-23.771857]]}},{"type":"Feature","properties":{"id_backbone":"BB-5B6F13066B44","trecho":"MRES.PB-MRES.PJ","cluster":"SAO JOSE DOS CAMPOS","cabo":"F-0106","capacidade":"12","extensao_km":7.469,"confianca":"SEM_REFERENCIA","fonte":"OSRM/OpenStreetMap","ponta_a":"MRES.PB","municipio_a":"SAO SEBASTIAO","ponta_b":"MRES.PJ","municipio_b":"SAO SEBASTIAO"},"geometry":{"type":"LineString","coordinates":[[-45.673975,-23.771857],[-45.674817,-23.771735],[-45.675069,-23.773606],[-45.681138,-23.772915],[-45.684173,-23.77274],[-45.688758,-23.771224],[-45.689354,-23.77118],[-45.689245,-23.770221],[-45.688998,-23.770103],[-45.688395,-23.770242],[-45.688242,-23.770167],[-45.688277,-23.770006],[-45.690004,-23.769409],[-45.692217,-23.767885],[-45.694351,-23.767469],[-45.696145,-23.767813],[-45.701624,-23.770342],[-45.703424,-23.770915],[-45.704454,-23.771024],[-45.708856,-23.770242],[-45.710468,-23.770159],[-45.712837,-23.770745],[-45.715549,-23.77097],[-45.719201,-23.77245],[-45.719618,-23.772286],[-45.720043,-23.7718],[-45.720838,-23.77014],[-45.720698,-23.769686],[-45.719866,-23.769115],[-45.719688,-23.768732],[-45.720614,-23.767094],[-45.720809,-23.766263],[-45.720771,-23.764809],[-45.720381,-23.763459],[-45.720313,-23.76258],[-45.720626,-23.762586],[-45.720757,-23.76309],[-45.723667,-23.765146],[-45.726932,-23.765792],[-45.726933,-23.765601]]}},{"type":"Feature","properties":{"id_backbone":"BB-F7719064F237","trecho":"NDS.JP-SUM.AR","cluster":"CAMPINAS","cabo":"TR-0253","capacidade":"72","extensao_km":5.426,"confianca":"MEDIA","fonte":"OSRM/OpenStreetMap","ponta_a":"NDS.JP","municipio_a":"NOVA ODESSA","ponta_b":"SUM.AR","municipio_b":"SUMARE"},"geometry":{"type":"LineString","coordinates":[[-47.292235,-22.780243],[-47.292589,-22.78031],[-47.291927,-22.783094],[-47.290792,-22.784486],[-47.290222,-22.784387],[-47.290014,-22.784501],[-47.287923,-22.786726],[-47.287699,-22.787321],[-47.287251,-22.787424],[-47.286941,-22.787942],[-47.286595,-22.789604],[-47.28654,-22.791336],[-47.287357,-22.795348],[-47.287125,-22.797174],[-47.286138,-22.799893],[-47.285372,-22.800819],[-47.283124,-22.802413],[-47.282239,-22.803278],[-47.281794,-22.803828],[-47.278816,-22.809922],[-47.277707,-22.811041],[-47.273728,-22.813669],[-47.269093,-22.819663],[-47.269625,-22.82]]}},{"type":"Feature","properties":{"id_backbone":"BB-25C5045A47D8","trecho":"NGA.RD-ODE.AI","cluster":"SAO JOSE DO RIO PRETO","cabo":"TR-0056","capacidade":"12","extensao_km":11.98,"confianca":"ALTA","fonte":"OSRM/OpenStreetMap","ponta_a":"NGA.RD","municipio_a":"NOVA GRANADA","ponta_b":"ODE.AI","municipio_b":"ONDA VERDE"},"geometry":{"type":"LineString","coordinates":[[-49.320261,-20.533002],[-49.320393,-20.532838],[-49.319577,-20.532263],[-49.318996,-20.532995],[-49.323747,-20.536428],[-49.326045,-20.540198],[-49.32677,-20.540712],[-49.327705,-20.541094],[-49.330038,-20.541217],[-49.330516,-20.541021],[-49.33077,-20.541311],[-49.330489,-20.542023],[-49.330032,-20.546177],[-49.329061,-20.548964],[-49.318953,-20.565943],[-49.318223,-20.567555],[-49.317853,-20.568992],[-49.317703,-20.570805],[-49.317867,-20.57256],[-49.319604,-20.581472],[-49.319768,-20.583155],[-49.319407,-20.585857],[-49.316738,-20.593615],[-49.316651,-20.596085],[-49.316907,-20.597268],[-49.317822,-20.599166],[-49.319749,-20.601401],[-49.320702,-20.602065],[-49.32088,-20.602625],[-49.319876,-20.602884],[-49.317235,-20.604256],[-49.315505,-20.604729],[-49.299806,-20.606395],[-49.295706,-20.60781],[-49.295876,-20.608192]]}},{"type":"Feature","properties":{"id_backbone":"BB-D158C5E02671","trecho":"NHA.RR-SWP.FR","cluster":"SAO JOSE DO RIO PRETO","cabo":"F-0005","capacidade":"6","extensao_km":16.648,"confianca":"ALTA","fonte":"OSRM/OpenStreetMap","ponta_a":"NHA.RR","municipio_a":"NHANDEARA","ponta_b":"SWP.FR","municipio_b":"SEBASTIANOPOLIS DO SUL"},"geometry":{"type":"LineString","coordinates":[[-50.037734,-20.694075],[-50.037195,-20.694287],[-50.03824,-20.696635],[-50.034093,-20.698336],[-50.033342,-20.699526],[-50.0304,-20.70111],[-50.030298,-20.701325],[-50.030455,-20.701592],[-50.030317,-20.701784],[-50.028846,-20.701993],[-50.022951,-20.703484],[-50.020883,-20.703853],[-50.017138,-20.704251],[-50.015096,-20.704203],[-50.009118,-20.704539],[-50.007057,-20.704441],[-50.003882,-20.703871],[-49.995122,-20.70136],[-49.992862,-20.701042],[-49.990931,-20.701004],[-49.959661,-20.70444],[-49.954943,-20.704307],[-49.953627,-20.704428],[-49.946766,-20.703984],[-49.944864,-20.704044],[-49.94384,-20.704703],[-49.943659,-20.704488],[-49.943964,-20.703448],[-49.943746,-20.702996],[-49.943815,-20.702376],[-49.939462,-20.689828],[-49.934504,-20.681689],[-49.930906,-20.674691],[-49.92216,-20.660795],[-49.921471,-20.659053],[-49.920146,-20.657649],[-49.921566,-20.656423],[-49.921298,-20.656147]]}},{"type":"Feature","properties":{"id_backbone":"BB-C3B400A2AAC6","trecho":"NOVN.NZ-SUM.AR","cluster":"CAMPINAS","cabo":"F-0188","capacidade":"24","extensao_km":12.758,"confianca":"ALTA","fonte":"OSRM/OpenStreetMap","ponta_a":"NOVN.NZ","municipio_a":"SUMARE","ponta_b":"SUM.AR","municipio_b":"SUMARE"},"geometry":{"type":"LineString","coordinates":[[-47.182877,-22.828371],[-47.182267,-22.828779],[-47.18226,-22.828929],[-47.184501,-22.830275],[-47.186064,-22.828148],[-47.190086,-22.825933],[-47.189507,-22.825035],[-47.189035,-22.825092],[-47.186944,-22.826072],[-47.184622,-22.827413],[-47.184092,-22.827298],[-47.183975,-22.827005],[-47.184123,-22.826668],[-47.186928,-22.825543],[-47.207739,-22.814323],[-47.213188,-22.810065],[-47.219576,-22.803307],[-47.224073,-22.805279],[-47.224785,-22.806206],[-47.227466,-22.807859],[-47.228977,-22.809428],[-47.235919,-22.813174],[-47.24745,-22.817733],[-47.249768,-22.8183],[-47.261376,-22.819855],[-47.262167,-22.819664],[-47.262253,-22.819112],[-47.262924,-22.81901],[-47.263883,-22.817692],[-47.264276,-22.817689],[-47.266148,-22.818745],[-47.267219,-22.817782],[-47.268725,-22.816898],[-47.270418,-22.817967],[-47.269093,-22.819663],[-47.269625,-22.82]]}},{"type":"Feature","properties":{"id_backbone":"BB-83AA365E12A9","trecho":"OCO.OS-SPO.AM","cluster":"OSASCO","cabo":"F-0623","capacidade":"36","extensao_km":24.269,"confianca":"MEDIA","fonte":"OSRM/OpenStreetMap","ponta_a":"OCO.OS","municipio_a":"OSASCO","ponta_b":"SPO.AM","municipio_b":"SAO PAULO"},"geometry":{"type":"LineString","coordinates":[[-46.785249,-23.530696],[-46.786047,-23.531186],[-46.787515,-23.529551],[-46.784667,-23.529173],[-46.783251,-23.53052],[-46.778727,-23.532653],[-46.778522,-23.532333],[-46.775273,-23.533394],[-46.773159,-23.533327],[-46.771848,-23.533106],[-46.770979,-23.533612],[-46.76615,-23.535446],[-46.763839,-23.535971],[-46.761053,-23.535448],[-46.760679,-23.534898],[-46.760065,-23.532099],[-46.757237,-23.531172],[-46.755932,-23.53139],[-46.755194,-23.531801],[-46.755011,-23.532455],[-46.755105,-23.5335],[-46.749265,-23.533817],[-46.747848,-23.535143],[-46.7456,-23.536895],[-46.737231,-23.544367],[-46.735224,-23.545893],[-46.732829,-23.548292],[-46.731251,-23.549545],[-46.708917,-23.560548],[-46.707113,-23.56184],[-46.706213,-23.562852],[-46.705469,-23.564115],[-46.702992,-23.570488],[-46.700886,-23.573286],[-46.697983,-23.575968],[-46.697323,-23.576815],[-46.692744,-23.584675],[-46.692242,-23.585763],[-46.692078,-23.58656],[-46.692148,-23.587328],[-46.693124,-23.590205],[-46.694353,-23.593514],[-46.695417,-23.595693],[-46.697195,-23.601153],[-46.698921,-23.605745],[-46.700423,-23.61239],[-46.701217,-23.6147],[-46.701676,-23.617466],[-46.702173,-23.618718],[-46.702066,-23.619497],[-46.701451,-23.62003],[-46.69867,-23.620957],[-46.696004,-23.623852],[-46.691756,-23.625799],[-46.688505,-23.625868],[-46.686102,-23.627364],[-46.684812,-23.629668],[-46.682478,-23.631915],[-46.679339,-23.634386],[-46.677928,-23.636261],[-46.677337,-23.637406],[-46.676456,-23.640503],[-46.676058,-23.640989],[-46.674562,-23.642046],[-46.672433,-23.644445],[-46.670863,-23.647203],[-46.669018,-23.652997],[-46.668479,-23.653699],[-46.667248,-23.654679],[-46.663559,-23.658686],[-46.663317,-23.659362],[-46.663347,-23.661147],[-46.663667,-23.661178],[-46.664039,-23.660852],[-46.663145,-23.659906],[-46.663128,-23.659624],[-46.663314,-23.658825],[-46.663896,-23.658096]]}},{"type":"Feature","properties":{"id_backbone":"BB-D6B184C57922","trecho":"OCO.OS-SPO.PD","cluster":"OSASCO","cabo":"F-0621","capacidade":"72","extensao_km":16.163,"confianca":"MEDIA","fonte":"OSRM/OpenStreetMap","ponta_a":"OCO.OS","municipio_a":"OSASCO","ponta_b":"SPO.PD","municipio_b":"SAO PAULO"},"geometry":{"type":"LineString","coordinates":[[-46.785249,-23.530696],[-46.786047,-23.531186],[-46.787515,-23.529551],[-46.784667,-23.529173],[-46.783251,-23.53052],[-46.778727,-23.532653],[-46.778522,-23.532333],[-46.775273,-23.533394],[-46.773159,-23.533327],[-46.771848,-23.533106],[-46.770979,-23.533612],[-46.76615,-23.535446],[-46.763839,-23.535971],[-46.761053,-23.535448],[-46.760679,-23.534898],[-46.760065,-23.532099],[-46.757237,-23.531172],[-46.755932,-23.53139],[-46.755194,-23.531801],[-46.755011,-23.532455],[-46.755105,-23.5335],[-46.749265,-23.533817],[-46.747848,-23.535143],[-46.7456,-23.536895],[-46.737231,-23.544367],[-46.735224,-23.545893],[-46.732829,-23.548292],[-46.731251,-23.549545],[-46.713146,-23.558476],[-46.711382,-23.559575],[-46.71136,-23.559982],[-46.711606,-23.56009],[-46.71198,-23.55983],[-46.71188,-23.559123],[-46.709323,-23.554656],[-46.708503,-23.554508],[-46.708027,-23.554052],[-46.708014,-23.553463],[-46.708394,-23.552858],[-46.706116,-23.5488],[-46.705659,-23.544456],[-46.704767,-23.544016],[-46.700674,-23.543084],[-46.700496,-23.542927],[-46.699904,-23.540968],[-46.698754,-23.541035],[-46.69749,-23.540709],[-46.697169,-23.54081],[-46.696188,-23.542339],[-46.694779,-23.543246],[-46.693252,-23.544771],[-46.690035,-23.547069],[-46.688624,-23.54765],[-46.687384,-23.547612],[-46.67891,-23.53567],[-46.677065,-23.536905],[-46.677275,-23.537196]]}},{"type":"Feature","properties":{"id_backbone":"BB-181163156F71","trecho":"OCO.OS-OCO.SN","cluster":"OSASCO","cabo":"F-0298","capacidade":"24","extensao_km":4.438,"confianca":"MEDIA","fonte":"OSRM/OpenStreetMap","ponta_a":"OCO.OS","municipio_a":"OSASCO","ponta_b":"OCO.SN","municipio_b":"OSASCO"},"geometry":{"type":"LineString","coordinates":[[-46.785249,-23.530696],[-46.786297,-23.53134],[-46.786955,-23.532314],[-46.787117,-23.532936],[-46.786738,-23.533835],[-46.787589,-23.534012],[-46.78802,-23.535997],[-46.788224,-23.538677],[-46.7882,-23.542645],[-46.789294,-23.544599],[-46.792795,-23.553421],[-46.792908,-23.553524],[-46.794423,-23.553444],[-46.795701,-23.554426],[-46.794714,-23.555589],[-46.792417,-23.563897],[-46.792417,-23.564698],[-46.793531,-23.56449]]}},{"type":"Feature","properties":{"id_backbone":"BB-D5B1F8A03B9E","trecho":"OCO.RO-SPO.LP","cluster":"OSASCO","cabo":"F-0140","capacidade":"36","extensao_km":8.134,"confianca":"ALTA","fonte":"OSRM/OpenStreetMap","ponta_a":"OCO.RO","municipio_a":"OSASCO","ponta_b":"SPO.LP","municipio_b":"SAO PAULO"},"geometry":{"type":"LineString","coordinates":[[-46.778429,-23.513768],[-46.77803,-23.514111],[-46.77377,-23.511224],[-46.772372,-23.511335],[-46.768417,-23.510275],[-46.76824,-23.51006],[-46.768112,-23.509238],[-46.76765,-23.508865],[-46.767203,-23.508866],[-46.766005,-23.509357],[-46.764904,-23.509542],[-46.762644,-23.509052],[-46.762396,-23.508608],[-46.761867,-23.508163],[-46.760214,-23.507027],[-46.759594,-23.505993],[-46.75918,-23.505803],[-46.756978,-23.502393],[-46.755581,-23.502425],[-46.754515,-23.502888],[-46.753195,-23.504565],[-46.751222,-23.506452],[-46.749874,-23.507116],[-46.746419,-23.507593],[-46.733037,-23.508722],[-46.731508,-23.509085],[-46.729684,-23.509919],[-46.727939,-23.511162],[-46.727331,-23.511952],[-46.725757,-23.517344],[-46.725087,-23.518412],[-46.723555,-23.519449],[-46.719084,-23.521554],[-46.71927,-23.522781],[-46.719056,-23.525602]]}},{"type":"Feature","properties":{"id_backbone":"BB-871DC7F1028E","trecho":"ODU.OD-PFA.RD","cluster":"SAO JOSE DO RIO PRETO","cabo":"TR-0124","capacidade":"36","extensao_km":20.981,"confianca":"ALTA","fonte":"OSRM/OpenStreetMap","ponta_a":"ODU.OD","municipio_a":"ORINDIUVA","ponta_b":"PFA.RD","municipio_b":"PAULO DE FARIA"},"geometry":{"type":"LineString","coordinates":[[-49.351525,-20.182035],[-49.351369,-20.182135],[-49.350897,-20.18149],[-49.350028,-20.182076],[-49.349787,-20.181711],[-49.343898,-20.169406],[-49.342695,-20.167725],[-49.342047,-20.16721],[-49.326041,-20.157808],[-49.32512,-20.157837],[-49.324912,-20.157578],[-49.325891,-20.155982],[-49.327637,-20.152431],[-49.345861,-20.114548],[-49.346097,-20.113588],[-49.347198,-20.111666],[-49.347479,-20.110693],[-49.348106,-20.109953],[-49.373778,-20.056849],[-49.37537,-20.054399],[-49.39319,-20.033009],[-49.396307,-20.029208],[-49.396845,-20.02829],[-49.397175,-20.028117],[-49.397419,-20.028322],[-49.398182,-20.03032],[-49.396499,-20.030939],[-49.396507,-20.031227]]}},{"type":"Feature","properties":{"id_backbone":"BB-1038BA185DD6","trecho":"OLA.OL-SRR.MC","cluster":"SAO JOSE DO RIO PRETO","cabo":"F-0042","capacidade":"12","extensao_km":52.715,"confianca":"SEM_REFERENCIA","fonte":"OSRM/OpenStreetMap","ponta_a":"OLA.OL","municipio_a":"OLIMPIA","ponta_b":"SRR.MC","municipio_b":"SAO JOSE DO RIO PRETO"},"geometry":{"type":"LineString","coordinates":[[-48.914409,-20.736761],[-48.913937,-20.736666],[-48.913722,-20.73757],[-48.916582,-20.73815],[-48.917986,-20.732483],[-48.91891,-20.732682],[-48.919232,-20.731942],[-48.924931,-20.728398],[-48.925499,-20.727892],[-48.926057,-20.727022],[-48.92723,-20.723796],[-48.92734,-20.723028],[-48.927117,-20.72183],[-48.925851,-20.718072],[-48.925878,-20.716787],[-48.92618,-20.716019],[-48.928744,-20.712659],[-48.92942,-20.711513],[-48.929973,-20.707755],[-48.930509,-20.706686],[-48.931247,-20.706112],[-48.940402,-20.702208],[-48.940825,-20.701939],[-48.940957,-20.701483],[-48.941241,-20.701379],[-48.943763,-20.702462],[-48.947969,-20.70372],[-48.993178,-20.715018],[-48.994231,-20.715124],[-48.999959,-20.716548],[-49.001387,-20.717109],[-49.023905,-20.722714],[-49.025013,-20.722856],[-49.03048,-20.724202],[-49.031772,-20.724698],[-49.081053,-20.737014],[-49.139361,-20.751519],[-49.140713,-20.751705],[-49.146303,-20.753254],[-49.162494,-20.757267],[-49.169053,-20.758878],[-49.17054,-20.75909],[-49.178984,-20.761208],[-49.180234,-20.761676],[-49.18983,-20.763896],[-49.19117,-20.764403],[-49.215633,-20.770501],[-49.218593,-20.771063],[-49.256977,-20.780767],[-49.301163,-20.791729],[-49.333376,-20.799522],[-49.33593,-20.800005],[-49.356202,-20.802535],[-49.359602,-20.80312],[-49.358829,-20.798822],[-49.359107,-20.798587],[-49.359269,-20.798718],[-49.364086,-20.799218],[-49.366965,-20.801171],[-49.367951,-20.800304],[-49.368445,-20.800782],[-49.367638,-20.801537]]}},{"type":"Feature","properties":{"id_backbone":"BB-7545FD648DAE","trecho":"ORN.MP-RBD.AP","cluster":"BAURU","cabo":"F-0305-00","capacidade":"36","extensao_km":29.211,"confianca":"ALTA","fonte":"OSRM/OpenStreetMap","ponta_a":"ORN.MP","municipio_a":"OURINHOS","ponta_b":"RBD.AP","municipio_b":"RIBEIRAO DO SUL"},"geometry":{"type":"LineString","coordinates":[[-49.868154,-22.977492],[-49.868129,-22.977853],[-49.86678,-22.977756],[-49.868032,-22.963319],[-49.867028,-22.963311],[-49.865016,-22.966154],[-49.864823,-22.966255],[-49.864808,-22.966071],[-49.867871,-22.961736],[-49.868985,-22.960674],[-49.875475,-22.952907],[-49.887882,-22.938535],[-49.888489,-22.937109],[-49.889033,-22.932438],[-49.890195,-22.930212],[-49.890023,-22.929005],[-49.89087,-22.928113],[-49.889662,-22.923761],[-49.889564,-22.921873],[-49.889594,-22.774149],[-49.889879,-22.774073],[-49.890223,-22.774367],[-49.890757,-22.774502],[-49.894471,-22.774581],[-49.897352,-22.775087],[-49.921855,-22.782234],[-49.922314,-22.782236],[-49.922672,-22.782454],[-49.931315,-22.784995],[-49.932048,-22.782914]]}},{"type":"Feature","properties":{"id_backbone":"BB-BCCAEFF78725","trecho":"OSC.EK-OSC.RD","cluster":"ARACATUBA","cabo":"F-0007","capacidade":"24","extensao_km":1.034,"confianca":"MEDIA","fonte":"OSRM/OpenStreetMap","ponta_a":"OSC.EK","municipio_a":"OSVALDO CRUZ","ponta_b":"OSC.RD","municipio_b":"OSVALDO CRUZ"},"geometry":{"type":"LineString","coordinates":[[-50.871519,-21.796344],[-50.870773,-21.796517],[-50.871765,-21.800231],[-50.871209,-21.800361],[-50.869165,-21.803296],[-50.869326,-21.803963]]}},{"type":"Feature","properties":{"id_backbone":"BB-8982DB023FEA","trecho":"PAA.BS-PAA.VR","cluster":"CAMPINAS","cabo":"F-0159","capacidade":"6","extensao_km":16.657,"confianca":"SEM_REFERENCIA","fonte":"OSRM/OpenStreetMap","ponta_a":"PAA.BS","municipio_a":"PIRACICABA","ponta_b":"PAA.VR","municipio_b":"PIRACICABA"},"geometry":{"type":"LineString","coordinates":[[-47.736364,-22.629981],[-47.736536,-22.629265],[-47.737315,-22.628465],[-47.737611,-22.625454],[-47.738626,-22.623989],[-47.738587,-22.621753],[-47.737611,-22.621455],[-47.735948,-22.622131],[-47.732407,-22.621819],[-47.730334,-22.622106],[-47.729811,-22.622359],[-47.72836,-22.62402],[-47.727646,-22.625275],[-47.725466,-22.627704],[-47.723662,-22.630592],[-47.717236,-22.633889],[-47.714255,-22.635875],[-47.713912,-22.636568],[-47.714009,-22.638896],[-47.713845,-22.640242],[-47.713,-22.64194],[-47.712544,-22.643252],[-47.712316,-22.643497],[-47.71083,-22.644309],[-47.71052,-22.644962],[-47.710291,-22.644887],[-47.706661,-22.646319],[-47.704434,-22.646735],[-47.703253,-22.647218],[-47.701966,-22.648478],[-47.700491,-22.65074],[-47.699696,-22.651681],[-47.698155,-22.652525],[-47.695754,-22.652906],[-47.693913,-22.653834],[-47.693545,-22.654145],[-47.693138,-22.655037],[-47.692799,-22.655368],[-47.691168,-22.655969],[-47.69077,-22.656257],[-47.690753,-22.656602],[-47.689951,-22.656902],[-47.689372,-22.658345],[-47.687432,-22.665236],[-47.687374,-22.66707],[-47.688012,-22.678287],[-47.687018,-22.683558],[-47.686399,-22.683842],[-47.685522,-22.683609],[-47.684956,-22.683656],[-47.683771,-22.683988],[-47.683177,-22.684445],[-47.682827,-22.684342],[-47.680291,-22.684567],[-47.672736,-22.6861],[-47.670186,-22.687204],[-47.667838,-22.688896],[-47.666335,-22.690596],[-47.65944,-22.699343],[-47.65818,-22.70121],[-47.657716,-22.702834],[-47.655657,-22.705082],[-47.654716,-22.705897],[-47.654027,-22.706849],[-47.653913,-22.70796],[-47.655722,-22.711418],[-47.659842,-22.709598],[-47.660139,-22.710183]]}},{"type":"Feature","properties":{"id_backbone":"BB-F67213D2F5DF","trecho":"PAA.DR-TUPI.TP","cluster":"CAMPINAS","cabo":"TR-0314","capacidade":"12","extensao_km":9.475,"confianca":"ALTA","fonte":"OSRM/OpenStreetMap","ponta_a":"PAA.DR","municipio_a":"PIRACICABA","ponta_b":"TUPI.TP","municipio_b":"PIRACICABA"},"geometry":{"type":"LineString","coordinates":[[-47.597277,-22.736183],[-47.597798,-22.736956],[-47.597669,-22.737184],[-47.596062,-22.737405],[-47.590114,-22.739045],[-47.589617,-22.737336],[-47.585149,-22.725366],[-47.583286,-22.724216],[-47.580987,-22.724306],[-47.553316,-22.727168],[-47.549956,-22.727817],[-47.547701,-22.728486],[-47.543259,-22.730398],[-47.527343,-22.738837],[-47.527227,-22.738989],[-47.527336,-22.739128],[-47.528001,-22.739168],[-47.527812,-22.740531],[-47.527643,-22.740879],[-47.526537,-22.741666],[-47.527136,-22.742497],[-47.526685,-22.742799]]}},{"type":"Feature","properties":{"id_backbone":"BB-41EEE9024A39","trecho":"PAA.JE-SALN.SD","cluster":"CAMPINAS","cabo":"F-0197","capacidade":"12","extensao_km":14.393,"confianca":"ALTA","fonte":"OSRM/OpenStreetMap","ponta_a":"PAA.JE","municipio_a":"PIRACICABA","ponta_b":"SALN.SD","municipio_b":"SALTINHO"},"geometry":{"type":"LineString","coordinates":[[-47.636073,-22.74248],[-47.637238,-22.744302],[-47.637999,-22.74418],[-47.638604,-22.744346],[-47.639673,-22.743708],[-47.640023,-22.743697],[-47.639399,-22.745344],[-47.639381,-22.745672],[-47.639681,-22.745921],[-47.643953,-22.745546],[-47.644156,-22.745219],[-47.644466,-22.745338],[-47.644175,-22.750844],[-47.643293,-22.753758],[-47.643158,-22.754862],[-47.643393,-22.755791],[-47.644487,-22.757163],[-47.645206,-22.757537],[-47.64564,-22.75755],[-47.646044,-22.757349],[-47.646279,-22.757584],[-47.645496,-22.759334],[-47.645123,-22.761964],[-47.645354,-22.763942],[-47.645818,-22.765669],[-47.678135,-22.840552],[-47.679701,-22.844151],[-47.68055,-22.845686],[-47.680698,-22.846349],[-47.680378,-22.846321],[-47.678321,-22.841214],[-47.678148,-22.841103],[-47.676286,-22.841206],[-47.676329,-22.841674]]}},{"type":"Feature","properties":{"id_backbone":"BB-3D48A684436B","trecho":"PAA.RD-PAA.VR","cluster":"CAMPINAS","cabo":"F-0024","capacidade":"36","extensao_km":5.048,"confianca":"SEM_REFERENCIA","fonte":"OSRM/OpenStreetMap","ponta_a":"PAA.RD","municipio_a":"PIRACICABA","ponta_b":"PAA.VR","municipio_b":"PIRACICABA"},"geometry":{"type":"LineString","coordinates":[[-47.634229,-22.730886],[-47.633077,-22.731619],[-47.634118,-22.732935],[-47.634631,-22.732318],[-47.635645,-22.731594],[-47.635821,-22.731691],[-47.636064,-22.732553],[-47.646808,-22.727459],[-47.646755,-22.726963],[-47.645563,-22.724805],[-47.644643,-22.722556],[-47.644658,-22.721707],[-47.645021,-22.720356],[-47.646171,-22.719516],[-47.646505,-22.719093],[-47.646482,-22.718566],[-47.645984,-22.717163],[-47.646549,-22.715773],[-47.647113,-22.715193],[-47.647874,-22.714774],[-47.649625,-22.715068],[-47.651933,-22.71402],[-47.653028,-22.713696],[-47.653182,-22.713468],[-47.653286,-22.71249],[-47.659842,-22.709598],[-47.660139,-22.710183]]}},{"type":"Feature","properties":{"id_backbone":"BB-1415724B3539","trecho":"PAG.GO-PAG.RD","cluster":"CAMPINAS","cabo":"F-0066","capacidade":"24","extensao_km":6.132,"confianca":"SEM_REFERENCIA","fonte":"OSRM/OpenStreetMap","ponta_a":"PAG.GO","municipio_a":"PIRASSUNUNGA","ponta_b":"PAG.RD","municipio_b":"PIRASSUNUNGA"},"geometry":{"type":"LineString","coordinates":[[-47.428301,-21.996496],[-47.428905,-21.99657],[-47.429049,-21.995472],[-47.425429,-21.995038],[-47.42521,-21.997059],[-47.426495,-22.001693],[-47.426371,-22.004155],[-47.426574,-22.007588],[-47.42681,-22.00829],[-47.426676,-22.009084],[-47.426819,-22.011159],[-47.43795,-22.012416],[-47.439898,-22.012852],[-47.440261,-22.012784],[-47.44051,-22.013033],[-47.44141,-22.013175],[-47.441643,-22.013667],[-47.441119,-22.013935],[-47.440793,-22.014741],[-47.44112,-22.017491],[-47.441511,-22.018689],[-47.443122,-22.021469],[-47.444075,-22.024277],[-47.444939,-22.025744],[-47.447313,-22.029078],[-47.448097,-22.027205]]}},{"type":"Feature","properties":{"id_backbone":"BB-9C207BACC85E","trecho":"PCT.GT-STI.PB","cluster":"ARACATUBA","cabo":"F-0032","capacidade":"12","extensao_km":12.7,"confianca":"ALTA","fonte":"OSRM/OpenStreetMap","ponta_a":"PCT.GT","municipio_a":"PIACATU","ponta_b":"STI.PB","municipio_b":"SANTOPOLIS DO AGUAPEI"},"geometry":{"type":"LineString","coordinates":[[-50.598464,-21.593714],[-50.598394,-21.593554],[-50.597324,-21.593979],[-50.597785,-21.594992],[-50.594165,-21.596445],[-50.593457,-21.597048],[-50.592331,-21.597206],[-50.555623,-21.61209],[-50.528836,-21.631294],[-50.509601,-21.645341],[-50.509081,-21.646],[-50.507088,-21.645061],[-50.501398,-21.642909],[-50.499276,-21.641819],[-50.497454,-21.640401],[-50.498941,-21.639505]]}},{"type":"Feature","properties":{"id_backbone":"BB-867A809F3237","trecho":"PDW.PD-PDW.RD","cluster":"CAMPINAS","cabo":"F-0182","capacidade":"12","extensao_km":7.281,"confianca":"ALTA","fonte":"OSRM/OpenStreetMap","ponta_a":"PDW.PD","municipio_a":"PARDINHO","ponta_b":"PDW.RD","municipio_b":"PARDINHO"},"geometry":{"type":"LineString","coordinates":[[-48.369967,-23.081362],[-48.370262,-23.082129],[-48.374913,-23.080938],[-48.373414,-23.076277],[-48.371591,-23.073493],[-48.36878,-23.070552],[-48.36834,-23.069752],[-48.368694,-23.066506],[-48.369681,-23.065696],[-48.371087,-23.062922],[-48.371269,-23.059665],[-48.371838,-23.05773],[-48.371655,-23.055746],[-48.371258,-23.054147],[-48.371623,-23.052241],[-48.371215,-23.050751],[-48.371087,-23.047986],[-48.37069,-23.046179],[-48.370969,-23.044708],[-48.370969,-23.043701],[-48.371795,-23.041233],[-48.371912,-23.039406],[-48.371462,-23.037925],[-48.371301,-23.036366],[-48.370776,-23.034154],[-48.370953,-23.033505],[-48.370719,-23.03311],[-48.369776,-23.032314],[-48.368492,-23.031861],[-48.368137,-23.03193],[-48.367248,-23.032604],[-48.364221,-23.032626],[-48.363051,-23.030116]]}},{"type":"Feature","properties":{"id_backbone":"BB-D36479043CBF","trecho":"PGP.PG-RAC.HD","cluster":"ARACATUBA","cabo":"F-0102","capacidade":"54","extensao_km":42.115,"confianca":"BAIXA","fonte":"OSRM/OpenStreetMap","ponta_a":"PGP.PG","municipio_a":"PARAGUACU PAULISTA","ponta_b":"RAC.HD","municipio_b":"RANCHARIA"},"geometry":{"type":"LineString","coordinates":[[-50.577544,-22.413559],[-50.597234,-22.408965],[-50.598552,-22.408369],[-50.603054,-22.402296],[-50.690184,-22.28019],[-50.700957,-22.265338],[-50.704579,-22.261654],[-50.705839,-22.260061],[-50.709041,-22.259399],[-50.763508,-22.257083],[-50.764711,-22.256862],[-50.76845,-22.256673],[-50.770397,-22.256783],[-50.784046,-22.25617],[-50.786,-22.256021],[-50.790479,-22.255325],[-50.86356,-22.243307],[-50.864855,-22.242932],[-50.867835,-22.242427],[-50.869659,-22.242297],[-50.88275,-22.240123],[-50.883595,-22.23969],[-50.887712,-22.239037],[-50.888319,-22.238573],[-50.891806,-22.230227],[-50.892141,-22.230346]]}},{"type":"Feature","properties":{"id_backbone":"BB-1EDFF1A07371","trecho":"PIJ.WO-SIK.AR","cluster":"BAURU","cabo":"F-0341","capacidade":"12","extensao_km":18.2,"confianca":"SEM_REFERENCIA","fonte":"OSRM/OpenStreetMap","ponta_a":"PIJ.WO","municipio_a":"PIRAJU","ponta_b":"SIK.AR","municipio_b":"SARUTAIA"},"geometry":{"type":"LineString","coordinates":[[-49.38191,-23.19543],[-49.381943,-23.195794],[-49.378744,-23.199287],[-49.379227,-23.199719],[-49.379213,-23.200081],[-49.377887,-23.2015],[-49.377564,-23.201562],[-49.377161,-23.20129],[-49.376925,-23.201302],[-49.375176,-23.203306],[-49.371303,-23.208678],[-49.371319,-23.209005],[-49.370649,-23.209451],[-49.37058,-23.209908],[-49.370732,-23.210266],[-49.371117,-23.210587],[-49.377769,-23.213717],[-49.381177,-23.215145],[-49.383901,-23.215902],[-49.388386,-23.216495],[-49.389814,-23.217075],[-49.391129,-23.217948],[-49.392364,-23.219183],[-49.393151,-23.220497],[-49.396275,-23.229264],[-49.397477,-23.230778],[-49.399143,-23.231746],[-49.400786,-23.232089],[-49.411757,-23.232962],[-49.416231,-23.231961],[-49.417538,-23.231973],[-49.418859,-23.232301],[-49.419637,-23.232705],[-49.422865,-23.234886],[-49.425472,-23.237484],[-49.441465,-23.257665],[-49.442033,-23.258824],[-49.442171,-23.260102],[-49.441422,-23.26355],[-49.441817,-23.264651],[-49.442736,-23.265639],[-49.445681,-23.267236],[-49.447339,-23.267906],[-49.450987,-23.269217],[-49.45352,-23.269584],[-49.456362,-23.271593],[-49.457386,-23.271602],[-49.458833,-23.270693],[-49.459473,-23.270558],[-49.461898,-23.271598],[-49.465829,-23.271505],[-49.467294,-23.271866],[-49.46806,-23.272388],[-49.468761,-23.273264],[-49.470961,-23.278283],[-49.471216,-23.278569],[-49.471626,-23.278706],[-49.47227,-23.278546],[-49.475434,-23.277087],[-49.479787,-23.274722],[-49.480077,-23.275121],[-49.4827,-23.273632],[-49.481414,-23.271672],[-49.481632,-23.271548]]}},{"type":"Feature","properties":{"id_backbone":"BB-EF649873366B","trecho":"PJI.PM-PSV.EP","cluster":"BAURU","cabo":"F-0151-03","capacidade":"4","extensao_km":17.762,"confianca":"BAIXA","fonte":"OSRM/OpenStreetMap","ponta_a":"PJI.PM","municipio_a":"PIRAJUI","ponta_b":"PSV.EP","municipio_b":"PRESIDENTE ALVES"},"geometry":{"type":"LineString","coordinates":[[-49.458266,-21.99439],[-49.458336,-21.994175],[-49.454917,-21.993025],[-49.45462,-21.99306],[-49.453428,-21.992602],[-49.452065,-21.992436],[-49.44675,-21.994036],[-49.445387,-21.994088],[-49.439674,-21.992779],[-49.438999,-21.9928],[-49.438928,-21.992519],[-49.439386,-21.992284],[-49.439611,-21.991974],[-49.439553,-21.991655],[-49.43923,-21.991618],[-49.431432,-22.000204],[-49.407474,-22.025429],[-49.394888,-22.039881],[-49.394445,-22.040778],[-49.394609,-22.042526],[-49.394964,-22.043221],[-49.436908,-22.08587],[-49.437805,-22.087386],[-49.438119,-22.089347],[-49.43657,-22.096455],[-49.436587,-22.097001],[-49.437077,-22.097892],[-49.438585,-22.099314]]}},{"type":"Feature","properties":{"id_backbone":"BB-1DB11D6A54C9","trecho":"PLA.DS-PLA.ML","cluster":"CAMPINAS","cabo":"F-0292","capacidade":"72","extensao_km":2.689,"confianca":"BAIXA","fonte":"OSRM/OpenStreetMap","ponta_a":"PLA.DS","municipio_a":"PAULINIA","ponta_b":"PLA.ML","municipio_b":"PAULINIA"},"geometry":{"type":"LineString","coordinates":[[-47.152685,-22.767472],[-47.151791,-22.769541],[-47.153146,-22.77001],[-47.153057,-22.770307],[-47.157991,-22.771591],[-47.158923,-22.771281],[-47.15973,-22.77192],[-47.161231,-22.77242],[-47.162068,-22.773255],[-47.162247,-22.773718],[-47.163765,-22.775172],[-47.165371,-22.7763],[-47.169253,-22.778193],[-47.171416,-22.777862],[-47.171654,-22.778126],[-47.171474,-22.778122]]}},{"type":"Feature","properties":{"id_backbone":"BB-4CDCA1F78DC8","trecho":"PNM.SS-SDL.SA","cluster":"SAO JOSE DO RIO PRETO","cabo":"F-0083","capacidade":"18","extensao_km":14.393,"confianca":"ALTA","fonte":"OSRM/OpenStreetMap","ponta_a":"PNM.SS","municipio_a":"PINDORAMA","ponta_b":"SDL.SA","municipio_b":"SANTA ADELIA"},"geometry":{"type":"LineString","coordinates":[[-48.904766,-21.186452],[-48.904328,-21.18672],[-48.905278,-21.187991],[-48.898942,-21.191765],[-48.892504,-21.194739],[-48.891799,-21.194915],[-48.886963,-21.195264],[-48.885066,-21.195688],[-48.881562,-21.197039],[-48.878745,-21.19713],[-48.877593,-21.197316],[-48.876382,-21.197745],[-48.871491,-21.200265],[-48.869816,-21.200844],[-48.866379,-21.203292],[-48.863324,-21.204951],[-48.859763,-21.206083],[-48.856408,-21.207771],[-48.855749,-21.208341],[-48.854533,-21.210717],[-48.85403,-21.211157],[-48.84579,-21.210703],[-48.84194,-21.21245],[-48.83591,-21.213202],[-48.833455,-21.21321],[-48.832921,-21.213608],[-48.831428,-21.212976],[-48.826667,-21.211443],[-48.824974,-21.211184],[-48.817134,-21.212835],[-48.815167,-21.213511],[-48.810912,-21.217461],[-48.81003,-21.218452],[-48.809697,-21.219063],[-48.808162,-21.228154],[-48.808115,-21.230609],[-48.807948,-21.231008],[-48.807461,-21.231179],[-48.807611,-21.231624],[-48.808042,-21.232041],[-48.807992,-21.232617],[-48.807484,-21.233152],[-48.805589,-21.233644],[-48.805731,-21.234261],[-48.804891,-21.235422],[-48.805171,-21.236321],[-48.804838,-21.238487],[-48.806724,-21.241593],[-48.806387,-21.243449]]}},{"type":"Feature","properties":{"id_backbone":"BB-4505E189707D","trecho":"PONV.PN-SAFP.FP","cluster":"SAO JOSE DOS CAMPOS","cabo":"F-0103","capacidade":"12","extensao_km":15.378,"confianca":"SEM_REFERENCIA","fonte":"OSRM/OpenStreetMap","ponta_a":"PONV.PN","municipio_a":"CARAGUATATUBA","ponta_b":"SAFP.FP","municipio_b":"SAO SEBASTIAO"},"geometry":{"type":"LineString","coordinates":[[-45.432101,-23.663495],[-45.432943,-23.663766],[-45.430434,-23.663361],[-45.430875,-23.665381],[-45.431274,-23.666175],[-45.431847,-23.670905],[-45.437592,-23.674882],[-45.437674,-23.674712],[-45.437879,-23.674785],[-45.437985,-23.676066],[-45.439988,-23.686561],[-45.44089,-23.688335],[-45.442374,-23.689105],[-45.44327,-23.690009],[-45.443544,-23.691057],[-45.443472,-23.691713],[-45.442464,-23.693837],[-45.440848,-23.696416],[-45.440003,-23.697377],[-45.437533,-23.701195],[-45.436984,-23.702325],[-45.436089,-23.70341],[-45.429513,-23.71347],[-45.428342,-23.715572],[-45.427725,-23.716208],[-45.425976,-23.719258],[-45.425386,-23.719826],[-45.420847,-23.72673],[-45.420316,-23.727031],[-45.419643,-23.727075],[-45.41802,-23.726426],[-45.417506,-23.72637],[-45.416328,-23.727089],[-45.415687,-23.727141],[-45.414639,-23.726782],[-45.414245,-23.726361],[-45.413992,-23.725541],[-45.413714,-23.725277],[-45.413242,-23.725302],[-45.412849,-23.725723],[-45.412485,-23.725814],[-45.409796,-23.72486],[-45.409388,-23.725079],[-45.409041,-23.725913],[-45.408,-23.726416],[-45.407914,-23.727286],[-45.407475,-23.727623],[-45.406943,-23.727464],[-45.404365,-23.725859],[-45.402805,-23.726242],[-45.402453,-23.726576],[-45.402545,-23.727046],[-45.403842,-23.728365],[-45.404225,-23.730012],[-45.403823,-23.730653],[-45.402601,-23.731608],[-45.399978,-23.732932],[-45.39962,-23.733254],[-45.399542,-23.733855],[-45.399897,-23.734568],[-45.400088,-23.736371],[-45.400518,-23.737045],[-45.401685,-23.737529],[-45.402252,-23.738005],[-45.402417,-23.739122],[-45.402858,-23.739988],[-45.403407,-23.740358],[-45.404556,-23.740743],[-45.405136,-23.741649],[-45.407947,-23.744959],[-45.40862,-23.746645],[-45.40932,-23.747901],[-45.411648,-23.749576],[-45.412207,-23.752408],[-45.412677,-23.753678],[-45.412865,-23.755533],[-45.412807,-23.756228],[-45.412548,-23.75625],[-45.411095,-23.758194],[-45.411374,-23.758342]]}},{"type":"Feature","properties":{"id_backbone":"BB-1520E2E00837","trecho":"PPE.BG-PPE.PS","cluster":"ARACATUBA","cabo":"F-0122","capacidade":"36","extensao_km":5.973,"confianca":"ALTA","fonte":"OSRM/OpenStreetMap","ponta_a":"PPE.BG","municipio_a":"PRESIDENTE PRUDENTE","ponta_b":"PPE.PS","municipio_b":"PRESIDENTE PRUDENTE"},"geometry":{"type":"LineString","coordinates":[[-51.404307,-22.138212],[-51.405875,-22.13744],[-51.406275,-22.138187],[-51.407533,-22.139689],[-51.40855,-22.140484],[-51.41191,-22.138537],[-51.428603,-22.127548],[-51.428697,-22.127212],[-51.428381,-22.126985],[-51.428072,-22.127244],[-51.428173,-22.127547],[-51.434118,-22.131952],[-51.434739,-22.132257],[-51.435326,-22.132247],[-51.43603,-22.132875],[-51.440286,-22.134376],[-51.441687,-22.134199],[-51.445069,-22.132827],[-51.445729,-22.130072],[-51.445711,-22.129415],[-51.447325,-22.129333],[-51.44736,-22.128748],[-51.447499,-22.128746]]}},{"type":"Feature","properties":{"id_backbone":"BB-603DF9C81A4E","trecho":"PPE.JG-PPE.SG","cluster":"ARACATUBA","cabo":"F-0123","capacidade":"36","extensao_km":7.444,"confianca":"MEDIA","fonte":"OSRM/OpenStreetMap","ponta_a":"PPE.JG","municipio_a":"PRESIDENTE PRUDENTE","ponta_b":"PPE.SG","municipio_b":"PRESIDENTE PRUDENTE"},"geometry":{"type":"LineString","coordinates":[[-51.386554,-22.094285],[-51.38642,-22.093881],[-51.385192,-22.094307],[-51.386294,-22.097377],[-51.387471,-22.09929],[-51.388008,-22.098033],[-51.389743,-22.097351],[-51.391054,-22.096513],[-51.391746,-22.095841],[-51.392119,-22.095879],[-51.393172,-22.096872],[-51.393737,-22.096666],[-51.395746,-22.096554],[-51.396978,-22.096091],[-51.398058,-22.09519],[-51.398981,-22.093491],[-51.399427,-22.093016],[-51.39998,-22.092689],[-51.402118,-22.092007],[-51.403763,-22.090696],[-51.404915,-22.090663],[-51.407038,-22.0915],[-51.407853,-22.09152],[-51.40979,-22.091124],[-51.410489,-22.091248],[-51.411219,-22.091739],[-51.414587,-22.095183],[-51.417449,-22.097349],[-51.420603,-22.098426],[-51.425428,-22.098735],[-51.425462,-22.098987],[-51.424904,-22.099201],[-51.424904,-22.099459],[-51.429744,-22.104631],[-51.431751,-22.106095],[-51.434274,-22.108613],[-51.431742,-22.108965],[-51.431743,-22.109419],[-51.431186,-22.109666]]}},{"type":"Feature","properties":{"id_backbone":"BB-D1839492C2D1","trecho":"PPE.RB-PVL.BC","cluster":"ARACATUBA","cabo":"F-0110","capacidade":"24","extensao_km":57.843,"confianca":"MEDIA","fonte":"OSRM/OpenStreetMap","ponta_a":"PPE.RB","municipio_a":"PRESIDENTE PRUDENTE","ponta_b":"PVL.BC","municipio_b":"PRESIDENTE VENCESLAU"},"geometry":{"type":"LineString","coordinates":[[-51.386782,-22.12525],[-51.386517,-22.125375],[-51.386966,-22.126212],[-51.40378,-22.11829],[-51.404101,-22.117986],[-51.404725,-22.117836],[-51.407418,-22.116572],[-51.408998,-22.116123],[-51.411295,-22.116062],[-51.413295,-22.116564],[-51.415416,-22.117927],[-51.42678,-22.126523],[-51.427638,-22.126876],[-51.429038,-22.126908],[-51.430041,-22.126612],[-51.542979,-22.052062],[-51.610114,-22.014952],[-51.652478,-21.991281],[-51.668897,-21.982349],[-51.80543,-21.9065],[-51.807091,-21.90578],[-51.839805,-21.894429],[-51.840281,-21.893805],[-51.839976,-21.892361],[-51.840616,-21.885923],[-51.845183,-21.875747],[-51.843946,-21.875267],[-51.844671,-21.873487],[-51.841441,-21.872179],[-51.841666,-21.871729]]}},{"type":"Feature","properties":{"id_backbone":"BB-F6FA6715A964","trecho":"PPE.RB-RAC.HD","cluster":"ARACATUBA","cabo":null,"capacidade":"72","extensao_km":59.033,"confianca":"SEM_REFERENCIA","fonte":"OSRM/OpenStreetMap","ponta_a":"PPE.RB","municipio_a":"PRESIDENTE PRUDENTE","ponta_b":"RAC.HD","municipio_b":"RANCHARIA"},"geometry":{"type":"LineString","coordinates":[[-51.386782,-22.12525],[-51.384716,-22.126225],[-51.38853,-22.133184],[-51.388494,-22.133335],[-51.386271,-22.133369],[-51.385264,-22.133693],[-51.381933,-22.13383],[-51.379991,-22.133291],[-51.378451,-22.133546],[-51.378032,-22.133769],[-51.375679,-22.133203],[-51.374225,-22.133235],[-51.372528,-22.132605],[-51.372293,-22.132745],[-51.369562,-22.136628],[-51.365863,-22.134449],[-51.365092,-22.134487],[-51.361891,-22.137394],[-51.361253,-22.138201],[-51.357751,-22.141005],[-51.351416,-22.144877],[-51.346055,-22.150693],[-51.340312,-22.15368],[-51.328101,-22.16231],[-51.327158,-22.163476],[-51.326672,-22.164515],[-51.32551,-22.168065],[-51.32557,-22.168505],[-51.325899,-22.168676],[-51.326272,-22.16846],[-51.32611,-22.167994],[-51.321202,-22.166542],[-51.185167,-22.129302],[-51.182506,-22.128135],[-51.178811,-22.125449],[-51.178075,-22.12507],[-51.177664,-22.12511],[-51.176048,-22.125844],[-51.150633,-22.144387],[-51.115463,-22.169676],[-51.017123,-22.220681],[-51.000588,-22.229214],[-50.999297,-22.229743],[-50.997354,-22.230145],[-50.925981,-22.233095],[-50.913994,-22.235024],[-50.912345,-22.235425],[-50.911669,-22.235967],[-50.91109,-22.23612],[-50.910786,-22.236476],[-50.910121,-22.236202],[-50.908681,-22.236356],[-50.908385,-22.235642],[-50.907194,-22.235127],[-50.90701,-22.234902],[-50.893151,-22.229753],[-50.892781,-22.230569],[-50.892141,-22.230346]]}},{"type":"Feature","properties":{"id_backbone":"BB-945CFE97CA5B","trecho":"PPZ.JA-TAR.SS","cluster":"ARACATUBA","cabo":"F-0102","capacidade":"24","extensao_km":9.143,"confianca":"ALTA","fonte":"OSRM/OpenStreetMap","ponta_a":"PPZ.JA","municipio_a":"PIRAPOZINHO","ponta_b":"TAR.SS","municipio_b":"TARABAI"},"geometry":{"type":"LineString","coordinates":[[-51.498812,-22.274667],[-51.499187,-22.27413],[-51.502954,-22.276425],[-51.502478,-22.277132],[-51.503204,-22.277595],[-51.50703,-22.279843],[-51.50888,-22.280684],[-51.510292,-22.281003],[-51.511701,-22.281131],[-51.514802,-22.280918],[-51.515487,-22.280729],[-51.516,-22.280328],[-51.516992,-22.278818],[-51.51721,-22.278308],[-51.517027,-22.27788],[-51.516605,-22.277793],[-51.516264,-22.278106],[-51.516661,-22.27897],[-51.521904,-22.284805],[-51.530365,-22.290254],[-51.532172,-22.292004],[-51.533419,-22.294148],[-51.537561,-22.303643],[-51.538735,-22.305325],[-51.5449,-22.304735],[-51.548072,-22.304856],[-51.556026,-22.304509],[-51.555977,-22.30365],[-51.5636,-22.303293]]}},{"type":"Feature","properties":{"id_backbone":"BB-0CA0FE8FB2C3","trecho":"PRAC.PC-SKR.WL","cluster":"ARACATUBA","cabo":"F-0140","capacidade":"36","extensao_km":17.109,"confianca":"ALTA","fonte":"OSRM/OpenStreetMap","ponta_a":"PRAC.PC","municipio_a":"PRACINHA","ponta_b":"SKR.WL","municipio_b":"SAGRES"},"geometry":{"type":"LineString","coordinates":[[-51.08376,-21.852069],[-51.083138,-21.852233],[-51.083664,-21.854019],[-51.081723,-21.854478],[-51.076638,-21.860311],[-51.07593,-21.860896],[-51.075473,-21.861152],[-51.074049,-21.86101],[-51.073443,-21.861252],[-51.073099,-21.861762],[-51.07307,-21.862551],[-51.072897,-21.862953],[-51.071827,-21.86423],[-51.067554,-21.865103],[-51.066312,-21.865755],[-51.064853,-21.866243],[-51.064247,-21.866256],[-51.063343,-21.865975],[-51.056667,-21.867289],[-51.056206,-21.867239],[-51.055358,-21.866843],[-51.054937,-21.866888],[-51.053333,-21.867396],[-51.053048,-21.867934],[-51.0527,-21.868119],[-51.037323,-21.871441],[-51.037049,-21.871316],[-51.034441,-21.867901],[-51.025372,-21.855253],[-51.019242,-21.857922],[-51.018943,-21.857899],[-51.017508,-21.856586],[-51.015765,-21.854491],[-51.009045,-21.848535],[-50.983418,-21.862823],[-50.982775,-21.863557],[-50.980476,-21.867279],[-50.963396,-21.876722],[-50.960182,-21.879507],[-50.959692,-21.880225],[-50.956398,-21.879466],[-50.955649,-21.882165]]}},{"type":"Feature","properties":{"id_backbone":"BB-2FF1325ED7A2","trecho":"PSB.KI-SAO.VM","cluster":"ARACATUBA","cabo":"F-0102","capacidade":"12","extensao_km":17.287,"confianca":"ALTA","fonte":"OSRM/OpenStreetMap","ponta_a":"PSB.KI","municipio_a":"PRESIDENTE BERNARDES","ponta_b":"SAO.VM","municipio_b":"SANTO ANASTACIO"},"geometry":{"type":"LineString","coordinates":[[-51.552183,-22.008823],[-51.552017,-22.009342],[-51.552229,-22.009981],[-51.554471,-22.010555],[-51.552556,-22.016569],[-51.551856,-22.018323],[-51.551617,-22.019987],[-51.551803,-22.022069],[-51.552199,-22.023143],[-51.558151,-22.032577],[-51.558575,-22.034113],[-51.559162,-22.040057],[-51.55936,-22.040658],[-51.559708,-22.041076],[-51.560221,-22.041359],[-51.56094,-22.041699],[-51.56151,-22.041736],[-51.567278,-22.038676],[-51.610114,-22.014952],[-51.652478,-21.991281],[-51.652863,-21.990834],[-51.653019,-21.989831],[-51.654309,-21.988501],[-51.654577,-21.987686],[-51.654289,-21.98568],[-51.653963,-21.985104],[-51.654208,-21.984745],[-51.654085,-21.981522],[-51.654551,-21.980029],[-51.654093,-21.974974],[-51.653969,-21.973998],[-51.652931,-21.974049],[-51.653013,-21.973912]]}},{"type":"Feature","properties":{"id_backbone":"BB-D06BBC019EC3","trecho":"PTB.JO-YBA.IA","cluster":"SAO JOSE DO RIO PRETO","cabo":"TR 0149","capacidade":"36","extensao_km":15.856,"confianca":"MEDIA","fonte":"OSRM/OpenStreetMap","ponta_a":"PTB.JO","municipio_a":"POTIRENDABA","ponta_b":"YBA.IA","municipio_b":"IBIRA"},"geometry":{"type":"LineString","coordinates":[[-49.378501,-21.041564],[-49.378675,-21.041569],[-49.378591,-21.042509],[-49.373896,-21.042359],[-49.373787,-21.044076],[-49.372839,-21.044315],[-49.365219,-21.04815],[-49.36463,-21.048511],[-49.364533,-21.048761],[-49.363904,-21.048811],[-49.361921,-21.049686],[-49.36034,-21.049885],[-49.353553,-21.049772],[-49.351694,-21.05003],[-49.349685,-21.050602],[-49.343813,-21.052959],[-49.326662,-21.057939],[-49.320903,-21.057803],[-49.313786,-21.057224],[-49.313003,-21.057322],[-49.310892,-21.058126],[-49.309784,-21.058235],[-49.302393,-21.058091],[-49.298778,-21.057524],[-49.293344,-21.057444],[-49.292764,-21.057713],[-49.290785,-21.059243],[-49.288757,-21.060349],[-49.286296,-21.06156],[-49.280336,-21.063948],[-49.27375,-21.067763],[-49.255884,-21.075774],[-49.254904,-21.075881],[-49.252371,-21.075119],[-49.251619,-21.075301],[-49.251168,-21.075893],[-49.249827,-21.075702],[-49.248544,-21.075855],[-49.247596,-21.076272],[-49.241538,-21.080058],[-49.240995,-21.079302],[-49.240184,-21.079796],[-49.240422,-21.080123]]}},{"type":"Feature","properties":{"id_backbone":"BB-E7185BD5D5F7","trecho":"PUA.PA-RLS.BD","cluster":"ARACATUBA","cabo":"F-0025","capacidade":"6","extensao_km":12.588,"confianca":"ALTA","fonte":"OSRM/OpenStreetMap","ponta_a":"PUA.PA","municipio_a":"PARAPUA","ponta_b":"RLS.BD","municipio_b":"RINOPOLIS"},"geometry":{"type":"LineString","coordinates":[[-50.7904,-21.7796],[-50.790732,-21.77969],[-50.784437,-21.779163],[-50.778878,-21.780657],[-50.778246,-21.781262],[-50.777873,-21.781166],[-50.7776,-21.780186],[-50.77618,-21.777447],[-50.750724,-21.729214],[-50.748049,-21.725307],[-50.746102,-21.723065],[-50.744018,-21.721032],[-50.741325,-21.718817],[-50.737681,-21.716433],[-50.733477,-21.714358],[-50.729988,-21.713215],[-50.729188,-21.713166],[-50.727978,-21.71342],[-50.727407,-21.713718],[-50.723697,-21.718114],[-50.723063,-21.719388],[-50.722396,-21.721691],[-50.719133,-21.725921]]}},{"type":"Feature","properties":{"id_backbone":"BB-67E8FF9B659A","trecho":"QUIR.QM-TTE.IN","cluster":"SAO JOSE DOS CAMPOS","cabo":"F-S/N","capacidade":"36","extensao_km":5.754,"confianca":"BAIXA","fonte":"OSRM/OpenStreetMap","ponta_a":"QUIR.QM","municipio_a":"TAUBATE","ponta_b":"TTE.IN","municipio_b":"TAUBATE"},"geometry":{"type":"LineString","coordinates":[[-45.625856,-23.027815],[-45.624823,-23.028944],[-45.624658,-23.028823],[-45.622176,-23.029355],[-45.621051,-23.029909],[-45.620946,-23.030202],[-45.621509,-23.030427],[-45.621649,-23.03068],[-45.621566,-23.030914],[-45.620859,-23.030962],[-45.619735,-23.030744],[-45.616726,-23.032019],[-45.616557,-23.032349],[-45.616044,-23.032408],[-45.613927,-23.033708],[-45.610811,-23.03487],[-45.604939,-23.036363],[-45.603071,-23.037051],[-45.598237,-23.036736],[-45.596747,-23.037246],[-45.595887,-23.037096],[-45.592307,-23.03774],[-45.590576,-23.038722],[-45.588761,-23.040096],[-45.584742,-23.038759],[-45.576887,-23.037122],[-45.57709,-23.036353]]}},{"type":"Feature","properties":{"id_backbone":"BB-E326C66B4949","trecho":"RAC.HD-RAC.RD","cluster":"ARACATUBA","cabo":"F-0101","capacidade":"24","extensao_km":1.272,"confianca":"BAIXA","fonte":"OSRM/OpenStreetMap","ponta_a":"RAC.HD","municipio_a":"RANCHARIA","ponta_b":"RAC.RD","municipio_b":"RANCHARIA"},"geometry":{"type":"LineString","coordinates":[[-50.892141,-22.230346],[-50.891806,-22.230227],[-50.893655,-22.226011],[-50.893818,-22.225207],[-50.894307,-22.224847],[-50.89726,-22.225993],[-50.897954,-22.224427],[-50.897479,-22.224247]]}},{"type":"Feature","properties":{"id_backbone":"BB-4D1004784003","trecho":"RCO.AD-RCO.TT","cluster":"CAMPINAS","cabo":null,"capacidade":"12","extensao_km":3.431,"confianca":"SEM_REFERENCIA","fonte":"OSRM/OpenStreetMap","ponta_a":"RCO.AD","municipio_a":"RIO CLARO","ponta_b":"RCO.TT","municipio_b":"RIO CLARO"},"geometry":{"type":"LineString","coordinates":[[-47.56092,-22.408285],[-47.560565,-22.40817],[-47.560885,-22.407276],[-47.561784,-22.407558],[-47.559578,-22.413575],[-47.563122,-22.414723],[-47.559616,-22.423063],[-47.560906,-22.423328],[-47.563101,-22.426066],[-47.567998,-22.427832],[-47.568162,-22.427425]]}},{"type":"Feature","properties":{"id_backbone":"BB-7A94C061DEE4","trecho":"RGF.MF-TCI.FT","cluster":"ARACATUBA","cabo":"F-0103","capacidade":"12","extensao_km":26.17,"confianca":"ALTA","fonte":"OSRM/OpenStreetMap","ponta_a":"RGF.MF","municipio_a":"REGENTE FEIJO","ponta_b":"TCI.FT","municipio_b":"TACIBA"},"geometry":{"type":"LineString","coordinates":[[-51.302491,-22.219206],[-51.304293,-22.221562],[-51.30713,-22.219633],[-51.307948,-22.220395],[-51.308694,-22.21988],[-51.309884,-22.220971],[-51.311636,-22.223404],[-51.311796,-22.224274],[-51.315409,-22.22791],[-51.315832,-22.228588],[-51.317737,-22.230249],[-51.318784,-22.230752],[-51.320099,-22.231085],[-51.324237,-22.230945],[-51.325345,-22.231408],[-51.333884,-22.242363],[-51.334422,-22.242524],[-51.334714,-22.242376],[-51.334813,-22.2421],[-51.33446,-22.241682],[-51.33377,-22.241876],[-51.265519,-22.294637],[-51.263676,-22.296445],[-51.263432,-22.298592],[-51.263947,-22.299656],[-51.282747,-22.320639],[-51.28414,-22.322517],[-51.284778,-22.324031],[-51.286245,-22.329728],[-51.291593,-22.352],[-51.292487,-22.356715],[-51.292857,-22.367778],[-51.293098,-22.369871],[-51.29364,-22.372119],[-51.294192,-22.373577],[-51.294738,-22.374495],[-51.295517,-22.375186],[-51.295633,-22.375568],[-51.295371,-22.375888],[-51.294585,-22.375794],[-51.293896,-22.376081],[-51.292542,-22.37698],[-51.287439,-22.382292],[-51.286645,-22.383578],[-51.286249,-22.384644],[-51.285732,-22.388067],[-51.284811,-22.387942],[-51.284665,-22.389096]]}},{"type":"Feature","properties":{"id_backbone":"BB-4240BD2661BE","trecho":"RPO.RD-RPO.RT","cluster":"RIBEIRAO PRETO","cabo":"F-0617","capacidade":"22","extensao_km":14.142,"confianca":"ALTA","fonte":"OSRM/OpenStreetMap","ponta_a":"RPO.RD","municipio_a":"RIBEIRAO PRETO","ponta_b":"RPO.RT","municipio_b":"RIBEIRAO PRETO"},"geometry":{"type":"LineString","coordinates":[[-47.890275,-21.247182],[-47.891173,-21.243526],[-47.891126,-21.238907],[-47.890631,-21.233828],[-47.890695,-21.233085],[-47.890087,-21.231347],[-47.888376,-21.22926],[-47.886713,-21.228394],[-47.885579,-21.227435],[-47.885018,-21.223299],[-47.883922,-21.220552],[-47.883605,-21.220257],[-47.881932,-21.219599],[-47.87789,-21.218771],[-47.875222,-21.219767],[-47.873074,-21.219827],[-47.871467,-21.219678],[-47.869347,-21.219984],[-47.866879,-21.215915],[-47.86637,-21.215853],[-47.865091,-21.216346],[-47.863518,-21.214531],[-47.860741,-21.207313],[-47.859857,-21.205891],[-47.859824,-21.205786],[-47.861402,-21.205163],[-47.861344,-21.204792],[-47.861098,-21.204663],[-47.859505,-21.205317],[-47.858707,-21.203869],[-47.857396,-21.200858],[-47.851079,-21.196174],[-47.850439,-21.196103],[-47.850113,-21.195648],[-47.849371,-21.195295],[-47.847653,-21.193622],[-47.845069,-21.191644],[-47.844701,-21.191221],[-47.843485,-21.18696],[-47.842409,-21.184963],[-47.842037,-21.184683],[-47.839747,-21.180431],[-47.838762,-21.17983],[-47.837801,-21.179571],[-47.837062,-21.178996],[-47.832512,-21.178384],[-47.824047,-21.178285],[-47.823587,-21.178343],[-47.823049,-21.178686],[-47.82207,-21.178219],[-47.820513,-21.178208],[-47.817377,-21.178494],[-47.816591,-21.178729],[-47.816336,-21.178633],[-47.815618,-21.177561],[-47.812894,-21.179663],[-47.811153,-21.177716]]}},{"type":"Feature","properties":{"id_backbone":"BB-BE1CC0C51AA6","trecho":"SBR.AL-SEP.SP","cluster":"SAO JOSE DOS CAMPOS","cabo":"TR-1419","capacidade":"36","extensao_km":21.973,"confianca":"ALTA","fonte":"OSRM/OpenStreetMap","ponta_a":"SBR.AL","municipio_a":"SANTA BRANCA","ponta_b":"SEP.SP","municipio_b":"SALESOPOLIS"},"geometry":{"type":"LineString","coordinates":[[-45.884717,-23.397132],[-45.885016,-23.39699],[-45.88664,-23.398083],[-45.887373,-23.399663],[-45.887326,-23.40191],[-45.887723,-23.403886],[-45.887577,-23.405126],[-45.887098,-23.406954],[-45.885554,-23.408269],[-45.884946,-23.409167],[-45.88417,-23.409693],[-45.883404,-23.410573],[-45.883103,-23.411202],[-45.882986,-23.412389],[-45.881899,-23.413871],[-45.882392,-23.41499],[-45.88299,-23.415584],[-45.884085,-23.416303],[-45.884213,-23.416634],[-45.884083,-23.417288],[-45.884365,-23.418057],[-45.883945,-23.420053],[-45.883368,-23.420771],[-45.883083,-23.421604],[-45.882629,-23.422268],[-45.882839,-23.42324],[-45.882699,-23.423462],[-45.881738,-23.423847],[-45.881229,-23.42426],[-45.880713,-23.424933],[-45.879378,-23.425914],[-45.879229,-23.426334],[-45.879872,-23.42729],[-45.880129,-23.428257],[-45.880679,-23.429162],[-45.881302,-23.430946],[-45.882031,-23.432236],[-45.882629,-23.434353],[-45.882512,-23.434864],[-45.881956,-23.43533],[-45.88157,-23.435989],[-45.881961,-23.43724],[-45.880732,-23.437654],[-45.877386,-23.436712],[-45.874504,-23.438434],[-45.872305,-23.437931],[-45.871256,-23.438163],[-45.870984,-23.438463],[-45.87084,-23.439365],[-45.870026,-23.439742],[-45.869535,-23.440192],[-45.868403,-23.440313],[-45.86617,-23.440864],[-45.866007,-23.441516],[-45.865538,-23.442004],[-45.864706,-23.443534],[-45.864911,-23.443987],[-45.865853,-23.444054],[-45.866101,-23.444306],[-45.865582,-23.446057],[-45.866444,-23.447269],[-45.866714,-23.44871],[-45.867429,-23.450193],[-45.867649,-23.455296],[-45.868013,-23.456484],[-45.867947,-23.457249],[-45.866925,-23.459201],[-45.867038,-23.459799],[-45.866845,-23.460303],[-45.865592,-23.461571],[-45.865301,-23.462253],[-45.865497,-23.462799],[-45.866357,-23.4637],[-45.866638,-23.465791],[-45.867555,-23.467068],[-45.867477,-23.467825],[-45.867704,-23.468866],[-45.869775,-23.47108],[-45.871554,-23.47222],[-45.871853,-23.472647],[-45.871726,-23.473751],[-45.871089,-23.475804],[-45.871073,-23.476802],[-45.870737,-23.47749],[-45.87059,-23.478344],[-45.870111,-23.478725],[-45.869097,-23.478673],[-45.868842,-23.47898],[-45.869225,-23.479994],[-45.869302,-23.480961],[-45.870778,-23.482713],[-45.872829,-23.484233],[-45.8744,-23.485757],[-45.876978,-23.486631],[-45.878745,-23.486692],[-45.879829,-23.486567],[-45.882509,-23.48727],[-45.883287,-23.487629],[-45.883453,-23.487915],[-45.883474,-23.488808],[-45.883866,-23.49049],[-45.884255,-23.491245],[-45.885333,-23.492841],[-45.886439,-23.493515],[-45.887092,-23.494131],[-45.887428,-23.496118],[-45.886795,-23.497434],[-45.886219,-23.497916],[-45.886071,-23.498915],[-45.885722,-23.499595],[-45.886505,-23.500541],[-45.886548,-23.500941],[-45.886269,-23.501515],[-45.886984,-23.502338],[-45.88702,-23.503044],[-45.88663,-23.504189],[-45.885558,-23.504919],[-45.885239,-23.505313],[-45.884193,-23.505466],[-45.883815,-23.506199],[-45.883091,-23.506282],[-45.881937,-23.507277],[-45.881023,-23.507612],[-45.878218,-23.509472],[-45.876872,-23.509777],[-45.874809,-23.512012],[-45.874831,-23.513139],[-45.874572,-23.51378],[-45.872503,-23.51472],[-45.87243,-23.514942],[-45.872739,-23.515705],[-45.872724,-23.516055],[-45.871853,-23.517387],[-45.871099,-23.517969],[-45.870673,-23.518073],[-45.869964,-23.517914],[-45.869288,-23.517442],[-45.86889,-23.516524],[-45.86757,-23.516048],[-45.866131,-23.516666],[-45.865321,-23.517822],[-45.863915,-23.518179],[-45.861598,-23.520387],[-45.860936,-23.522652],[-45.860595,-23.523253],[-45.860153,-23.523554],[-45.859206,-23.52371],[-45.858661,-23.524191],[-45.857602,-23.526402],[-45.857722,-23.526825],[-45.856543,-23.527769],[-45.855088,-23.52928],[-45.851072,-23.530015],[-45.848125,-23.529212],[-45.847527,-23.530511]]}},{"type":"Feature","properties":{"id_backbone":"BB-F700DA46CC5D","trecho":"SCL.GE-SCL.NJ","cluster":"RIBEIRAO PRETO","cabo":"F-0242","capacidade":"36","extensao_km":2.918,"confianca":"MEDIA","fonte":"OSRM/OpenStreetMap","ponta_a":"SCL.GE","municipio_a":"SAO CARLOS","ponta_b":"SCL.NJ","municipio_b":"SAO CARLOS"},"geometry":{"type":"LineString","coordinates":[[-47.877719,-22.031981],[-47.878101,-22.031765],[-47.877712,-22.031151],[-47.883874,-22.02783],[-47.885279,-22.027197],[-47.88844,-22.026776],[-47.888597,-22.020436],[-47.889583,-22.020357],[-47.889578,-22.020534],[-47.890608,-22.020554],[-47.890715,-22.016008],[-47.892001,-22.016025]]}},{"type":"Feature","properties":{"id_backbone":"BB-11EAA3674CE4","trecho":"SCL.NJ-SCL.RD","cluster":"RIBEIRAO PRETO","cabo":"F-0237","capacidade":"12","extensao_km":10.043,"confianca":"MEDIA","fonte":"OSRM/OpenStreetMap","ponta_a":"SCL.NJ","municipio_a":"SAO CARLOS","ponta_b":"SCL.RD","municipio_b":"SAO CARLOS"},"geometry":{"type":"LineString","coordinates":[[-47.892001,-22.016025],[-47.892697,-22.016033],[-47.89272,-22.015131],[-47.89073,-22.015101],[-47.891106,-21.997087],[-47.889668,-21.993133],[-47.889279,-21.992897],[-47.889412,-21.992409],[-47.888479,-21.98973],[-47.888099,-21.989333],[-47.887641,-21.989555],[-47.887607,-21.990114],[-47.888159,-21.990185],[-47.896817,-21.98748],[-47.930074,-21.976998],[-47.931811,-21.976225],[-47.932278,-21.975401],[-47.932725,-21.975215],[-47.933161,-21.975318],[-47.933434,-21.975188],[-47.931425,-21.971543],[-47.931233,-21.971441],[-47.931249,-21.971236],[-47.930069,-21.969055],[-47.929733,-21.968482],[-47.929362,-21.968227],[-47.929319,-21.967793],[-47.927749,-21.964902],[-47.926264,-21.963365]]}},{"type":"Feature","properties":{"id_backbone":"BB-39C4472304DF","trecho":"SFL.DZ-TFS.TF","cluster":"SAO JOSE DO RIO PRETO","cabo":"F-0016","capacidade":"12","extensao_km":6.34,"confianca":"ALTA","fonte":"OSRM/OpenStreetMap","ponta_a":"SFL.DZ","municipio_a":"SANTA FE DO SUL","ponta_b":"TFS.TF","municipio_b":"TRES FRONTEIRAS"},"geometry":{"type":"LineString","coordinates":[[-50.925696,-20.20809],[-50.926121,-20.211677],[-50.911798,-20.213166],[-50.910457,-20.213543],[-50.909612,-20.214034],[-50.90863,-20.215055],[-50.908683,-20.215324],[-50.909241,-20.215721],[-50.909314,-20.215979],[-50.909074,-20.216002],[-50.908292,-20.215473],[-50.907764,-20.215621],[-50.889214,-20.232831],[-50.889531,-20.233138],[-50.887796,-20.234771],[-50.890608,-20.23782],[-50.88884,-20.23911]]}},{"type":"Feature","properties":{"id_backbone":"BB-A4E1194D8964","trecho":"SIMN.SN-VOT.RP","cluster":"SAO JOSE DO RIO PRETO","cabo":"F-0019","capacidade":"72","extensao_km":10.107,"confianca":"SEM_REFERENCIA","fonte":"OSRM/OpenStreetMap","ponta_a":"SIMN.SN","municipio_a":"VOTUPORANGA","ponta_b":"VOT.RP","municipio_b":"VOTUPORANGA"},"geometry":{"type":"LineString","coordinates":[[-49.893113,-20.45023],[-49.896108,-20.449104],[-49.897512,-20.449068],[-49.89772,-20.448923],[-49.897811,-20.448277],[-49.897391,-20.447666],[-49.895869,-20.447993],[-49.895586,-20.448303],[-49.895925,-20.448551],[-49.897849,-20.447993],[-49.904914,-20.445347],[-49.90967,-20.443346],[-49.913358,-20.441587],[-49.953064,-20.419545],[-49.953823,-20.418735],[-49.958919,-20.415942],[-49.958948,-20.415712],[-49.960001,-20.417025],[-49.960847,-20.41771],[-49.961432,-20.417978],[-49.973169,-20.419735]]}},{"type":"Feature","properties":{"id_backbone":"BB-868B815A2DC9","trecho":"SJC.CA-SJC.JS","cluster":"SAO JOSE DOS CAMPOS","cabo":"F-0138","capacidade":"24","extensao_km":5.77,"confianca":"ALTA","fonte":"OSRM/OpenStreetMap","ponta_a":"SJC.CA","municipio_a":"SAO JOSE DOS CAMPOS","ponta_b":"SJC.JS","municipio_b":"SAO JOSE DOS CAMPOS"},"geometry":{"type":"LineString","coordinates":[[-45.898423,-23.276619],[-45.897818,-23.277232],[-45.898422,-23.277661],[-45.898826,-23.277522],[-45.899652,-23.276732],[-45.905583,-23.270635],[-45.905755,-23.27021],[-45.906482,-23.269764],[-45.90876,-23.267334],[-45.909008,-23.266829],[-45.909522,-23.26655],[-45.911714,-23.264067],[-45.911867,-23.263654],[-45.906538,-23.242465],[-45.90388,-23.236763],[-45.905391,-23.236078],[-45.904507,-23.234197]]}},{"type":"Feature","properties":{"id_backbone":"BB-7B0E911471D0","trecho":"SJC.PT-TTE.CN","cluster":"SAO JOSE DOS CAMPOS","cabo":"F-0136","capacidade":"72","extensao_km":44.882,"confianca":"SEM_REFERENCIA","fonte":"OSRM/OpenStreetMap","ponta_a":"SJC.PT","municipio_a":"SAO JOSE DOS CAMPOS","ponta_b":"TTE.CN","municipio_b":"TAUBATE"},"geometry":{"type":"LineString","coordinates":[[-45.835149,-23.246458],[-45.835841,-23.246246],[-45.835351,-23.244157],[-45.837905,-23.243924],[-45.839745,-23.244236],[-45.842241,-23.244228],[-45.844443,-23.244043],[-45.845137,-23.243858],[-45.845234,-23.243691],[-45.845765,-23.237865],[-45.845384,-23.23445],[-45.844475,-23.230736],[-45.844422,-23.228629],[-45.843441,-23.22629],[-45.840953,-23.223995],[-45.840451,-23.223075],[-45.84026,-23.222072],[-45.840217,-23.220032],[-45.838879,-23.216907],[-45.838744,-23.216199],[-45.838818,-23.214941],[-45.83934,-23.213544],[-45.840015,-23.212589],[-45.842779,-23.210735],[-45.843869,-23.209582],[-45.846765,-23.203425],[-45.847444,-23.202309],[-45.848498,-23.201553],[-45.851218,-23.200448],[-45.852079,-23.199733],[-45.8527,-23.198955],[-45.853356,-23.197451],[-45.85394,-23.195022],[-45.854815,-23.193053],[-45.85599,-23.189444],[-45.856368,-23.188696],[-45.856254,-23.188193],[-45.855062,-23.187649],[-45.850075,-23.184744],[-45.839108,-23.179494],[-45.836578,-23.177845],[-45.74268,-23.130633],[-45.70446,-23.111109],[-45.699577,-23.10799],[-45.653149,-23.076092],[-45.648224,-23.073363],[-45.623942,-23.061179],[-45.60501,-23.051834],[-45.599706,-23.049531],[-45.596216,-23.048263],[-45.593126,-23.047277],[-45.585512,-23.045257],[-45.563913,-23.039747],[-45.561609,-23.03939],[-45.558546,-23.038211],[-45.558274,-23.038325],[-45.558114,-23.038923],[-45.557943,-23.038975],[-45.557141,-23.037799],[-45.556925,-23.037228],[-45.556974,-23.033799],[-45.556717,-23.031932],[-45.554059,-23.029999],[-45.553279,-23.028243],[-45.552758,-23.028413],[-45.55305,-23.02915]]}},{"type":"Feature","properties":{"id_backbone":"BB-6D9E7203CE0B","trecho":"SJC.RH-SJC.TT","cluster":"SAO JOSE DOS CAMPOS","cabo":"F-0120","capacidade":"36","extensao_km":5.706,"confianca":"ALTA","fonte":"OSRM/OpenStreetMap","ponta_a":"SJC.RH","municipio_a":"SAO JOSE DOS CAMPOS","ponta_b":"SJC.TT","municipio_b":"SAO JOSE DOS CAMPOS"},"geometry":{"type":"LineString","coordinates":[[-45.886388,-23.188621],[-45.887062,-23.188676],[-45.88723,-23.187366],[-45.880872,-23.186195],[-45.879718,-23.186559],[-45.879038,-23.188215],[-45.879114,-23.188481],[-45.88013,-23.188327],[-45.880153,-23.188155],[-45.87846,-23.186971],[-45.877729,-23.185977],[-45.877398,-23.184937],[-45.876865,-23.181199],[-45.876496,-23.180138],[-45.875665,-23.177957],[-45.875196,-23.177363],[-45.874454,-23.176966],[-45.873545,-23.177404],[-45.870352,-23.179644],[-45.869928,-23.180053],[-45.869685,-23.180715],[-45.869289,-23.18089],[-45.868412,-23.180646],[-45.868067,-23.179748],[-45.864123,-23.179166],[-45.862703,-23.178255],[-45.859858,-23.17764],[-45.854328,-23.175029],[-45.85299,-23.179025]]}},{"type":"Feature","properties":{"id_backbone":"BB-C25C9E46C2D0","trecho":"SJR.FG-SSG.TM","cluster":"CAMPINAS","cabo":"F-0121","capacidade":"24","extensao_km":19.167,"confianca":"SEM_REFERENCIA","fonte":"OSRM/OpenStreetMap","ponta_a":"SJR.FG","municipio_a":"SAO JOSE DO RIO PARDO","ponta_b":"SSG.TM","municipio_b":"SAO SEBASTIAO DA GRAMA"},"geometry":{"type":"LineString","coordinates":[[-46.889161,-21.597574],[-46.888643,-21.596436],[-46.889529,-21.59606],[-46.891454,-21.600232],[-46.892385,-21.601587],[-46.8919,-21.601777],[-46.893845,-21.605099],[-46.893594,-21.611001],[-46.894173,-21.614914],[-46.894754,-21.61507],[-46.894784,-21.618613],[-46.895227,-21.620059],[-46.897411,-21.624991],[-46.89807,-21.626225],[-46.898576,-21.626776],[-46.898679,-21.627593],[-46.898233,-21.628246],[-46.898293,-21.628872],[-46.898155,-21.629198],[-46.897617,-21.629475],[-46.896941,-21.629334],[-46.896489,-21.629442],[-46.891974,-21.632941],[-46.891251,-21.6337],[-46.890395,-21.634177],[-46.88934,-21.635055],[-46.884478,-21.640378],[-46.880147,-21.642961],[-46.874657,-21.649354],[-46.860716,-21.662404],[-46.859597,-21.663738],[-46.859344,-21.664488],[-46.859235,-21.666979],[-46.859042,-21.667504],[-46.85826,-21.668259],[-46.856755,-21.668886],[-46.856361,-21.6693],[-46.856228,-21.669774],[-46.858462,-21.676985],[-46.858521,-21.679153],[-46.85874,-21.679587],[-46.860484,-21.681466],[-46.860792,-21.682185],[-46.860729,-21.682776],[-46.8596,-21.684371],[-46.85945,-21.685025],[-46.859731,-21.685916],[-46.860842,-21.687229],[-46.860907,-21.688074],[-46.860048,-21.690502],[-46.85972,-21.692973],[-46.858385,-21.694848],[-46.858116,-21.696469],[-46.857777,-21.697064],[-46.850711,-21.703691],[-46.849177,-21.704362],[-46.845829,-21.705196],[-46.844262,-21.706065],[-46.840828,-21.709594],[-46.839914,-21.710838],[-46.839619,-21.710835],[-46.839676,-21.710318],[-46.839514,-21.710065],[-46.834332,-21.706635],[-46.831982,-21.704844],[-46.83038,-21.704065],[-46.828867,-21.70385],[-46.827478,-21.704042],[-46.826657,-21.704361],[-46.822945,-21.706315],[-46.822482,-21.706756],[-46.821413,-21.708974],[-46.822772,-21.709482],[-46.822267,-21.710651]]}},{"type":"Feature","properties":{"id_backbone":"BB-D6EB05C6C9B9","trecho":"SKP.ST-TFS.TF","cluster":"SAO JOSE DO RIO PRETO","cabo":"F-0008","capacidade":"6","extensao_km":11.635,"confianca":"BAIXA","fonte":"OSRM/OpenStreetMap","ponta_a":"SKP.ST","municipio_a":"SANTANA DA PONTE PENSA","ponta_b":"TFS.TF","municipio_b":"TRES FRONTEIRAS"},"geometry":{"type":"LineString","coordinates":[[-50.799098,-20.254401],[-50.800018,-20.253942],[-50.798532,-20.25061],[-50.801007,-20.248863],[-50.812226,-20.246186],[-50.870733,-20.223139],[-50.872886,-20.22568],[-50.8752,-20.227519],[-50.876358,-20.228112],[-50.88148,-20.229285],[-50.883494,-20.230464],[-50.883974,-20.231096],[-50.888723,-20.235642],[-50.890608,-20.23782],[-50.88884,-20.23911]]}},{"type":"Feature","properties":{"id_backbone":"BB-52C204D79057","trecho":"SLO.ST-SOC.CR","cluster":"JUNDIAI","cabo":"F-0379","capacidade":"36","extensao_km":45.497,"confianca":"ALTA","fonte":"OSRM/OpenStreetMap","ponta_a":"SLO.ST","municipio_a":"SALTO","ponta_b":"SOC.CR","municipio_b":"SOROCABA"},"geometry":{"type":"LineString","coordinates":[[-47.293723,-23.218201],[-47.294133,-23.217794],[-47.294202,-23.217242],[-47.293641,-23.215838],[-47.295054,-23.215175],[-47.295579,-23.213782],[-47.29643,-23.212804],[-47.296197,-23.212424],[-47.296577,-23.212279],[-47.296626,-23.212886],[-47.297671,-23.215315],[-47.299316,-23.218449],[-47.304597,-23.229505],[-47.306063,-23.23033],[-47.306932,-23.231423],[-47.316456,-23.236203],[-47.316786,-23.236268],[-47.317082,-23.236115],[-47.317113,-23.23562],[-47.316735,-23.235407],[-47.316332,-23.2356],[-47.316094,-23.236331],[-47.315852,-23.238235],[-47.315879,-23.240575],[-47.316505,-23.244013],[-47.323255,-23.260096],[-47.324636,-23.264388],[-47.331612,-23.297356],[-47.332223,-23.301764],[-47.332056,-23.304891],[-47.331617,-23.307217],[-47.324705,-23.332085],[-47.324325,-23.335187],[-47.324795,-23.343164],[-47.327601,-23.380183],[-47.328142,-23.383261],[-47.328829,-23.385315],[-47.33878,-23.406948],[-47.340462,-23.409794],[-47.344088,-23.414079],[-47.346947,-23.416498],[-47.409286,-23.460298],[-47.419341,-23.466547],[-47.441584,-23.479024],[-47.441832,-23.479393],[-47.441688,-23.479885],[-47.439832,-23.480331],[-47.43931,-23.481379],[-47.438377,-23.486202],[-47.438571,-23.487403],[-47.439123,-23.488597],[-47.439562,-23.489132],[-47.440513,-23.489824],[-47.443323,-23.491253],[-47.444167,-23.491904],[-47.450031,-23.495374],[-47.450455,-23.495749],[-47.451142,-23.497165],[-47.45179,-23.497361],[-47.452667,-23.496928],[-47.454251,-23.496702],[-47.455292,-23.496269],[-47.454965,-23.497249],[-47.457487,-23.497653],[-47.459248,-23.4983],[-47.467805,-23.502742],[-47.468278,-23.502543],[-47.468575,-23.502978],[-47.470685,-23.503823],[-47.473036,-23.504333],[-47.478664,-23.504441],[-47.48138,-23.505228],[-47.48478,-23.507927],[-47.488469,-23.510371],[-47.488749,-23.510838],[-47.489228,-23.514193],[-47.488655,-23.51089]]}},{"type":"Feature","properties":{"id_backbone":"BB-CB25B5D15D3D","trecho":"SNG.RD-SNG.SM","cluster":"CAMPINAS","cabo":"F-0043","capacidade":"12","extensao_km":4.64,"confianca":"SEM_REFERENCIA","fonte":"OSRM/OpenStreetMap","ponta_a":"SNG.RD","municipio_a":"SERRA NEGRA","ponta_b":"SNG.SM","municipio_b":"SERRA NEGRA"},"geometry":{"type":"LineString","coordinates":[[-46.677254,-22.618464],[-46.677709,-22.620122],[-46.678936,-22.621893],[-46.68017,-22.624137],[-46.68183,-22.626006],[-46.682449,-22.627775],[-46.683181,-22.62864],[-46.683399,-22.628744],[-46.685406,-22.627923],[-46.687399,-22.62773],[-46.689183,-22.628956],[-46.689692,-22.630394],[-46.690755,-22.631484],[-46.691553,-22.630444],[-46.692243,-22.629881],[-46.693708,-22.629507],[-46.695249,-22.628429],[-46.695744,-22.627429],[-46.695655,-22.626414],[-46.696185,-22.624758],[-46.697455,-22.622831],[-46.699235,-22.621778],[-46.699713,-22.620114],[-46.699969,-22.617251],[-46.70115,-22.615578],[-46.700542,-22.615044]]}},{"type":"Feature","properties":{"id_backbone":"BB-A1E91776BB38","trecho":"SOM.DF-SOM.RD","cluster":"RIBEIRAO PRETO","cabo":"F-0265","capacidade":"12","extensao_km":4.75,"confianca":"BAIXA","fonte":"OSRM/OpenStreetMap","ponta_a":"SOM.DF","municipio_a":"SAO SIMAO","ponta_b":"SOM.RD","municipio_b":"SAO SIMAO"},"geometry":{"type":"LineString","coordinates":[[-47.555569,-21.478551],[-47.555118,-21.479075],[-47.551796,-21.477503],[-47.551952,-21.477079],[-47.550305,-21.476566],[-47.549914,-21.476644],[-47.54827,-21.478238],[-47.548081,-21.478159],[-47.54909,-21.477133],[-47.551233,-21.475703],[-47.551252,-21.475179],[-47.551972,-21.474462],[-47.550501,-21.472312],[-47.549744,-21.471569],[-47.549839,-21.471259],[-47.550463,-21.470757],[-47.550488,-21.470514],[-47.549559,-21.469435],[-47.549003,-21.469138],[-47.54971,-21.468199],[-47.549775,-21.46664],[-47.550568,-21.465482],[-47.550492,-21.465271],[-47.549449,-21.46547],[-47.547791,-21.465199],[-47.546971,-21.464729],[-47.546748,-21.463665],[-47.54642,-21.463026],[-47.546495,-21.46511],[-47.546655,-21.465485],[-47.546495,-21.465955],[-47.546212,-21.465994],[-47.545552,-21.465359],[-47.544397,-21.465083],[-47.541938,-21.465196],[-47.539911,-21.466585],[-47.540344,-21.468277]]}},{"type":"Feature","properties":{"id_backbone":"BB-67217F5C17E7","trecho":"SPB.AP-SPB.VIV","cluster":"OSASCO","cabo":null,"capacidade":null,"extensao_km":3.908,"confianca":"MEDIA","fonte":"OSRM/OpenStreetMap","ponta_a":"SPB.AP","municipio_a":"SANTANA DE PARNAIBA","ponta_b":"SPB.VIV","municipio_b":"SANTANA DE PARNAIBA"},"geometry":{"type":"LineString","coordinates":[[-46.870795,-23.463017],[-46.871436,-23.463025],[-46.870298,-23.46412],[-46.870278,-23.464344],[-46.870573,-23.464522],[-46.870818,-23.464568],[-46.873306,-23.463699],[-46.873548,-23.463925],[-46.873371,-23.464296],[-46.870174,-23.46591],[-46.869769,-23.466444],[-46.869772,-23.466851],[-46.869972,-23.467219],[-46.871472,-23.468427],[-46.871839,-23.469036],[-46.871801,-23.470287],[-46.871108,-23.471396],[-46.870171,-23.470173],[-46.868529,-23.469355],[-46.867328,-23.466712],[-46.865505,-23.465873],[-46.864886,-23.464896],[-46.863754,-23.46432],[-46.863463,-23.463695],[-46.863031,-23.463422],[-46.860847,-23.463257],[-46.858932,-23.464057],[-46.859184,-23.464589],[-46.85895,-23.465651],[-46.858954,-23.467223],[-46.858583,-23.467434]]}},{"type":"Feature","properties":{"id_backbone":"BB-B625DAA37205","trecho":"SRA.SR-SRZ.DB","cluster":"RIBEIRAO PRETO","cabo":"T#0418","capacidade":"36","extensao_km":21.345,"confianca":"ALTA","fonte":"OSRM/OpenStreetMap","ponta_a":"SRA.SR","municipio_a":"SERRANA","ponta_b":"SRZ.DB","municipio_b":"SERRA AZUL"},"geometry":{"type":"LineString","coordinates":[[-47.601544,-21.202437],[-47.602363,-21.200741],[-47.601291,-21.196732],[-47.595436,-21.194924],[-47.594732,-21.195219],[-47.594202,-21.19445],[-47.590898,-21.193231],[-47.586642,-21.192058],[-47.583667,-21.191954],[-47.581683,-21.192302],[-47.580205,-21.192793],[-47.578886,-21.193423],[-47.577398,-21.194425],[-47.575554,-21.196268],[-47.574122,-21.198719],[-47.567211,-21.220149],[-47.566578,-21.221517],[-47.56582,-21.222649],[-47.564408,-21.224098],[-47.535629,-21.247142],[-47.534513,-21.248312],[-47.516928,-21.269658],[-47.515785,-21.271277],[-47.515334,-21.272463],[-47.514851,-21.273114],[-47.51481,-21.273352],[-47.515048,-21.273812],[-47.516612,-21.274998],[-47.5528,-21.302072],[-47.554742,-21.303315],[-47.557948,-21.305907],[-47.562038,-21.308556],[-47.562941,-21.309479],[-47.565047,-21.312686]]}},{"type":"Feature","properties":{"id_backbone":"BB-80AB20EAE6F2","trecho":"SRE.RV-SRE.SR","cluster":"OSASCO","cabo":"F-0712","capacidade":"12","extensao_km":12.397,"confianca":"BAIXA","fonte":"OSRM/OpenStreetMap","ponta_a":"SRE.RV","municipio_a":"SAO ROQUE","ponta_b":"SRE.SR","municipio_b":"SAO ROQUE"},"geometry":{"type":"LineString","coordinates":[[-47.156003,-23.443128],[-47.156363,-23.443133],[-47.15696,-23.443571],[-47.158069,-23.444022],[-47.158805,-23.445049],[-47.158571,-23.446409],[-47.158351,-23.446811],[-47.157721,-23.44733],[-47.157458,-23.447938],[-47.15734,-23.450335],[-47.15703,-23.450629],[-47.15521,-23.451174],[-47.154836,-23.452678],[-47.155148,-23.454214],[-47.156485,-23.454483],[-47.15722,-23.455483],[-47.157589,-23.458472],[-47.15791,-23.459855],[-47.157448,-23.460478],[-47.155861,-23.461765],[-47.155852,-23.462055],[-47.156404,-23.463297],[-47.156115,-23.464151],[-47.154633,-23.465747],[-47.152185,-23.467564],[-47.151262,-23.46851],[-47.150833,-23.47018],[-47.151356,-23.473329],[-47.150745,-23.474532],[-47.150028,-23.474651],[-47.147122,-23.473139],[-47.146443,-23.473168],[-47.145891,-23.473716],[-47.145872,-23.477463],[-47.145621,-23.478098],[-47.144921,-23.479041],[-47.144961,-23.479883],[-47.144712,-23.480709],[-47.143826,-23.481769],[-47.143735,-23.482103],[-47.143795,-23.482851],[-47.144769,-23.485345],[-47.144806,-23.487056],[-47.144377,-23.48754],[-47.142146,-23.487819],[-47.140762,-23.488446],[-47.140518,-23.48877],[-47.140483,-23.489508],[-47.141072,-23.49228],[-47.142961,-23.513061],[-47.142326,-23.514166],[-47.141512,-23.514832],[-47.14022,-23.516628],[-47.139972,-23.519271],[-47.135533,-23.523966],[-47.134185,-23.524201],[-47.133284,-23.524812],[-47.134312,-23.526825],[-47.13331,-23.527591],[-47.135187,-23.529727],[-47.134481,-23.530738],[-47.135044,-23.531086],[-47.135457,-23.530778],[-47.135655,-23.530936]]}},{"type":"Feature","properties":{"id_backbone":"BB-CEAB49DB0CCF","trecho":"SRR.BV-SRR.VS","cluster":"SAO JOSE DO RIO PRETO","cabo":"F-0037","capacidade":"36","extensao_km":2.057,"confianca":"SEM_REFERENCIA","fonte":"OSRM/OpenStreetMap","ponta_a":"SRR.BV","municipio_a":"SAO JOSE DO RIO PRETO","ponta_b":"SRR.VS","municipio_b":"SAO JOSE DO RIO PRETO"},"geometry":{"type":"LineString","coordinates":[[-49.389502,-20.801698],[-49.388825,-20.801066],[-49.388132,-20.80172],[-49.390903,-20.804318],[-49.381114,-20.813607]]}},{"type":"Feature","properties":{"id_backbone":"BB-2E962E67CAE1","trecho":"SRR.EL-SRR.RD","cluster":"SAO JOSE DO RIO PRETO","cabo":"F-0114","capacidade":"72","extensao_km":8.836,"confianca":"SEM_REFERENCIA","fonte":"OSRM/OpenStreetMap","ponta_a":"SRR.EL","municipio_a":"SAO JOSE DO RIO PRETO","ponta_b":"SRR.RD","municipio_b":"SAO JOSE DO RIO PRETO"},"geometry":{"type":"LineString","coordinates":[[-49.399717,-20.786052],[-49.399147,-20.786623],[-49.405755,-20.792585],[-49.404144,-20.793931],[-49.403034,-20.795283],[-49.401455,-20.796701],[-49.400376,-20.797447],[-49.399916,-20.797542],[-49.397268,-20.799697],[-49.39713,-20.799894],[-49.397745,-20.800438],[-49.397064,-20.801135],[-49.405331,-20.808874],[-49.405277,-20.809108],[-49.404986,-20.809178],[-49.404407,-20.811418],[-49.407022,-20.812827],[-49.410598,-20.815495],[-49.410668,-20.815928],[-49.410912,-20.816206],[-49.417653,-20.822145],[-49.418215,-20.822317],[-49.418459,-20.822869],[-49.419047,-20.823576],[-49.417975,-20.824415],[-49.41706,-20.82583],[-49.415955,-20.826869],[-49.414891,-20.827375],[-49.414792,-20.82759],[-49.414536,-20.827581],[-49.409576,-20.82999],[-49.408349,-20.829802],[-49.399578,-20.833079],[-49.395991,-20.833861]]}},{"type":"Feature","properties":{"id_backbone":"BB-E48316B21DA7","trecho":"SRR.MC-SRR.VT","cluster":"SAO JOSE DO RIO PRETO","cabo":"F-0005","capacidade":"36","extensao_km":8.072,"confianca":"SEM_REFERENCIA","fonte":"OSRM/OpenStreetMap","ponta_a":"SRR.MC","municipio_a":"SAO JOSE DO RIO PRETO","ponta_b":"SRR.VT","municipio_b":"SAO JOSE DO RIO PRETO"},"geometry":{"type":"LineString","coordinates":[[-49.367638,-20.801537],[-49.366418,-20.800803],[-49.364159,-20.802856],[-49.363992,-20.80411],[-49.360391,-20.803514],[-49.360808,-20.805261],[-49.361672,-20.806552],[-49.359939,-20.806965],[-49.357996,-20.808729],[-49.356871,-20.809113],[-49.356555,-20.809424],[-49.357744,-20.8214],[-49.358331,-20.825028],[-49.358959,-20.826639],[-49.359756,-20.827924],[-49.362024,-20.830838],[-49.362454,-20.831036],[-49.362749,-20.830885],[-49.362804,-20.830413],[-49.36268,-20.83024],[-49.36238,-20.830159],[-49.362056,-20.830287],[-49.353636,-20.839815],[-49.353558,-20.840481],[-49.352342,-20.84181],[-49.351489,-20.841447],[-49.351739,-20.841156],[-49.351204,-20.84055],[-49.347085,-20.838764],[-49.345301,-20.837669],[-49.344721,-20.838662],[-49.342308,-20.841453],[-49.341796,-20.842283],[-49.342688,-20.843018]]}},{"type":"Feature","properties":{"id_backbone":"BB-B6674F2F10AC","trecho":"SRV.ST-TBU.TB","cluster":"RIBEIRAO PRETO","cabo":"F-0412","capacidade":"36","extensao_km":33.628,"confianca":"ALTA","fonte":"OSRM/OpenStreetMap","ponta_a":"SRV.ST","municipio_a":"SANTA ROSA DE VITERBO","ponta_b":"TBU.TB","municipio_b":"TAMBAU"},"geometry":{"type":"LineString","coordinates":[[-47.361937,-21.480783],[-47.361895,-21.480915],[-47.362498,-21.481086],[-47.362279,-21.481978],[-47.362651,-21.482197],[-47.369663,-21.490182],[-47.370155,-21.490601],[-47.370684,-21.490666],[-47.371006,-21.491168],[-47.372089,-21.491623],[-47.373519,-21.491983],[-47.375057,-21.4921],[-47.380925,-21.49177],[-47.382009,-21.491459],[-47.383335,-21.491675],[-47.384397,-21.491597],[-47.385118,-21.491365],[-47.385817,-21.49152],[-47.39102,-21.49126],[-47.392724,-21.490859],[-47.393159,-21.490928],[-47.393252,-21.491111],[-47.392785,-21.491699],[-47.392646,-21.492128],[-47.391344,-21.498811],[-47.391189,-21.500331],[-47.38936,-21.508853],[-47.388507,-21.511198],[-47.387812,-21.512228],[-47.375922,-21.526586],[-47.374424,-21.528719],[-47.372294,-21.531054],[-47.371456,-21.532504],[-47.370877,-21.534133],[-47.370716,-21.535818],[-47.370947,-21.537653],[-47.377746,-21.561349],[-47.377955,-21.564217],[-47.377842,-21.566017],[-47.377309,-21.56875],[-47.376794,-21.570246],[-47.375386,-21.573115],[-47.37423,-21.574759],[-47.353919,-21.600277],[-47.352298,-21.602709],[-47.350278,-21.606851],[-47.335703,-21.639641],[-47.334805,-21.641193],[-47.333482,-21.642697],[-47.332336,-21.643657],[-47.330928,-21.644555],[-47.32573,-21.647332],[-47.324405,-21.648489],[-47.323692,-21.649453],[-47.321079,-21.655062],[-47.320095,-21.656464],[-47.306898,-21.669134],[-47.306019,-21.670627],[-47.303634,-21.67572],[-47.301158,-21.67966],[-47.299431,-21.681575],[-47.297894,-21.682562],[-47.295823,-21.683392],[-47.294359,-21.683688],[-47.28436,-21.684623],[-47.283289,-21.685024],[-47.282268,-21.685817],[-47.281653,-21.686881],[-47.281388,-21.688267],[-47.281628,-21.700785],[-47.281803,-21.701632],[-47.280747,-21.701929],[-47.279868,-21.702586],[-47.27916,-21.703586],[-47.278805,-21.704804],[-47.278525,-21.705216],[-47.277736,-21.705595],[-47.276238,-21.705606],[-47.275476,-21.706023],[-47.274828,-21.706928],[-47.274987,-21.707426],[-47.272603,-21.708117],[-47.272874,-21.708921],[-47.271763,-21.709108]]}},{"type":"Feature","properties":{"id_backbone":"BB-111414E07B24","trecho":"SST.BA-SST.BO","cluster":"SAO JOSE DOS CAMPOS","cabo":"F-0110","capacidade":"36","extensao_km":30.648,"confianca":"ALTA","fonte":"OSRM/OpenStreetMap","ponta_a":"SST.BA","municipio_a":"SAO SEBASTIAO","ponta_b":"SST.BO","municipio_b":"SAO SEBASTIAO"},"geometry":{"type":"LineString","coordinates":[[-45.4356,-23.823579],[-45.435853,-23.82358],[-45.435959,-23.821125],[-45.439126,-23.819701],[-45.439619,-23.820592],[-45.440299,-23.820903],[-45.440727,-23.821387],[-45.441343,-23.822734],[-45.441666,-23.824109],[-45.442452,-23.824712],[-45.442691,-23.824725],[-45.443046,-23.824238],[-45.44372,-23.823818],[-45.443896,-23.823186],[-45.444305,-23.822893],[-45.44582,-23.823511],[-45.447052,-23.824198],[-45.447787,-23.824832],[-45.448848,-23.824947],[-45.449842,-23.824816],[-45.450716,-23.824973],[-45.451435,-23.824858],[-45.451881,-23.824536],[-45.452792,-23.823285],[-45.453564,-23.820071],[-45.453944,-23.819729],[-45.461009,-23.816705],[-45.46163,-23.816847],[-45.463318,-23.817953],[-45.463759,-23.818047],[-45.464111,-23.81792],[-45.464559,-23.817196],[-45.464233,-23.816327],[-45.464203,-23.814272],[-45.464667,-23.813766],[-45.465428,-23.813545],[-45.465826,-23.81359],[-45.46727,-23.81435],[-45.468838,-23.814219],[-45.47042,-23.815877],[-45.471073,-23.816807],[-45.472256,-23.816965],[-45.472978,-23.817855],[-45.474026,-23.81815],[-45.474757,-23.818961],[-45.476356,-23.819663],[-45.476715,-23.820077],[-45.47709,-23.820926],[-45.477302,-23.822083],[-45.477779,-23.822547],[-45.478409,-23.822714],[-45.479796,-23.822648],[-45.481864,-23.823361],[-45.482236,-23.823538],[-45.482733,-23.824468],[-45.483702,-23.824913],[-45.487493,-23.825332],[-45.488759,-23.825819],[-45.490104,-23.826038],[-45.492395,-23.827194],[-45.492825,-23.82801],[-45.492874,-23.828704],[-45.49303,-23.828905],[-45.494695,-23.829109],[-45.495712,-23.829928],[-45.496502,-23.830248],[-45.497088,-23.830383],[-45.499165,-23.830307],[-45.500472,-23.831103],[-45.501454,-23.831216],[-45.503394,-23.830839],[-45.505054,-23.830051],[-45.506912,-23.829543],[-45.507673,-23.828987],[-45.508521,-23.829233],[-45.50986,-23.829996],[-45.511821,-23.829932],[-45.515543,-23.831188],[-45.516844,-23.831273],[-45.517588,-23.8306],[-45.51774,-23.830005],[-45.517149,-23.829614],[-45.51616,-23.829429],[-45.515489,-23.828868],[-45.515449,-23.828562],[-45.515694,-23.828273],[-45.518211,-23.827267],[-45.519084,-23.826505],[-45.519658,-23.826586],[-45.521185,-23.827745],[-45.52321,-23.826922],[-45.524288,-23.826717],[-45.526109,-23.827223],[-45.527505,-23.827364],[-45.529178,-23.826481],[-45.529377,-23.825705],[-45.529194,-23.825189],[-45.527813,-23.824118],[-45.527142,-23.823179],[-45.52707,-23.8224],[-45.527699,-23.821522],[-45.527723,-23.820957],[-45.526428,-23.82038],[-45.526036,-23.819812],[-45.526201,-23.819463],[-45.528488,-23.818138],[-45.528324,-23.81776],[-45.526964,-23.816934],[-45.526819,-23.816555],[-45.526951,-23.816195],[-45.527773,-23.815194],[-45.53031,-23.813767],[-45.531335,-23.813777],[-45.533408,-23.814365],[-45.536894,-23.814302],[-45.537324,-23.813909],[-45.53751,-23.813282],[-45.538281,-23.812846],[-45.538738,-23.812311],[-45.539957,-23.811452],[-45.540056,-23.810979],[-45.539386,-23.810151],[-45.539215,-23.809564],[-45.539139,-23.808378],[-45.539338,-23.807659],[-45.540264,-23.807063],[-45.543424,-23.805803],[-45.545497,-23.802826],[-45.545435,-23.802267],[-45.544236,-23.799943],[-45.542394,-23.798453],[-45.54241,-23.797783],[-45.542696,-23.797052],[-45.54329,-23.796797],[-45.545698,-23.797199],[-45.547337,-23.797096],[-45.548211,-23.797403],[-45.549739,-23.797532],[-45.550456,-23.796801],[-45.550641,-23.796313],[-45.550363,-23.794823],[-45.549484,-23.794244],[-45.549431,-23.793755],[-45.549831,-23.793459],[-45.551596,-23.792757],[-45.552326,-23.792164],[-45.55268,-23.792149],[-45.55457,-23.79342],[-45.560391,-23.791265],[-45.56258,-23.79073],[-45.566299,-23.790279],[-45.568489,-23.790132],[-45.583703,-23.790188],[-45.58427,-23.790051],[-45.584869,-23.789676],[-45.587827,-23.786309],[-45.588465,-23.785764],[-45.588868,-23.785701],[-45.589328,-23.785873],[-45.589552,-23.786921],[-45.58895,-23.787551],[-45.588881,-23.787937],[-45.589173,-23.788246],[-45.590243,-23.788525],[-45.59036,-23.789078],[-45.59019,-23.790527],[-45.590529,-23.791283],[-45.590857,-23.791403],[-45.591722,-23.790698],[-45.592263,-23.789537],[-45.592492,-23.788306],[-45.59441,-23.785901],[-45.59555,-23.785217],[-45.597376,-23.785171],[-45.598316,-23.784807],[-45.598292,-23.784461],[-45.596356,-23.782326],[-45.596349,-23.781987],[-45.597945,-23.782321],[-45.599859,-23.781975],[-45.600671,-23.782463],[-45.601717,-23.782493],[-45.602741,-23.781446],[-45.603516,-23.781825],[-45.605247,-23.780934],[-45.605553,-23.780458],[-45.605819,-23.780359],[-45.606053,-23.780488],[-45.605907,-23.780985],[-45.606549,-23.782098],[-45.608159,-23.781707],[-45.608699,-23.780956],[-45.609061,-23.780879],[-45.609228,-23.780983],[-45.609931,-23.782652],[-45.610298,-23.782944],[-45.611635,-23.782211],[-45.612004,-23.782158],[-45.612692,-23.782388],[-45.613204,-23.783048],[-45.613632,-23.783097],[-45.614606,-23.782875],[-45.616895,-23.78418],[-45.617458,-23.784343],[-45.618871,-23.7844],[-45.621635,-23.783528],[-45.622002,-23.783846],[-45.623052,-23.784235],[-45.625095,-23.786006],[-45.628146,-23.784151],[-45.628048,-23.783578],[-45.62751,-23.782893]]}},{"type":"Feature","properties":{"id_backbone":"BB-82268FC3342F","trecho":"STB.DC-TUPI.TP","cluster":"CAMPINAS","cabo":"TR#1555","capacidade":"24 F","extensao_km":14.035,"confianca":"BAIXA","fonte":"OSRM/OpenStreetMap","ponta_a":"STB.DC","municipio_a":"SANTA BARBARA D'OESTE","ponta_b":"TUPI.TP","municipio_b":"PIRACICABA"},"geometry":{"type":"LineString","coordinates":[[-47.414079,-22.7517],[-47.416215,-22.750547],[-47.416169,-22.74994],[-47.417543,-22.749669],[-47.423085,-22.749984],[-47.425017,-22.751018],[-47.425627,-22.751466],[-47.427694,-22.754006],[-47.42817,-22.755137],[-47.430223,-22.755729],[-47.430747,-22.755565],[-47.431119,-22.755805],[-47.431221,-22.756101],[-47.431096,-22.756665],[-47.435029,-22.766554],[-47.43553,-22.767202],[-47.437935,-22.767465],[-47.439555,-22.767156],[-47.457163,-22.761802],[-47.461984,-22.760506],[-47.498892,-22.7495],[-47.499911,-22.749114],[-47.500221,-22.748572],[-47.501658,-22.748386],[-47.504425,-22.747196],[-47.504709,-22.747215],[-47.505035,-22.74809],[-47.508118,-22.748073],[-47.511578,-22.749166],[-47.512028,-22.749018],[-47.516801,-22.745094],[-47.526375,-22.74552],[-47.527569,-22.744825],[-47.528036,-22.74446],[-47.528116,-22.744204],[-47.528083,-22.743712],[-47.527136,-22.742497],[-47.526685,-22.742799]]}},{"type":"Feature","properties":{"id_backbone":"BB-6F6AA1410F80","trecho":"TAA.TA-VSG.MM","cluster":"RIBEIRAO PRETO","cabo":"F-0416","capacidade":"36","extensao_km":14.983,"confianca":"ALTA","fonte":"OSRM/OpenStreetMap","ponta_a":"TAA.TA","municipio_a":"TAIACU","ponta_b":"VSG.MM","municipio_b":"VISTA ALEGRE DO ALTO"},"geometry":{"type":"LineString","coordinates":[[-48.514885,-21.143439],[-48.515227,-21.143308],[-48.515979,-21.144991],[-48.51745,-21.144638],[-48.520394,-21.144821],[-48.522353,-21.145342],[-48.526328,-21.145594],[-48.529935,-21.145484],[-48.533152,-21.145877],[-48.537528,-21.148862],[-48.540297,-21.150085],[-48.543329,-21.151955],[-48.546505,-21.153138],[-48.554265,-21.15544],[-48.556475,-21.157204],[-48.565189,-21.161626],[-48.568167,-21.162631],[-48.570561,-21.162908],[-48.575873,-21.164035],[-48.580797,-21.165821],[-48.581654,-21.166464],[-48.582042,-21.167257],[-48.582031,-21.171405],[-48.58271,-21.173865],[-48.582981,-21.174213],[-48.583354,-21.17438],[-48.590804,-21.173826],[-48.593822,-21.172899],[-48.594829,-21.172405],[-48.600027,-21.168322],[-48.601276,-21.167817],[-48.603899,-21.167377],[-48.604599,-21.167428],[-48.606734,-21.168395],[-48.608825,-21.168978],[-48.611184,-21.16904],[-48.612134,-21.168759],[-48.61613,-21.166332],[-48.617874,-21.164874],[-48.620994,-21.164766],[-48.629805,-21.163862],[-48.629986,-21.163664],[-48.630168,-21.16378],[-48.630035,-21.164008],[-48.630801,-21.16733],[-48.631225,-21.168224],[-48.631544,-21.168304],[-48.629604,-21.172475],[-48.630148,-21.172698]]}},{"type":"Feature","properties":{"id_backbone":"BB-DB469457831B","trecho":"TMB.SB-TTE.AM","cluster":"SAO JOSE DOS CAMPOS","cabo":"F-0101","capacidade":"12","extensao_km":7.737,"confianca":"BAIXA","fonte":"OSRM/OpenStreetMap","ponta_a":"TMB.SB","municipio_a":"TREMEMBE","ponta_b":"TTE.AM","municipio_b":"TAUBATE"},"geometry":{"type":"LineString","coordinates":[[-45.548395,-22.964331],[-45.547871,-22.964265],[-45.547474,-22.965712],[-45.548724,-22.965955],[-45.548456,-22.967816],[-45.549213,-22.969591],[-45.549745,-22.97156],[-45.54975,-22.97324],[-45.549923,-22.974148],[-45.550069,-22.984297],[-45.550213,-22.984805],[-45.550039,-22.997015],[-45.550305,-22.998925],[-45.550503,-23.010325],[-45.550759,-23.01066],[-45.550511,-23.011117],[-45.550552,-23.012989],[-45.551805,-23.017462],[-45.552511,-23.019227],[-45.551688,-23.019628],[-45.552319,-23.020744],[-45.554608,-23.02339],[-45.557791,-23.026486],[-45.560002,-23.024506]]}},{"type":"Feature","properties":{"id_backbone":"BB-11436009EEB0","trecho":"TOX.TR-VDR.XN","cluster":"SAO JOSE DO RIO PRETO","cabo":"TR-0118","capacidade":"36","extensao_km":11.52,"confianca":"ALTA","fonte":"OSRM/OpenStreetMap","ponta_a":"TOX.TR","municipio_a":"TERRA ROXA","ponta_b":"VDR.XN","municipio_b":"VIRADOURO"},"geometry":{"type":"LineString","coordinates":[[-48.328571,-20.786948],[-48.329133,-20.787241],[-48.328638,-20.788154],[-48.329547,-20.790184],[-48.329804,-20.791363],[-48.329466,-20.793509],[-48.329163,-20.799255],[-48.328678,-20.800892],[-48.326312,-20.805025],[-48.326232,-20.805887],[-48.326983,-20.808449],[-48.326827,-20.809307],[-48.326218,-20.81031],[-48.325397,-20.810997],[-48.323979,-20.81129],[-48.320583,-20.811265],[-48.317576,-20.81037],[-48.316549,-20.810473],[-48.315664,-20.810902],[-48.315049,-20.811533],[-48.31351,-20.813842],[-48.308129,-20.819184],[-48.296203,-20.829169],[-48.295522,-20.83023],[-48.291095,-20.847437],[-48.290879,-20.849238],[-48.291101,-20.851933],[-48.291505,-20.852478],[-48.291093,-20.852945],[-48.291448,-20.859154],[-48.291715,-20.860837],[-48.292258,-20.862403],[-48.294232,-20.866441],[-48.296413,-20.868702],[-48.296717,-20.869124],[-48.29651,-20.869219]]}},{"type":"Feature","properties":{"id_backbone":"BB-C161B67DB054","trecho":"TTE.CN-TTE.RD","cluster":"SAO JOSE DOS CAMPOS","cabo":"F-0108","capacidade":"12","extensao_km":2.518,"confianca":"BAIXA","fonte":"OSRM/OpenStreetMap","ponta_a":"TTE.CN","municipio_a":"TAUBATE","ponta_b":"TTE.RD","municipio_b":"TAUBATE"},"geometry":{"type":"LineString","coordinates":[[-45.55305,-23.02915],[-45.553643,-23.030356],[-45.554059,-23.029999],[-45.553245,-23.028166],[-45.55183,-23.026714],[-45.548572,-23.030606],[-45.548856,-23.030961],[-45.54987,-23.031354],[-45.549325,-23.031932],[-45.550558,-23.033052],[-45.549099,-23.033252],[-45.547085,-23.035349],[-45.546634,-23.036487],[-45.546333,-23.036371],[-45.545988,-23.037025],[-45.545646,-23.03708],[-45.544419,-23.036648]]}},{"type":"Feature","properties":{"id_backbone":"BB-9F53DFDB728B","trecho":"UTB.IT-UTB.TG","cluster":"SAO JOSE DOS CAMPOS","cabo":"F-0107","capacidade":"6","extensao_km":12.813,"confianca":"ALTA","fonte":"OSRM/OpenStreetMap","ponta_a":"UTB.IT","municipio_a":"UBATUBA","ponta_b":"UTB.TG","municipio_b":"UBATUBA"},"geometry":{"type":"LineString","coordinates":[[-45.004374,-23.398985],[-45.005165,-23.397831],[-45.003727,-23.397009],[-45.003827,-23.396847],[-45.004123,-23.397],[-45.005929,-23.396399],[-45.007836,-23.393976],[-45.008317,-23.393685],[-45.009354,-23.393449],[-45.009711,-23.393077],[-45.020687,-23.398405],[-45.021304,-23.399198],[-45.021191,-23.400134],[-45.016626,-23.403929],[-45.016262,-23.40441],[-45.016161,-23.404832],[-45.016274,-23.405441],[-45.01651,-23.405796],[-45.018369,-23.407165],[-45.018903,-23.407778],[-45.019882,-23.411579],[-45.020148,-23.412121],[-45.021077,-23.412554],[-45.029362,-23.414181],[-45.030039,-23.413966],[-45.031402,-23.412933],[-45.032405,-23.412864],[-45.033136,-23.413269],[-45.041209,-23.419817],[-45.041829,-23.420032],[-45.04245,-23.419939],[-45.042968,-23.419577],[-45.048879,-23.412836],[-45.049498,-23.412606],[-45.05027,-23.412605],[-45.054108,-23.414309],[-45.055299,-23.414312],[-45.056284,-23.413638],[-45.058866,-23.410036],[-45.059118,-23.409402],[-45.05937,-23.409319],[-45.059735,-23.410119],[-45.061134,-23.411457],[-45.063582,-23.41427],[-45.065172,-23.417117],[-45.065747,-23.420852],[-45.066426,-23.423811],[-45.066709,-23.424377],[-45.06747,-23.425171],[-45.067775,-23.425829],[-45.066689,-23.42797],[-45.067478,-23.428318],[-45.06743,-23.429227],[-45.068111,-23.430115],[-45.067515,-23.430303],[-45.06948,-23.432795],[-45.069883,-23.434847],[-45.070375,-23.434826],[-45.070407,-23.4354]]}},{"type":"Feature","properties":{"id_backbone":"BB-739131DBE419","trecho":"UTB.LG-UTB.LZ","cluster":"SAO JOSE DOS CAMPOS","cabo":"F-0106","capacidade":"24","extensao_km":8.536,"confianca":"ALTA","fonte":"OSRM/OpenStreetMap","ponta_a":"UTB.LG","municipio_a":"UBATUBA","ponta_b":"UTB.LZ","municipio_b":"UBATUBA"},"geometry":{"type":"LineString","coordinates":[[-45.198754,-23.516481],[-45.196495,-23.515584],[-45.19611,-23.516472],[-45.191345,-23.514628],[-45.19069,-23.514206],[-45.190249,-23.51343],[-45.189178,-23.50788],[-45.188398,-23.507028],[-45.185653,-23.50535],[-45.185471,-23.505104],[-45.185286,-23.504309],[-45.184573,-23.502991],[-45.184438,-23.501437],[-45.183153,-23.499871],[-45.1823,-23.49759],[-45.181775,-23.497292],[-45.179706,-23.497206],[-45.178876,-23.496673],[-45.177898,-23.496472],[-45.176664,-23.495307],[-45.1765,-23.494238],[-45.17615,-23.49376],[-45.171593,-23.491353],[-45.170502,-23.490949],[-45.168618,-23.49065],[-45.16582,-23.490914],[-45.162972,-23.491461],[-45.161414,-23.492441],[-45.160484,-23.492579],[-45.158753,-23.492436],[-45.155086,-23.491018],[-45.153465,-23.49156],[-45.151622,-23.491519],[-45.149358,-23.492154],[-45.147883,-23.493298],[-45.146573,-23.493662],[-45.145576,-23.49368],[-45.144981,-23.493971],[-45.144318,-23.494051],[-45.14349,-23.494694],[-45.142289,-23.49447],[-45.141803,-23.494549],[-45.14132,-23.494924],[-45.140965,-23.495742],[-45.140567,-23.49605],[-45.138642,-23.496566],[-45.137015,-23.49669],[-45.135325,-23.497561]]}},{"type":"Feature","properties":{"id_backbone":"BB-9624188DB684","trecho":"VIN.DI-VIN.SD","cluster":"CAMPINAS","cabo":"F-0221","capacidade":"72","extensao_km":6.046,"confianca":"SEM_REFERENCIA","fonte":"OSRM/OpenStreetMap","ponta_a":"VIN.DI","municipio_a":"VINHEDO","ponta_b":"VIN.SD","municipio_b":"VINHEDO"},"geometry":{"type":"LineString","coordinates":[[-47.003712,-23.068011],[-47.002725,-23.067848],[-47.001362,-23.068408],[-46.99959,-23.064838],[-46.999308,-23.063746],[-46.999254,-23.062019],[-46.998205,-23.061753],[-46.994587,-23.061674],[-46.993478,-23.061164],[-46.98943,-23.055008],[-46.988885,-23.054499],[-46.987323,-23.053627],[-46.986427,-23.052669],[-46.986065,-23.051797],[-46.986079,-23.050049],[-46.985918,-23.04921],[-46.985006,-23.047744],[-46.984888,-23.044633],[-46.984148,-23.042675],[-46.984263,-23.041051],[-46.984577,-23.039695],[-46.983878,-23.039033],[-46.983626,-23.038975],[-46.983526,-23.038652],[-46.980604,-23.035605],[-46.980127,-23.034802],[-46.977029,-23.033429],[-46.977886,-23.032228],[-46.976451,-23.032],[-46.97426,-23.030629],[-46.974542,-23.030225]]}},{"type":"Feature","properties":{"id_backbone":"BB-80ADEBF87A43","trecho":"VLL.EV-VOT.RP","cluster":"SAO JOSE DO RIO PRETO","cabo":"F-0020","capacidade":"12","extensao_km":18.436,"confianca":"MEDIA","fonte":"OSRM/OpenStreetMap","ponta_a":"VLL.EV","municipio_a":"VALENTIM GENTIL","ponta_b":"VOT.RP","municipio_b":"VOTUPORANGA"},"geometry":{"type":"LineString","coordinates":[[-50.08559,-20.420892],[-50.085678,-20.420798],[-50.084713,-20.419897],[-50.084913,-20.418845],[-50.085197,-20.418328],[-50.085115,-20.418237],[-50.080953,-20.420077],[-50.080679,-20.42038],[-50.08037,-20.420308],[-50.077376,-20.414462],[-50.076947,-20.414176],[-50.076975,-20.413678],[-50.057016,-20.37485],[-50.056612,-20.374625],[-50.056094,-20.374581],[-50.055649,-20.374134],[-50.054974,-20.373947],[-50.052943,-20.374476],[-49.991674,-20.400688],[-49.986813,-20.402532],[-49.976582,-20.40687],[-49.970461,-20.409997],[-49.969678,-20.410944],[-49.96494,-20.413573],[-49.96725,-20.415784],[-49.971074,-20.417372],[-49.970739,-20.41939],[-49.973169,-20.419735]]}}]}