{"type":"FeatureCollection","features":[{"type":"Feature","properties":{"id_backbone":"BB-6A6ED94E9AF4","trecho":"AAI.VS-SJV.CS","cluster":"CAMPINAS","cabo":"F-0263","capacidade":"72","extensao_km":26.149,"confianca":"ALTA","fonte":"OSRM/OpenStreetMap","ponta_a":"AAI.VS","municipio_a":"AGUAI","ponta_b":"SJV.CS","municipio_b":"SAO JOAO DA BOA VISTA"},"geometry":{"type":"LineString","coordinates":[[-46.979491,-22.056201],[-46.979457,-22.060491],[-46.977277,-22.060466],[-46.974131,-22.069346],[-46.974069,-22.069817],[-46.974335,-22.07001],[-46.974635,-22.069963],[-46.974785,-22.069762],[-46.974701,-22.069154],[-46.971419,-22.067958],[-46.914441,-22.036035],[-46.852513,-22.014819],[-46.850457,-22.013978],[-46.844882,-22.012212],[-46.80387,-21.993264],[-46.802642,-21.992857],[-46.80043,-21.992459],[-46.793366,-21.991956],[-46.792556,-21.991575],[-46.791703,-21.990522],[-46.791355,-21.990516],[-46.791263,-21.99093],[-46.79216,-21.992172],[-46.792575,-21.992018],[-46.793093,-21.991239],[-46.793859,-21.98665],[-46.794497,-21.984737],[-46.798929,-21.97746],[-46.797555,-21.976735],[-46.798284,-21.975666],[-46.797649,-21.972581],[-46.797965,-21.970787],[-46.798575,-21.969882],[-46.796946,-21.968928]]}},{"type":"Feature","properties":{"id_backbone":"BB-4F8CD20320B6","trecho":"AAS.JM-CDP.GK","cluster":"CAMPINAS","cabo":"F-0143","capacidade":"36","extensao_km":25.106,"confianca":"ALTA","fonte":"OSRM/OpenStreetMap","ponta_a":"AAS.JM","municipio_a":"ARARAS","ponta_b":"CDP.GK","municipio_b":"CORDEIROPOLIS"},"geometry":{"type":"LineString","coordinates":[[-47.386226,-22.355894],[-47.384887,-22.356012],[-47.385442,-22.360813],[-47.387593,-22.360279],[-47.387874,-22.359978],[-47.388588,-22.359805],[-47.391544,-22.36012],[-47.393015,-22.359283],[-47.394513,-22.358913],[-47.396438,-22.358675],[-47.396559,-22.358359],[-47.39649,-22.358129],[-47.395231,-22.357972],[-47.394933,-22.358508],[-47.394801,-22.370649],[-47.394557,-22.375257],[-47.394487,-22.386484],[-47.394339,-22.38782],[-47.393601,-22.390385],[-47.39031,-22.397608],[-47.389847,-22.399607],[-47.390022,-22.412138],[-47.390195,-22.41418],[-47.390701,-22.416695],[-47.394728,-22.430793],[-47.396057,-22.436505],[-47.39849,-22.444992],[-47.398785,-22.446778],[-47.399245,-22.473719],[-47.399425,-22.475857],[-47.400157,-22.480547],[-47.400067,-22.481819],[-47.39952,-22.483658],[-47.399364,-22.484733],[-47.399544,-22.497994],[-47.399787,-22.499682],[-47.400493,-22.500592],[-47.401409,-22.501117],[-47.402427,-22.501296],[-47.403456,-22.501156],[-47.456068,-22.485543],[-47.458231,-22.484633],[-47.458503,-22.484274],[-47.458686,-22.483461],[-47.455793,-22.483487],[-47.455755,-22.482653],[-47.454149,-22.48268],[-47.454155,-22.483004]]}},{"type":"Feature","properties":{"id_backbone":"BB-C6D46047781B","trecho":"ABS.FN-SNL.LP","cluster":"RIBEIRAO PRETO","cabo":"F-0217","capacidade":"12","extensao_km":5.549,"confianca":"MEDIA","fonte":"OSRM/OpenStreetMap","ponta_a":"ABS.FN","municipio_a":"AMERICO BRASILIENSE","ponta_b":"SNL.LP","municipio_b":"SANTA LUCIA"},"geometry":{"type":"LineString","coordinates":[[-48.104956,-21.726751],[-48.104322,-21.72682],[-48.103747,-21.723323],[-48.100583,-21.723675],[-48.100564,-21.723043],[-48.099629,-21.720586],[-48.098545,-21.718616],[-48.097305,-21.716926],[-48.080166,-21.697857],[-48.07967,-21.696409],[-48.079796,-21.695013],[-48.080324,-21.693959],[-48.082344,-21.691411],[-48.082582,-21.690275],[-48.082251,-21.689047],[-48.082552,-21.689033],[-48.082626,-21.68941]]}},{"type":"Feature","properties":{"id_backbone":"BB-DEE383CEDD39","trecho":"ADA.CT-RSA.DE","cluster":"SAO JOSE DOS CAMPOS","cabo":"F-0101","capacidade":"24","extensao_km":11.703,"confianca":"BAIXA","fonte":"OSRM/OpenStreetMap","ponta_a":"ADA.CT","municipio_a":"APARECIDA","ponta_b":"RSA.DE","municipio_b":"ROSEIRA"},"geometry":{"type":"LineString","coordinates":[[-45.229491,-22.840321],[-45.231299,-22.84179],[-45.235143,-22.847471],[-45.235034,-22.847597],[-45.231883,-22.847012],[-45.231534,-22.847116],[-45.231443,-22.847586],[-45.23306,-22.856652],[-45.233191,-22.856989],[-45.234362,-22.85828],[-45.234219,-22.859469],[-45.238497,-22.864311],[-45.242415,-22.867046],[-45.24445,-22.869799],[-45.245573,-22.870872],[-45.247631,-22.87192],[-45.256166,-22.874122],[-45.267891,-22.875777],[-45.269467,-22.876117],[-45.270935,-22.876681],[-45.273473,-22.878226],[-45.283504,-22.886307],[-45.302604,-22.89954],[-45.3037,-22.900158],[-45.304017,-22.900153],[-45.304338,-22.89983],[-45.303858,-22.899596],[-45.304085,-22.899095]]}},{"type":"Feature","properties":{"id_backbone":"BB-16781AFBD3D8","trecho":"ADD.AD-CTH.SM","cluster":"ARACATUBA","cabo":"F-0242","capacidade":"72","extensao_km":18.67,"confianca":"ALTA","fonte":"OSRM/OpenStreetMap","ponta_a":"ADD.AD","municipio_a":"ANDRADINA","ponta_b":"CTH.SM","municipio_b":"CASTILHO"},"geometry":{"type":"LineString","coordinates":[[-51.377084,-20.89848],[-51.377619,-20.898164],[-51.368753,-20.884684],[-51.368357,-20.884432],[-51.368265,-20.883941],[-51.367772,-20.883417],[-51.367925,-20.883205],[-51.368813,-20.883146],[-51.370763,-20.882156],[-51.371386,-20.881597],[-51.372059,-20.881634],[-51.372879,-20.88141],[-51.379303,-20.87882],[-51.471212,-20.84453],[-51.483302,-20.83999],[-51.483833,-20.839675],[-51.483887,-20.83914],[-51.483056,-20.838964],[-51.48262,-20.839241],[-51.482505,-20.839641],[-51.484027,-20.843552],[-51.484726,-20.846939],[-51.485434,-20.852892],[-51.485365,-20.853311],[-51.485891,-20.858463],[-51.48614,-20.859243],[-51.485999,-20.859396],[-51.486347,-20.862476],[-51.486656,-20.864515],[-51.486864,-20.864909],[-51.486784,-20.865679],[-51.487147,-20.869129],[-51.48739,-20.869106]]}},{"type":"Feature","properties":{"id_backbone":"BB-D60C496C24B2","trecho":"ADE.AM-MLS.RF","cluster":"SAO JOSE DO RIO PRETO","cabo":"F-0023","capacidade":"12","extensao_km":7.702,"confianca":"ALTA","fonte":"OSRM/OpenStreetMap","ponta_a":"ADE.AM","municipio_a":"APARECIDA D'OESTE","ponta_b":"MLS.RF","municipio_b":"MARINOPOLIS"},"geometry":{"type":"LineString","coordinates":[[-50.869855,-20.449027],[-50.865039,-20.450568],[-50.8616,-20.453243],[-50.859819,-20.455153],[-50.829041,-20.435703],[-50.827676,-20.435021],[-50.827159,-20.435243],[-50.824924,-20.438147],[-50.823965,-20.441515],[-50.817957,-20.440357],[-50.816235,-20.440743],[-50.814911,-20.440845],[-50.813109,-20.44086],[-50.809342,-20.440465]]}},{"type":"Feature","properties":{"id_backbone":"BB-FCD2233BA0B9","trecho":"ADT.EC-LUC.LU","cluster":"ARACATUBA","cabo":"F-0030","capacidade":"12","extensao_km":8.336,"confianca":"MEDIA","fonte":"OSRM/OpenStreetMap","ponta_a":"ADT.EC","municipio_a":"ADAMANTINA","ponta_b":"LUC.LU","municipio_b":"LUCELIA"},"geometry":{"type":"LineString","coordinates":[[-51.075335,-21.685244],[-51.075102,-21.685716],[-51.074222,-21.685334],[-51.07257,-21.688708],[-51.071647,-21.688308],[-51.066192,-21.699234],[-51.065652,-21.699542],[-51.063813,-21.699732],[-51.063391,-21.69993],[-51.063064,-21.700268],[-51.062312,-21.701743],[-51.062391,-21.702632],[-51.061176,-21.703141],[-51.059484,-21.705033],[-51.056407,-21.70722],[-51.055622,-21.707373],[-51.054545,-21.706801],[-51.053692,-21.706644],[-51.051026,-21.7072],[-51.044999,-21.706841],[-51.042301,-21.707495],[-51.041094,-21.708187],[-51.035342,-21.713157],[-51.034136,-21.714389],[-51.032929,-21.715175],[-51.031991,-21.715492],[-51.020641,-21.717921],[-51.017325,-21.720524],[-51.018543,-21.72188],[-51.017673,-21.72256]]}},{"type":"Feature","properties":{"id_backbone":"BB-A62A12CAB727","trecho":"ADT.EC-PCB.PU","cluster":"ARACATUBA","cabo":"F-0202","capacidade":"12","extensao_km":26.868,"confianca":"ALTA","fonte":"OSRM/OpenStreetMap","ponta_a":"ADT.EC","municipio_a":"ADAMANTINA","ponta_b":"PCB.PU","municipio_b":"PACAEMBU"},"geometry":{"type":"LineString","coordinates":[[-51.075335,-21.685244],[-51.075505,-21.684901],[-51.074627,-21.684519],[-51.090916,-21.650852],[-51.090901,-21.650382],[-51.090678,-21.650121],[-51.088405,-21.649091],[-51.088298,-21.6487],[-51.089629,-21.648365],[-51.094015,-21.646067],[-51.098785,-21.6428],[-51.101183,-21.641418],[-51.102152,-21.641112],[-51.11185,-21.639607],[-51.122691,-21.635158],[-51.155726,-21.610709],[-51.16439,-21.600532],[-51.165485,-21.599628],[-51.174555,-21.593508],[-51.175561,-21.592248],[-51.177423,-21.588464],[-51.17823,-21.587381],[-51.188566,-21.578802],[-51.194977,-21.574662],[-51.204567,-21.569596],[-51.205266,-21.569004],[-51.207345,-21.568115],[-51.210867,-21.56628],[-51.212474,-21.565861],[-51.221963,-21.56529],[-51.223131,-21.565079],[-51.237885,-21.559236],[-51.240676,-21.558293],[-51.258479,-21.55618],[-51.259049,-21.556021],[-51.259452,-21.55551],[-51.259674,-21.55545],[-51.260076,-21.555738],[-51.264953,-21.561927],[-51.264092,-21.562516]]}},{"type":"Feature","properties":{"id_backbone":"BB-B69605B5216C","trecho":"AFS.AL-AMH.AO","cluster":"ARACATUBA","cabo":"F-0101","capacidade":"12","extensao_km":20.68,"confianca":"ALTA","fonte":"OSRM/OpenStreetMap","ponta_a":"AFS.AL","municipio_a":"ALFREDO MARCONDES","ponta_b":"AMH.AO","municipio_b":"ALVARES MACHADO"},"geometry":{"type":"LineString","coordinates":[[-51.411771,-21.956455],[-51.414723,-21.964352],[-51.405057,-21.974713],[-51.403498,-21.976068],[-51.40174,-21.977207],[-51.4004,-21.977862],[-51.394328,-21.980211],[-51.392188,-21.980728],[-51.388589,-21.980585],[-51.38746,-21.98071],[-51.386154,-21.981243],[-51.385052,-21.982259],[-51.385029,-21.982714],[-51.38523,-21.983089],[-51.389069,-21.9866],[-51.389835,-21.987564],[-51.390668,-21.988937],[-51.391147,-21.99007],[-51.391693,-21.992343],[-51.392657,-22.00569],[-51.393484,-22.008774],[-51.394254,-22.01042],[-51.416052,-22.043532],[-51.417382,-22.044985],[-51.419518,-22.046643],[-51.426396,-22.050046],[-51.428218,-22.051135],[-51.42991,-22.052469],[-51.432352,-22.05489],[-51.443563,-22.067322],[-51.445156,-22.070048],[-51.451093,-22.081903],[-51.451882,-22.082797],[-51.45219,-22.082924],[-51.452467,-22.082733],[-51.45809,-22.076121],[-51.459121,-22.075245],[-51.462137,-22.075265],[-51.464928,-22.075717],[-51.465793,-22.075703],[-51.467019,-22.075998],[-51.467772,-22.076579],[-51.468137,-22.076557],[-51.468218,-22.076761],[-51.47007,-22.076948],[-51.470119,-22.076492]]}},{"type":"Feature","properties":{"id_backbone":"BB-E21E956B3032","trecho":"AGCT.CT-BTV.AB","cluster":"SOROCABA","cabo":"F-0062","capacidade":"12","extensao_km":6.073,"confianca":"SEM_REFERENCIA","fonte":"OSRM/OpenStreetMap","ponta_a":"AGCT.CT","municipio_a":"BOITUVA","ponta_b":"BTV.AB","municipio_b":"BOITUVA"},"geometry":{"type":"LineString","coordinates":[[-47.64892,-23.306672],[-47.648834,-23.307359],[-47.651053,-23.307265],[-47.651525,-23.30777],[-47.653552,-23.306433],[-47.653361,-23.306228],[-47.65325,-23.304882],[-47.654184,-23.304621],[-47.658783,-23.301838],[-47.6613,-23.300758],[-47.664983,-23.299541],[-47.665129,-23.29937],[-47.665389,-23.299454],[-47.665432,-23.300116],[-47.665812,-23.300612],[-47.666504,-23.300731],[-47.678367,-23.297606],[-47.681019,-23.296639],[-47.681133,-23.296383],[-47.68099,-23.296095],[-47.680125,-23.295962],[-47.680016,-23.293248],[-47.678389,-23.28636],[-47.676144,-23.28512],[-47.673029,-23.284211],[-47.672817,-23.284928],[-47.6715,-23.2846]]}},{"type":"Feature","properties":{"id_backbone":"BB-13FC79630BD8","trecho":"AGL.BS-IIA.BR","cluster":"CAMPINAS","cabo":"F-0227","capacidade":"24","extensao_km":24.922,"confianca":"ALTA","fonte":"OSRM/OpenStreetMap","ponta_a":"AGL.BS","municipio_a":"AGUAS DE LINDOIA","ponta_b":"IIA.BR","municipio_b":"ITAPIRA"},"geometry":{"type":"LineString","coordinates":[[-46.635197,-22.475595],[-46.635524,-22.475401],[-46.635722,-22.475647],[-46.635887,-22.477449],[-46.637511,-22.47898],[-46.63742,-22.479528],[-46.637671,-22.479881],[-46.640137,-22.480333],[-46.641367,-22.481254],[-46.642909,-22.481849],[-46.643218,-22.482281],[-46.643758,-22.482437],[-46.644171,-22.483181],[-46.645926,-22.483919],[-46.647459,-22.483974],[-46.64831,-22.484563],[-46.651158,-22.48395],[-46.652008,-22.483243],[-46.652889,-22.482873],[-46.654983,-22.481529],[-46.656035,-22.480015],[-46.657463,-22.47982],[-46.65876,-22.479187],[-46.659046,-22.479249],[-46.65966,-22.479783],[-46.66148,-22.479417],[-46.663878,-22.479806],[-46.666839,-22.479436],[-46.667331,-22.479557],[-46.669418,-22.476213],[-46.670568,-22.475661],[-46.67041,-22.474759],[-46.671111,-22.474142],[-46.671987,-22.474455],[-46.674184,-22.474519],[-46.674512,-22.474961],[-46.675441,-22.475643],[-46.677212,-22.476048],[-46.677526,-22.475986],[-46.678191,-22.475474],[-46.679207,-22.473898],[-46.681396,-22.471334],[-46.682843,-22.470119],[-46.683137,-22.470115],[-46.684578,-22.471829],[-46.685461,-22.472026],[-46.685782,-22.472658],[-46.686342,-22.472955],[-46.686704,-22.473369],[-46.687996,-22.473928],[-46.688424,-22.473727],[-46.689857,-22.471908],[-46.691026,-22.471154],[-46.691424,-22.470414],[-46.691983,-22.470011],[-46.692567,-22.469854],[-46.693229,-22.470193],[-46.69302,-22.470698],[-46.693317,-22.471998],[-46.693571,-22.472308],[-46.695992,-22.472791],[-46.69675,-22.472751],[-46.697685,-22.472336],[-46.701486,-22.469132],[-46.703034,-22.468565],[-46.704148,-22.468596],[-46.705188,-22.468962],[-46.709525,-22.472026],[-46.710501,-22.472259],[-46.711652,-22.472103],[-46.715047,-22.469949],[-46.716563,-22.467922],[-46.717258,-22.467277],[-46.720047,-22.465674],[-46.720787,-22.464878],[-46.722109,-22.462522],[-46.724223,-22.460502],[-46.725371,-22.460125],[-46.740134,-22.45974],[-46.754162,-22.456443],[-46.756136,-22.456649],[-46.769035,-22.460775],[-46.771631,-22.461333],[-46.773584,-22.461526],[-46.776073,-22.461505],[-46.787329,-22.460763],[-46.802106,-22.459657],[-46.803122,-22.45947],[-46.805724,-22.459418],[-46.811994,-22.458929],[-46.813638,-22.458333],[-46.816904,-22.455962],[-46.817999,-22.455375],[-46.823551,-22.453399],[-46.824563,-22.452713],[-46.825201,-22.451844],[-46.825538,-22.450724],[-46.825608,-22.449309],[-46.824153,-22.445006],[-46.823099,-22.441205],[-46.824872,-22.439551],[-46.823058,-22.43799],[-46.824193,-22.436894]]}},{"type":"Feature","properties":{"id_backbone":"BB-2D1620E9C0E0","trecho":"AGS.RD-AGS.TM","cluster":"BAURU","cabo":"F-0002","capacidade":"4","extensao_km":3.312,"confianca":"ALTA","fonte":"OSRM/OpenStreetMap","ponta_a":"AGS.RD","municipio_a":"AGUDOS","ponta_b":"AGS.TM","municipio_b":"AGUDOS"},"geometry":{"type":"LineString","coordinates":[[-48.965207,-22.472037],[-48.964881,-22.471437],[-48.964974,-22.471311],[-48.965403,-22.471259],[-48.973345,-22.466821],[-48.976375,-22.470289],[-48.976903,-22.470545],[-48.977147,-22.470901],[-48.978198,-22.471347],[-48.978712,-22.471268],[-48.979521,-22.471447],[-48.981512,-22.471247],[-48.982177,-22.470717],[-48.982826,-22.470621],[-48.983743,-22.470197],[-48.985699,-22.470008],[-48.986313,-22.475441],[-48.986922,-22.475375]]}},{"type":"Feature","properties":{"id_backbone":"BB-AD24A9702993","trecho":"AGS.TM-LEP.GP","cluster":"BAURU","cabo":"F-0170-00","capacidade":"72","extensao_km":26.853,"confianca":"ALTA","fonte":"OSRM/OpenStreetMap","ponta_a":"AGS.TM","municipio_a":"AGUDOS","ponta_b":"LEP.GP","municipio_b":"LENCOIS PAULISTA"},"geometry":{"type":"LineString","coordinates":[[-48.986922,-22.475375],[-48.987288,-22.475335],[-48.986784,-22.470831],[-48.97873,-22.471614],[-48.976679,-22.470908],[-48.967502,-22.460761],[-48.967128,-22.460601],[-48.966687,-22.460653],[-48.964757,-22.461608],[-48.955451,-22.468437],[-48.954197,-22.469579],[-48.926051,-22.502353],[-48.923771,-22.504809],[-48.921941,-22.505778],[-48.904714,-22.513435],[-48.883225,-22.522828],[-48.881513,-22.523647],[-48.879578,-22.524854],[-48.810473,-22.576153],[-48.807421,-22.578459],[-48.807051,-22.579095],[-48.806153,-22.579868],[-48.805568,-22.580153],[-48.802751,-22.582265],[-48.802566,-22.582602],[-48.802535,-22.584916],[-48.803116,-22.585861],[-48.803744,-22.586217],[-48.802897,-22.586746],[-48.803358,-22.588059],[-48.797545,-22.589978],[-48.796605,-22.593388],[-48.796977,-22.593298]]}},{"type":"Feature","properties":{"id_backbone":"BB-E078ABD1799D","trecho":"AGT.RD-SSG.TM","cluster":"CAMPINAS","cabo":"F-0179","capacidade":"12","extensao_km":27.736,"confianca":"BAIXA","fonte":"OSRM/OpenStreetMap","ponta_a":"AGT.RD","municipio_a":"AGUAS DA PRATA","ponta_b":"SSG.TM","municipio_b":"SAO SEBASTIAO DA GRAMA"},"geometry":{"type":"LineString","coordinates":[[-46.732744,-21.873163],[-46.732325,-21.874178],[-46.731904,-21.874089],[-46.731312,-21.873375],[-46.731023,-21.87343],[-46.730969,-21.874025],[-46.731412,-21.874921],[-46.731302,-21.875294],[-46.729527,-21.875313],[-46.728464,-21.874776],[-46.727732,-21.873843],[-46.726747,-21.873323],[-46.725572,-21.871525],[-46.724553,-21.869584],[-46.724277,-21.867697],[-46.723017,-21.866106],[-46.722027,-21.865467],[-46.722101,-21.864779],[-46.722848,-21.863051],[-46.723527,-21.862396],[-46.724431,-21.860827],[-46.725587,-21.859983],[-46.726654,-21.859855],[-46.727154,-21.858805],[-46.728904,-21.856616],[-46.730549,-21.855346],[-46.732131,-21.854489],[-46.734636,-21.851711],[-46.734725,-21.851013],[-46.733953,-21.847935],[-46.733986,-21.846973],[-46.734854,-21.845667],[-46.734822,-21.845315],[-46.736283,-21.841383],[-46.736958,-21.841059],[-46.738491,-21.841308],[-46.738857,-21.841222],[-46.739155,-21.840744],[-46.739007,-21.839605],[-46.739326,-21.83936],[-46.740929,-21.83886],[-46.741595,-21.838427],[-46.742053,-21.837723],[-46.74256,-21.836092],[-46.742882,-21.835701],[-46.743504,-21.835367],[-46.744695,-21.835143],[-46.747718,-21.83574],[-46.748641,-21.835663],[-46.751661,-21.833567],[-46.753364,-21.832848],[-46.754429,-21.832155],[-46.755134,-21.831979],[-46.755737,-21.83198],[-46.756945,-21.832369],[-46.760673,-21.83223],[-46.763103,-21.831448],[-46.765413,-21.832266],[-46.765704,-21.831948],[-46.766028,-21.829826],[-46.766706,-21.829189],[-46.773737,-21.827866],[-46.775034,-21.826757],[-46.777709,-21.826126],[-46.783258,-21.821746],[-46.783685,-21.820653],[-46.784827,-21.816094],[-46.785337,-21.81508],[-46.794101,-21.805236],[-46.795135,-21.803785],[-46.796683,-21.802579],[-46.797697,-21.802166],[-46.803438,-21.801308],[-46.808529,-21.799993],[-46.808091,-21.798013],[-46.807627,-21.797011],[-46.807527,-21.795457],[-46.808083,-21.793432],[-46.808337,-21.791549],[-46.807216,-21.788979],[-46.807213,-21.788356],[-46.807939,-21.788003],[-46.808522,-21.787238],[-46.809625,-21.786419],[-46.814144,-21.783767],[-46.814211,-21.783467],[-46.814009,-21.782575],[-46.812707,-21.780448],[-46.813079,-21.780182],[-46.813739,-21.780125],[-46.814783,-21.779684],[-46.815162,-21.77939],[-46.81568,-21.778394],[-46.815955,-21.777275],[-46.816981,-21.775801],[-46.818117,-21.773093],[-46.818036,-21.770835],[-46.817716,-21.768872],[-46.815957,-21.766105],[-46.814948,-21.765635],[-46.815357,-21.764996],[-46.815074,-21.762878],[-46.8152,-21.761398],[-46.816302,-21.760109],[-46.817856,-21.758904],[-46.818489,-21.758688],[-46.81953,-21.7587],[-46.82165,-21.757322],[-46.822929,-21.756705],[-46.823236,-21.756309],[-46.823865,-21.75476],[-46.82471,-21.754664],[-46.825624,-21.754258],[-46.826135,-21.753041],[-46.827525,-21.752452],[-46.828949,-21.751423],[-46.830282,-21.750172],[-46.831266,-21.749889],[-46.830479,-21.746382],[-46.830545,-21.744412],[-46.831192,-21.742904],[-46.833551,-21.739514],[-46.835225,-21.735119],[-46.834917,-21.730373],[-46.834644,-21.728922],[-46.831455,-21.719838],[-46.830742,-21.719168],[-46.82692,-21.717421],[-46.825737,-21.716656],[-46.823785,-21.7147],[-46.821172,-21.713126],[-46.822267,-21.710651]]}},{"type":"Feature","properties":{"id_backbone":"BB-8C8ED3016579","trecho":"AHU.RJ-RGF.MF","cluster":"ARACATUBA","cabo":"F-0103.2","capacidade":"12","extensao_km":12.839,"confianca":"ALTA","fonte":"OSRM/OpenStreetMap","ponta_a":"AHU.RJ","municipio_a":"ANHUMAS","ponta_b":"RGF.MF","municipio_b":"REGENTE FEIJO"},"geometry":{"type":"LineString","coordinates":[[-51.384169,-22.297087],[-51.384429,-22.29657],[-51.380937,-22.295127],[-51.373822,-22.291725],[-51.37173,-22.290221],[-51.36986,-22.288459],[-51.325442,-22.231493],[-51.324804,-22.231081],[-51.324237,-22.230945],[-51.321165,-22.231146],[-51.319907,-22.231055],[-51.318784,-22.230752],[-51.317368,-22.230012],[-51.308249,-22.220797],[-51.307806,-22.220546],[-51.305054,-22.217049],[-51.302262,-22.218906],[-51.302491,-22.219206]]}},{"type":"Feature","properties":{"id_backbone":"BB-DCEEA8D18B8E","trecho":"AIA.DP-AIA.PA","cluster":"JUNDIAI","cabo":"F-0717","capacidade":"36","extensao_km":6.44,"confianca":"MEDIA","fonte":"OSRM/OpenStreetMap","ponta_a":"AIA.DP","municipio_a":"ATIBAIA","ponta_b":"AIA.PA","municipio_b":"ATIBAIA"},"geometry":{"type":"LineString","coordinates":[[-46.674618,-23.044967],[-46.674279,-23.046256],[-46.674496,-23.04753],[-46.675397,-23.049183],[-46.67669,-23.050737],[-46.677279,-23.052089],[-46.678403,-23.053625],[-46.678398,-23.053865],[-46.678142,-23.053764],[-46.674882,-23.048353],[-46.673984,-23.047269],[-46.672827,-23.046726],[-46.672049,-23.046752],[-46.671451,-23.046978],[-46.652782,-23.061055],[-46.646529,-23.06488],[-46.644997,-23.066014],[-46.64369,-23.067442],[-46.6422,-23.070166],[-46.642582,-23.070477],[-46.643209,-23.071607]]}},{"type":"Feature","properties":{"id_backbone":"BB-E2DB4BBE2E37","trecho":"AIA.MR-AIA.SJ","cluster":"JUNDIAI","cabo":"F-0458","capacidade":"36","extensao_km":11.437,"confianca":"BAIXA","fonte":"OSRM/OpenStreetMap","ponta_a":"AIA.MR","municipio_a":"ATIBAIA","ponta_b":"AIA.SJ","municipio_b":"ATIBAIA"},"geometry":{"type":"LineString","coordinates":[[-46.627059,-23.163106],[-46.62688,-23.164364],[-46.626686,-23.164568],[-46.626141,-23.163936],[-46.622772,-23.164271],[-46.622272,-23.164091],[-46.62137,-23.163274],[-46.619719,-23.163313],[-46.617953,-23.163814],[-46.617306,-23.164767],[-46.617169,-23.165321],[-46.6169,-23.165459],[-46.616069,-23.164996],[-46.615559,-23.16394],[-46.614248,-23.162667],[-46.612359,-23.16172],[-46.609265,-23.159668],[-46.60875,-23.15925],[-46.608239,-23.158402],[-46.607853,-23.158186],[-46.605729,-23.157775],[-46.603639,-23.158309],[-46.60025,-23.158598],[-46.596411,-23.157471],[-46.592315,-23.153662],[-46.591745,-23.153319],[-46.590962,-23.152308],[-46.590542,-23.150965],[-46.58982,-23.146616],[-46.590727,-23.142167],[-46.590343,-23.141072],[-46.589753,-23.140315],[-46.589027,-23.138728],[-46.588227,-23.13762],[-46.588218,-23.136047],[-46.587972,-23.134892],[-46.587391,-23.133756],[-46.586823,-23.131225],[-46.585465,-23.129136],[-46.583427,-23.121436],[-46.582888,-23.120587],[-46.581187,-23.119208],[-46.580253,-23.117222],[-46.579199,-23.117217],[-46.576453,-23.116625],[-46.575179,-23.1167],[-46.57302,-23.117339],[-46.57135,-23.117076],[-46.56917,-23.11715],[-46.564244,-23.115591],[-46.560782,-23.114135],[-46.56011,-23.114155],[-46.558913,-23.114704],[-46.556645,-23.114352],[-46.556799,-23.113656]]}},{"type":"Feature","properties":{"id_backbone":"BB-9FBD0512AEC5","trecho":"AIA.PR-AIA.SJ","cluster":"JUNDIAI","cabo":"F-0533","capacidade":"24","extensao_km":14.271,"confianca":"ALTA","fonte":"OSRM/OpenStreetMap","ponta_a":"AIA.PR","municipio_a":"ATIBAIA","ponta_b":"AIA.SJ","municipio_b":"ATIBAIA"},"geometry":{"type":"LineString","coordinates":[[-46.590952,-23.222762],[-46.591475,-23.223065],[-46.592496,-23.222249],[-46.594591,-23.221374],[-46.59439,-23.219151],[-46.594392,-23.216825],[-46.593945,-23.214816],[-46.591099,-23.2066],[-46.573978,-23.164661],[-46.573422,-23.162436],[-46.573347,-23.160636],[-46.573483,-23.158882],[-46.576666,-23.129095],[-46.57662,-23.127905],[-46.576167,-23.125903],[-46.574418,-23.121421],[-46.574066,-23.12104],[-46.573474,-23.120801],[-46.573363,-23.120581],[-46.573597,-23.11955],[-46.573239,-23.118553],[-46.572737,-23.11767],[-46.572264,-23.117286],[-46.57135,-23.117076],[-46.569472,-23.117179],[-46.568868,-23.117079],[-46.564244,-23.115591],[-46.560782,-23.114135],[-46.56011,-23.114155],[-46.558913,-23.114704],[-46.556645,-23.114352],[-46.556799,-23.113656]]}},{"type":"Feature","properties":{"id_backbone":"BB-8DD1463B73C7","trecho":"AIA.SJ-SPO.GWT","cluster":"JUNDIAI","cabo":"F-0060","capacidade":"144","extensao_km":61.27,"confianca":"ALTA","fonte":"OSRM/OpenStreetMap","ponta_a":"AIA.SJ","municipio_a":"ATIBAIA","ponta_b":"SPO.GWT","municipio_b":"SAO PAULO"},"geometry":{"type":"LineString","coordinates":[[-46.556799,-23.113656],[-46.556897,-23.11321],[-46.559965,-23.113771],[-46.56591,-23.115853],[-46.566399,-23.114908],[-46.567815,-23.116113],[-46.568948,-23.116642],[-46.57288,-23.116648],[-46.574741,-23.116486],[-46.57509,-23.116594],[-46.573846,-23.117229],[-46.573597,-23.117721],[-46.574761,-23.121885],[-46.57624,-23.125866],[-46.576626,-23.127261],[-46.576768,-23.12907],[-46.573534,-23.159798],[-46.573668,-23.163106],[-46.574169,-23.164769],[-46.591832,-23.208198],[-46.598739,-23.228727],[-46.599495,-23.229974],[-46.601652,-23.232357],[-46.60199,-23.233006],[-46.602119,-23.23371],[-46.602018,-23.234557],[-46.601742,-23.235152],[-46.599672,-23.237445],[-46.598988,-23.238514],[-46.598587,-23.239334],[-46.597891,-23.241998],[-46.597433,-23.243021],[-46.593712,-23.246793],[-46.59303,-23.247785],[-46.592858,-23.248831],[-46.593046,-23.249716],[-46.594386,-23.251335],[-46.594779,-23.252044],[-46.594844,-23.253126],[-46.594479,-23.254166],[-46.584731,-23.264293],[-46.584244,-23.265055],[-46.583947,-23.265946],[-46.583861,-23.267099],[-46.583979,-23.26805],[-46.586629,-23.280497],[-46.58738,-23.282118],[-46.589909,-23.284913],[-46.590226,-23.285768],[-46.590034,-23.28702],[-46.589375,-23.287795],[-46.58738,-23.289328],[-46.586809,-23.290654],[-46.586081,-23.291173],[-46.585438,-23.291254],[-46.584777,-23.29098],[-46.5844,-23.290643],[-46.583819,-23.289692],[-46.583179,-23.289108],[-46.582578,-23.288943],[-46.581858,-23.288984],[-46.580289,-23.289875],[-46.579763,-23.29127],[-46.578986,-23.291944],[-46.578237,-23.292135],[-46.575453,-23.292223],[-46.574274,-23.292564],[-46.573551,-23.292954],[-46.572509,-23.293939],[-46.571911,-23.295188],[-46.571691,-23.296836],[-46.571984,-23.300764],[-46.572577,-23.302709],[-46.573553,-23.304208],[-46.574996,-23.305786],[-46.579057,-23.308481],[-46.581314,-23.310415],[-46.582184,-23.312126],[-46.582433,-23.314962],[-46.58254,-23.319074],[-46.582308,-23.320746],[-46.58146,-23.322762],[-46.578756,-23.326506],[-46.578156,-23.327683],[-46.57762,-23.330733],[-46.576411,-23.333439],[-46.573553,-23.342745],[-46.572833,-23.343546],[-46.570633,-23.344494],[-46.564581,-23.346835],[-46.561665,-23.347564],[-46.561209,-23.34816],[-46.560835,-23.349541],[-46.560014,-23.350189],[-46.559149,-23.35023],[-46.555082,-23.34894],[-46.554054,-23.34901],[-46.553442,-23.349505],[-46.551927,-23.351496],[-46.551181,-23.353843],[-46.549581,-23.354899],[-46.549062,-23.355674],[-46.549311,-23.357201],[-46.552495,-23.363668],[-46.552612,-23.364598],[-46.552401,-23.366963],[-46.552542,-23.367551],[-46.55301,-23.368075],[-46.555386,-23.369341],[-46.555775,-23.369953],[-46.556059,-23.371194],[-46.556438,-23.371667],[-46.559538,-23.373178],[-46.561044,-23.375474],[-46.561615,-23.375751],[-46.5633,-23.375922],[-46.564098,-23.376533],[-46.564811,-23.37783],[-46.564873,-23.378678],[-46.564442,-23.379543],[-46.563448,-23.380443],[-46.563196,-23.381213],[-46.563485,-23.381955],[-46.564663,-23.382777],[-46.564975,-23.383233],[-46.565037,-23.383797],[-46.564792,-23.384867],[-46.56491,-23.385389],[-46.565292,-23.385819],[-46.565737,-23.38604],[-46.568487,-23.386122],[-46.56932,-23.38663],[-46.569544,-23.387222],[-46.569432,-23.389289],[-46.571055,-23.391041],[-46.572418,-23.394591],[-46.573375,-23.395964],[-46.574172,-23.396717],[-46.57589,-23.39789],[-46.57656,-23.398866],[-46.576678,-23.399608],[-46.576547,-23.400194],[-46.575653,-23.401691],[-46.575526,-23.402191],[-46.575586,-23.403019],[-46.575796,-23.403488],[-46.576319,-23.404101],[-46.576931,-23.40447],[-46.577654,-23.404645],[-46.578943,-23.404657],[-46.57973,-23.405105],[-46.580035,-23.405718],[-46.581522,-23.410871],[-46.581655,-23.412581],[-46.581331,-23.414393],[-46.579061,-23.419415],[-46.578568,-23.420224],[-46.575932,-23.423469],[-46.573899,-23.425586],[-46.571402,-23.428665],[-46.569763,-23.431359],[-46.568792,-23.433909],[-46.568154,-23.437171],[-46.568049,-23.441172],[-46.568328,-23.443237],[-46.571109,-23.454914],[-46.571394,-23.456686],[-46.571613,-23.466705],[-46.571239,-23.467632],[-46.570512,-23.468438],[-46.563527,-23.472335],[-46.561427,-23.474189],[-46.56089,-23.475012],[-46.560633,-23.47566],[-46.560236,-23.477766],[-46.559458,-23.488921],[-46.559396,-23.491674],[-46.559824,-23.496738],[-46.56012,-23.497892],[-46.560537,-23.498622],[-46.561361,-23.499399],[-46.566991,-23.503396],[-46.569001,-23.505099],[-46.585084,-23.521877],[-46.586847,-23.523986],[-46.586876,-23.524402],[-46.584139,-23.530537],[-46.582346,-23.538141],[-46.581394,-23.539676],[-46.58113,-23.540671],[-46.58123,-23.541044],[-46.581602,-23.541548],[-46.582234,-23.54173],[-46.582672,-23.54219],[-46.583342,-23.542464],[-46.587781,-23.543326],[-46.590223,-23.543437],[-46.592709,-23.544041],[-46.592558,-23.544427],[-46.583149,-23.542586],[-46.582887,-23.542677],[-46.582794,-23.543273]]}},{"type":"Feature","properties":{"id_backbone":"BB-1E3FC6AF0851","trecho":"AJIE.AJ-GANI.GD","cluster":"ARACATUBA","cabo":"F-0051","capacidade":"12","extensao_km":15.276,"confianca":"BAIXA","fonte":"OSRM/OpenStreetMap","ponta_a":"AJIE.AJ","municipio_a":"RANCHARIA","ponta_b":"GANI.GD","municipio_b":"RANCHARIA"},"geometry":{"type":"LineString","coordinates":[[-50.923139,-22.492746],[-50.919424,-22.500106],[-50.917154,-22.502578],[-50.914592,-22.508223],[-50.913054,-22.510639],[-50.911532,-22.5179],[-50.911576,-22.519181],[-50.912372,-22.522119],[-50.912443,-22.523035],[-50.911347,-22.527093],[-50.911667,-22.529927],[-50.910588,-22.533739],[-50.910702,-22.534133],[-50.912291,-22.536634],[-50.912781,-22.537971],[-50.912864,-22.538813],[-50.909843,-22.569396],[-50.907734,-22.595326],[-50.905693,-22.612013],[-50.905677,-22.612639],[-50.905892,-22.613068],[-50.905604,-22.613272],[-50.905491,-22.613614],[-50.904333,-22.622575],[-50.903874,-22.624229],[-50.905972,-22.624897],[-50.905887,-22.625136]]}},{"type":"Feature","properties":{"id_backbone":"BB-AB6D6E178B0A","trecho":"ALV.MO-IAG.IG","cluster":"BAURU","cabo":"F-0112-00","capacidade":"6","extensao_km":28.484,"confianca":"ALTA","fonte":"OSRM/OpenStreetMap","ponta_a":"ALV.MO","municipio_a":"AREALVA","ponta_b":"IAG.IG","municipio_b":"IACANGA"},"geometry":{"type":"LineString","coordinates":[[-48.909506,-22.03345],[-48.908769,-22.034372],[-48.904942,-22.031903],[-48.905487,-22.030891],[-48.905945,-22.028699],[-48.901674,-22.028023],[-48.901787,-22.027742],[-48.901651,-22.025461],[-48.901709,-22.02261],[-48.902244,-22.017864],[-48.902333,-22.015505],[-48.901826,-22.002273],[-48.901949,-22.001079],[-48.904507,-21.988709],[-48.904557,-21.987915],[-48.904356,-21.986849],[-48.903912,-21.985998],[-48.903185,-21.985174],[-48.889484,-21.973238],[-48.88896,-21.972589],[-48.888464,-21.971309],[-48.886875,-21.96052],[-48.886835,-21.959194],[-48.887232,-21.957986],[-48.887843,-21.956957],[-48.891824,-21.952792],[-48.892446,-21.951953],[-48.892866,-21.950833],[-48.893208,-21.948517],[-48.893849,-21.945899],[-48.904952,-21.948355],[-48.907356,-21.949393],[-48.909035,-21.950724],[-48.915249,-21.958076],[-48.916263,-21.95895],[-48.916944,-21.959115],[-48.917891,-21.959001],[-48.922723,-21.957256],[-48.923801,-21.956636],[-48.924998,-21.955588],[-48.930543,-21.948809],[-48.932684,-21.94659],[-48.942147,-21.940943],[-48.942586,-21.940535],[-48.942665,-21.939804],[-48.941689,-21.936771],[-48.941192,-21.930456],[-48.941445,-21.929538],[-48.942069,-21.928904],[-48.942681,-21.92865],[-48.946122,-21.928135],[-48.960415,-21.921018],[-49.002757,-21.896758],[-49.003764,-21.895948],[-49.005569,-21.893955],[-49.007723,-21.892634],[-49.015083,-21.890147],[-49.015431,-21.890999],[-49.019615,-21.889536]]}},{"type":"Feature","properties":{"id_backbone":"BB-0185F4B34CA3","trecho":"AMH.AO-PPE.RB","cluster":"ARACATUBA","cabo":"F-0205","capacidade":"12","extensao_km":11.041,"confianca":"BAIXA","fonte":"OSRM/OpenStreetMap","ponta_a":"AMH.AO","municipio_a":"ALVARES MACHADO","ponta_b":"PPE.RB","municipio_b":"PRESIDENTE PRUDENTE"},"geometry":{"type":"LineString","coordinates":[[-51.470119,-22.076492],[-51.47007,-22.076948],[-51.468218,-22.076761],[-51.467969,-22.07697],[-51.467753,-22.076865],[-51.467772,-22.076579],[-51.467091,-22.076034],[-51.465959,-22.075761],[-51.464983,-22.075807],[-51.462476,-22.075388],[-51.460351,-22.075266],[-51.459739,-22.075317],[-51.459307,-22.075667],[-51.458776,-22.075687],[-51.458046,-22.076319],[-51.453111,-22.082328],[-51.450884,-22.08423],[-51.441139,-22.0897],[-51.422788,-22.10056],[-51.42222,-22.101171],[-51.421752,-22.10201],[-51.420131,-22.105919],[-51.419607,-22.106683],[-51.417337,-22.109499],[-51.412719,-22.114107],[-51.412629,-22.114536],[-51.411495,-22.116421],[-51.409139,-22.116222],[-51.408157,-22.116401],[-51.387894,-22.125888],[-51.387399,-22.124958],[-51.386782,-22.12525]]}},{"type":"Feature","properties":{"id_backbone":"BB-AEF290CB95A4","trecho":"AMIO.PG-MNQ.PO","cluster":"OSASCO","cabo":"F-1930","capacidade":"12 F","extensao_km":14.592,"confianca":"MEDIA","fonte":"OSRM/OpenStreetMap","ponta_a":"AMIO.PG","municipio_a":"ALUMINIO","ponta_b":"MNQ.PO","municipio_b":"MAIRINQUE"},"geometry":{"type":"LineString","coordinates":[[-47.251747,-23.516755],[-47.250381,-23.516663],[-47.249223,-23.51736],[-47.2484,-23.516171],[-47.246065,-23.517469],[-47.24459,-23.517461],[-47.243549,-23.517231],[-47.242576,-23.517463],[-47.242172,-23.517255],[-47.241389,-23.51719],[-47.240573,-23.517438],[-47.239068,-23.517054],[-47.236556,-23.517769],[-47.235897,-23.518219],[-47.234258,-23.516656],[-47.23382,-23.515873],[-47.233566,-23.514782],[-47.233568,-23.51362],[-47.232273,-23.512699],[-47.230472,-23.512573],[-47.229056,-23.512701],[-47.227178,-23.511767],[-47.226154,-23.511486],[-47.225449,-23.510837],[-47.224067,-23.510635],[-47.223884,-23.510379],[-47.223992,-23.509897],[-47.223884,-23.50972],[-47.2219,-23.508933],[-47.22088,-23.508963],[-47.220065,-23.508471],[-47.219432,-23.508402],[-47.213778,-23.506257],[-47.213094,-23.506154],[-47.212896,-23.505593],[-47.211554,-23.504071],[-47.21112,-23.502221],[-47.210678,-23.501367],[-47.210336,-23.501011],[-47.209305,-23.500427],[-47.20865,-23.49968],[-47.207362,-23.496626],[-47.207049,-23.495387],[-47.20658,-23.494918],[-47.205699,-23.494727],[-47.20528,-23.494923],[-47.204266,-23.496404],[-47.203296,-23.496626],[-47.202378,-23.49633],[-47.201294,-23.495105],[-47.199799,-23.494426],[-47.199397,-23.494015],[-47.199246,-23.492984],[-47.200102,-23.490224],[-47.202554,-23.488807],[-47.204028,-23.487834],[-47.20443,-23.487391],[-47.204465,-23.486838],[-47.203735,-23.485229],[-47.204084,-23.484127],[-47.204172,-23.483064],[-47.203338,-23.481312],[-47.20369,-23.479827],[-47.203589,-23.479431],[-47.201485,-23.476852],[-47.20141,-23.476389],[-47.201651,-23.474506],[-47.201508,-23.474007],[-47.200312,-23.472059],[-47.199031,-23.471238],[-47.198667,-23.470592],[-47.199032,-23.469647],[-47.199856,-23.469239],[-47.19953,-23.46829],[-47.200529,-23.467678],[-47.200593,-23.467416],[-47.200175,-23.465785],[-47.19891,-23.464479],[-47.199187,-23.46361],[-47.198961,-23.46121],[-47.197691,-23.459059],[-47.197998,-23.457488],[-47.197268,-23.456164],[-47.197077,-23.455374],[-47.197372,-23.451345],[-47.197828,-23.449922],[-47.19692,-23.448908],[-47.196553,-23.448847],[-47.197334,-23.4486],[-47.197689,-23.448124],[-47.198628,-23.448287],[-47.199242,-23.447194],[-47.199045,-23.446859],[-47.197227,-23.445638],[-47.197271,-23.444599],[-47.196896,-23.443484],[-47.195811,-23.442569],[-47.194813,-23.440145],[-47.194189,-23.440213],[-47.193932,-23.439931],[-47.193891,-23.439522],[-47.19413,-23.438855]]}},{"type":"Feature","properties":{"id_backbone":"BB-FDCD27A36B92","trecho":"AMR.PN-AMR.SV","cluster":"CAMPINAS","cabo":"F-0294","capacidade":"36","extensao_km":5.856,"confianca":"MEDIA","fonte":"OSRM/OpenStreetMap","ponta_a":"AMR.PN","municipio_a":"AMERICANA","ponta_b":"AMR.SV","municipio_b":"AMERICANA"},"geometry":{"type":"LineString","coordinates":[[-47.276275,-22.709617],[-47.275908,-22.709147],[-47.276515,-22.708714],[-47.276905,-22.709703],[-47.277052,-22.711954],[-47.278768,-22.714503],[-47.279971,-22.715389],[-47.281095,-22.717449],[-47.282885,-22.724844],[-47.283121,-22.726513],[-47.286471,-22.733475],[-47.2881,-22.732837],[-47.290162,-22.731147],[-47.291024,-22.729865],[-47.291127,-22.728174],[-47.291693,-22.727751],[-47.29529,-22.728653],[-47.296227,-22.728655],[-47.306769,-22.731483],[-47.306198,-22.732543],[-47.305473,-22.732339]]}},{"type":"Feature","properties":{"id_backbone":"BB-C65A3D30213B","trecho":"AMR.RD-STB.DC","cluster":"CAMPINAS","cabo":"F-0065","capacidade":"24","extensao_km":7.059,"confianca":"BAIXA","fonte":"OSRM/OpenStreetMap","ponta_a":"AMR.RD","municipio_a":"AMERICANA","ponta_b":"STB.DC","municipio_b":"SANTA BARBARA D'OESTE"},"geometry":{"type":"LineString","coordinates":[[-47.354713,-22.744388],[-47.356554,-22.744717],[-47.357081,-22.745037],[-47.371557,-22.748211],[-47.384951,-22.752471],[-47.386767,-22.752711],[-47.387829,-22.753173],[-47.387947,-22.753409],[-47.394401,-22.755494],[-47.396522,-22.756453],[-47.400469,-22.754362],[-47.402347,-22.754087],[-47.402982,-22.753552],[-47.403281,-22.75356],[-47.403933,-22.753923],[-47.40522,-22.753071],[-47.406556,-22.753039],[-47.40872,-22.751018],[-47.408496,-22.750731],[-47.408522,-22.7505],[-47.411436,-22.748033],[-47.411685,-22.748069],[-47.411702,-22.748767],[-47.413753,-22.751905],[-47.414079,-22.7517]]}},{"type":"Feature","properties":{"id_backbone":"BB-F370BAE8C739","trecho":"AMR.SV-AMR.XN","cluster":"CAMPINAS","cabo":"F-0225","capacidade":"18","extensao_km":3.881,"confianca":"ALTA","fonte":"OSRM/OpenStreetMap","ponta_a":"AMR.SV","municipio_a":"AMERICANA","ponta_b":"AMR.XN","municipio_b":"AMERICANA"},"geometry":{"type":"LineString","coordinates":[[-47.305473,-22.732339],[-47.305085,-22.732164],[-47.305489,-22.73141],[-47.311257,-22.732907],[-47.31377,-22.73296],[-47.318841,-22.73185],[-47.319713,-22.731798],[-47.326601,-22.733679],[-47.327963,-22.734386],[-47.328935,-22.734651],[-47.330526,-22.734764],[-47.331537,-22.734459],[-47.331695,-22.73433],[-47.331644,-22.734076],[-47.331285,-22.734121],[-47.330696,-22.734522],[-47.330591,-22.735016],[-47.330122,-22.735157],[-47.329217,-22.73609],[-47.327847,-22.740361],[-47.328215,-22.74049],[-47.328176,-22.740592]]}},{"type":"Feature","properties":{"id_backbone":"BB-AB4ADDDCE529","trecho":"AMR.XN-NDS.JP","cluster":"CAMPINAS","cabo":"F-0220","capacidade":"24","extensao_km":6.677,"confianca":"MEDIA","fonte":"OSRM/OpenStreetMap","ponta_a":"AMR.XN","municipio_a":"AMERICANA","ponta_b":"NDS.JP","municipio_b":"NOVA ODESSA"},"geometry":{"type":"LineString","coordinates":[[-47.328176,-22.740592],[-47.325382,-22.749448],[-47.323003,-22.753486],[-47.321043,-22.757996],[-47.320763,-22.758925],[-47.320262,-22.762311],[-47.31931,-22.7639],[-47.316167,-22.766581],[-47.315182,-22.767134],[-47.313379,-22.767413],[-47.310905,-22.768175],[-47.309786,-22.768133],[-47.30711,-22.767483],[-47.305578,-22.767567],[-47.30303,-22.768603],[-47.301397,-22.769621],[-47.298708,-22.770208],[-47.294104,-22.772095],[-47.29322,-22.773011],[-47.292938,-22.773953],[-47.292736,-22.775415],[-47.293062,-22.775918],[-47.293579,-22.776018],[-47.292589,-22.78031],[-47.292235,-22.780243]]}},{"type":"Feature","properties":{"id_backbone":"BB-FD00D8686EA4","trecho":"AMR.XN-ARQ.VX","cluster":"CAMPINAS","cabo":"F-0202","capacidade":"36","extensao_km":157.031,"confianca":"REJEITADA","fonte":"OSRM/OpenStreetMap","ponta_a":"AMR.XN","municipio_a":"AMERICANA","ponta_b":"ARQ.VX","municipio_b":"ARARAQUARA"},"geometry":{"type":"LineString","coordinates":[[-47.328176,-22.740592],[-47.327954,-22.741172],[-47.325714,-22.740485],[-47.325507,-22.74025],[-47.325659,-22.739617],[-47.325113,-22.739518],[-47.325226,-22.737853],[-47.325795,-22.737522],[-47.325529,-22.73633],[-47.325843,-22.735386],[-47.326951,-22.734583],[-47.3291,-22.734286],[-47.329408,-22.73401],[-47.329657,-22.733411],[-47.329585,-22.73255],[-47.327495,-22.726999],[-47.327942,-22.725055],[-47.32793,-22.724449],[-47.327637,-22.72387],[-47.326186,-22.722726],[-47.325627,-22.722569],[-47.325444,-22.722349],[-47.326198,-22.719838],[-47.325853,-22.717684],[-47.324836,-22.715529],[-47.324292,-22.715312],[-47.322846,-22.713827],[-47.320487,-22.708261],[-47.320107,-22.706841],[-47.320389,-22.704164],[-47.320165,-22.703092],[-47.319342,-22.702319],[-47.318428,-22.702031],[-47.306683,-22.701737],[-47.306239,-22.701659],[-47.30609,-22.701287],[-47.305568,-22.700938],[-47.305245,-22.700926],[-47.305292,-22.700766],[-47.305735,-22.700618],[-47.306618,-22.699616],[-47.307657,-22.698869],[-47.309195,-22.696991],[-47.310325,-22.695102],[-47.310835,-22.693455],[-47.311003,-22.691606],[-47.310569,-22.684164],[-47.310833,-22.676353],[-47.31122,-22.674463],[-47.311674,-22.673347],[-47.312507,-22.671953],[-47.319135,-22.66225],[-47.323272,-22.654366],[-47.325743,-22.648442],[-47.32815,-22.641026],[-47.329381,-22.638945],[-47.335082,-22.632259],[-47.336237,-22.630555],[-47.342954,-22.623388],[-47.344968,-22.621741],[-47.353369,-22.612843],[-47.355071,-22.611535],[-47.359503,-22.609108],[-47.360671,-22.607994],[-47.36136,-22.60688],[-47.366808,-22.592713],[-47.367465,-22.590056],[-47.36743,-22.587275],[-47.36568,-22.565165],[-47.365773,-22.56303],[-47.366435,-22.560136],[-47.367263,-22.558199],[-47.368764,-22.555761],[-47.38972,-22.525433],[-47.392288,-22.521475],[-47.393422,-22.519027],[-47.394409,-22.516025],[-47.39879,-22.505914],[-47.399213,-22.504564],[-47.399398,-22.503158],[-47.399263,-22.500732],[-47.398955,-22.500348],[-47.398467,-22.500207],[-47.398043,-22.500281],[-47.397548,-22.500606],[-47.397241,-22.501223],[-47.397436,-22.502018],[-47.398087,-22.502474],[-47.398885,-22.502486],[-47.499271,-22.472671],[-47.501656,-22.471844],[-47.520809,-22.46371],[-47.524122,-22.462475],[-47.526198,-22.461987],[-47.528393,-22.461717],[-47.534952,-22.461635],[-47.539007,-22.460627],[-47.544166,-22.458713],[-47.549848,-22.455876],[-47.55331,-22.45371],[-47.55585,-22.451847],[-47.560631,-22.447624],[-47.562471,-22.445708],[-47.564797,-22.442926],[-47.56816,-22.438063],[-47.569758,-22.435184],[-47.578343,-22.418313],[-47.580006,-22.415619],[-47.581453,-22.413729],[-47.597316,-22.395357],[-47.601856,-22.390867],[-47.618519,-22.375548],[-47.62049,-22.373528],[-47.633296,-22.361974],[-47.635144,-22.360749],[-47.644113,-22.355639],[-47.645267,-22.354714],[-47.64627,-22.353672],[-47.650203,-22.348505],[-47.651001,-22.347093],[-47.651462,-22.345308],[-47.651484,-22.344102],[-47.650939,-22.33906],[-47.651122,-22.337338],[-47.651865,-22.335272],[-47.656439,-22.327063],[-47.656638,-22.325571],[-47.656242,-22.323259],[-47.656467,-22.322121],[-47.658387,-22.319127],[-47.66222,-22.313869],[-47.66288,-22.313412],[-47.665472,-22.312456],[-47.666376,-22.311776],[-47.667049,-22.310996],[-47.667538,-22.309957],[-47.669409,-22.303736],[-47.670048,-22.302266],[-47.675702,-22.293637],[-47.676463,-22.289574],[-47.677126,-22.288195],[-47.683026,-22.280001],[-47.684101,-22.278944],[-47.685486,-22.278346],[-47.688189,-22.277804],[-47.688805,-22.277862],[-47.690695,-22.278528],[-47.692063,-22.278567],[-47.692892,-22.278329],[-47.694362,-22.277562],[-47.695621,-22.277255],[-47.696177,-22.276872],[-47.696981,-22.275474],[-47.697645,-22.274784],[-47.699745,-22.273965],[-47.700348,-22.273532],[-47.703614,-22.269854],[-47.703871,-22.2692],[-47.703944,-22.268363],[-47.702955,-22.256154],[-47.702898,-22.253789],[-47.703208,-22.251952],[-47.703688,-22.250458],[-47.704534,-22.24889],[-47.705521,-22.247576],[-47.707308,-22.245914],[-47.709246,-22.244738],[-47.761696,-22.22117],[-47.76348,-22.220002],[-47.76514,-22.218185],[-47.76594,-22.216787],[-47.767872,-22.212532],[-47.771054,-22.204947],[-47.798724,-22.143496],[-47.805058,-22.133595],[-47.807915,-22.12883],[-47.809539,-22.126572],[-47.836214,-22.084607],[-47.839235,-22.080266],[-47.861405,-22.045347],[-47.861915,-22.043756],[-47.861974,-22.042006],[-47.859664,-22.03004],[-47.857192,-22.016073],[-47.857293,-22.014364],[-47.857753,-22.012603],[-47.858496,-22.011113],[-47.859442,-22.00984],[-47.86084,-22.008537],[-47.879807,-21.993417],[-47.882164,-21.992137],[-47.902621,-21.98559],[-47.973562,-21.963368],[-47.97546,-21.962598],[-47.977398,-21.961539],[-48.086401,-21.882825],[-48.088277,-21.881273],[-48.090758,-21.87821],[-48.091632,-21.877442],[-48.09336,-21.876594],[-48.097739,-21.875721],[-48.099804,-21.874713],[-48.139993,-21.845773],[-48.14461,-21.842683],[-48.173906,-21.821582],[-48.177119,-21.818933],[-48.178232,-21.816808],[-48.177809,-21.813074],[-48.177525,-21.812303],[-48.177553,-21.811659],[-48.176234,-21.805319],[-48.176263,-21.804407],[-48.176568,-21.804486],[-48.177137,-21.802701],[-48.173443,-21.801543],[-48.173084,-21.801654],[-48.173083,-21.799345],[-48.172543,-21.795136],[-48.171438,-21.794861],[-48.171608,-21.793393],[-48.16383,-21.791474],[-48.162115,-21.791441],[-48.158971,-21.783911],[-48.156328,-21.78332],[-48.150995,-21.782647]]}},{"type":"Feature","properties":{"id_backbone":"BB-A403202561CF","trecho":"AMX.CE-IPV.SM","cluster":"RIBEIRAO PRETO","cabo":"F-0233","capacidade":"12","extensao_km":8.145,"confianca":"SEM_REFERENCIA","fonte":"OSRM/OpenStreetMap","ponta_a":"AMX.CE","municipio_a":"ARAMINA","ponta_b":"IPV.SM","municipio_b":"IGARAPAVA"},"geometry":{"type":"LineString","coordinates":[[-47.78836,-20.088286],[-47.788635,-20.0882],[-47.788251,-20.082343],[-47.78849,-20.078831],[-47.788084,-20.071747],[-47.788218,-20.069749],[-47.788827,-20.065786],[-47.78893,-20.062578],[-47.788672,-20.060179],[-47.787902,-20.057597],[-47.786689,-20.055142],[-47.780364,-20.046111],[-47.779869,-20.045673],[-47.77867,-20.045241],[-47.774423,-20.046222],[-47.772549,-20.046265],[-47.771122,-20.045695],[-47.767766,-20.042978],[-47.765613,-20.042341],[-47.763704,-20.042472],[-47.762101,-20.043259],[-47.761635,-20.043331],[-47.752014,-20.041262]]}},{"type":"Feature","properties":{"id_backbone":"BB-451295847FDF","trecho":"ANG.IA-ARCC.AU","cluster":"SOROCABA","cabo":"F-0065","capacidade":"6","extensao_km":39.41,"confianca":"SEM_REFERENCIA","fonte":"OSRM/OpenStreetMap","ponta_a":"ANG.IA","municipio_a":"ANGATUBA","ponta_b":"ARCC.AU","municipio_b":"BURI"},"geometry":{"type":"LineString","coordinates":[[-48.414378,-23.490574],[-48.413785,-23.48911],[-48.411055,-23.490086],[-48.409858,-23.489841],[-48.409059,-23.490111],[-48.408192,-23.495198],[-48.408187,-23.496],[-48.407992,-23.496367],[-48.40755,-23.499017],[-48.407228,-23.504065],[-48.405828,-23.507244],[-48.403959,-23.508318],[-48.401305,-23.512113],[-48.400497,-23.513553],[-48.398652,-23.517621],[-48.397815,-23.518117],[-48.396115,-23.51814],[-48.395671,-23.518548],[-48.395599,-23.519078],[-48.396009,-23.521418],[-48.396261,-23.522224],[-48.397066,-23.523154],[-48.397088,-23.524659],[-48.3969,-23.525274],[-48.396251,-23.526262],[-48.395607,-23.528028],[-48.394784,-23.528866],[-48.395012,-23.528903],[-48.396684,-23.528094],[-48.398096,-23.5278],[-48.407843,-23.528247],[-48.409767,-23.528904],[-48.412491,-23.531026],[-48.41321,-23.531429],[-48.419796,-23.533231],[-48.423341,-23.534462],[-48.425278,-23.534605],[-48.434997,-23.533021],[-48.434941,-23.532772],[-48.433518,-23.533017],[-48.433573,-23.533466],[-48.433865,-23.533775],[-48.433911,-23.534089],[-48.434673,-23.533911],[-48.435817,-23.534812],[-48.437178,-23.534972],[-48.437923,-23.535247],[-48.439051,-23.53673],[-48.439888,-23.53733],[-48.440488,-23.537462],[-48.44403,-23.537465],[-48.445641,-23.53726],[-48.446287,-23.537453],[-48.447175,-23.538312],[-48.448522,-23.540028],[-48.449197,-23.541953],[-48.449332,-23.543085],[-48.448865,-23.549031],[-48.448921,-23.550167],[-48.449364,-23.551522],[-48.450917,-23.554679],[-48.451638,-23.561725],[-48.45372,-23.569922],[-48.454114,-23.570726],[-48.455562,-23.572358],[-48.457647,-23.578641],[-48.457722,-23.579599],[-48.457303,-23.584251],[-48.4574,-23.587804],[-48.457829,-23.589082],[-48.461073,-23.595784],[-48.461821,-23.596238],[-48.462549,-23.596284],[-48.473514,-23.594406],[-48.476193,-23.592741],[-48.482494,-23.592675],[-48.489393,-23.59181],[-48.491279,-23.591761],[-48.492376,-23.591894],[-48.494041,-23.591461],[-48.501315,-23.59454],[-48.505203,-23.600523],[-48.50459,-23.604856],[-48.502439,-23.616997],[-48.499168,-23.641685],[-48.498961,-23.64263],[-48.497885,-23.645232],[-48.495714,-23.657283],[-48.494956,-23.658789],[-48.485041,-23.671084],[-48.481094,-23.678245],[-48.481164,-23.679223],[-48.481851,-23.680493],[-48.486301,-23.683885],[-48.486577,-23.68474],[-48.486577,-23.686027],[-48.48692,-23.687821],[-48.487414,-23.688393],[-48.48866,-23.689236],[-48.489495,-23.690375],[-48.489749,-23.690888],[-48.489631,-23.691966],[-48.490273,-23.693376],[-48.490445,-23.693597],[-48.491775,-23.694204],[-48.492714,-23.695477],[-48.492869,-23.69615],[-48.492242,-23.697211],[-48.491507,-23.697839],[-48.490719,-23.699742],[-48.48949,-23.700464],[-48.488508,-23.700803],[-48.486271,-23.702326],[-48.485263,-23.703583],[-48.485005,-23.704171],[-48.484761,-23.706086],[-48.486053,-23.709758],[-48.486067,-23.710135],[-48.484565,-23.711813],[-48.481509,-23.716102],[-48.479979,-23.715674],[-48.479496,-23.715315],[-48.479662,-23.714143],[-48.480022,-23.713475],[-48.479979,-23.713156],[-48.479662,-23.712766],[-48.47981,-23.712421],[-48.478375,-23.711761],[-48.47735,-23.712668],[-48.476396,-23.712853],[-48.47425,-23.711393],[-48.474126,-23.710892],[-48.474625,-23.709639]]}},{"type":"Feature","properties":{"id_backbone":"BB-48ABF2F5551B","trecho":"ARC.RD-ARC.XN","cluster":"ARACATUBA","cabo":"F-0001","capacidade":"36","extensao_km":6.851,"confianca":"ALTA","fonte":"OSRM/OpenStreetMap","ponta_a":"ARC.RD","municipio_a":"ARACATUBA","ponta_b":"ARC.XN","municipio_b":"ARACATUBA"},"geometry":{"type":"LineString","coordinates":[[-50.409831,-21.167342],[-50.415765,-21.164936],[-50.416906,-21.168447],[-50.41719,-21.170927],[-50.417508,-21.171225],[-50.417617,-21.171591],[-50.423699,-21.176311],[-50.424224,-21.176497],[-50.424498,-21.176928],[-50.428752,-21.180186],[-50.43147,-21.184133],[-50.43383,-21.188561],[-50.435028,-21.191327],[-50.434821,-21.192826],[-50.440275,-21.192928],[-50.44,-21.194387],[-50.439788,-21.203831],[-50.439565,-21.204054],[-50.438753,-21.203729],[-50.437556,-21.204661],[-50.43741,-21.205962],[-50.438372,-21.20604],[-50.438388,-21.205899]]}},{"type":"Feature","properties":{"id_backbone":"BB-1A068758F55A","trecho":"ARC.XN-PNI.LO","cluster":"ARACATUBA","cabo":"F-0255","capacidade":"72","extensao_km":55.195,"confianca":"SEM_REFERENCIA","fonte":"OSRM/OpenStreetMap","ponta_a":"ARC.XN","municipio_a":"ARACATUBA","ponta_b":"PNI.LO","municipio_b":"PENAPOLIS"},"geometry":{"type":"LineString","coordinates":[[-50.438388,-21.205899],[-50.438415,-21.205672],[-50.436856,-21.20384],[-50.436671,-21.203872],[-50.436154,-21.211637],[-50.436756,-21.211672],[-50.436595,-21.215116],[-50.438044,-21.215248],[-50.437461,-21.221649],[-50.437604,-21.221927],[-50.437411,-21.222104],[-50.437166,-21.224766],[-50.437203,-21.226574],[-50.437924,-21.228993],[-50.440158,-21.233526],[-50.440753,-21.234632],[-50.44099,-21.234775],[-50.440983,-21.235273],[-50.441522,-21.236441],[-50.441322,-21.237008],[-50.440881,-21.237246],[-50.439729,-21.237253],[-50.438907,-21.237804],[-50.315769,-21.347864],[-50.30755,-21.355175],[-50.306136,-21.356205],[-50.168451,-21.430068],[-50.165232,-21.43199],[-50.103083,-21.465338],[-50.097647,-21.468315],[-50.097247,-21.46869],[-50.097283,-21.468985],[-50.097463,-21.469116],[-50.098444,-21.469169],[-50.098661,-21.468973],[-50.098624,-21.468688],[-50.095475,-21.465349],[-50.094401,-21.463623],[-50.093901,-21.461994],[-50.093201,-21.457651],[-50.092332,-21.455601],[-50.090036,-21.452919],[-50.089164,-21.452427],[-50.08663,-21.449699],[-50.086196,-21.448833],[-50.083273,-21.445518],[-50.082735,-21.444504],[-50.081885,-21.442259],[-50.082009,-21.440752],[-50.081818,-21.434882],[-50.078373,-21.428873],[-50.077452,-21.427797],[-50.076253,-21.4268],[-50.078626,-21.423816],[-50.07524,-21.420567],[-50.075768,-21.42007]]}},{"type":"Feature","properties":{"id_backbone":"BB-4DC4A59881AA","trecho":"ARC.XN-IAR.IU","cluster":"ARACATUBA","cabo":"F-0001","capacidade":"36","extensao_km":160.27,"confianca":"SEM_REFERENCIA","fonte":"OSRM/OpenStreetMap","ponta_a":"ARC.XN","municipio_a":"ARACATUBA","ponta_b":"IAR.IU","municipio_b":"ITAPURA"},"geometry":{"type":"LineString","coordinates":[[-50.438388,-21.205899],[-50.438415,-21.205672],[-50.439426,-21.205775],[-50.44075,-21.204567],[-50.443581,-21.206463],[-50.444719,-21.20676],[-50.445509,-21.206729],[-50.445763,-21.207167],[-50.446056,-21.207294],[-50.467289,-21.211952],[-50.469786,-21.209709],[-50.471038,-21.208875],[-50.474161,-21.207443],[-50.477051,-21.206752],[-50.478277,-21.206671],[-50.479648,-21.206819],[-50.56601,-21.199634],[-50.5681,-21.199569],[-50.66392,-21.208812],[-50.687074,-21.214401],[-50.689009,-21.214755],[-50.690969,-21.214887],[-50.693255,-21.214769],[-50.760629,-21.206791],[-50.806151,-21.204303],[-50.807777,-21.204463],[-50.810244,-21.205031],[-50.842817,-21.216386],[-50.845394,-21.216941],[-50.848755,-21.217146],[-50.851374,-21.216906],[-50.854459,-21.21613],[-50.887631,-21.204863],[-50.891843,-21.20307],[-50.894126,-21.201805],[-50.896695,-21.200072],[-50.950505,-21.157038],[-51.142247,-21.036074],[-51.185209,-21.00882],[-51.216585,-20.989232],[-51.340551,-20.91121],[-51.342299,-20.909534],[-51.343371,-20.908097],[-51.354138,-20.892315],[-51.356323,-20.890142],[-51.357837,-20.889105],[-51.371633,-20.881947],[-51.379303,-20.87882],[-51.492164,-20.836665],[-51.50399,-20.830794],[-51.547253,-20.808755],[-51.549128,-20.807641],[-51.558886,-20.800973],[-51.55958,-20.800251],[-51.560387,-20.79836],[-51.560504,-20.796745],[-51.560267,-20.795424],[-51.543473,-20.763722],[-51.541961,-20.761664],[-51.523991,-20.744225],[-51.522587,-20.743125],[-51.468217,-20.712534],[-51.46414,-20.71005],[-51.46263,-20.708502],[-51.46135,-20.706563],[-51.446384,-20.681287],[-51.445719,-20.680075],[-51.445155,-20.678587],[-51.444866,-20.677156],[-51.444796,-20.6752],[-51.446538,-20.658621],[-51.446338,-20.656724],[-51.44503,-20.649771],[-51.444765,-20.649351],[-51.444871,-20.649092],[-51.446555,-20.649216],[-51.458647,-20.64916],[-51.500087,-20.648203],[-51.500932,-20.648106],[-51.501571,-20.647778],[-51.508271,-20.642915],[-51.508569,-20.643279]]}},{"type":"Feature","properties":{"id_backbone":"BB-0F3824FC7873","trecho":"ARD.IP-SOC.PE","cluster":"SOROCABA","cabo":"F-0049","capacidade":"24","extensao_km":19.583,"confianca":"ALTA","fonte":"OSRM/OpenStreetMap","ponta_a":"ARD.IP","municipio_a":"ARACOIABA DA SERRA","ponta_b":"SOC.PE","municipio_b":"SOROCABA"},"geometry":{"type":"LineString","coordinates":[[-47.573044,-23.511237],[-47.573358,-23.51076],[-47.573886,-23.511026],[-47.574283,-23.510889],[-47.574182,-23.510815],[-47.574354,-23.510595],[-47.574454,-23.50973],[-47.574761,-23.512662],[-47.574564,-23.514466],[-47.574887,-23.514833],[-47.57526,-23.514763],[-47.575434,-23.514423],[-47.575314,-23.514186],[-47.573689,-23.51349],[-47.563169,-23.510431],[-47.558684,-23.509389],[-47.55664,-23.509135],[-47.554721,-23.509209],[-47.552547,-23.509549],[-47.540194,-23.513567],[-47.538084,-23.514538],[-47.536607,-23.515743],[-47.535528,-23.517096],[-47.533528,-23.520394],[-47.531753,-23.522148],[-47.526662,-23.525237],[-47.524601,-23.526042],[-47.522173,-23.526346],[-47.520049,-23.526109],[-47.51779,-23.525402],[-47.516323,-23.525115],[-47.514884,-23.525162],[-47.513603,-23.525513],[-47.512335,-23.526231],[-47.511295,-23.527186],[-47.506704,-23.533393],[-47.505736,-23.534432],[-47.504305,-23.535401],[-47.502724,-23.536034],[-47.501044,-23.536312],[-47.499314,-23.536234],[-47.466612,-23.529927],[-47.455814,-23.528014],[-47.454269,-23.528058],[-47.451617,-23.527286],[-47.449835,-23.527074],[-47.449791,-23.526444],[-47.450421,-23.525828],[-47.451293,-23.524073],[-47.452639,-23.522481],[-47.453337,-23.521175],[-47.452834,-23.518769],[-47.45119,-23.517338],[-47.450663,-23.516323],[-47.450977,-23.513644],[-47.452744,-23.511181],[-47.452902,-23.510673],[-47.452863,-23.510209],[-47.452135,-23.508208],[-47.451785,-23.506366],[-47.452532,-23.502681],[-47.452172,-23.501476],[-47.452175,-23.499405],[-47.451984,-23.49869],[-47.451308,-23.497569],[-47.452521,-23.496976],[-47.454251,-23.496702],[-47.455243,-23.496256],[-47.455352,-23.496404],[-47.454965,-23.497249],[-47.456414,-23.498078]]}},{"type":"Feature","properties":{"id_backbone":"BB-57D556416F2A","trecho":"ARH.ON-SDL.SA","cluster":"SAO JOSE DO RIO PRETO","cabo":"F-0014","capacidade":"6","extensao_km":7.454,"confianca":"ALTA","fonte":"OSRM/OpenStreetMap","ponta_a":"ARH.ON","municipio_a":"ARIRANHA","ponta_b":"SDL.SA","municipio_b":"SANTA ADELIA"},"geometry":{"type":"LineString","coordinates":[[-48.787929,-21.189325],[-48.787222,-21.189404],[-48.78731,-21.190132],[-48.784954,-21.190375],[-48.784768,-21.19057],[-48.783127,-21.193475],[-48.783119,-21.194724],[-48.792772,-21.211276],[-48.79478,-21.214383],[-48.805828,-21.227658],[-48.807531,-21.23026],[-48.808032,-21.230761],[-48.807948,-21.231008],[-48.807457,-21.23122],[-48.807611,-21.231624],[-48.808042,-21.232041],[-48.807913,-21.232795],[-48.807484,-21.233152],[-48.805589,-21.233644],[-48.805731,-21.234261],[-48.804891,-21.235422],[-48.805171,-21.236321],[-48.804838,-21.238487],[-48.806724,-21.241593],[-48.806387,-21.243449]]}},{"type":"Feature","properties":{"id_backbone":"BB-F302E0FD92AE","trecho":"ARO.AC-ARO.LR","cluster":"CAMPINAS","cabo":"F-0020","capacidade":"12","extensao_km":11.044,"confianca":"SEM_REFERENCIA","fonte":"OSRM/OpenStreetMap","ponta_a":"ARO.AC","municipio_a":"AMPARO","ponta_b":"ARO.LR","municipio_b":"AMPARO"},"geometry":{"type":"LineString","coordinates":[[-46.844536,-22.721357],[-46.843949,-22.721066],[-46.843719,-22.720623],[-46.842349,-22.719392],[-46.839997,-22.716093],[-46.839713,-22.715402],[-46.839715,-22.713166],[-46.839399,-22.712062],[-46.837631,-22.709711],[-46.837129,-22.709363],[-46.836562,-22.709214],[-46.834339,-22.70968],[-46.830927,-22.711102],[-46.828406,-22.711045],[-46.826242,-22.711768],[-46.82194,-22.71157],[-46.82034,-22.711318],[-46.819495,-22.711471],[-46.818776,-22.71188],[-46.816041,-22.714039],[-46.814886,-22.715744],[-46.814217,-22.716298],[-46.812308,-22.71704],[-46.810107,-22.717328],[-46.809271,-22.717637],[-46.808587,-22.718193],[-46.806556,-22.720489],[-46.803032,-22.722038],[-46.801954,-22.722179],[-46.801268,-22.722055],[-46.79682,-22.72039],[-46.795264,-22.720536],[-46.792171,-22.721366],[-46.788867,-22.72092],[-46.786501,-22.720104],[-46.781703,-22.716043],[-46.781113,-22.715083],[-46.780205,-22.712664],[-46.779592,-22.711712],[-46.778182,-22.710957],[-46.777482,-22.710922],[-46.777087,-22.711167],[-46.776728,-22.711117],[-46.768401,-22.704962],[-46.767676,-22.702487],[-46.767048,-22.701884],[-46.765849,-22.70154],[-46.76554,-22.701707],[-46.764383,-22.7014],[-46.764259,-22.701176],[-46.762893,-22.70102],[-46.762985,-22.700309],[-46.76216,-22.700203],[-46.762104,-22.70051]]}},{"type":"Feature","properties":{"id_backbone":"BB-23F04E0E2F93","trecho":"ARO.LR-ARO.TP","cluster":"CAMPINAS","cabo":"F-0189","capacidade":"12","extensao_km":6.484,"confianca":"SEM_REFERENCIA","fonte":"OSRM/OpenStreetMap","ponta_a":"ARO.LR","municipio_a":"AMPARO","ponta_b":"ARO.TP","municipio_b":"AMPARO"},"geometry":{"type":"LineString","coordinates":[[-46.762104,-22.70051],[-46.76221,-22.699776],[-46.761143,-22.699512],[-46.757885,-22.699691],[-46.756707,-22.700055],[-46.756319,-22.698537],[-46.755907,-22.693958],[-46.755831,-22.690834],[-46.75573,-22.690448],[-46.755058,-22.689488],[-46.754534,-22.689264],[-46.752645,-22.689081],[-46.750325,-22.687935],[-46.749343,-22.686778],[-46.748719,-22.686567],[-46.747891,-22.686821],[-46.746897,-22.687658],[-46.74594,-22.687888],[-46.744727,-22.68796],[-46.742822,-22.687437],[-46.741871,-22.687366],[-46.741445,-22.687172],[-46.740916,-22.686617],[-46.740912,-22.684187],[-46.740676,-22.683957],[-46.739621,-22.684449],[-46.738561,-22.685645],[-46.736939,-22.685995],[-46.735866,-22.687081],[-46.734349,-22.687288],[-46.732886,-22.688237],[-46.731255,-22.688788],[-46.728181,-22.692061],[-46.727434,-22.692259],[-46.724892,-22.691793],[-46.72388,-22.692018],[-46.72291,-22.692506],[-46.722182,-22.692989],[-46.722461,-22.693933],[-46.721852,-22.695451],[-46.721437,-22.695366],[-46.721518,-22.695646]]}},{"type":"Feature","properties":{"id_backbone":"BB-5A0DE981C17C","trecho":"ARO.TP-SPO.TR","cluster":"CAMPINAS","cabo":"F-0547","capacidade":"12","extensao_km":120.434,"confianca":"SEM_REFERENCIA","fonte":"OSRM/OpenStreetMap","ponta_a":"ARO.TP","municipio_a":"AMPARO","ponta_b":"SPO.TR","municipio_b":"SAO PAULO"},"geometry":{"type":"LineString","coordinates":[[-46.721518,-22.695646],[-46.721789,-22.696655],[-46.721513,-22.696884],[-46.719739,-22.696333],[-46.717319,-22.696057],[-46.716187,-22.697308],[-46.715437,-22.697586],[-46.713209,-22.697252],[-46.712068,-22.697238],[-46.708868,-22.698007],[-46.708151,-22.698555],[-46.706875,-22.700977],[-46.706415,-22.701445],[-46.703069,-22.702118],[-46.701639,-22.702096],[-46.691294,-22.698677],[-46.690626,-22.697935],[-46.69021,-22.696262],[-46.689856,-22.695522],[-46.68864,-22.694362],[-46.688357,-22.693894],[-46.68789,-22.691193],[-46.68745,-22.690362],[-46.686388,-22.689551],[-46.685188,-22.689411],[-46.682487,-22.690076],[-46.681211,-22.690158],[-46.680648,-22.690463],[-46.680098,-22.691503],[-46.678382,-22.693168],[-46.678243,-22.693499],[-46.678332,-22.6944],[-46.678077,-22.694981],[-46.676792,-22.695923],[-46.676366,-22.696458],[-46.676079,-22.697153],[-46.675907,-22.698951],[-46.675352,-22.699597],[-46.674403,-22.69983],[-46.671064,-22.700002],[-46.670311,-22.700252],[-46.669001,-22.701136],[-46.668445,-22.701173],[-46.666929,-22.70087],[-46.664553,-22.701665],[-46.661194,-22.703916],[-46.66023,-22.704929],[-46.659431,-22.704591],[-46.658122,-22.703385],[-46.656775,-22.702936],[-46.655925,-22.701712],[-46.652828,-22.699293],[-46.651609,-22.699323],[-46.650684,-22.699654],[-46.64936,-22.69939],[-46.648812,-22.699439],[-46.647096,-22.700249],[-46.646616,-22.700734],[-46.645657,-22.700772],[-46.64548,-22.701461],[-46.644077,-22.702852],[-46.643762,-22.703063],[-46.642889,-22.703222],[-46.642181,-22.703663],[-46.641585,-22.706375],[-46.641295,-22.706988],[-46.640592,-22.707433],[-46.638409,-22.707834],[-46.636689,-22.70956],[-46.636322,-22.710111],[-46.636266,-22.710916],[-46.636849,-22.712172],[-46.636802,-22.712857],[-46.635283,-22.715451],[-46.634266,-22.71621],[-46.633947,-22.716696],[-46.633925,-22.718135],[-46.634116,-22.719106],[-46.633535,-22.720442],[-46.633393,-22.721149],[-46.633553,-22.721475],[-46.634542,-22.722341],[-46.634486,-22.723211],[-46.631817,-22.724236],[-46.630602,-22.72418],[-46.627432,-22.724653],[-46.625733,-22.725444],[-46.625168,-22.72699],[-46.624162,-22.728975],[-46.624163,-22.729674],[-46.6245,-22.731153],[-46.624395,-22.731801],[-46.619853,-22.734092],[-46.619176,-22.735887],[-46.618716,-22.736372],[-46.618167,-22.736544],[-46.617764,-22.737078],[-46.616791,-22.739771],[-46.616652,-22.74058],[-46.615862,-22.741659],[-46.615763,-22.742551],[-46.615139,-22.744351],[-46.615256,-22.746996],[-46.613261,-22.749369],[-46.612529,-22.75085],[-46.61232,-22.751964],[-46.611914,-22.75269],[-46.61107,-22.753159],[-46.609504,-22.753121],[-46.60599,-22.753714],[-46.602664,-22.753863],[-46.601943,-22.754336],[-46.600611,-22.755685],[-46.599176,-22.758874],[-46.598125,-22.760274],[-46.597159,-22.762421],[-46.597404,-22.763051],[-46.59822,-22.763894],[-46.598258,-22.76472],[-46.599123,-22.766985],[-46.598982,-22.767782],[-46.59783,-22.768566],[-46.596399,-22.768392],[-46.594202,-22.769275],[-46.592961,-22.770004],[-46.591465,-22.771206],[-46.591061,-22.772748],[-46.591465,-22.773603],[-46.591931,-22.775453],[-46.591705,-22.777597],[-46.59155,-22.777879],[-46.590124,-22.778667],[-46.588256,-22.780048],[-46.58746,-22.780926],[-46.587797,-22.78128],[-46.587696,-22.781364],[-46.58657,-22.781597],[-46.585336,-22.782465],[-46.584511,-22.782813],[-46.575651,-22.782594],[-46.571929,-22.781473],[-46.571292,-22.781577],[-46.570755,-22.781866],[-46.568052,-22.78424],[-46.567236,-22.784699],[-46.564055,-22.785324],[-46.563192,-22.785352],[-46.562169,-22.78486],[-46.561596,-22.784004],[-46.561177,-22.78374],[-46.560633,-22.784068],[-46.560081,-22.784709],[-46.559379,-22.788027],[-46.558983,-22.788551],[-46.556373,-22.790942],[-46.55535,-22.79284],[-46.555087,-22.793897],[-46.554672,-22.803299],[-46.554532,-22.804023],[-46.553992,-22.8049],[-46.550928,-22.807612],[-46.550391,-22.808302],[-46.548203,-22.812058],[-46.54711,-22.814838],[-46.546956,-22.815639],[-46.547248,-22.816884],[-46.548052,-22.81883],[-46.549933,-22.821332],[-46.550628,-22.821888],[-46.553338,-22.822481],[-46.553918,-22.822752],[-46.555992,-22.825722],[-46.557775,-22.82721],[-46.558048,-22.827646],[-46.558406,-22.829065],[-46.558382,-22.829658],[-46.557152,-22.835623],[-46.556699,-22.836361],[-46.55625,-22.836665],[-46.55323,-22.837643],[-46.55209,-22.838167],[-46.551535,-22.838943],[-46.550092,-22.842792],[-46.549728,-22.843416],[-46.547274,-22.84538],[-46.546259,-22.846445],[-46.5456,-22.848072],[-46.542812,-22.857326],[-46.542319,-22.858047],[-46.539371,-22.859979],[-46.53846,-22.861036],[-46.53407,-22.871919],[-46.533742,-22.874181],[-46.53428,-22.876139],[-46.538765,-22.885339],[-46.539355,-22.886199],[-46.539685,-22.887279],[-46.54276,-22.894055],[-46.542854,-22.894788],[-46.542583,-22.900634],[-46.542731,-22.901743],[-46.543053,-22.902706],[-46.548385,-22.914614],[-46.54887,-22.915251],[-46.549107,-22.916169],[-46.556604,-22.932885],[-46.556819,-22.934791],[-46.556342,-22.944068],[-46.557133,-22.947315],[-46.55674,-22.948173],[-46.556283,-22.948609],[-46.554083,-22.949687],[-46.548445,-22.952916],[-46.547061,-22.953481],[-46.546702,-22.953315],[-46.545176,-22.953245],[-46.544539,-22.957541],[-46.543595,-22.959292],[-46.542737,-22.961597],[-46.543263,-22.964815],[-46.543098,-22.966836],[-46.541395,-22.968501],[-46.541189,-22.969133],[-46.539676,-22.969585],[-46.538766,-22.968829],[-46.538483,-22.968814],[-46.536412,-22.970027],[-46.535016,-22.971647],[-46.531029,-22.977614],[-46.526307,-22.98213],[-46.52342,-22.985291],[-46.522168,-22.986136],[-46.514881,-22.989037],[-46.513242,-22.990565],[-46.51281,-22.991627],[-46.513013,-22.993431],[-46.513826,-22.994846],[-46.514968,-22.99599],[-46.517285,-22.997773],[-46.518404,-22.999202],[-46.52412,-23.013875],[-46.524694,-23.014993],[-46.525292,-23.015724],[-46.542199,-23.032924],[-46.54471,-23.034203],[-46.553743,-23.036739],[-46.554919,-23.037359],[-46.556028,-23.038224],[-46.570451,-23.055662],[-46.571136,-23.056858],[-46.571567,-23.058309],[-46.571517,-23.060455],[-46.570292,-23.065486],[-46.5696,-23.067314],[-46.566134,-23.073925],[-46.56594,-23.074841],[-46.566103,-23.075535],[-46.566604,-23.076229],[-46.568851,-23.077583],[-46.569394,-23.078073],[-46.569728,-23.078682],[-46.569827,-23.082239],[-46.570048,-23.083719],[-46.573011,-23.092402],[-46.573086,-23.093876],[-46.572678,-23.095582],[-46.569193,-23.100849],[-46.568608,-23.102733],[-46.568627,-23.104371],[-46.57624,-23.125866],[-46.576771,-23.128249],[-46.57668,-23.130378],[-46.573534,-23.159798],[-46.573604,-23.162761],[-46.574169,-23.164769],[-46.591832,-23.208198],[-46.598739,-23.228727],[-46.599495,-23.229974],[-46.601787,-23.232565],[-46.602051,-23.233223],[-46.60212,-23.233966],[-46.601742,-23.235152],[-46.599672,-23.237445],[-46.598988,-23.238514],[-46.598587,-23.239334],[-46.597891,-23.241998],[-46.597433,-23.243021],[-46.593712,-23.246793],[-46.59303,-23.247785],[-46.592858,-23.248831],[-46.593046,-23.249716],[-46.594386,-23.251335],[-46.594779,-23.252044],[-46.594844,-23.253126],[-46.594479,-23.254166],[-46.584731,-23.264293],[-46.584244,-23.265055],[-46.583947,-23.265946],[-46.583861,-23.267099],[-46.583979,-23.26805],[-46.586629,-23.280497],[-46.58738,-23.282118],[-46.589909,-23.284913],[-46.590226,-23.285768],[-46.590034,-23.28702],[-46.589375,-23.287795],[-46.58738,-23.289328],[-46.586809,-23.290654],[-46.586081,-23.291173],[-46.585438,-23.291254],[-46.584777,-23.29098],[-46.5844,-23.290643],[-46.583819,-23.289692],[-46.583179,-23.289108],[-46.582578,-23.288943],[-46.581858,-23.288984],[-46.580289,-23.289875],[-46.579763,-23.29127],[-46.578986,-23.291944],[-46.578237,-23.292135],[-46.575453,-23.292223],[-46.574274,-23.292564],[-46.573551,-23.292954],[-46.572509,-23.293939],[-46.571911,-23.295188],[-46.571691,-23.296836],[-46.571984,-23.300764],[-46.572577,-23.302709],[-46.573553,-23.304208],[-46.574996,-23.305786],[-46.579057,-23.308481],[-46.581314,-23.310415],[-46.582184,-23.312126],[-46.582433,-23.314962],[-46.58254,-23.319074],[-46.582308,-23.320746],[-46.58146,-23.322762],[-46.578756,-23.326506],[-46.578156,-23.327683],[-46.57762,-23.330733],[-46.576411,-23.333439],[-46.573553,-23.342745],[-46.572833,-23.343546],[-46.570633,-23.344494],[-46.564581,-23.346835],[-46.561665,-23.347564],[-46.561209,-23.34816],[-46.560835,-23.349541],[-46.560014,-23.350189],[-46.559149,-23.35023],[-46.555082,-23.34894],[-46.554054,-23.34901],[-46.553442,-23.349505],[-46.551927,-23.351496],[-46.551181,-23.353843],[-46.549454,-23.355023],[-46.549062,-23.355674],[-46.549043,-23.356103],[-46.549229,-23.356981],[-46.549958,-23.358605],[-46.552431,-23.363453],[-46.552612,-23.364598],[-46.552401,-23.366963],[-46.552542,-23.367551],[-46.55301,-23.368075],[-46.555386,-23.369341],[-46.555775,-23.369953],[-46.556059,-23.371194],[-46.556438,-23.371667],[-46.559538,-23.373178],[-46.561044,-23.375474],[-46.561615,-23.375751],[-46.5633,-23.375922],[-46.564098,-23.376533],[-46.564811,-23.37783],[-46.564873,-23.378678],[-46.564442,-23.379543],[-46.563448,-23.380443],[-46.563196,-23.381213],[-46.563485,-23.381955],[-46.564663,-23.382777],[-46.564975,-23.383233],[-46.565037,-23.383797],[-46.564792,-23.384867],[-46.56491,-23.385389],[-46.565292,-23.385819],[-46.565737,-23.38604],[-46.568487,-23.386122],[-46.56932,-23.38663],[-46.569544,-23.387222],[-46.569432,-23.389289],[-46.571055,-23.391041],[-46.572418,-23.394591],[-46.573375,-23.395964],[-46.574172,-23.396717],[-46.57589,-23.39789],[-46.57656,-23.398866],[-46.576678,-23.399608],[-46.576547,-23.400194],[-46.575653,-23.401691],[-46.575526,-23.402191],[-46.575586,-23.403019],[-46.575796,-23.403488],[-46.576319,-23.404101],[-46.576931,-23.40447],[-46.577654,-23.404645],[-46.578943,-23.404657],[-46.57973,-23.405105],[-46.580035,-23.405718],[-46.581437,-23.410461],[-46.581655,-23.412581],[-46.581331,-23.414393],[-46.579061,-23.419415],[-46.578568,-23.420224],[-46.575932,-23.423469],[-46.573899,-23.425586],[-46.571402,-23.428665],[-46.569763,-23.431359],[-46.568572,-23.434746],[-46.56804,-23.438633],[-46.5682,-23.442562],[-46.571204,-23.455331],[-46.57216,-23.456015],[-46.572847,-23.456809],[-46.572201,-23.458998],[-46.574301,-23.459841],[-46.574125,-23.460198],[-46.574191,-23.460382],[-46.583151,-23.463956],[-46.583817,-23.464976],[-46.585576,-23.466839],[-46.587947,-23.46807],[-46.589764,-23.467947],[-46.591508,-23.468608],[-46.592287,-23.468568],[-46.593865,-23.467934],[-46.594946,-23.467054],[-46.597974,-23.465405],[-46.599381,-23.465111],[-46.599916,-23.464678],[-46.601384,-23.465591],[-46.602102,-23.465253],[-46.602683,-23.466283]]}},{"type":"Feature","properties":{"id_backbone":"BB-E2772F60A64A","trecho":"ARQ.AD-ARQ.FI","cluster":"RIBEIRAO PRETO","cabo":"F-0409","capacidade":"144","extensao_km":2.987,"confianca":"ALTA","fonte":"OSRM/OpenStreetMap","ponta_a":"ARQ.AD","municipio_a":"ARARAQUARA","ponta_b":"ARQ.FI","municipio_b":"ARARAQUARA"},"geometry":{"type":"LineString","coordinates":[[-48.175642,-21.792387],[-48.175333,-21.793647],[-48.171705,-21.792758],[-48.172192,-21.788545],[-48.172206,-21.784655],[-48.170795,-21.781091],[-48.169184,-21.778545],[-48.172372,-21.775861],[-48.174602,-21.777948],[-48.174391,-21.777909]]}},{"type":"Feature","properties":{"id_backbone":"BB-54247BB56A6A","trecho":"ARQ.FI-RPO.LE","cluster":"RIBEIRAO PRETO","cabo":"F-0290","capacidade":"72","extensao_km":89.39,"confianca":"ALTA","fonte":"OSRM/OpenStreetMap","ponta_a":"ARQ.FI","municipio_a":"ARARAQUARA","ponta_b":"RPO.LE","municipio_b":"RIBEIRAO PRETO"},"geometry":{"type":"LineString","coordinates":[[-48.174391,-21.777909],[-48.172355,-21.776],[-48.169479,-21.778506],[-48.16974,-21.779218],[-48.171454,-21.781757],[-48.172311,-21.784638],[-48.172421,-21.786232],[-48.172293,-21.789935],[-48.174264,-21.790494],[-48.173551,-21.793244],[-48.171754,-21.792855],[-48.17169,-21.79341],[-48.16383,-21.791474],[-48.154022,-21.791053],[-48.153273,-21.791262],[-48.15256,-21.790999],[-48.140013,-21.790225],[-48.136877,-21.790725],[-48.135913,-21.791138],[-48.134436,-21.792264],[-48.132779,-21.794482],[-48.132527,-21.794625],[-48.129845,-21.79286],[-48.1287,-21.791366],[-48.080863,-21.763372],[-48.076136,-21.76029],[-48.072676,-21.757737],[-48.067515,-21.753248],[-48.063923,-21.749722],[-48.060136,-21.745278],[-47.976392,-21.641999],[-47.972347,-21.636865],[-47.969481,-21.632766],[-47.966398,-21.627473],[-47.962112,-21.618346],[-47.958953,-21.611003],[-47.956817,-21.604411],[-47.954105,-21.594621],[-47.952357,-21.587611],[-47.950838,-21.580351],[-47.948634,-21.571784],[-47.946423,-21.565825],[-47.944355,-21.560871],[-47.822735,-21.312186],[-47.807276,-21.282414],[-47.80606,-21.28058],[-47.80429,-21.278356],[-47.800797,-21.274738],[-47.799121,-21.272704],[-47.797815,-21.270801],[-47.796416,-21.2683],[-47.772317,-21.213672],[-47.77062,-21.211514],[-47.769376,-21.21053],[-47.767884,-21.209704],[-47.760816,-21.207146],[-47.760004,-21.207278],[-47.758856,-21.208079],[-47.757866,-21.208107],[-47.756949,-21.207608],[-47.756314,-21.206712],[-47.75622,-21.206077],[-47.756371,-21.205587],[-47.757293,-21.204793],[-47.758266,-21.204462],[-47.760245,-21.20454],[-47.762296,-21.203351],[-47.783638,-21.188075],[-47.784149,-21.187447],[-47.78441,-21.186528],[-47.785654,-21.18579],[-47.786011,-21.184885],[-47.785932,-21.183064],[-47.786303,-21.181854],[-47.785716,-21.181522]]}},{"type":"Feature","properties":{"id_backbone":"BB-C50F17697AB0","trecho":"ARQ.FI-TGA.DC","cluster":"RIBEIRAO PRETO","cabo":"F-0210","capacidade":"72","extensao_km":63.768,"confianca":"ALTA","fonte":"OSRM/OpenStreetMap","ponta_a":"ARQ.FI","municipio_a":"ARARAQUARA","ponta_b":"TGA.DC","municipio_b":"TAQUARITINGA"},"geometry":{"type":"LineString","coordinates":[[-48.174391,-21.777909],[-48.173146,-21.776755],[-48.17229,-21.777501],[-48.174277,-21.779354],[-48.178463,-21.779114],[-48.178561,-21.778712],[-48.178759,-21.778578],[-48.179483,-21.779161],[-48.192221,-21.782168],[-48.195228,-21.783099],[-48.196155,-21.783175],[-48.202721,-21.784974],[-48.203207,-21.78524],[-48.204649,-21.785521],[-48.205122,-21.785778],[-48.214123,-21.788139],[-48.215664,-21.788239],[-48.217693,-21.787969],[-48.219586,-21.787267],[-48.221108,-21.786274],[-48.32738,-21.699087],[-48.328735,-21.697895],[-48.331694,-21.694458],[-48.336712,-21.689848],[-48.337828,-21.689056],[-48.340423,-21.687787],[-48.341861,-21.686845],[-48.379391,-21.655919],[-48.382922,-21.652533],[-48.463961,-21.568382],[-48.468958,-21.564782],[-48.538535,-21.51694],[-48.539187,-21.516334],[-48.539484,-21.515708],[-48.539667,-21.514059],[-48.53921,-21.513092],[-48.537612,-21.511006],[-48.537067,-21.509792],[-48.532432,-21.487215],[-48.532007,-21.486171],[-48.531958,-21.484863],[-48.526276,-21.456526],[-48.525758,-21.455193],[-48.525424,-21.452349],[-48.524584,-21.448359],[-48.516885,-21.434406],[-48.516309,-21.433832],[-48.514815,-21.433053],[-48.514475,-21.432687],[-48.514102,-21.429835],[-48.513915,-21.429382],[-48.511305,-21.424569],[-48.510671,-21.423818],[-48.51068,-21.423486],[-48.508014,-21.418734],[-48.507641,-21.418332],[-48.5074,-21.417655],[-48.505021,-21.4165],[-48.502076,-21.41361],[-48.500683,-21.411907],[-48.500476,-21.408249],[-48.502416,-21.4081],[-48.502259,-21.406089]]}},{"type":"Feature","properties":{"id_backbone":"BB-856DB9682758","trecho":"ARQ.FI-RPO.NO","cluster":"RIBEIRAO PRETO","cabo":"F-0001","capacidade":"6","extensao_km":87.752,"confianca":"SEM_REFERENCIA","fonte":"OSRM/OpenStreetMap","ponta_a":"ARQ.FI","municipio_a":"ARARAQUARA","ponta_b":"RPO.NO","municipio_b":"RIBEIRAO PRETO"},"geometry":{"type":"LineString","coordinates":[[-48.174391,-21.777909],[-48.172355,-21.776],[-48.169479,-21.778506],[-48.16974,-21.779218],[-48.171454,-21.781757],[-48.172311,-21.784638],[-48.172421,-21.786232],[-48.172293,-21.789935],[-48.174264,-21.790494],[-48.173551,-21.793244],[-48.171754,-21.792855],[-48.17169,-21.79341],[-48.16383,-21.791474],[-48.154022,-21.791053],[-48.153273,-21.791262],[-48.15256,-21.790999],[-48.140013,-21.790225],[-48.136877,-21.790725],[-48.135913,-21.791138],[-48.134436,-21.792264],[-48.132779,-21.794482],[-48.132527,-21.794625],[-48.129845,-21.79286],[-48.1287,-21.791366],[-48.080863,-21.763372],[-48.076136,-21.76029],[-48.072676,-21.757737],[-48.067515,-21.753248],[-48.063923,-21.749722],[-48.060136,-21.745278],[-47.976392,-21.641999],[-47.972347,-21.636865],[-47.968535,-21.63129],[-47.966645,-21.627962],[-47.964126,-21.622668],[-47.958953,-21.611003],[-47.956817,-21.604411],[-47.954105,-21.594621],[-47.952357,-21.587611],[-47.950838,-21.580351],[-47.948634,-21.571784],[-47.946423,-21.565825],[-47.944355,-21.560871],[-47.822735,-21.312186],[-47.813406,-21.294134],[-47.812144,-21.292297],[-47.811448,-21.292132],[-47.811274,-21.291867],[-47.811405,-21.291567],[-47.811944,-21.291661],[-47.812468,-21.291305],[-47.811723,-21.289988],[-47.81227,-21.289309],[-47.81263,-21.285733],[-47.81298,-21.284471],[-47.816265,-21.278528],[-47.816554,-21.277662],[-47.817955,-21.275564],[-47.818354,-21.274332],[-47.818303,-21.272679],[-47.817175,-21.268811],[-47.817479,-21.267839],[-47.817296,-21.267398],[-47.817359,-21.267102],[-47.819305,-21.263994],[-47.81919,-21.263119],[-47.81854,-21.261223],[-47.819466,-21.248449],[-47.818849,-21.236041],[-47.817705,-21.22906],[-47.816879,-21.22283],[-47.815019,-21.218003],[-47.814827,-21.214666],[-47.81463,-21.213819],[-47.812972,-21.210249],[-47.812313,-21.209415],[-47.811751,-21.2077],[-47.808468,-21.200597],[-47.80808,-21.199341],[-47.806586,-21.190249],[-47.805621,-21.189125],[-47.816636,-21.1811],[-47.816712,-21.180844],[-47.816256,-21.18027],[-47.815393,-21.179716],[-47.811879,-21.175735],[-47.810702,-21.176617]]}},{"type":"Feature","properties":{"id_backbone":"BB-94497288BC04","trecho":"ARQ.VX-RCO.AD","cluster":"RIBEIRAO PRETO","cabo":"F-0052","capacidade":"36","extensao_km":108.13,"confianca":"ALTA","fonte":"OSRM/OpenStreetMap","ponta_a":"ARQ.VX","municipio_a":"ARARAQUARA","ponta_b":"RCO.AD","municipio_b":"RIO CLARO"},"geometry":{"type":"LineString","coordinates":[[-48.150995,-21.782647],[-48.149397,-21.783185],[-48.1419,-21.786464],[-48.143443,-21.789232],[-48.144494,-21.789909],[-48.144704,-21.790306],[-48.144591,-21.790491],[-48.140013,-21.790225],[-48.136877,-21.790725],[-48.135201,-21.791609],[-48.133389,-21.793496],[-48.131564,-21.792604],[-48.130728,-21.791848],[-48.130355,-21.791853],[-48.130273,-21.792115],[-48.132816,-21.793749],[-48.143781,-21.800096],[-48.146314,-21.801936],[-48.147663,-21.802985],[-48.150228,-21.805405],[-48.155434,-21.811295],[-48.156674,-21.812303],[-48.157561,-21.812601],[-48.174385,-21.816039],[-48.176022,-21.816529],[-48.177333,-21.817274],[-48.179251,-21.816895],[-48.179813,-21.817253],[-48.180192,-21.817972],[-48.180056,-21.81841],[-48.179269,-21.819092],[-48.178644,-21.819418],[-48.177634,-21.819649],[-48.174114,-21.821768],[-48.145313,-21.842441],[-48.140445,-21.845705],[-48.100061,-21.874787],[-48.097935,-21.875869],[-48.093674,-21.876714],[-48.091908,-21.877514],[-48.090906,-21.878355],[-48.088516,-21.881294],[-48.087068,-21.8826],[-47.977217,-21.961876],[-47.974467,-21.96325],[-47.971123,-21.964364],[-47.882295,-21.992285],[-47.880581,-21.993127],[-47.878985,-21.994283],[-47.860044,-22.009491],[-47.858814,-22.010976],[-47.857893,-22.012824],[-47.857473,-22.01454],[-47.8574,-22.016161],[-47.862126,-22.042212],[-47.862159,-22.043742],[-47.861822,-22.04501],[-47.839699,-22.079922],[-47.83553,-22.08606],[-47.798889,-22.1436],[-47.772586,-22.201993],[-47.770592,-22.206523],[-47.769529,-22.20937],[-47.765941,-22.217281],[-47.765034,-22.218703],[-47.7635,-22.220253],[-47.761598,-22.221428],[-47.709219,-22.244958],[-47.707895,-22.245726],[-47.706573,-22.246762],[-47.705202,-22.248257],[-47.70405,-22.250081],[-47.703409,-22.251818],[-47.703101,-22.253296],[-47.703087,-22.256331],[-47.704043,-22.267976],[-47.704034,-22.269065],[-47.703781,-22.269849],[-47.700312,-22.273777],[-47.698059,-22.274717],[-47.697299,-22.275304],[-47.696461,-22.276754],[-47.695994,-22.277219],[-47.694268,-22.277751],[-47.693018,-22.278441],[-47.69202,-22.27873],[-47.690798,-22.278697],[-47.689039,-22.278062],[-47.688116,-22.277943],[-47.68539,-22.278547],[-47.684101,-22.279165],[-47.683265,-22.280004],[-47.677285,-22.288321],[-47.676637,-22.289678],[-47.676149,-22.292851],[-47.675798,-22.29391],[-47.670122,-22.302552],[-47.669227,-22.304976],[-47.667743,-22.310006],[-47.667237,-22.311024],[-47.666446,-22.311961],[-47.665558,-22.312619],[-47.663113,-22.313586],[-47.661917,-22.314509],[-47.65683,-22.321854],[-47.656453,-22.323367],[-47.656858,-22.32558],[-47.656661,-22.327112],[-47.652066,-22.335355],[-47.651374,-22.337258],[-47.65117,-22.339331],[-47.651711,-22.344531],[-47.651342,-22.346778],[-47.650481,-22.348483],[-47.645893,-22.354447],[-47.644133,-22.355942],[-47.63572,-22.360723],[-47.633883,-22.361915],[-47.63226,-22.363243],[-47.620358,-22.374151],[-47.598729,-22.394239],[-47.591175,-22.403023],[-47.590836,-22.403583],[-47.590623,-22.404821],[-47.590154,-22.405866],[-47.589877,-22.405923],[-47.589294,-22.405634],[-47.588694,-22.4056],[-47.586415,-22.405756],[-47.584899,-22.406043],[-47.584583,-22.405934],[-47.581968,-22.406118],[-47.581375,-22.406365],[-47.580669,-22.406221],[-47.572969,-22.406822],[-47.572546,-22.407228],[-47.571572,-22.409593],[-47.562086,-22.406756],[-47.561455,-22.408459],[-47.56092,-22.408285]]}},{"type":"Feature","properties":{"id_backbone":"BB-43836C3C6927","trecho":"ARTE.AD-PAA.VR","cluster":"CAMPINAS","cabo":"F-0072","capacidade":"12","extensao_km":15.326,"confianca":"ALTA","fonte":"OSRM/OpenStreetMap","ponta_a":"ARTE.AD","municipio_a":"PIRACICABA","ponta_b":"PAA.VR","municipio_b":"PIRACICABA"},"geometry":{"type":"LineString","coordinates":[[-47.771714,-22.682285],[-47.773269,-22.681812],[-47.772023,-22.679159],[-47.769389,-22.675376],[-47.769077,-22.675335],[-47.767522,-22.676236],[-47.766161,-22.676673],[-47.764882,-22.676832],[-47.763142,-22.676746],[-47.761004,-22.676082],[-47.756668,-22.673761],[-47.755221,-22.673366],[-47.753741,-22.673267],[-47.70109,-22.680408],[-47.67352,-22.685896],[-47.672123,-22.686302],[-47.670186,-22.687204],[-47.668103,-22.68865],[-47.6673,-22.689441],[-47.65944,-22.699343],[-47.65818,-22.70121],[-47.657716,-22.702834],[-47.654098,-22.706667],[-47.653913,-22.70796],[-47.655722,-22.711418],[-47.659842,-22.709598],[-47.660139,-22.710183]]}},{"type":"Feature","properties":{"id_backbone":"BB-1442A626E78F","trecho":"ASI.RP-ORN.MP","cluster":"ARACATUBA","cabo":"F-0315-00","capacidade":"72","extensao_km":70.645,"confianca":"BAIXA","fonte":"OSRM/OpenStreetMap","ponta_a":"ASI.RP","municipio_a":"ASSIS","ponta_b":"ORN.MP","municipio_b":"OURINHOS"},"geometry":{"type":"LineString","coordinates":[[-50.415723,-22.656001],[-50.415736,-22.653039],[-50.413052,-22.652581],[-50.412929,-22.651627],[-50.412203,-22.650823],[-50.411255,-22.650101],[-50.408749,-22.64672],[-50.408387,-22.646518],[-50.407045,-22.644597],[-50.405876,-22.643163],[-50.405522,-22.642956],[-50.405414,-22.642568],[-50.404022,-22.640771],[-50.403656,-22.639892],[-50.403071,-22.639517],[-50.402471,-22.639459],[-50.290936,-22.696073],[-50.149581,-22.767461],[-50.145183,-22.769861],[-50.142034,-22.771278],[-50.03924,-22.823167],[-50.034021,-22.826226],[-50.029127,-22.829579],[-50.008827,-22.846182],[-50.007195,-22.847261],[-50.005358,-22.848067],[-50.003508,-22.848571],[-49.990841,-22.851182],[-49.988752,-22.851885],[-49.9876,-22.852499],[-49.986278,-22.853492],[-49.985183,-22.854668],[-49.972647,-22.873232],[-49.971069,-22.875161],[-49.969774,-22.876354],[-49.894327,-22.927524],[-49.89255,-22.929009],[-49.891541,-22.930086],[-49.88987,-22.930925],[-49.889434,-22.931469],[-49.889033,-22.932438],[-49.8884,-22.93755],[-49.887541,-22.939359],[-49.869015,-22.96078],[-49.869137,-22.962025],[-49.868039,-22.974902],[-49.868154,-22.977492]]}},{"type":"Feature","properties":{"id_backbone":"BB-1986BC66907C","trecho":"ASI.RP-PPE.RB","cluster":"ARACATUBA","cabo":"F-0106","capacidade":"6","extensao_km":124.635,"confianca":"SEM_REFERENCIA","fonte":"OSRM/OpenStreetMap","ponta_a":"ASI.RP","municipio_a":"ASSIS","ponta_b":"PPE.RB","municipio_b":"PRESIDENTE PRUDENTE"},"geometry":{"type":"LineString","coordinates":[[-50.415723,-22.656001],[-50.415727,-22.654075],[-50.417078,-22.654078],[-50.418407,-22.64556],[-50.418415,-22.644193],[-50.41857,-22.643906],[-50.419351,-22.638847],[-50.419168,-22.638252],[-50.419507,-22.637735],[-50.419347,-22.636941],[-50.418951,-22.636699],[-50.418581,-22.63702],[-50.418766,-22.637447],[-50.420325,-22.637478],[-50.525504,-22.630925],[-50.603234,-22.625789],[-50.616495,-22.625735],[-50.665524,-22.626648],[-50.667756,-22.626367],[-50.669573,-22.625931],[-50.688937,-22.620218],[-50.690496,-22.619671],[-50.692283,-22.618811],[-50.949691,-22.469405],[-51.002484,-22.438662],[-51.008674,-22.434874],[-51.012852,-22.432653],[-51.057013,-22.407037],[-51.219048,-22.312582],[-51.222072,-22.311168],[-51.224837,-22.310449],[-51.247436,-22.307289],[-51.249306,-22.306659],[-51.251101,-22.30556],[-51.333291,-22.242047],[-51.335502,-22.24028],[-51.336825,-22.238748],[-51.337509,-22.237593],[-51.353894,-22.201435],[-51.354134,-22.200411],[-51.354325,-22.196274],[-51.355361,-22.192104],[-51.355685,-22.191385],[-51.373072,-22.175072],[-51.374669,-22.174044],[-51.379649,-22.171926],[-51.382296,-22.169358],[-51.382986,-22.168181],[-51.383189,-22.167212],[-51.383122,-22.165902],[-51.381543,-22.16201],[-51.381408,-22.161206],[-51.381606,-22.159582],[-51.381968,-22.158839],[-51.388788,-22.149941],[-51.389663,-22.147207],[-51.389626,-22.146504],[-51.388784,-22.144588],[-51.38815,-22.140713],[-51.387764,-22.139331],[-51.386998,-22.137764],[-51.386835,-22.136674],[-51.38828,-22.132874],[-51.385158,-22.127052],[-51.38785,-22.125806],[-51.387399,-22.124958],[-51.386782,-22.12525]]}},{"type":"Feature","properties":{"id_backbone":"BB-3A1B5964764A","trecho":"ASO.AA-PAA.PI","cluster":"CAMPINAS","cabo":"F-0230","capacidade":"24","extensao_km":30.479,"confianca":"ALTA","fonte":"OSRM/OpenStreetMap","ponta_a":"ASO.AA","municipio_a":"AGUAS DE SAO PEDRO","ponta_b":"PAA.PI","municipio_b":"PIRACICABA"},"geometry":{"type":"LineString","coordinates":[[-47.874193,-22.599098],[-47.874482,-22.598787],[-47.874762,-22.599364],[-47.874353,-22.5998],[-47.874055,-22.600629],[-47.87364,-22.601032],[-47.872386,-22.601211],[-47.871111,-22.601699],[-47.870031,-22.60184],[-47.868961,-22.602216],[-47.866634,-22.602594],[-47.866112,-22.603022],[-47.865542,-22.604472],[-47.865254,-22.604806],[-47.860967,-22.60666],[-47.860186,-22.607166],[-47.853782,-22.613183],[-47.850414,-22.618499],[-47.850081,-22.619757],[-47.849407,-22.620236],[-47.848721,-22.621197],[-47.847796,-22.622011],[-47.846895,-22.62251],[-47.833037,-22.627897],[-47.826387,-22.632046],[-47.812631,-22.645825],[-47.811355,-22.646936],[-47.809838,-22.647587],[-47.798026,-22.650772],[-47.79665,-22.651426],[-47.788897,-22.656091],[-47.769581,-22.674926],[-47.767522,-22.676236],[-47.765286,-22.676816],[-47.76272,-22.676667],[-47.761004,-22.676082],[-47.756668,-22.673761],[-47.755221,-22.673366],[-47.753273,-22.673297],[-47.700094,-22.680572],[-47.67352,-22.685896],[-47.672123,-22.686302],[-47.670186,-22.687204],[-47.668103,-22.68865],[-47.666714,-22.690132],[-47.65944,-22.699343],[-47.65818,-22.70121],[-47.657716,-22.702834],[-47.65563,-22.704989],[-47.654945,-22.705066],[-47.65435,-22.704111],[-47.653606,-22.703691],[-47.648669,-22.702918],[-47.648146,-22.703115],[-47.647062,-22.706477],[-47.646313,-22.70714],[-47.645623,-22.70855],[-47.645843,-22.709507],[-47.646571,-22.71075],[-47.647613,-22.713382],[-47.647633,-22.713725],[-47.646333,-22.714797],[-47.646752,-22.715555],[-47.646365,-22.716396],[-47.646618,-22.718073],[-47.646857,-22.718633],[-47.647507,-22.718981],[-47.647596,-22.7192],[-47.647389,-22.719461],[-47.646491,-22.719884],[-47.647077,-22.72101],[-47.647489,-22.720817]]}},{"type":"Feature","properties":{"id_backbone":"BB-E5FB1E6D281B","trecho":"ASPA.AI-UNA.BR","cluster":"SAO JOSE DO RIO PRETO","cabo":"F-0014","capacidade":"6","extensao_km":14.349,"confianca":"ALTA","fonte":"OSRM/OpenStreetMap","ponta_a":"ASPA.AI","municipio_a":"ASPASIA","ponta_b":"UNA.BR","municipio_b":"URANIA"},"geometry":{"type":"LineString","coordinates":[[-50.727551,-20.16054],[-50.727964,-20.16015],[-50.726615,-20.158897],[-50.721773,-20.163585],[-50.72074,-20.164879],[-50.699236,-20.200586],[-50.682568,-20.227019],[-50.682343,-20.227759],[-50.682482,-20.228281],[-50.682274,-20.228736],[-50.682321,-20.22919],[-50.682646,-20.229685],[-50.682585,-20.22995],[-50.682195,-20.229967],[-50.681929,-20.229413],[-50.681276,-20.229344],[-50.678243,-20.229759],[-50.648439,-20.236823],[-50.645338,-20.237846],[-50.642428,-20.238547],[-50.643447,-20.24295]]}},{"type":"Feature","properties":{"id_backbone":"BB-E9BF1604DF7E","trecho":"AUF.JB-GZA.GZ","cluster":"SAO JOSE DO RIO PRETO","cabo":"F-0004","capacidade":"6","extensao_km":15.866,"confianca":"ALTA","fonte":"OSRM/OpenStreetMap","ponta_a":"AUF.JB","municipio_a":"AURIFLAMA","ponta_b":"GZA.GZ","municipio_b":"GUZOLANDIA"},"geometry":{"type":"LineString","coordinates":[[-50.55287,-20.685732],[-50.552745,-20.686642],[-50.550635,-20.686382],[-50.550417,-20.686507],[-50.548766,-20.685176],[-50.548377,-20.683751],[-50.548328,-20.682757],[-50.548706,-20.680969],[-50.553892,-20.665163],[-50.554113,-20.663252],[-50.553871,-20.661553],[-50.553674,-20.661281],[-50.55378,-20.661078],[-50.554276,-20.661431],[-50.55846,-20.660961],[-50.59409,-20.654091],[-50.59617,-20.653509],[-50.597554,-20.653383],[-50.601567,-20.652459],[-50.603471,-20.652276],[-50.647962,-20.643625],[-50.649241,-20.643122],[-50.650732,-20.642832],[-50.652121,-20.642803],[-50.656813,-20.641907],[-50.65834,-20.641334],[-50.659875,-20.641043],[-50.660082,-20.641105],[-50.660132,-20.641321],[-50.659517,-20.64161],[-50.659445,-20.64195],[-50.661019,-20.645289],[-50.66144,-20.647079],[-50.662489,-20.64745],[-50.662573,-20.647847],[-50.663716,-20.648575],[-50.663872,-20.6494],[-50.663996,-20.64938]]}},{"type":"Feature","properties":{"id_backbone":"BB-BE6F733FCC28","trecho":"AVI.MQ-PSV.EP","cluster":"BAURU","cabo":"F-0178","capacidade":"24","extensao_km":26.533,"confianca":"SEM_REFERENCIA","fonte":"OSRM/OpenStreetMap","ponta_a":"AVI.MQ","municipio_a":"AVAI","ponta_b":"PSV.EP","municipio_b":"PRESIDENTE ALVES"},"geometry":{"type":"LineString","coordinates":[[-49.332317,-22.156075],[-49.332928,-22.154299],[-49.32779,-22.152792],[-49.326271,-22.15229],[-49.325588,-22.151902],[-49.317274,-22.143391],[-49.30645,-22.120965],[-49.305941,-22.11999],[-49.305425,-22.11959],[-49.305416,-22.119352],[-49.306414,-22.11921],[-49.308084,-22.118355],[-49.323792,-22.107122],[-49.325352,-22.106332],[-49.331962,-22.103836],[-49.333417,-22.102937],[-49.334388,-22.102096],[-49.365879,-22.073088],[-49.393165,-22.041595],[-49.393454,-22.041062],[-49.393286,-22.040694],[-49.392282,-22.040726],[-49.392106,-22.040928],[-49.392185,-22.041305],[-49.396584,-22.044866],[-49.436908,-22.08587],[-49.437805,-22.087386],[-49.438119,-22.089347],[-49.43657,-22.096455],[-49.436587,-22.097001],[-49.437077,-22.097892],[-49.438585,-22.099314]]}},{"type":"Feature","properties":{"id_backbone":"BB-285DD2FE0AB1","trecho":"AVR.SC-HLBR.HL","cluster":"BAURU","cabo":"F-0125-00","capacidade":"6","extensao_km":59.151,"confianca":"ALTA","fonte":"OSRM/OpenStreetMap","ponta_a":"AVR.SC","municipio_a":"AVARE","ponta_b":"HLBR.HL","municipio_b":"PARANAPANEMA"},"geometry":{"type":"LineString","coordinates":[[-48.920016,-23.10005],[-48.920126,-23.100578],[-48.919161,-23.100771],[-48.918973,-23.099865],[-48.939615,-23.09597],[-48.940256,-23.095733],[-48.940487,-23.095871],[-48.940217,-23.096787],[-48.939374,-23.097156],[-48.939257,-23.097441],[-48.940833,-23.109583],[-48.941031,-23.113156],[-48.940505,-23.115215],[-48.938489,-23.119694],[-48.938169,-23.121667],[-48.938292,-23.122902],[-48.938955,-23.125383],[-48.939189,-23.127381],[-48.940574,-23.133599],[-48.948475,-23.159455],[-48.94934,-23.161508],[-48.956427,-23.17472],[-48.956944,-23.175931],[-48.981387,-23.246557],[-48.982254,-23.248509],[-48.983184,-23.249727],[-48.983999,-23.250483],[-49.024935,-23.279147],[-49.02876,-23.283151],[-49.066669,-23.324603],[-49.067557,-23.32577],[-49.069143,-23.328773],[-49.069804,-23.328888],[-49.070153,-23.328422],[-49.069831,-23.327935],[-49.069304,-23.327884],[-49.056086,-23.33303],[-49.053562,-23.334325],[-49.0236,-23.356128],[-49.022677,-23.356989],[-49.01989,-23.359065],[-49.018832,-23.359597],[-49.007518,-23.367823],[-49.006308,-23.368542],[-49.004326,-23.369547],[-49.001802,-23.370559],[-48.971578,-23.382268],[-48.969518,-23.38296],[-48.968088,-23.383239],[-48.962596,-23.383142],[-48.961085,-23.382908],[-48.944639,-23.381879],[-48.943431,-23.381603],[-48.934224,-23.380971],[-48.932574,-23.381097],[-48.930207,-23.381547],[-48.926814,-23.382849],[-48.92522,-23.383807],[-48.923832,-23.384935],[-48.922703,-23.386015],[-48.920132,-23.389061],[-48.918965,-23.390044],[-48.917812,-23.390727],[-48.914676,-23.39202],[-48.911433,-23.393034],[-48.910385,-23.393613],[-48.908087,-23.3953],[-48.883898,-23.416186],[-48.869113,-23.42797],[-48.868447,-23.428939],[-48.868578,-23.429699],[-48.870814,-23.431865],[-48.874302,-23.429151],[-48.875706,-23.429369],[-48.876181,-23.42971],[-48.876845,-23.429071],[-48.877291,-23.429027],[-48.877526,-23.429138],[-48.877631,-23.429655],[-48.878107,-23.43016],[-48.876739,-23.431264]]}},{"type":"Feature","properties":{"id_backbone":"BB-EB2D24E757BA","trecho":"AVR.SC-CQR.SM","cluster":"BAURU","cabo":"F-0230","capacidade":"36","extensao_km":28.109,"confianca":"ALTA","fonte":"OSRM/OpenStreetMap","ponta_a":"AVR.SC","municipio_a":"AVARE","ponta_b":"CQR.SM","municipio_b":"CERQUEIRA CESAR"},"geometry":{"type":"LineString","coordinates":[[-48.920016,-23.10005],[-48.920126,-23.100578],[-48.919161,-23.100771],[-48.918973,-23.099865],[-48.941367,-23.095558],[-48.953487,-23.098272],[-48.957573,-23.104352],[-48.97721,-23.101633],[-48.979222,-23.101195],[-48.984186,-23.098617],[-48.985984,-23.097089],[-48.987389,-23.095644],[-48.98923,-23.097298],[-48.989595,-23.097404],[-48.991435,-23.096056],[-49.002344,-23.086768],[-49.005442,-23.084918],[-49.00846,-23.083707],[-49.010474,-23.083199],[-49.050867,-23.075547],[-49.056602,-23.074297],[-49.05815,-23.074198],[-49.110401,-23.064292],[-49.113793,-23.06337],[-49.117443,-23.061639],[-49.123819,-23.057799],[-49.124893,-23.057362],[-49.132998,-23.052741],[-49.134958,-23.051458],[-49.138218,-23.0502],[-49.140295,-23.049612],[-49.147111,-23.048771],[-49.147713,-23.048103],[-49.155836,-23.04138],[-49.159252,-23.039785],[-49.160539,-23.038878],[-49.162953,-23.036795],[-49.162025,-23.035888],[-49.162736,-23.035235],[-49.163037,-23.035367],[-49.163584,-23.034879]]}},{"type":"Feature","properties":{"id_backbone":"BB-09A56B7BB7A4","trecho":"AYS.JC-SOY.SR","cluster":"SAO JOSE DOS CAMPOS","cabo":"TR-1439","capacidade":"36","extensao_km":22.874,"confianca":"REJEITADA","fonte":"OSRM/OpenStreetMap","ponta_a":"AYS.JC","municipio_a":"AREIAS","ponta_b":"SOY.SR","municipio_b":"SAO JOSE DO BARREIRO"},"geometry":{"type":"LineString","coordinates":[[-44.697828,-22.578878],[-44.697951,-22.579605],[-44.698186,-22.579551],[-44.697627,-22.580816],[-44.696559,-22.580696],[-44.693572,-22.58123],[-44.691861,-22.581353],[-44.691011,-22.58174],[-44.689624,-22.583039],[-44.688724,-22.585385],[-44.688605,-22.588054],[-44.687504,-22.595547],[-44.687135,-22.596222],[-44.685272,-22.598525],[-44.684505,-22.600012],[-44.68546,-22.604161],[-44.685284,-22.608127],[-44.68479,-22.610148],[-44.68484,-22.611948],[-44.686265,-22.61542],[-44.686055,-22.616031],[-44.685339,-22.616544],[-44.685095,-22.617059],[-44.684982,-22.619091],[-44.684221,-22.62006],[-44.682972,-22.622318],[-44.68322,-22.624984],[-44.682545,-22.628982],[-44.682425,-22.630759],[-44.683343,-22.633866],[-44.685079,-22.636746],[-44.687188,-22.638841],[-44.687729,-22.639787],[-44.687748,-22.640283],[-44.687428,-22.641022],[-44.688397,-22.643171],[-44.688437,-22.643788],[-44.688987,-22.644723],[-44.688511,-22.645494],[-44.686296,-22.646021],[-44.682418,-22.645662],[-44.681195,-22.646214],[-44.68053,-22.646147],[-44.678758,-22.645499],[-44.677076,-22.64383],[-44.676377,-22.642317],[-44.676018,-22.641922],[-44.675367,-22.64144],[-44.674305,-22.641308],[-44.673772,-22.640729],[-44.672541,-22.639965],[-44.671928,-22.638797],[-44.669102,-22.637004],[-44.66776,-22.63501],[-44.667175,-22.633319],[-44.666015,-22.631576],[-44.664934,-22.631027],[-44.663123,-22.629021],[-44.658485,-22.627491],[-44.655174,-22.626053],[-44.652363,-22.626278],[-44.64949,-22.625587],[-44.649075,-22.625697],[-44.647886,-22.626598],[-44.646575,-22.626988],[-44.64576,-22.627616],[-44.645359,-22.627745],[-44.64396,-22.627477],[-44.641115,-22.628016],[-44.640097,-22.627246],[-44.638657,-22.62705],[-44.637011,-22.626522],[-44.63601,-22.626516],[-44.634934,-22.626904],[-44.63439,-22.627269],[-44.633838,-22.628069],[-44.631591,-22.629398],[-44.631039,-22.629567],[-44.629565,-22.629367],[-44.629072,-22.629495],[-44.628763,-22.629779],[-44.62825,-22.630741],[-44.627735,-22.631238],[-44.625081,-22.631946],[-44.623871,-22.632834],[-44.623333,-22.6337],[-44.622744,-22.634086],[-44.618298,-22.634221],[-44.616419,-22.635401],[-44.61621,-22.636431],[-44.615964,-22.636768],[-44.614685,-22.636908],[-44.611098,-22.63925],[-44.609504,-22.639964],[-44.608491,-22.640279],[-44.606996,-22.640303],[-44.601945,-22.643123],[-44.60004,-22.64376],[-44.5992,-22.643862],[-44.597863,-22.644614],[-44.59673,-22.645674],[-44.596083,-22.645913],[-44.593946,-22.646289],[-44.592416,-22.646168],[-44.59034,-22.645584],[-44.587755,-22.645997],[-44.586978,-22.645952],[-44.586251,-22.64549],[-44.585213,-22.644212],[-44.583794,-22.643582],[-44.578903,-22.643718],[-44.578707,-22.64392],[-44.57842,-22.64544],[-44.57799,-22.645376],[-44.577688,-22.645817],[-44.573978,-22.644947],[-44.573672,-22.64442],[-44.574161,-22.644246],[-44.574123,-22.643797],[-44.574616,-22.643685]]}},{"type":"Feature","properties":{"id_backbone":"BB-CFBCDDA7A2D0","trecho":"BAS.PV-IAK.CA","cluster":"BAURU","cabo":"F-0310","capacidade":"12","extensao_km":10.251,"confianca":"SEM_REFERENCIA","fonte":"OSRM/OpenStreetMap","ponta_a":"BAS.PV","municipio_a":"BASTOS","ponta_b":"IAK.CA","municipio_b":"IACRI"},"geometry":{"type":"LineString","coordinates":[[-50.733394,-21.918902],[-50.733949,-21.920422],[-50.731417,-21.921239],[-50.731124,-21.920437],[-50.725291,-21.922312],[-50.724758,-21.922669],[-50.724186,-21.922695],[-50.721796,-21.923426],[-50.718764,-21.92357],[-50.718295,-21.923348],[-50.717663,-21.923315],[-50.716767,-21.923808],[-50.716093,-21.9247],[-50.715555,-21.925043],[-50.714554,-21.924938],[-50.713783,-21.924328],[-50.713471,-21.923321],[-50.713723,-21.921411],[-50.713435,-21.919362],[-50.692886,-21.86521],[-50.691486,-21.86225],[-50.692247,-21.861684],[-50.69042,-21.859572],[-50.690722,-21.859807]]}},{"type":"Feature","properties":{"id_backbone":"BB-C3D4ED204E6A","trecho":"BBN.RC-IGT.IE","cluster":"BAURU","cabo":"F-0152-00","capacidade":"12","extensao_km":2.79,"confianca":"ALTA","fonte":"OSRM/OpenStreetMap","ponta_a":"BBN.RC","municipio_a":"BARRA BONITA","ponta_b":"IGT.IE","municipio_b":"IGARACU DO TIETE"},"geometry":{"type":"LineString","coordinates":[[-48.559483,-22.495138],[-48.560202,-22.494972],[-48.560988,-22.498099],[-48.561664,-22.498241],[-48.563294,-22.498049],[-48.561771,-22.498292],[-48.561488,-22.49851],[-48.560969,-22.50189],[-48.561234,-22.502649],[-48.561159,-22.503044],[-48.55965,-22.503277],[-48.557451,-22.504221],[-48.55699,-22.504946],[-48.556647,-22.507965],[-48.558137,-22.511295],[-48.559566,-22.510873]]}},{"type":"Feature","properties":{"id_backbone":"BB-79C91D2AD6A5","trecho":"BCHP.BA-BCHP.RD","cluster":"SOROCABA","cabo":"F-0071","capacidade":"12","extensao_km":1.808,"confianca":"SEM_REFERENCIA","fonte":"OSRM/OpenStreetMap","ponta_a":"BCHP.BA","municipio_a":"BARRA DO CHAPEU","ponta_b":"BCHP.RD","municipio_b":"BARRA DO CHAPEU"},"geometry":{"type":"LineString","coordinates":[[-49.023515,-24.474009],[-49.022527,-24.473052],[-49.020239,-24.472643],[-49.018938,-24.473264],[-49.017391,-24.473671],[-49.016936,-24.474172],[-49.015944,-24.474824],[-49.014628,-24.47462],[-49.014117,-24.475415],[-49.013685,-24.475788],[-49.012307,-24.47605],[-49.011709,-24.475864],[-49.01127,-24.475342],[-49.011422,-24.476025],[-49.012358,-24.476852],[-49.01303,-24.476884],[-49.01312,-24.477197]]}},{"type":"Feature","properties":{"id_backbone":"BB-45277FF471B5","trecho":"BDO.JM-PTG.PT","cluster":"SAO JOSE DO RIO PRETO","cabo":"F-0013","capacidade":"72","extensao_km":30.952,"confianca":"ALTA","fonte":"OSRM/OpenStreetMap","ponta_a":"BDO.JM","municipio_a":"BEBEDOURO","ponta_b":"PTG.PT","municipio_b":"PITANGUEIRAS"},"geometry":{"type":"LineString","coordinates":[[-48.477539,-20.948737],[-48.47773,-20.948933],[-48.474854,-20.951296],[-48.474212,-20.950646],[-48.473954,-20.95061],[-48.473818,-20.950257],[-48.473214,-20.94977],[-48.472145,-20.948365],[-48.471801,-20.94824],[-48.471674,-20.947811],[-48.470979,-20.947075],[-48.466666,-20.945902],[-48.466269,-20.945992],[-48.466051,-20.945885],[-48.466041,-20.945693],[-48.466294,-20.94545],[-48.467312,-20.941146],[-48.467276,-20.940614],[-48.466793,-20.940308],[-48.455474,-20.937249],[-48.454306,-20.937123],[-48.453466,-20.936741],[-48.450714,-20.935986],[-48.450324,-20.936342],[-48.450574,-20.936662],[-48.45091,-20.936602],[-48.451157,-20.936175],[-48.451633,-20.934582],[-48.451621,-20.933967],[-48.45067,-20.933099],[-48.449091,-20.933272],[-48.241296,-20.990445],[-48.240203,-20.990911],[-48.24001,-20.991458],[-48.23921,-20.991827],[-48.223113,-21.008015],[-48.220152,-21.007404],[-48.217231,-21.007338],[-48.217011,-21.008931],[-48.218006,-21.009065]]}},{"type":"Feature","properties":{"id_backbone":"BB-8EE6BD3B767D","trecho":"BDO.JM-PGI.DO","cluster":"SAO JOSE DO RIO PRETO","cabo":"F-0112","capacidade":"24","extensao_km":31.25,"confianca":"SEM_REFERENCIA","fonte":"OSRM/OpenStreetMap","ponta_a":"BDO.JM","municipio_a":"BEBEDOURO","ponta_b":"PGI.DO","municipio_b":"PIRANGI"},"geometry":{"type":"LineString","coordinates":[[-48.477539,-20.948737],[-48.47956,-20.950779],[-48.48145,-20.948833],[-48.482153,-20.948254],[-48.482468,-20.948435],[-48.490087,-20.942144],[-48.490286,-20.941667],[-48.490501,-20.941555],[-48.490811,-20.941769],[-48.490738,-20.942283],[-48.490998,-20.942934],[-48.493852,-20.947934],[-48.494975,-20.947747],[-48.498573,-20.946642],[-48.500305,-20.9449],[-48.500499,-20.944908],[-48.500511,-20.945068],[-48.499275,-20.946248],[-48.498303,-20.948236],[-48.498602,-20.94999],[-48.505766,-20.967593],[-48.508903,-20.973507],[-48.512219,-20.978436],[-48.53349,-21.006544],[-48.534964,-21.008015],[-48.536922,-21.009307],[-48.560209,-21.017359],[-48.668562,-21.053989],[-48.666185,-21.057865],[-48.665696,-21.059566],[-48.663578,-21.063166],[-48.662783,-21.065431],[-48.662008,-21.068494],[-48.661055,-21.070145],[-48.65961,-21.070801],[-48.659125,-21.071403],[-48.658728,-21.074421],[-48.65666,-21.084989],[-48.658388,-21.087273],[-48.662075,-21.091072],[-48.661294,-21.091693],[-48.661756,-21.092168]]}},{"type":"Feature","properties":{"id_backbone":"BB-C6274EB6CAE3","trecho":"BEP.BE-TRAB.TB","cluster":"RIBEIRAO PRETO","cabo":"F-0219","capacidade":"12","extensao_km":8.906,"confianca":"ALTA","fonte":"OSRM/OpenStreetMap","ponta_a":"BEP.BE","municipio_a":"BOA ESPERANCA DO SUL","ponta_b":"TRAB.TB","municipio_b":"TRABIJU"},"geometry":{"type":"LineString","coordinates":[[-48.386791,-21.990985],[-48.386762,-21.991319],[-48.391172,-21.991652],[-48.390806,-21.996092],[-48.390494,-21.997648],[-48.388195,-22.000098],[-48.385893,-22.002125],[-48.385497,-22.002304],[-48.385173,-22.002775],[-48.381481,-22.005976],[-48.342505,-22.041459],[-48.342074,-22.042047],[-48.341811,-22.042118],[-48.341519,-22.041771],[-48.339866,-22.041393],[-48.336958,-22.040886],[-48.337053,-22.040681],[-48.336273,-22.040502],[-48.336472,-22.040179]]}},{"type":"Feature","properties":{"id_backbone":"BB-DC8A665988EE","trecho":"BGP.AV-BGP.SC","cluster":"JUNDIAI","cabo":"F-0395","capacidade":"12","extensao_km":9.63,"confianca":"ALTA","fonte":"OSRM/OpenStreetMap","ponta_a":"BGP.AV","municipio_a":"BRAGANCA PAULISTA","ponta_b":"BGP.SC","municipio_b":"BRAGANCA PAULISTA"},"geometry":{"type":"LineString","coordinates":[[-46.53565,-22.898836],[-46.535129,-22.899063],[-46.532942,-22.897367],[-46.533152,-22.8971],[-46.535598,-22.895553],[-46.5361,-22.895831],[-46.538571,-22.899039],[-46.538479,-22.899352],[-46.537114,-22.900935],[-46.538236,-22.901645],[-46.538711,-22.901782],[-46.540693,-22.901828],[-46.541916,-22.901591],[-46.542731,-22.901743],[-46.543671,-22.904204],[-46.548385,-22.914614],[-46.54887,-22.915251],[-46.549107,-22.916169],[-46.556532,-22.932679],[-46.556723,-22.933568],[-46.556819,-22.934791],[-46.556342,-22.944068],[-46.557138,-22.947182],[-46.55674,-22.948173],[-46.556283,-22.948609],[-46.54739,-22.953413],[-46.542342,-22.953108],[-46.542117,-22.955347],[-46.542226,-22.955379],[-46.542216,-22.957034],[-46.5421,-22.957089]]}},{"type":"Feature","properties":{"id_backbone":"BB-22FE2A96D4B6","trecho":"BGP.SC-PHZ.BE","cluster":"JUNDIAI","cabo":"F-1050","capacidade":"36","extensao_km":26.541,"confianca":"MEDIA","fonte":"OSRM/OpenStreetMap","ponta_a":"BGP.SC","municipio_a":"BRAGANCA PAULISTA","ponta_b":"PHZ.BE","municipio_b":"PINHALZINHO"},"geometry":{"type":"LineString","coordinates":[[-46.5421,-22.957089],[-46.541556,-22.957063],[-46.541922,-22.95538],[-46.544258,-22.955388],[-46.546371,-22.955736],[-46.546992,-22.954244],[-46.547189,-22.953219],[-46.548158,-22.952944],[-46.552652,-22.950479],[-46.554732,-22.949151],[-46.556324,-22.948493],[-46.556805,-22.947871],[-46.556893,-22.946785],[-46.556274,-22.944158],[-46.556613,-22.935461],[-46.556509,-22.934643],[-46.556654,-22.933717],[-46.556508,-22.932875],[-46.549108,-22.916336],[-46.548556,-22.915489],[-46.548385,-22.914614],[-46.547828,-22.913239],[-46.543053,-22.902706],[-46.542731,-22.901743],[-46.542583,-22.900634],[-46.542854,-22.894788],[-46.54276,-22.894055],[-46.54082,-22.889619],[-46.539685,-22.887279],[-46.538919,-22.886095],[-46.538765,-22.885339],[-46.53428,-22.876139],[-46.533748,-22.874322],[-46.53407,-22.871919],[-46.53846,-22.861036],[-46.539371,-22.859979],[-46.542319,-22.858047],[-46.542812,-22.857326],[-46.5456,-22.848072],[-46.546259,-22.846445],[-46.547274,-22.84538],[-46.549728,-22.843416],[-46.550092,-22.842792],[-46.551535,-22.838943],[-46.55209,-22.838167],[-46.556435,-22.836569],[-46.556974,-22.835995],[-46.557217,-22.835333],[-46.558398,-22.8295],[-46.558362,-22.828827],[-46.55791,-22.827387],[-46.555992,-22.825722],[-46.553918,-22.822752],[-46.553338,-22.822481],[-46.550628,-22.821888],[-46.549933,-22.821332],[-46.548052,-22.81883],[-46.547248,-22.816884],[-46.546643,-22.816108],[-46.546618,-22.815741],[-46.548637,-22.811167],[-46.550498,-22.808139],[-46.553992,-22.8049],[-46.554424,-22.804269],[-46.554672,-22.803299],[-46.555087,-22.793897],[-46.55535,-22.79284],[-46.556373,-22.790942],[-46.558983,-22.788551],[-46.559379,-22.788027],[-46.559999,-22.784872],[-46.561369,-22.783064],[-46.561584,-22.783236],[-46.561629,-22.784091],[-46.562169,-22.78486],[-46.563192,-22.785352],[-46.564055,-22.785324],[-46.567559,-22.784571],[-46.570755,-22.781866],[-46.571465,-22.781522],[-46.572338,-22.781518],[-46.575651,-22.782594],[-46.58431,-22.782701],[-46.585258,-22.782385],[-46.586892,-22.781372],[-46.588571,-22.779766],[-46.590256,-22.778586],[-46.590872,-22.779463],[-46.590628,-22.779662],[-46.591325,-22.780516]]}},{"type":"Feature","properties":{"id_backbone":"BB-90DDE5F47A75","trecho":"BGU.BC-BLC.SP","cluster":"ARACATUBA","cabo":"TR-0250","capacidade":"72","extensao_km":20.684,"confianca":"MEDIA","fonte":"OSRM/OpenStreetMap","ponta_a":"BGU.BC","municipio_a":"BIRIGUI","ponta_b":"BLC.SP","municipio_b":"BILAC"},"geometry":{"type":"LineString","coordinates":[[-50.338714,-21.289451],[-50.342912,-21.289688],[-50.342832,-21.291411],[-50.34689,-21.291622],[-50.347155,-21.292065],[-50.3482,-21.292518],[-50.351291,-21.292615],[-50.353648,-21.29321],[-50.356435,-21.296187],[-50.358755,-21.298948],[-50.359204,-21.299203],[-50.359268,-21.299556],[-50.359599,-21.29998],[-50.362479,-21.303257],[-50.366229,-21.303947],[-50.367868,-21.303826],[-50.369494,-21.304177],[-50.369983,-21.30409],[-50.370192,-21.304328],[-50.37079,-21.306116],[-50.376057,-21.317056],[-50.376762,-21.318082],[-50.377869,-21.320596],[-50.379264,-21.322135],[-50.380747,-21.323424],[-50.43407,-21.365388],[-50.435325,-21.366161],[-50.437673,-21.367992],[-50.438976,-21.369218],[-50.457127,-21.383456],[-50.458289,-21.384241],[-50.470946,-21.390932],[-50.472539,-21.391445],[-50.472718,-21.391702],[-50.472441,-21.39204],[-50.472425,-21.392315],[-50.474779,-21.401793],[-50.474747,-21.402143],[-50.472711,-21.404117],[-50.475938,-21.407063]]}},{"type":"Feature","properties":{"id_backbone":"BB-D8FE4D9904EE","trecho":"BLO.MG-ENBA.EA","cluster":"SAO JOSE DO RIO PRETO","cabo":"F-0071","capacidade":"72","extensao_km":21.265,"confianca":"SEM_REFERENCIA","fonte":"OSRM/OpenStreetMap","ponta_a":"BLO.MG","municipio_a":"BALSAMO","ponta_b":"ENBA.EA","municipio_b":"MONTE APRAZIVEL"},"geometry":{"type":"LineString","coordinates":[[-49.581457,-20.732927],[-49.581094,-20.732413],[-49.581876,-20.731899],[-49.580465,-20.729994],[-49.580304,-20.729426],[-49.579891,-20.729148],[-49.579432,-20.729122],[-49.57935,-20.728819],[-49.57982,-20.728475],[-49.580315,-20.727668],[-49.581381,-20.727187],[-49.582263,-20.726247],[-49.587065,-20.720212],[-49.652986,-20.636373],[-49.654167,-20.634492],[-49.656575,-20.63137],[-49.656729,-20.630639],[-49.656969,-20.630668],[-49.657127,-20.631016],[-49.657518,-20.631271],[-49.657987,-20.631406],[-49.658371,-20.632207],[-49.669288,-20.64317],[-49.670612,-20.644969],[-49.684243,-20.670853],[-49.685534,-20.674395],[-49.687168,-20.681766],[-49.687509,-20.681961],[-49.687815,-20.683203],[-49.688272,-20.684141],[-49.689283,-20.684128],[-49.689303,-20.684393]]}},{"type":"Feature","properties":{"id_backbone":"BB-2EF6AEA0EC9A","trecho":"BNI.RJ-IRG.SC","cluster":"SOROCABA","cabo":"F-0084","capacidade":"12","extensao_km":13.734,"confianca":"ALTA","fonte":"OSRM/OpenStreetMap","ponta_a":"BNI.RJ","municipio_a":"BARAO DE ANTONINA","ponta_b":"IRG.SC","municipio_b":"ITAPORANGA"},"geometry":{"type":"LineString","coordinates":[[-49.556269,-23.627281],[-49.561267,-23.627604],[-49.561296,-23.628735],[-49.5619,-23.629163],[-49.561884,-23.62946],[-49.561656,-23.629656],[-49.561322,-23.629604],[-49.561037,-23.629768],[-49.557089,-23.632416],[-49.542938,-23.642829],[-49.541594,-23.644286],[-49.541143,-23.645028],[-49.540548,-23.646202],[-49.540246,-23.64767],[-49.540072,-23.658325],[-49.5399,-23.659734],[-49.539399,-23.661221],[-49.538117,-23.663108],[-49.534702,-23.66677],[-49.533286,-23.668664],[-49.532357,-23.670423],[-49.530347,-23.675104],[-49.525404,-23.683061],[-49.524217,-23.685945],[-49.521046,-23.697557],[-49.520299,-23.699249],[-49.519176,-23.700798],[-49.518079,-23.701849],[-49.507843,-23.709084],[-49.507454,-23.709552],[-49.506932,-23.709223],[-49.488849,-23.708025],[-49.488815,-23.7078]]}},{"type":"Feature","properties":{"id_backbone":"BB-DC06D087DEDB","trecho":"BOC.FP-JAU.AG","cluster":"BAURU","cabo":"F-0143","capacidade":"72","extensao_km":21.529,"confianca":"BAIXA","fonte":"OSRM/OpenStreetMap","ponta_a":"BOC.FP","municipio_a":"BOCAINA","ponta_b":"JAU.AG","municipio_b":"JAU"},"geometry":{"type":"LineString","coordinates":[[-48.520465,-22.136239],[-48.519132,-22.136825],[-48.524411,-22.14727],[-48.524548,-22.148102],[-48.524372,-22.149499],[-48.52449,-22.149774],[-48.524178,-22.14995],[-48.522828,-22.151791],[-48.499627,-22.184322],[-48.499467,-22.184653],[-48.499489,-22.185213],[-48.500549,-22.186429],[-48.502178,-22.187607],[-48.503281,-22.188874],[-48.528099,-22.227822],[-48.530093,-22.2302],[-48.533833,-22.233241],[-48.535371,-22.234866],[-48.56497,-22.276292],[-48.566187,-22.277563],[-48.568098,-22.278423],[-48.568085,-22.278766],[-48.56687,-22.2794],[-48.566289,-22.280142],[-48.565863,-22.280079],[-48.565736,-22.279885],[-48.565546,-22.280009],[-48.564794,-22.281625],[-48.565336,-22.283421],[-48.562599,-22.285532],[-48.561424,-22.28898],[-48.561547,-22.289744],[-48.557755,-22.294869],[-48.556349,-22.294008]]}},{"type":"Feature","properties":{"id_backbone":"BB-5AF1DA768393","trecho":"BOFS.FM-GAI.PV","cluster":"ARACATUBA","cabo":"F-0243","capacidade":"72","extensao_km":11.035,"confianca":"ALTA","fonte":"OSRM/OpenStreetMap","ponta_a":"BOFS.FM","municipio_a":"GUARACAI","ponta_b":"GAI.PV","municipio_b":"GUARACAI"},"geometry":{"type":"LineString","coordinates":[[-51.122033,-20.997137],[-51.125232,-20.994421],[-51.126187,-20.991191],[-51.126599,-20.990682],[-51.127143,-20.990485],[-51.137595,-20.991126],[-51.148068,-20.992245],[-51.149881,-20.994118],[-51.153574,-20.995873],[-51.157209,-20.999794],[-51.168904,-21.006949],[-51.17596,-21.01147],[-51.177582,-21.012437],[-51.180538,-21.01382],[-51.196562,-21.024778],[-51.209465,-21.031796],[-51.209977,-21.03094]]}},{"type":"Feature","properties":{"id_backbone":"BB-D8000BDD7C65","trecho":"BOW.TM-PGP.PG","cluster":"ARACATUBA","cabo":"F-0101","capacidade":"12","extensao_km":18.713,"confianca":"ALTA","fonte":"OSRM/OpenStreetMap","ponta_a":"BOW.TM","municipio_a":"BORA","ponta_b":"PGP.PG","municipio_b":"PARAGUACU PAULISTA"},"geometry":{"type":"LineString","coordinates":[[-50.543217,-22.269672],[-50.543324,-22.269172],[-50.546135,-22.270381],[-50.546383,-22.271019],[-50.545994,-22.272492],[-50.546063,-22.274423],[-50.548084,-22.277281],[-50.54853,-22.278335],[-50.549434,-22.285305],[-50.55355,-22.298688],[-50.553455,-22.306529],[-50.557454,-22.323822],[-50.558377,-22.333309],[-50.558908,-22.334702],[-50.562518,-22.340711],[-50.564518,-22.347194],[-50.564618,-22.34841],[-50.564487,-22.349933],[-50.562374,-22.35799],[-50.562085,-22.359967],[-50.562169,-22.362072],[-50.563186,-22.366207],[-50.563194,-22.367533],[-50.562031,-22.372982],[-50.561265,-22.378633],[-50.560252,-22.383485],[-50.560478,-22.383799],[-50.56202,-22.384209],[-50.569449,-22.385593],[-50.573106,-22.386028],[-50.57372,-22.386328],[-50.573608,-22.386532],[-50.572968,-22.386819],[-50.572928,-22.387493],[-50.574918,-22.39385],[-50.575072,-22.395107],[-50.574839,-22.396069],[-50.57415,-22.397681],[-50.571514,-22.402285],[-50.571019,-22.403643],[-50.57059,-22.412495],[-50.572976,-22.412692],[-50.573473,-22.414516],[-50.577544,-22.413559]]}},{"type":"Feature","properties":{"id_backbone":"BB-BBE20E75725C","trecho":"BRE.AL-OCO.OS","cluster":"OSASCO","cabo":"F-0033","capacidade":"24","extensao_km":10.501,"confianca":"MEDIA","fonte":"OSRM/OpenStreetMap","ponta_a":"BRE.AL","municipio_a":"BARUERI","ponta_b":"OCO.OS","municipio_b":"OSASCO"},"geometry":{"type":"LineString","coordinates":[[-46.847109,-23.500915],[-46.847875,-23.500862],[-46.848119,-23.499016],[-46.848028,-23.498744],[-46.846761,-23.498655],[-46.845643,-23.499081],[-46.843911,-23.500096],[-46.838362,-23.501438],[-46.838778,-23.506076],[-46.838518,-23.506724],[-46.838052,-23.507016],[-46.833169,-23.507455],[-46.829041,-23.508208],[-46.823274,-23.509003],[-46.819635,-23.509929],[-46.812169,-23.510589],[-46.806061,-23.511578],[-46.80073,-23.51311],[-46.791772,-23.516617],[-46.788423,-23.518314],[-46.788435,-23.519708],[-46.788675,-23.520486],[-46.789799,-23.523096],[-46.791131,-23.524635],[-46.791583,-23.526735],[-46.7916,-23.527604],[-46.790713,-23.530462],[-46.790491,-23.530565],[-46.790422,-23.530366],[-46.791319,-23.527771],[-46.791202,-23.526076],[-46.79011,-23.52569],[-46.789303,-23.525908],[-46.788848,-23.526404],[-46.7877,-23.529502],[-46.784667,-23.529173],[-46.783951,-23.529902],[-46.785249,-23.530696]]}},{"type":"Feature","properties":{"id_backbone":"BB-A93D0E09C671","trecho":"BRE.AL-ITU.RT","cluster":"OSASCO","cabo":null,"capacidade":"72","extensao_km":71.696,"confianca":"ALTA","fonte":"OSRM/OpenStreetMap","ponta_a":"BRE.AL","municipio_a":"BARUERI","ponta_b":"ITU.RT","municipio_b":"ITU"},"geometry":{"type":"LineString","coordinates":[[-46.847109,-23.500915],[-46.847875,-23.500862],[-46.848119,-23.499016],[-46.84833,-23.498811],[-46.848351,-23.499524],[-46.847787,-23.503448],[-46.847188,-23.504707],[-46.847272,-23.5052],[-46.847463,-23.505348],[-46.849346,-23.50548],[-46.862503,-23.504376],[-46.865412,-23.504649],[-46.885301,-23.505131],[-46.89768,-23.50646],[-46.900137,-23.506884],[-46.914674,-23.51111],[-46.924324,-23.515251],[-46.929128,-23.516682],[-46.931499,-23.517097],[-46.93513,-23.517474],[-46.93759,-23.517635],[-46.940981,-23.517601],[-46.943392,-23.518252],[-46.946819,-23.518686],[-46.947114,-23.518633],[-46.947325,-23.518264],[-46.947573,-23.518734],[-46.947948,-23.518947],[-46.949365,-23.519138],[-46.951972,-23.51919],[-46.954011,-23.518946],[-46.956668,-23.51819],[-46.9639,-23.515138],[-46.975151,-23.508208],[-46.978033,-23.506063],[-46.979842,-23.50427],[-46.981442,-23.502225],[-46.982552,-23.500344],[-46.985323,-23.494764],[-46.986551,-23.492814],[-46.996676,-23.479812],[-46.997856,-23.478576],[-46.998858,-23.477795],[-47.004743,-23.473731],[-47.007684,-23.472174],[-47.010293,-23.471255],[-47.021717,-23.468037],[-47.023614,-23.467215],[-47.029569,-23.464059],[-47.031028,-23.463469],[-47.033203,-23.462889],[-47.037107,-23.462426],[-47.039043,-23.461913],[-47.048528,-23.457739],[-47.051446,-23.456291],[-47.052319,-23.455732],[-47.053498,-23.454663],[-47.064593,-23.440125],[-47.066355,-23.438706],[-47.068179,-23.437916],[-47.074281,-23.436575],[-47.077053,-23.436222],[-47.092819,-23.436152],[-47.096109,-23.436472],[-47.104002,-23.438631],[-47.10656,-23.439179],[-47.109302,-23.439346],[-47.112092,-23.439062],[-47.114521,-23.438424],[-47.118886,-23.436636],[-47.128649,-23.430187],[-47.130499,-23.429313],[-47.132757,-23.428785],[-47.137789,-23.4288],[-47.140152,-23.42839],[-47.142147,-23.427587],[-47.148535,-23.424003],[-47.150849,-23.423223],[-47.162893,-23.422044],[-47.216997,-23.418202],[-47.220135,-23.418569],[-47.237357,-23.422883],[-47.239997,-23.423151],[-47.242514,-23.422996],[-47.245092,-23.42242],[-47.247686,-23.421362],[-47.25701,-23.415674],[-47.258523,-23.414934],[-47.261143,-23.414302],[-47.267194,-23.414472],[-47.269954,-23.414068],[-47.271693,-23.413391],[-47.277133,-23.410308],[-47.280281,-23.409216],[-47.292589,-23.407127],[-47.326853,-23.402267],[-47.329808,-23.40144],[-47.331734,-23.400129],[-47.332421,-23.399353],[-47.332827,-23.397303],[-47.332855,-23.395276],[-47.332711,-23.394637],[-47.329109,-23.386732],[-47.328222,-23.384434],[-47.327578,-23.381533],[-47.327287,-23.378279],[-47.326946,-23.376741],[-47.32518,-23.374058],[-47.323164,-23.372413],[-47.322253,-23.372066],[-47.319932,-23.371633],[-47.318265,-23.371893],[-47.317378,-23.371822],[-47.312536,-23.369204],[-47.311949,-23.368605],[-47.309948,-23.365146],[-47.309176,-23.364269],[-47.308666,-23.363066],[-47.30748,-23.361617],[-47.306689,-23.359933],[-47.306748,-23.359043],[-47.3086,-23.356728],[-47.308916,-23.356213],[-47.309018,-23.355506],[-47.308409,-23.353371],[-47.30534,-23.333605],[-47.302129,-23.326988],[-47.300667,-23.323426],[-47.300431,-23.322117],[-47.300445,-23.319484],[-47.301167,-23.317326],[-47.303326,-23.312888],[-47.303751,-23.311497],[-47.303736,-23.30762],[-47.303293,-23.30403],[-47.303485,-23.300854],[-47.303081,-23.299884],[-47.301917,-23.298792],[-47.301521,-23.297812],[-47.30114,-23.29368],[-47.30093,-23.293082],[-47.300112,-23.292213],[-47.29287,-23.287526],[-47.29178,-23.285144],[-47.290972,-23.284612],[-47.291155,-23.284107],[-47.291613,-23.284072],[-47.292559,-23.286765],[-47.29294,-23.286879],[-47.293395,-23.285535],[-47.292902,-23.284974],[-47.292854,-23.282606],[-47.291301,-23.282617]]}},{"type":"Feature","properties":{"id_backbone":"BB-6B9223D68BF3","trecho":"BRE.AL-BRE.CPD","cluster":"OSASCO","cabo":"F-0939","capacidade":"72","extensao_km":2.69,"confianca":"REJEITADA","fonte":"OSRM/OpenStreetMap","ponta_a":"BRE.AL","municipio_a":"BARUERI","ponta_b":"BRE.CPD","municipio_b":"BARUERI"},"geometry":{"type":"LineString","coordinates":[[-46.847109,-23.500915],[-46.847875,-23.500862],[-46.848119,-23.499016],[-46.84833,-23.498811],[-46.84833,-23.499703],[-46.847747,-23.503614],[-46.847367,-23.50426],[-46.846402,-23.505196],[-46.846482,-23.506438],[-46.846996,-23.507167],[-46.84652,-23.507514],[-46.846166,-23.507419],[-46.846025,-23.507166],[-46.84604,-23.506882],[-46.846382,-23.506398],[-46.84611,-23.505133],[-46.846292,-23.504819],[-46.846906,-23.504457],[-46.847386,-23.503719],[-46.847825,-23.501048],[-46.846681,-23.501126],[-46.846648,-23.501654],[-46.845049,-23.501769],[-46.844956,-23.501074],[-46.845494,-23.501031]]}},{"type":"Feature","properties":{"id_backbone":"BB-90E449BC1953","trecho":"BRE.AS-SPB.SP","cluster":"OSASCO","cabo":"F-0455","capacidade":"6","extensao_km":8.888,"confianca":"ALTA","fonte":"OSRM/OpenStreetMap","ponta_a":"BRE.AS","municipio_a":"BARUERI","ponta_b":"SPB.SP","municipio_b":"SANTANA DE PARNAIBA"},"geometry":{"type":"LineString","coordinates":[[-46.954381,-23.489392],[-46.954276,-23.489408],[-46.954937,-23.487984],[-46.954838,-23.486969],[-46.953431,-23.485115],[-46.95357,-23.484423],[-46.953164,-23.483074],[-46.953259,-23.481822],[-46.952823,-23.481391],[-46.951793,-23.479755],[-46.951614,-23.478066],[-46.949813,-23.477161],[-46.949035,-23.47634],[-46.948892,-23.47584],[-46.9494,-23.474672],[-46.949421,-23.473834],[-46.949207,-23.473083],[-46.948464,-23.472164],[-46.946413,-23.471464],[-46.945814,-23.470818],[-46.945216,-23.470559],[-46.944118,-23.470863],[-46.940866,-23.470923],[-46.937988,-23.472115],[-46.936531,-23.472244],[-46.934845,-23.472017],[-46.934494,-23.471378],[-46.934712,-23.470455],[-46.934254,-23.469694],[-46.932963,-23.469168],[-46.932773,-23.468938],[-46.932759,-23.468509],[-46.933028,-23.467933],[-46.932382,-23.466971],[-46.93237,-23.465484],[-46.933002,-23.464252],[-46.932862,-23.463735],[-46.930489,-23.462467],[-46.929025,-23.462024],[-46.928638,-23.461472],[-46.927284,-23.460283],[-46.925841,-23.459532],[-46.92495,-23.458718],[-46.925129,-23.458492],[-46.92447,-23.456437],[-46.924527,-23.455244],[-46.923011,-23.452614],[-46.92312,-23.451748],[-46.924036,-23.449699],[-46.923963,-23.449256],[-46.921662,-23.448547],[-46.919679,-23.447556],[-46.918914,-23.446708],[-46.918855,-23.446357],[-46.918574,-23.446015],[-46.917346,-23.445186],[-46.918292,-23.444854],[-46.917908,-23.444195],[-46.916203,-23.443969],[-46.912017,-23.444489],[-46.911893,-23.444254],[-46.912288,-23.443325],[-46.91214,-23.442105]]}},{"type":"Feature","properties":{"id_backbone":"BB-E10D7CDD945B","trecho":"BRE.BA-BRE.CN","cluster":"OSASCO","cabo":"F-0544","capacidade":"24","extensao_km":3.26,"confianca":"BAIXA","fonte":"OSRM/OpenStreetMap","ponta_a":"BRE.BA","municipio_a":"BARUERI","ponta_b":"BRE.CN","municipio_b":"BARUERI"},"geometry":{"type":"LineString","coordinates":[[-46.875522,-23.508675],[-46.875614,-23.507916],[-46.876789,-23.508372],[-46.876933,-23.506186],[-46.876197,-23.505602],[-46.875934,-23.505949],[-46.875631,-23.50603],[-46.875,-23.505918],[-46.874898,-23.505691],[-46.876166,-23.505362],[-46.877194,-23.504405],[-46.878444,-23.503648],[-46.878632,-23.503115],[-46.877765,-23.499645],[-46.876171,-23.497231],[-46.876055,-23.49683],[-46.878219,-23.493993],[-46.879286,-23.493054],[-46.880203,-23.492999],[-46.880173,-23.49273],[-46.879281,-23.492047],[-46.878818,-23.491436],[-46.878347,-23.489408],[-46.880016,-23.48919]]}},{"type":"Feature","properties":{"id_backbone":"BB-F4BA39D9B03D","trecho":"BRH.GV-RPO.NO","cluster":"RIBEIRAO PRETO","cabo":"F-0283","capacidade":"72","extensao_km":39.354,"confianca":"REJEITADA","fonte":"OSRM/OpenStreetMap","ponta_a":"BRH.GV","municipio_a":"BARRINHA","ponta_b":"RPO.NO","municipio_b":"RIBEIRAO PRETO"},"geometry":{"type":"LineString","coordinates":[[-48.163891,-21.195456],[-48.16137,-21.195946],[-48.161992,-21.198708],[-48.161806,-21.198923],[-48.161709,-21.199506],[-48.161212,-21.199511],[-48.160757,-21.200173],[-48.160493,-21.200209],[-48.160243,-21.199579],[-48.158312,-21.198366],[-48.139701,-21.188195],[-48.138355,-21.187194],[-48.124801,-21.175471],[-48.123143,-21.174476],[-48.121157,-21.173909],[-48.116794,-21.1739],[-48.114756,-21.174383],[-48.112976,-21.175498],[-48.110016,-21.178646],[-48.10801,-21.179655],[-48.106497,-21.1799],[-48.097427,-21.180123],[-48.095393,-21.179781],[-48.071992,-21.173123],[-48.060647,-21.172787],[-47.961094,-21.160763],[-47.959263,-21.160828],[-47.92045,-21.167281],[-47.900101,-21.166704],[-47.880636,-21.165912],[-47.877345,-21.165937],[-47.86952,-21.167741],[-47.868228,-21.168192],[-47.856389,-21.175],[-47.855,-21.175638],[-47.853168,-21.176043],[-47.846237,-21.176695],[-47.840806,-21.178391],[-47.838924,-21.178792],[-47.836961,-21.178852],[-47.832078,-21.178251],[-47.825496,-21.178249],[-47.823927,-21.177988],[-47.823596,-21.178122],[-47.823466,-21.178499],[-47.823049,-21.178686],[-47.82207,-21.178219],[-47.820513,-21.178208],[-47.817377,-21.178494],[-47.816507,-21.178721],[-47.814957,-21.176512],[-47.813314,-21.174653],[-47.810702,-21.176617]]}},{"type":"Feature","properties":{"id_backbone":"BB-F3ADF1638AD9","trecho":"BRH.GV-PDI.PD","cluster":"RIBEIRAO PRETO","cabo":"F-0250","capacidade":"72","extensao_km":24.245,"confianca":"SEM_REFERENCIA","fonte":"OSRM/OpenStreetMap","ponta_a":"BRH.GV","municipio_a":"BARRINHA","ponta_b":"PDI.PD","municipio_b":"PRADOPOLIS"},"geometry":{"type":"LineString","coordinates":[[-48.163891,-21.195456],[-48.16137,-21.195946],[-48.161992,-21.198708],[-48.161806,-21.198923],[-48.161709,-21.199506],[-48.161212,-21.199511],[-48.160757,-21.200173],[-48.160208,-21.20034],[-48.159608,-21.200815],[-48.136115,-21.223228],[-48.135024,-21.225023],[-48.129174,-21.238405],[-48.128987,-21.239462],[-48.129011,-21.240422],[-48.132143,-21.295249],[-48.131899,-21.296259],[-48.129465,-21.300387],[-48.12777,-21.308664],[-48.127767,-21.309146],[-48.128152,-21.309744],[-48.128154,-21.310107],[-48.127512,-21.310473],[-48.126756,-21.310458],[-48.124571,-21.311057],[-48.123356,-21.31113],[-48.121197,-21.311723],[-48.119637,-21.311921],[-48.118147,-21.311924],[-48.108145,-21.310918],[-48.106556,-21.311019],[-48.105096,-21.311372],[-48.102782,-21.312514],[-48.08793,-21.322929],[-48.086575,-21.324147],[-48.074429,-21.336738],[-48.072961,-21.339036],[-48.071056,-21.343173],[-48.070154,-21.344001],[-48.0672,-21.346039],[-48.066302,-21.347216],[-48.066093,-21.347936],[-48.066477,-21.348955],[-48.066251,-21.349948],[-48.066743,-21.351931],[-48.067543,-21.353501],[-48.068846,-21.359967],[-48.067745,-21.360158],[-48.067464,-21.358755]]}},{"type":"Feature","properties":{"id_backbone":"BB-848E044D9023","trecho":"BRI.DP-IVA.MP","cluster":"SOROCABA","cabo":"F-0035","capacidade":"6","extensao_km":49.777,"confianca":"REJEITADA","fonte":"OSRM/OpenStreetMap","ponta_a":"BRI.DP","municipio_a":"BURI","ponta_b":"IVA.MP","municipio_b":"ITAPEVA"},"geometry":{"type":"LineString","coordinates":[[-48.5982,-23.7984],[-48.597834,-23.798403],[-48.597741,-23.800742],[-48.597438,-23.801142],[-48.597975,-23.813667],[-48.599943,-23.819102],[-48.600741,-23.820127],[-48.602809,-23.822173],[-48.604479,-23.824608],[-48.604704,-23.8256],[-48.604928,-23.828988],[-48.604739,-23.829646],[-48.603934,-23.831136],[-48.602395,-23.833535],[-48.600324,-23.836111],[-48.599026,-23.837338],[-48.593154,-23.841229],[-48.58642,-23.843701],[-48.58582,-23.844269],[-48.584705,-23.84662],[-48.582726,-23.851091],[-48.582019,-23.858117],[-48.582216,-23.861347],[-48.583075,-23.86545],[-48.582857,-23.868247],[-48.582887,-23.875885],[-48.583441,-23.877804],[-48.585066,-23.880882],[-48.585235,-23.883765],[-48.586242,-23.886775],[-48.586297,-23.889411],[-48.587316,-23.894541],[-48.589104,-23.897293],[-48.595402,-23.902484],[-48.601134,-23.904431],[-48.601665,-23.904669],[-48.602448,-23.905373],[-48.602738,-23.906086],[-48.602716,-23.907121],[-48.601617,-23.91035],[-48.600927,-23.912945],[-48.603022,-23.918175],[-48.603807,-23.920612],[-48.604642,-23.921998],[-48.60829,-23.925477],[-48.610193,-23.927533],[-48.612987,-23.932152],[-48.614912,-23.936417],[-48.615221,-23.938067],[-48.615375,-23.938269],[-48.615851,-23.938462],[-48.616379,-23.938459],[-48.618186,-23.938167],[-48.631971,-23.934446],[-48.637081,-23.932326],[-48.654613,-23.928334],[-48.661789,-23.927341],[-48.662869,-23.927556],[-48.666486,-23.929134],[-48.66786,-23.929064],[-48.668752,-23.928492],[-48.67129,-23.925185],[-48.67398,-23.922548],[-48.674674,-23.922101],[-48.675643,-23.921876],[-48.687155,-23.923576],[-48.690513,-23.925329],[-48.691255,-23.925538],[-48.694107,-23.925848],[-48.694759,-23.926141],[-48.696076,-23.927185],[-48.697693,-23.927955],[-48.706679,-23.930844],[-48.707811,-23.931441],[-48.709481,-23.932676],[-48.71039,-23.932966],[-48.71109,-23.932972],[-48.712822,-23.932299],[-48.714894,-23.931951],[-48.719932,-23.933652],[-48.74379,-23.93462],[-48.759141,-23.93303],[-48.766254,-23.933572],[-48.768123,-23.934127],[-48.771328,-23.936198],[-48.781757,-23.950231],[-48.782907,-23.951301],[-48.784514,-23.952059],[-48.799208,-23.956109],[-48.801144,-23.95681],[-48.802446,-23.957822],[-48.818705,-23.97276],[-48.820244,-23.973714],[-48.833375,-23.978258],[-48.834322,-23.978313],[-48.835312,-23.978152],[-48.839637,-23.976151],[-48.841389,-23.97585],[-48.843166,-23.976123],[-48.846883,-23.977994],[-48.848637,-23.978308],[-48.850316,-23.977756],[-48.856302,-23.974918],[-48.86408,-23.971563],[-48.86455,-23.971316],[-48.865629,-23.970275],[-48.866374,-23.969898],[-48.866781,-23.970214],[-48.866595,-23.970665],[-48.861983,-23.97251],[-48.861843,-23.97294],[-48.862217,-23.973531],[-48.862468,-23.973701],[-48.863725,-23.973794],[-48.867028,-23.973725],[-48.867959,-23.973908],[-48.868327,-23.974358],[-48.868434,-23.974832],[-48.868054,-23.976134],[-48.869167,-23.977035],[-48.869828,-23.978043],[-48.870361,-23.979325],[-48.870782,-23.979519],[-48.873848,-23.979837],[-48.873829,-23.980006],[-48.877105,-23.98039],[-48.877164,-23.981373]]}},{"type":"Feature","properties":{"id_backbone":"BB-68C5510BD6A8","trecho":"BRJE.JC-SLO.NJ","cluster":"JUNDIAI","cabo":"F-0865","capacidade":"72","extensao_km":27.781,"confianca":"BAIXA","fonte":"OSRM/OpenStreetMap","ponta_a":"BRJE.JC","municipio_a":"CABREUVA","ponta_b":"SLO.NJ","municipio_b":"SALTO"},"geometry":{"type":"LineString","coordinates":[[-47.0603,-23.245099],[-47.060453,-23.245116],[-47.060514,-23.244448],[-47.060223,-23.244324],[-47.060157,-23.244124],[-47.060483,-23.243991],[-47.066277,-23.245699],[-47.068825,-23.246094],[-47.070721,-23.246945],[-47.099012,-23.254755],[-47.103002,-23.256471],[-47.116724,-23.263117],[-47.118746,-23.263749],[-47.120821,-23.26376],[-47.123178,-23.263206],[-47.131827,-23.25832],[-47.136752,-23.255723],[-47.138069,-23.255266],[-47.139441,-23.255083],[-47.145787,-23.255589],[-47.150481,-23.255666],[-47.156298,-23.256937],[-47.159898,-23.256856],[-47.1671,-23.257765],[-47.179496,-23.257419],[-47.180351,-23.257661],[-47.181254,-23.258206],[-47.183072,-23.260451],[-47.183962,-23.261067],[-47.187826,-23.262101],[-47.188919,-23.2622],[-47.191062,-23.2613],[-47.194811,-23.260793],[-47.20809,-23.255728],[-47.209116,-23.255098],[-47.211756,-23.252662],[-47.212881,-23.252048],[-47.214219,-23.251777],[-47.216773,-23.251829],[-47.217852,-23.251619],[-47.221377,-23.249573],[-47.222468,-23.249239],[-47.223809,-23.249186],[-47.226316,-23.249761],[-47.226543,-23.249393],[-47.226893,-23.247557],[-47.227758,-23.244525],[-47.228439,-23.243264],[-47.229369,-23.242502],[-47.235232,-23.240005],[-47.236001,-23.239521],[-47.236693,-23.238426],[-47.237889,-23.234904],[-47.240547,-23.231372],[-47.241349,-23.230627],[-47.242324,-23.230163],[-47.245849,-23.229173],[-47.248453,-23.226869],[-47.251906,-23.22626],[-47.254245,-23.223685],[-47.261161,-23.219688],[-47.265128,-23.216904],[-47.26699,-23.216002],[-47.272267,-23.214479],[-47.276407,-23.21467],[-47.27763,-23.21452],[-47.287547,-23.204416],[-47.287067,-23.203753],[-47.287751,-23.203285],[-47.288884,-23.204738],[-47.290793,-23.203567],[-47.291383,-23.204302],[-47.291891,-23.203988]]}},{"type":"Feature","properties":{"id_backbone":"BB-EDB4FC1BCFDF","trecho":"BRJE.RD-JAI.VP","cluster":"JUNDIAI","cabo":"F-0394","capacidade":"36","extensao_km":15.765,"confianca":"REJEITADA","fonte":"OSRM/OpenStreetMap","ponta_a":"BRJE.RD","municipio_a":"CABREUVA","ponta_b":"JAI.VP","municipio_b":"JUNDIAI"},"geometry":{"type":"LineString","coordinates":[[-47.060697,-23.237425],[-47.060332,-23.237379],[-47.060176,-23.237711],[-47.061664,-23.238282],[-47.061647,-23.240832],[-47.062143,-23.24179],[-47.061819,-23.242323],[-47.06085,-23.242388],[-47.060678,-23.244039],[-47.061117,-23.244237],[-47.061026,-23.244514],[-47.053902,-23.2426],[-47.052013,-23.241742],[-47.047507,-23.238518],[-47.043426,-23.236163],[-47.039974,-23.233081],[-47.033453,-23.228454],[-47.030572,-23.226139],[-47.018851,-23.215082],[-47.009751,-23.204516],[-47.008698,-23.203454],[-47.007655,-23.202672],[-47.006178,-23.201895],[-46.999833,-23.199654],[-46.998334,-23.198901],[-46.997408,-23.198248],[-46.988908,-23.19086],[-46.986563,-23.189508],[-46.969145,-23.183346],[-46.968523,-23.183249],[-46.968246,-23.1835],[-46.968342,-23.1839],[-46.968642,-23.184068],[-46.969095,-23.184071],[-46.969411,-23.18389],[-46.969805,-23.183079],[-46.969759,-23.18279],[-46.969486,-23.182568],[-46.969078,-23.182563],[-46.968879,-23.182765],[-46.969216,-23.183192],[-46.985486,-23.188986],[-46.987255,-23.189709],[-46.988817,-23.190637],[-46.989019,-23.190407],[-46.988564,-23.190142]]}},{"type":"Feature","properties":{"id_backbone":"BB-AE2D8FAC799F","trecho":"BRQ.BQ-RPO.NR","cluster":"RIBEIRAO PRETO","cabo":null,"capacidade":"2","extensao_km":24.504,"confianca":"ALTA","fonte":"OSRM/OpenStreetMap","ponta_a":"BRQ.BQ","municipio_a":"BRODOWSKI","ponta_b":"RPO.NR","municipio_b":"RIBEIRAO PRETO"},"geometry":{"type":"LineString","coordinates":[[-47.65793,-20.988138],[-47.6575,-20.987351],[-47.653969,-20.989032],[-47.658764,-20.999933],[-47.659417,-21.002199],[-47.671842,-21.030789],[-47.672504,-21.032751],[-47.675983,-21.045659],[-47.677049,-21.048049],[-47.67849,-21.050159],[-47.680762,-21.052454],[-47.683275,-21.054188],[-47.685815,-21.055339],[-47.69252,-21.057473],[-47.694245,-21.058275],[-47.696477,-21.059593],[-47.721193,-21.07884],[-47.724296,-21.081004],[-47.752915,-21.094621],[-47.764923,-21.101125],[-47.766762,-21.102644],[-47.768921,-21.105992],[-47.770528,-21.107611],[-47.774796,-21.110307],[-47.780057,-21.112486],[-47.781012,-21.113204],[-47.784919,-21.117279],[-47.785765,-21.118573],[-47.786234,-21.119902],[-47.786415,-21.121524],[-47.786356,-21.125923],[-47.787041,-21.128015],[-47.786582,-21.128529],[-47.783155,-21.129992],[-47.782827,-21.130745],[-47.782703,-21.132284],[-47.78793,-21.142774]]}},{"type":"Feature","properties":{"id_backbone":"BB-BA17DF90A464","trecho":"BRS.BR-JND.AO","cluster":"SAO JOSE DO RIO PRETO","cabo":"F-0006","capacidade":"10","extensao_km":32.179,"confianca":"ALTA","fonte":"OSRM/OpenStreetMap","ponta_a":"BRS.BR","municipio_a":"BARRETOS","ponta_b":"JND.AO","municipio_b":"JABORANDI"},"geometry":{"type":"LineString","coordinates":[[-48.567812,-20.558866],[-48.564937,-20.563137],[-48.577709,-20.570624],[-48.582024,-20.573318],[-48.582884,-20.57371],[-48.583633,-20.574312],[-48.584001,-20.574373],[-48.584077,-20.57454],[-48.583708,-20.574816],[-48.58261,-20.576515],[-48.560651,-20.634611],[-48.560011,-20.63581],[-48.559058,-20.637001],[-48.556578,-20.639004],[-48.555723,-20.639903],[-48.554595,-20.641839],[-48.529958,-20.707157],[-48.529739,-20.708118],[-48.529839,-20.708941],[-48.501826,-20.698751],[-48.498892,-20.697816],[-48.496749,-20.697317],[-48.494513,-20.697006],[-48.487541,-20.696497],[-48.48614,-20.696173],[-48.472064,-20.691522],[-48.465182,-20.690631],[-48.463369,-20.690239],[-48.435663,-20.68003],[-48.43301,-20.679178],[-48.431361,-20.678834],[-48.428949,-20.678593],[-48.420969,-20.678454],[-48.419481,-20.678745],[-48.418787,-20.679215],[-48.417327,-20.680942],[-48.415821,-20.686435],[-48.414716,-20.686259],[-48.414613,-20.686757]]}},{"type":"Feature","properties":{"id_backbone":"BB-F482F271BD77","trecho":"BRS.BR-BRS.PQ","cluster":"SAO JOSE DO RIO PRETO","cabo":"F-0005","capacidade":"6","extensao_km":9.551,"confianca":"SEM_REFERENCIA","fonte":"OSRM/OpenStreetMap","ponta_a":"BRS.BR","municipio_a":"BARRETOS","ponta_b":"BRS.PQ","municipio_b":"BARRETOS"},"geometry":{"type":"LineString","coordinates":[[-48.567812,-20.558866],[-48.567008,-20.560061],[-48.572744,-20.563414],[-48.573573,-20.563926],[-48.573614,-20.564096],[-48.578009,-20.563123],[-48.579594,-20.562632],[-48.584124,-20.560084],[-48.588179,-20.557444],[-48.588533,-20.557315],[-48.588886,-20.557518],[-48.589293,-20.557321],[-48.591853,-20.55049],[-48.60286,-20.513678],[-48.603868,-20.509601],[-48.603819,-20.509214],[-48.603413,-20.509023],[-48.602767,-20.509191],[-48.602061,-20.50979],[-48.601709,-20.509679],[-48.601496,-20.507492],[-48.597467,-20.507737],[-48.597686,-20.507174],[-48.597647,-20.505701]]}},{"type":"Feature","properties":{"id_backbone":"BB-DC30EB6046E5","trecho":"BRT.BT-IIN.IP","cluster":"BAURU","cabo":"F-0117","capacidade":"36","extensao_km":35.02,"confianca":"SEM_REFERENCIA","fonte":"OSRM/OpenStreetMap","ponta_a":"BRT.BT","municipio_a":"BROTAS","ponta_b":"IIN.IP","municipio_b":"ITIRAPINA"},"geometry":{"type":"LineString","coordinates":[[-48.124812,-22.28637],[-48.127424,-22.286004],[-48.126708,-22.281463],[-48.125739,-22.281614],[-48.125503,-22.281036],[-48.125278,-22.280929],[-48.124771,-22.2795],[-48.123529,-22.277948],[-48.123104,-22.277777],[-48.123065,-22.27753],[-48.12247,-22.277063],[-48.119687,-22.275361],[-48.11627,-22.277392],[-48.100191,-22.289901],[-48.098473,-22.290877],[-48.096048,-22.291598],[-48.073557,-22.291436],[-48.062726,-22.291675],[-48.029953,-22.291346],[-48.020639,-22.291216],[-48.019096,-22.291069],[-48.005501,-22.287601],[-47.991393,-22.283693],[-47.989765,-22.282681],[-47.986541,-22.278924],[-47.985564,-22.278141],[-47.983947,-22.277463],[-47.957169,-22.273874],[-47.954658,-22.273908],[-47.948746,-22.274501],[-47.946678,-22.274385],[-47.944521,-22.273732],[-47.9361,-22.268839],[-47.933651,-22.268103],[-47.909391,-22.264585],[-47.902374,-22.263896],[-47.899367,-22.263292],[-47.877986,-22.260065],[-47.843626,-22.25511],[-47.842138,-22.254735],[-47.840392,-22.253901],[-47.835921,-22.250186],[-47.834132,-22.248947],[-47.82807,-22.250122],[-47.825746,-22.250663],[-47.82507,-22.250982],[-47.822893,-22.251424],[-47.822927,-22.252454],[-47.822637,-22.254285],[-47.817885,-22.253644],[-47.817746,-22.254507],[-47.818025,-22.254546]]}},{"type":"Feature","properties":{"id_backbone":"BB-20C0B1F014B6","trecho":"BRU.AC-BTU.JP","cluster":"BAURU","cabo":"F-0136-00","capacidade":"36","extensao_km":95.695,"confianca":"BAIXA","fonte":"OSRM/OpenStreetMap","ponta_a":"BRU.AC","municipio_a":"BAURU","ponta_b":"BTU.JP","municipio_b":"BOTUCATU"},"geometry":{"type":"LineString","coordinates":[[-49.067312,-22.328003],[-49.067411,-22.327657],[-49.068397,-22.327903],[-49.068126,-22.328863],[-49.05733,-22.326236],[-49.05241,-22.325367],[-49.045214,-22.348474],[-49.043915,-22.353216],[-49.043275,-22.354747],[-49.041286,-22.361345],[-49.040136,-22.363894],[-48.984065,-22.446543],[-48.983216,-22.447604],[-48.981907,-22.448789],[-48.954618,-22.469143],[-48.924003,-22.504622],[-48.921941,-22.505778],[-48.883225,-22.522828],[-48.880247,-22.5244],[-48.792876,-22.58921],[-48.791509,-22.590017],[-48.777346,-22.596998],[-48.75504,-22.611866],[-48.753483,-22.613439],[-48.752628,-22.615199],[-48.752393,-22.616976],[-48.752852,-22.621051],[-48.752731,-22.622595],[-48.751985,-22.624643],[-48.751395,-22.62558],[-48.750518,-22.626522],[-48.690689,-22.674427],[-48.688763,-22.675814],[-48.616083,-22.734125],[-48.61392,-22.735493],[-48.576686,-22.752112],[-48.574235,-22.753523],[-48.572361,-22.75549],[-48.554364,-22.780974],[-48.553062,-22.783248],[-48.548961,-22.792448],[-48.547781,-22.794363],[-48.545968,-22.796423],[-48.533914,-22.808707],[-48.532924,-22.809958],[-48.532326,-22.811125],[-48.531987,-22.812217],[-48.529651,-22.824221],[-48.528987,-22.825937],[-48.528091,-22.827372],[-48.527188,-22.828374],[-48.516798,-22.838033],[-48.508708,-22.845387],[-48.49459,-22.854195],[-48.492008,-22.856358],[-48.49003,-22.858928],[-48.48027,-22.875439],[-48.479761,-22.876532],[-48.479846,-22.876761],[-48.480093,-22.87683],[-48.480685,-22.876579],[-48.48058,-22.876167],[-48.479344,-22.875445],[-48.476424,-22.873964],[-48.476037,-22.873617],[-48.468173,-22.869182],[-48.467532,-22.868975],[-48.461411,-22.869237],[-48.460663,-22.869466],[-48.459981,-22.869312],[-48.452023,-22.870836],[-48.450871,-22.871199],[-48.448492,-22.874347],[-48.447364,-22.874446],[-48.44621,-22.873717],[-48.443052,-22.877548],[-48.441346,-22.88145],[-48.441567,-22.885069],[-48.436105,-22.885337],[-48.436237,-22.887458],[-48.436035,-22.888069]]}},{"type":"Feature","properties":{"id_backbone":"BB-097802A2784D","trecho":"BRU.AC-BRU.VF","cluster":"BAURU","cabo":"F-0104-00","capacidade":"24","extensao_km":3.37,"confianca":"MEDIA","fonte":"OSRM/OpenStreetMap","ponta_a":"BRU.AC","municipio_a":"BAURU","ponta_b":"BRU.VF","municipio_b":"BAURU"},"geometry":{"type":"LineString","coordinates":[[-49.067312,-22.328003],[-49.067411,-22.327657],[-49.068397,-22.327903],[-49.068144,-22.3288],[-49.073108,-22.330039],[-49.078091,-22.33114],[-49.084465,-22.332259],[-49.085504,-22.332072],[-49.085725,-22.33185],[-49.08632,-22.331887],[-49.087448,-22.331543],[-49.093917,-22.327687],[-49.096483,-22.32834]]}},{"type":"Feature","properties":{"id_backbone":"BB-908F22BA0873","trecho":"BRU.AC-BRU.VA","cluster":"BAURU","cabo":"F-0145","capacidade":"24","extensao_km":3.526,"confianca":"SEM_REFERENCIA","fonte":"OSRM/OpenStreetMap","ponta_a":"BRU.AC","municipio_a":"BAURU","ponta_b":"BRU.VA","municipio_b":"BAURU"},"geometry":{"type":"LineString","coordinates":[[-49.067312,-22.328003],[-49.071685,-22.312344],[-49.072025,-22.311381],[-49.072487,-22.310811],[-49.07217,-22.310301],[-49.073215,-22.309155],[-49.073033,-22.308322],[-49.071725,-22.306438],[-49.071107,-22.304578],[-49.071215,-22.302927],[-49.070122,-22.302806],[-49.070101,-22.302986],[-49.068677,-22.303331],[-49.068249,-22.301795],[-49.067483,-22.301363]]}},{"type":"Feature","properties":{"id_backbone":"BB-BB03273A7931","trecho":"BRU.CE-BRU.VF","cluster":"BAURU","cabo":"F-0101-00","capacidade":"72","extensao_km":3.244,"confianca":"ALTA","fonte":"OSRM/OpenStreetMap","ponta_a":"BRU.CE","municipio_a":"BAURU","ponta_b":"BRU.VF","municipio_b":"BAURU"},"geometry":{"type":"LineString","coordinates":[[-49.074394,-22.32212],[-49.075303,-22.322346],[-49.074898,-22.32374],[-49.079227,-22.324805],[-49.082191,-22.329395],[-49.082476,-22.329501],[-49.083305,-22.329394],[-49.083627,-22.329099],[-49.084149,-22.329137],[-49.084893,-22.328709],[-49.086001,-22.33044],[-49.085717,-22.331312],[-49.08603,-22.331906],[-49.087448,-22.331543],[-49.093917,-22.327687],[-49.096483,-22.32834]]}},{"type":"Feature","properties":{"id_backbone":"BB-786075B410DE","trecho":"BRU.RE-BRU.VA","cluster":"BAURU","cabo":"F-0102-00","capacidade":"72","extensao_km":6.154,"confianca":"ALTA","fonte":"OSRM/OpenStreetMap","ponta_a":"BRU.RE","municipio_a":"BAURU","ponta_b":"BRU.VA","municipio_b":"BAURU"},"geometry":{"type":"LineString","coordinates":[[-49.032788,-22.319251],[-49.032731,-22.319464],[-49.032987,-22.319514],[-49.051944,-22.322573],[-49.051761,-22.323497],[-49.052332,-22.323561],[-49.055702,-22.311852],[-49.055539,-22.311171],[-49.055143,-22.310736],[-49.054155,-22.31046],[-49.053208,-22.3105],[-49.053027,-22.310332],[-49.053031,-22.309975],[-49.053299,-22.309808],[-49.05537,-22.309778],[-49.057454,-22.308905],[-49.06014,-22.305209],[-49.060711,-22.304066],[-49.062039,-22.302522],[-49.064144,-22.300614],[-49.06435,-22.300626],[-49.06475,-22.301324],[-49.065019,-22.30146],[-49.064945,-22.301707],[-49.065165,-22.302157],[-49.065577,-22.30217],[-49.066573,-22.301012],[-49.067337,-22.301527],[-49.067483,-22.301363]]}},{"type":"Feature","properties":{"id_backbone":"BB-0B1EA461C797","trecho":"BSS.VA-NZP.NZ","cluster":"JUNDIAI","cabo":"F-0262","capacidade":"12","extensao_km":11.408,"confianca":"SEM_REFERENCIA","fonte":"OSRM/OpenStreetMap","ponta_a":"BSS.VA","municipio_a":"BOM JESUS DOS PERDOES","ponta_b":"NZP.NZ","municipio_b":"NAZARE PAULISTA"},"geometry":{"type":"LineString","coordinates":[[-46.46289,-23.139012],[-46.462297,-23.138588],[-46.461401,-23.139722],[-46.461284,-23.139509],[-46.459088,-23.138966],[-46.460007,-23.136636],[-46.459343,-23.137615],[-46.453554,-23.151701],[-46.452136,-23.154653],[-46.444037,-23.167453],[-46.443457,-23.168147],[-46.442229,-23.169123],[-46.440953,-23.169754],[-46.439334,-23.170139],[-46.424903,-23.171302],[-46.423173,-23.17114],[-46.42139,-23.170711],[-46.406257,-23.165847],[-46.403832,-23.165871],[-46.397067,-23.167518],[-46.395535,-23.16799],[-46.394751,-23.168784],[-46.394254,-23.169056],[-46.394303,-23.170278],[-46.394501,-23.170959],[-46.39653,-23.175894],[-46.396599,-23.176814],[-46.396056,-23.177153],[-46.395736,-23.177923],[-46.39615,-23.178681],[-46.395993,-23.179393],[-46.396145,-23.179967],[-46.39607,-23.180582],[-46.396232,-23.180961],[-46.395906,-23.181076]]}},{"type":"Feature","properties":{"id_backbone":"BB-B89104A69BEE","trecho":"BTA.FP-ZACA.ZA","cluster":"ARACATUBA","cabo":"F-0020","capacidade":"6","extensao_km":12.026,"confianca":"ALTA","fonte":"OSRM/OpenStreetMap","ponta_a":"BTA.FP","municipio_a":"BURITAMA","ponta_b":"ZACA.ZA","municipio_b":"ZACARIAS"},"geometry":{"type":"LineString","coordinates":[[-50.150928,-21.06435],[-50.150842,-21.064092],[-50.149904,-21.064377],[-50.149615,-21.063515],[-50.138721,-21.066846],[-50.138366,-21.065991],[-50.127941,-21.071212],[-50.120082,-21.07547],[-50.118315,-21.076003],[-50.115177,-21.075978],[-50.106047,-21.07541],[-50.082165,-21.073347],[-50.081431,-21.073416],[-50.07672,-21.06979],[-50.07563,-21.069312],[-50.073044,-21.068771],[-50.071403,-21.067669],[-50.070619,-21.066549],[-50.068279,-21.059967],[-50.067555,-21.058893],[-50.066473,-21.057936],[-50.064666,-21.057096],[-50.055684,-21.054166],[-50.052464,-21.05326],[-50.051183,-21.051649],[-50.050768,-21.051929]]}},{"type":"Feature","properties":{"id_backbone":"BB-2E9EEAF605FD","trecho":"BTU.JP-SML.SU","cluster":"BAURU","cabo":"F-0171-00","capacidade":"36","extensao_km":25.956,"confianca":"ALTA","fonte":"OSRM/OpenStreetMap","ponta_a":"BTU.JP","municipio_a":"BOTUCATU","ponta_b":"SML.SU","municipio_b":"SAO MANUEL"},"geometry":{"type":"LineString","coordinates":[[-48.436035,-22.888069],[-48.435379,-22.889509],[-48.43556,-22.892468],[-48.450512,-22.891629],[-48.453624,-22.891168],[-48.457933,-22.889928],[-48.458472,-22.88914],[-48.459407,-22.886785],[-48.460348,-22.885601],[-48.468274,-22.880391],[-48.469837,-22.879915],[-48.475606,-22.879466],[-48.476812,-22.879093],[-48.477688,-22.878597],[-48.478617,-22.877813],[-48.479066,-22.877201],[-48.489771,-22.859023],[-48.491715,-22.856402],[-48.493216,-22.854983],[-48.494519,-22.85401],[-48.508481,-22.845338],[-48.516553,-22.838077],[-48.527602,-22.827669],[-48.528673,-22.82611],[-48.529419,-22.824314],[-48.531828,-22.812078],[-48.532664,-22.810046],[-48.533549,-22.808872],[-48.546226,-22.795978],[-48.547568,-22.794387],[-48.548865,-22.792207],[-48.552742,-22.783483],[-48.554046,-22.781159],[-48.572531,-22.754906],[-48.573738,-22.753381],[-48.573724,-22.752317],[-48.573114,-22.751356],[-48.572876,-22.750274],[-48.572806,-22.746709],[-48.573967,-22.741466],[-48.574461,-22.74082],[-48.576405,-22.739073],[-48.576635,-22.738419],[-48.576597,-22.737617],[-48.576057,-22.736491],[-48.569331,-22.729234],[-48.568609,-22.72981]]}},{"type":"Feature","properties":{"id_backbone":"BB-EC1632F83443","trecho":"BTV.AB-IEO.GC","cluster":"SOROCABA","cabo":"F-0061","capacidade":"24","extensao_km":8.98,"confianca":"ALTA","fonte":"OSRM/OpenStreetMap","ponta_a":"BTV.AB","municipio_a":"BOITUVA","ponta_b":"IEO.GC","municipio_b":"IPERO"},"geometry":{"type":"LineString","coordinates":[[-47.6715,-23.2846],[-47.669824,-23.284149],[-47.669591,-23.284862],[-47.674503,-23.28616],[-47.674796,-23.286485],[-47.678929,-23.288611],[-47.679627,-23.291452],[-47.680003,-23.291801],[-47.679931,-23.292413],[-47.680411,-23.29595],[-47.678174,-23.297081],[-47.678022,-23.297393],[-47.67899,-23.298451],[-47.679577,-23.298635],[-47.679694,-23.299198],[-47.680619,-23.300111],[-47.681033,-23.301051],[-47.682562,-23.319397],[-47.68209,-23.327516],[-47.682309,-23.328493],[-47.681958,-23.329823],[-47.681905,-23.33122],[-47.682317,-23.33184],[-47.685154,-23.333582],[-47.686321,-23.334502],[-47.688339,-23.336634],[-47.689368,-23.338413],[-47.690704,-23.342427],[-47.690095,-23.344522],[-47.68999,-23.34843],[-47.686935,-23.349492],[-47.68685,-23.349282]]}},{"type":"Feature","properties":{"id_backbone":"BB-D9086525FE3F","trecho":"BYT.PT-NOL.RG","cluster":"SAO JOSE DO RIO PRETO","cabo":"F-0022","capacidade":"12","extensao_km":12.764,"confianca":"SEM_REFERENCIA","fonte":"OSRM/OpenStreetMap","ponta_a":"BYT.PT","municipio_a":"BADY BASSITT","ponta_b":"NOL.RG","municipio_b":"NOVA ALIANCA"},"geometry":{"type":"LineString","coordinates":[[-49.446505,-20.917135],[-49.446008,-20.917291],[-49.446956,-20.919954],[-49.447817,-20.921817],[-49.462441,-20.941394],[-49.469762,-20.951095],[-49.470781,-20.952162],[-49.475797,-20.955999],[-49.476897,-20.957129],[-49.487164,-20.971348],[-49.49019,-20.97816],[-49.492405,-20.983614],[-49.492469,-20.984977],[-49.491574,-20.989449],[-49.491541,-20.990366],[-49.492137,-20.994723],[-49.49263,-20.996511],[-49.494857,-21.001204],[-49.495349,-21.002954],[-49.495512,-21.009613],[-49.496005,-21.01183],[-49.497053,-21.014283],[-49.496792,-21.015718],[-49.498453,-21.016092]]}},{"type":"Feature","properties":{"id_backbone":"BB-19B02BF67BF6","trecho":"CACU.CC-CUH.PG","cluster":"SAO JOSE DOS CAMPOS","cabo":"F-S/N","capacidade":"12","extensao_km":28.848,"confianca":"REJEITADA","fonte":"OSRM/OpenStreetMap","ponta_a":"CACU.CC","municipio_a":"CUNHA","ponta_b":"CUH.PG","municipio_b":"CUNHA"},"geometry":{"type":"LineString","coordinates":[[-44.819582,-22.919286],[-44.819241,-22.919222],[-44.819078,-22.919731],[-44.819328,-22.919914],[-44.81902,-22.920169],[-44.818676,-22.920201],[-44.819277,-22.921087],[-44.819885,-22.922706],[-44.819376,-22.923422],[-44.818619,-22.923635],[-44.818035,-22.924692],[-44.817946,-22.925165],[-44.818133,-22.92563],[-44.819018,-22.926202],[-44.820305,-22.927941],[-44.820777,-22.928316],[-44.821346,-22.930135],[-44.820958,-22.93069],[-44.821572,-22.931099],[-44.821623,-22.931397],[-44.821013,-22.931636],[-44.821022,-22.932132],[-44.820464,-22.932646],[-44.820543,-22.932906],[-44.820986,-22.932982],[-44.822492,-22.932625],[-44.823415,-22.932905],[-44.824455,-22.934346],[-44.824575,-22.935154],[-44.824348,-22.935749],[-44.823447,-22.936302],[-44.822279,-22.938197],[-44.822438,-22.939029],[-44.823588,-22.940351],[-44.823618,-22.941855],[-44.824262,-22.943238],[-44.825262,-22.94375],[-44.825657,-22.944325],[-44.826408,-22.944937],[-44.828395,-22.947702],[-44.828725,-22.948435],[-44.829275,-22.951239],[-44.829811,-22.951772],[-44.829777,-22.952071],[-44.829047,-22.952525],[-44.829004,-22.95296],[-44.829511,-22.954084],[-44.829455,-22.954343],[-44.828532,-22.954659],[-44.828468,-22.957149],[-44.828781,-22.958016],[-44.830197,-22.958806],[-44.831944,-22.960053],[-44.832558,-22.961632],[-44.833103,-22.962108],[-44.83509,-22.962066],[-44.835785,-22.962325],[-44.837235,-22.96177],[-44.839862,-22.961851],[-44.840377,-22.962088],[-44.842214,-22.963805],[-44.842643,-22.964536],[-44.843072,-22.964615],[-44.844209,-22.964319],[-44.845269,-22.964992],[-44.846578,-22.965328],[-44.848007,-22.966057],[-44.84984,-22.966198],[-44.850333,-22.966099],[-44.851312,-22.965306],[-44.851791,-22.965131],[-44.852406,-22.965445],[-44.852642,-22.965899],[-44.852585,-22.968272],[-44.853007,-22.969337],[-44.852771,-22.970285],[-44.853122,-22.971097],[-44.853057,-22.971966],[-44.853444,-22.972618],[-44.853486,-22.973725],[-44.853873,-22.974535],[-44.854388,-22.974791],[-44.854345,-22.975246],[-44.855096,-22.976076],[-44.855954,-22.977537],[-44.856104,-22.978091],[-44.855997,-22.978624],[-44.855289,-22.97975],[-44.855289,-22.980066],[-44.855753,-22.980933],[-44.855496,-22.981427],[-44.855732,-22.982494],[-44.855739,-22.98378],[-44.855911,-22.984452],[-44.856569,-22.985674],[-44.857449,-22.985872],[-44.857993,-22.986585],[-44.857856,-22.987235],[-44.858271,-22.989212],[-44.858958,-22.989528],[-44.859387,-22.990141],[-44.860496,-22.990988],[-44.860882,-22.99164],[-44.861397,-22.991996],[-44.862234,-22.991837],[-44.863614,-22.992353],[-44.864516,-22.992373],[-44.865739,-22.993439],[-44.866884,-22.993763],[-44.867223,-22.994039],[-44.868376,-22.99363],[-44.868859,-22.993642],[-44.871005,-22.994847],[-44.873294,-22.995484],[-44.873843,-22.995957],[-44.874835,-22.996188],[-44.876066,-22.99677],[-44.877082,-22.997718],[-44.878877,-22.998592],[-44.878619,-22.999296],[-44.878702,-23.000543],[-44.87819,-23.000891],[-44.877517,-23.002326],[-44.876116,-23.003632],[-44.876419,-23.004555],[-44.876028,-23.005049],[-44.876219,-23.005842],[-44.876575,-23.006229],[-44.877756,-23.006686],[-44.878434,-23.006654],[-44.87918,-23.007174],[-44.879628,-23.007794],[-44.880172,-23.009101],[-44.882983,-23.011828],[-44.883498,-23.012162],[-44.883705,-23.014046],[-44.884346,-23.01444],[-44.884599,-23.015222],[-44.885086,-23.015677],[-44.885553,-23.016767],[-44.885868,-23.016984],[-44.886781,-23.017131],[-44.886991,-23.017399],[-44.886954,-23.017927],[-44.887284,-23.019542],[-44.88799,-23.020854],[-44.88787,-23.021456],[-44.88751,-23.021929],[-44.887593,-23.022253],[-44.889292,-23.022491],[-44.889914,-23.023083],[-44.890322,-23.024604],[-44.890965,-23.025295],[-44.891438,-23.025611],[-44.891947,-23.025552],[-44.89427,-23.0265],[-44.894592,-23.026717],[-44.895321,-23.028277],[-44.897552,-23.028499],[-44.897744,-23.028765],[-44.897613,-23.029369],[-44.897763,-23.029627],[-44.899206,-23.030192],[-44.89974,-23.030139],[-44.900817,-23.030771],[-44.900996,-23.030747],[-44.901345,-23.03029],[-44.902019,-23.030764],[-44.902201,-23.030736],[-44.902238,-23.029519],[-44.902769,-23.029234],[-44.903622,-23.029535],[-44.904085,-23.029324],[-44.907357,-23.029772],[-44.909093,-23.029542],[-44.911704,-23.029591],[-44.912997,-23.030493],[-44.915205,-23.031597],[-44.916365,-23.031489],[-44.916841,-23.031596],[-44.917448,-23.032332],[-44.919018,-23.033017],[-44.920505,-23.034246],[-44.922403,-23.034516],[-44.9236,-23.035157],[-44.924894,-23.035291],[-44.926249,-23.036077],[-44.926867,-23.036644],[-44.927672,-23.036634],[-44.929099,-23.036913],[-44.930548,-23.037795],[-44.93125,-23.038884],[-44.931651,-23.039195],[-44.932339,-23.039406],[-44.933687,-23.040211],[-44.936064,-23.040924],[-44.937081,-23.042369],[-44.939595,-23.043058],[-44.940569,-23.043527],[-44.940676,-23.043744],[-44.940592,-23.04425],[-44.94097,-23.044774],[-44.940733,-23.04539],[-44.94172,-23.048445],[-44.941054,-23.049047],[-44.941166,-23.049932],[-44.941638,-23.050898],[-44.943195,-23.05287],[-44.943187,-23.053627],[-44.942754,-23.054841],[-44.943074,-23.055078],[-44.943594,-23.055068],[-44.94431,-23.05633],[-44.944221,-23.059421],[-44.946317,-23.061361],[-44.946478,-23.063025],[-44.946744,-23.063664],[-44.947344,-23.064313],[-44.947368,-23.06521],[-44.947576,-23.065759],[-44.949555,-23.066832],[-44.950163,-23.067476],[-44.950364,-23.068502],[-44.950665,-23.068732],[-44.950729,-23.069437],[-44.950592,-23.069906],[-44.950104,-23.070531],[-44.95022,-23.071282],[-44.951192,-23.072319],[-44.952302,-23.073047],[-44.95568,-23.074043],[-44.957223,-23.075081],[-44.9585,-23.075044],[-44.958654,-23.07629],[-44.959426,-23.076187],[-44.959357,-23.075792]]}},{"type":"Feature","properties":{"id_backbone":"BB-BA5F8525BD29","trecho":"CAG.JZ-CTD.RB","cluster":"SAO JOSE DO RIO PRETO","cabo":"F-0040","capacidade":"12","extensao_km":15.382,"confianca":"ALTA","fonte":"OSRM/OpenStreetMap","ponta_a":"CAG.JZ","municipio_a":"CATIGUA","ponta_b":"CTD.RB","municipio_b":"CATANDUVA"},"geometry":{"type":"LineString","coordinates":[[-49.057618,-21.050891],[-49.057976,-21.051194],[-49.058634,-21.050521],[-49.060068,-21.051742],[-49.060715,-21.051094],[-49.061398,-21.050818],[-49.062017,-21.051469],[-49.062564,-21.052365],[-49.062784,-21.063201],[-49.062816,-21.063885],[-49.063042,-21.064146],[-49.062937,-21.064334],[-49.06196,-21.064374],[-49.056281,-21.066595],[-49.052995,-21.067604],[-49.052221,-21.068151],[-49.051369,-21.068196],[-49.050407,-21.068763],[-49.049256,-21.069794],[-49.03993,-21.083588],[-49.038826,-21.084705],[-49.018801,-21.100821],[-49.017555,-21.101465],[-49.01611,-21.101931],[-49.009194,-21.102702],[-49.008108,-21.103152],[-49.006386,-21.104626],[-49.005022,-21.107236],[-49.004193,-21.108235],[-48.996508,-21.113878],[-48.992344,-21.116155],[-48.991665,-21.116708],[-48.991204,-21.117411],[-48.991326,-21.118752],[-48.990934,-21.119106],[-48.990962,-21.120567],[-48.990655,-21.121157],[-48.984974,-21.12559],[-48.984093,-21.126042],[-48.982317,-21.12644],[-48.981741,-21.126845],[-48.981134,-21.128465],[-48.980631,-21.130487],[-48.981445,-21.132878],[-48.971033,-21.136429]]}},{"type":"Feature","properties":{"id_backbone":"BB-A9A2E411B8C0","trecho":"CAS.AM-CAS.CT","cluster":"CAMPINAS","cabo":"F-0078","capacidade":"24","extensao_km":6.784,"confianca":"SEM_REFERENCIA","fonte":"OSRM/OpenStreetMap","ponta_a":"CAS.AM","municipio_a":"CAMPINAS","ponta_b":"CAS.CT","municipio_b":"CAMPINAS"},"geometry":{"type":"LineString","coordinates":[[-47.109515,-22.855487],[-47.1081,-22.856898],[-47.108641,-22.857356],[-47.109733,-22.856248],[-47.110009,-22.85621],[-47.109998,-22.856459],[-47.102149,-22.864385],[-47.099689,-22.866405],[-47.092969,-22.869911],[-47.091349,-22.871898],[-47.087148,-22.874112],[-47.083626,-22.874341],[-47.077358,-22.876068],[-47.076954,-22.876292],[-47.075665,-22.878273],[-47.07532,-22.879889],[-47.07541,-22.88093],[-47.075897,-22.882178],[-47.078413,-22.88644],[-47.078929,-22.88667],[-47.08034,-22.888741],[-47.08138,-22.892155],[-47.081688,-22.892388],[-47.081517,-22.892636],[-47.081209,-22.892562]]}},{"type":"Feature","properties":{"id_backbone":"BB-36B14235F2B2","trecho":"CAS.BD-CAS.BG","cluster":"CAMPINAS","cabo":"F-0046","capacidade":"12","extensao_km":4.277,"confianca":"ALTA","fonte":"OSRM/OpenStreetMap","ponta_a":"CAS.BD","municipio_a":"CAMPINAS","ponta_b":"CAS.BG","municipio_b":"CAMPINAS"},"geometry":{"type":"LineString","coordinates":[[-47.070406,-22.799328],[-47.070326,-22.798904],[-47.071444,-22.798259],[-47.071615,-22.798293],[-47.071887,-22.798466],[-47.07164,-22.799633],[-47.074231,-22.800543],[-47.077241,-22.801842],[-47.077069,-22.803961],[-47.077242,-22.804459],[-47.077897,-22.80536],[-47.077784,-22.806623],[-47.078576,-22.808674],[-47.074099,-22.8131],[-47.074429,-22.813549],[-47.074465,-22.814081],[-47.072871,-22.818177],[-47.078906,-22.823909],[-47.078808,-22.824189],[-47.077983,-22.823455],[-47.077057,-22.824569]]}},{"type":"Feature","properties":{"id_backbone":"BB-13E7160378CC","trecho":"CAS.BG-CAS.CT","cluster":"CAMPINAS","cabo":"F-0286","capacidade":"72","extensao_km":9.306,"confianca":"BAIXA","fonte":"OSRM/OpenStreetMap","ponta_a":"CAS.BG","municipio_a":"CAMPINAS","ponta_b":"CAS.CT","municipio_b":"CAMPINAS"},"geometry":{"type":"LineString","coordinates":[[-47.077057,-22.824569],[-47.076689,-22.825012],[-47.074928,-22.825077],[-47.073118,-22.826833],[-47.077585,-22.833401],[-47.078489,-22.833922],[-47.078901,-22.833543],[-47.079167,-22.833575],[-47.079367,-22.834075],[-47.07926,-22.834977],[-47.07955,-22.836524],[-47.079811,-22.837148],[-47.080734,-22.838447],[-47.080825,-22.83908],[-47.07993,-22.840467],[-47.079531,-22.843867],[-47.078912,-22.846287],[-47.073452,-22.856767],[-47.072087,-22.859868],[-47.071826,-22.860848],[-47.071022,-22.867214],[-47.068607,-22.873391],[-47.069297,-22.873803],[-47.070227,-22.874061],[-47.070955,-22.874769],[-47.071603,-22.874867],[-47.073234,-22.874707],[-47.074624,-22.874969],[-47.076777,-22.87632],[-47.076787,-22.876544],[-47.075933,-22.877735],[-47.075525,-22.878715],[-47.07532,-22.879889],[-47.07541,-22.88093],[-47.075897,-22.882178],[-47.078413,-22.88644],[-47.078929,-22.88667],[-47.08034,-22.888741],[-47.08138,-22.892155],[-47.081688,-22.892388],[-47.081517,-22.892636],[-47.081209,-22.892562]]}},{"type":"Feature","properties":{"id_backbone":"BB-0B80C633A511","trecho":"CAS.BV-CAS.TK","cluster":"CAMPINAS","cabo":"F-0007","capacidade":"72","extensao_km":10.934,"confianca":"SEM_REFERENCIA","fonte":"OSRM/OpenStreetMap","ponta_a":"CAS.BV","municipio_a":"CAMPINAS","ponta_b":"CAS.TK","municipio_b":"CAMPINAS"},"geometry":{"type":"LineString","coordinates":[[-47.123765,-22.884257],[-47.124232,-22.88381],[-47.124448,-22.883831],[-47.124543,-22.884014],[-47.124321,-22.884274],[-47.125314,-22.885725],[-47.123894,-22.887724],[-47.124515,-22.888625],[-47.12381,-22.88967],[-47.123253,-22.893341],[-47.122773,-22.89474],[-47.12392,-22.895513],[-47.124406,-22.895485],[-47.124606,-22.895016],[-47.124374,-22.894819],[-47.122437,-22.896702],[-47.119367,-22.898567],[-47.117669,-22.899218],[-47.116002,-22.899577],[-47.114644,-22.899578],[-47.113459,-22.899199],[-47.112229,-22.898487],[-47.110987,-22.896916],[-47.11034,-22.896572],[-47.109847,-22.89648],[-47.109528,-22.896592],[-47.109371,-22.896896],[-47.109514,-22.897222],[-47.109882,-22.897343],[-47.110272,-22.897075],[-47.113145,-22.887796],[-47.114047,-22.885562],[-47.115538,-22.882868],[-47.117895,-22.879909],[-47.119713,-22.878165],[-47.13104,-22.868297],[-47.134288,-22.865077],[-47.13992,-22.861837],[-47.142493,-22.860156],[-47.142862,-22.859817],[-47.143676,-22.858313],[-47.144157,-22.857883],[-47.144866,-22.857616],[-47.1471,-22.857202],[-47.149022,-22.856174],[-47.152766,-22.853816],[-47.153198,-22.853521],[-47.153131,-22.853299],[-47.152697,-22.852733],[-47.152106,-22.852619],[-47.151956,-22.852169],[-47.15224,-22.851814],[-47.152638,-22.851773],[-47.152993,-22.852044],[-47.153043,-22.852314]]}},{"type":"Feature","properties":{"id_backbone":"BB-E26E228A63FC","trecho":"CAS.CB-CAS.SS","cluster":"CAMPINAS","cabo":"F-0148","capacidade":"24","extensao_km":10.633,"confianca":"ALTA","fonte":"OSRM/OpenStreetMap","ponta_a":"CAS.CB","municipio_a":"CAMPINAS","ponta_b":"CAS.SS","municipio_b":"CAMPINAS"},"geometry":{"type":"LineString","coordinates":[[-47.041063,-22.894883],[-47.041309,-22.894439],[-47.04076,-22.893825],[-47.040782,-22.893086],[-47.040875,-22.893732],[-47.041996,-22.894946],[-47.043427,-22.898409],[-47.043759,-22.898491],[-47.043866,-22.898791],[-47.043341,-22.899171],[-47.04047,-22.905606],[-47.040318,-22.906505],[-47.025002,-22.901398],[-47.002536,-22.895801],[-46.993027,-22.892666],[-46.990465,-22.892035],[-46.988439,-22.891333],[-46.98681,-22.890547],[-46.98058,-22.888447],[-46.979898,-22.888348],[-46.975963,-22.88686],[-46.975435,-22.886812],[-46.974672,-22.886164],[-46.967943,-22.878436],[-46.967307,-22.878301],[-46.963774,-22.879136],[-46.963829,-22.879509]]}},{"type":"Feature","properties":{"id_backbone":"BB-C52784576FE7","trecho":"CAS.CB-CAS.CE","cluster":"CAMPINAS","cabo":"F-0001","capacidade":"72","extensao_km":3.967,"confianca":"ALTA","fonte":"OSRM/OpenStreetMap","ponta_a":"CAS.CB","municipio_a":"CAMPINAS","ponta_b":"CAS.CE","municipio_b":"CAMPINAS"},"geometry":{"type":"LineString","coordinates":[[-47.041063,-22.894883],[-47.041309,-22.894439],[-47.04076,-22.893825],[-47.040782,-22.893086],[-47.040977,-22.893913],[-47.041996,-22.894946],[-47.043427,-22.898409],[-47.043759,-22.898491],[-47.043867,-22.898682],[-47.04375,-22.898981],[-47.043341,-22.899171],[-47.042569,-22.900901],[-47.044539,-22.901886],[-47.045592,-22.901963],[-47.047887,-22.902975],[-47.048782,-22.903265],[-47.049088,-22.903178],[-47.049088,-22.904152],[-47.049596,-22.903751],[-47.050111,-22.903885],[-47.050295,-22.905245],[-47.052359,-22.904947],[-47.0555,-22.906184],[-47.056072,-22.90517],[-47.060349,-22.906986],[-47.061994,-22.903653]]}},{"type":"Feature","properties":{"id_backbone":"BB-287A03E89875","trecho":"CAS.CE-VOS.IA","cluster":"CAMPINAS","cabo":"F-0112","capacidade":"18","extensao_km":10.947,"confianca":"BAIXA","fonte":"OSRM/OpenStreetMap","ponta_a":"CAS.CE","municipio_a":"CAMPINAS","ponta_b":"VOS.IA","municipio_b":"VALINHOS"},"geometry":{"type":"LineString","coordinates":[[-47.061994,-22.903653],[-47.062644,-22.902322],[-47.06133,-22.901707],[-47.057336,-22.909396],[-47.054965,-22.91438],[-47.054738,-22.915347],[-47.055897,-22.915839],[-47.054159,-22.919128],[-47.051071,-22.921716],[-47.050717,-22.922648],[-47.049076,-22.925453],[-47.036072,-22.936631],[-47.032776,-22.942325],[-47.032019,-22.943388],[-47.024456,-22.950754],[-47.023502,-22.952543],[-47.023155,-22.95442],[-47.022409,-22.955944],[-47.021911,-22.956605],[-47.021145,-22.957146],[-47.019805,-22.957599],[-47.015815,-22.959382],[-47.011314,-22.96224],[-47.010893,-22.96282],[-46.99869,-22.972408],[-46.99878,-22.972004]]}},{"type":"Feature","properties":{"id_backbone":"BB-DA86AACAD478","trecho":"CAS.CE-CAS.JO","cluster":"CAMPINAS","cabo":"F-0133","capacidade":"72","extensao_km":4.55,"confianca":"ALTA","fonte":"OSRM/OpenStreetMap","ponta_a":"CAS.CE","municipio_a":"CAMPINAS","ponta_b":"CAS.JO","municipio_b":"CAMPINAS"},"geometry":{"type":"LineString","coordinates":[[-47.061994,-22.903653],[-47.062644,-22.902322],[-47.06133,-22.901707],[-47.057336,-22.909396],[-47.054965,-22.91438],[-47.054738,-22.915347],[-47.055897,-22.915839],[-47.054159,-22.919128],[-47.051071,-22.921716],[-47.050717,-22.922648],[-47.049076,-22.925453],[-47.04181,-22.931629],[-47.041968,-22.931926],[-47.042683,-22.932133],[-47.042536,-22.932182]]}},{"type":"Feature","properties":{"id_backbone":"BB-0A5A1B621AD0","trecho":"CAS.CE-CAS.DA","cluster":"CAMPINAS","cabo":null,"capacidade":"36","extensao_km":2.449,"confianca":"REJEITADA","fonte":"OSRM/OpenStreetMap","ponta_a":"CAS.CE","municipio_a":"CAMPINAS","ponta_b":"CAS.DA","municipio_b":"CAMPINAS"},"geometry":{"type":"LineString","coordinates":[[-47.061994,-22.903653],[-47.063302,-22.901192],[-47.063513,-22.901034],[-47.066218,-22.900566],[-47.066451,-22.899884],[-47.068513,-22.899764],[-47.07177,-22.898996],[-47.07197,-22.899162],[-47.07175,-22.899741],[-47.072077,-22.900218],[-47.075288,-22.898465],[-47.075751,-22.899208],[-47.076322,-22.899222],[-47.080397,-22.897329],[-47.080267,-22.89709]]}},{"type":"Feature","properties":{"id_backbone":"BB-52BB847B6C00","trecho":"CAS.CL-CAS.OV","cluster":"CAMPINAS","cabo":"F-0009","capacidade":"12","extensao_km":6.555,"confianca":"ALTA","fonte":"OSRM/OpenStreetMap","ponta_a":"CAS.CL","municipio_a":"CAMPINAS","ponta_b":"CAS.OV","municipio_b":"CAMPINAS"},"geometry":{"type":"LineString","coordinates":[[-47.096051,-22.926962],[-47.096478,-22.927518],[-47.09436,-22.928945],[-47.09703,-22.931214],[-47.097514,-22.932169],[-47.097241,-22.933483],[-47.09787,-22.935037],[-47.100744,-22.937184],[-47.10299,-22.939166],[-47.104727,-22.939934],[-47.106912,-22.941944],[-47.108439,-22.943112],[-47.109069,-22.943385],[-47.109379,-22.944886],[-47.109187,-22.946934],[-47.109409,-22.947797],[-47.111944,-22.950953],[-47.114286,-22.953369],[-47.114826,-22.954236],[-47.11584,-22.954786],[-47.116512,-22.955379],[-47.117722,-22.955994],[-47.119301,-22.957309],[-47.120743,-22.957567],[-47.121854,-22.958151],[-47.124284,-22.958922],[-47.125736,-22.959753],[-47.126907,-22.960709],[-47.129263,-22.961676],[-47.129454,-22.961917],[-47.129176,-22.962466],[-47.128153,-22.963299],[-47.131205,-22.965611],[-47.131538,-22.966165],[-47.132041,-22.966024]]}},{"type":"Feature","properties":{"id_backbone":"BB-66B0ABB1B77D","trecho":"CAS.CT-JAI.GC","cluster":"CAMPINAS","cabo":"F-0401","capacidade":"36","extensao_km":46.978,"confianca":"SEM_REFERENCIA","fonte":"OSRM/OpenStreetMap","ponta_a":"CAS.CT","municipio_a":"CAMPINAS","ponta_b":"JAI.GC","municipio_b":"JUNDIAI"},"geometry":{"type":"LineString","coordinates":[[-47.081209,-22.892562],[-47.081208,-22.892243],[-47.081475,-22.892158],[-47.08168,-22.892467],[-47.087332,-22.893924],[-47.088532,-22.89382],[-47.090292,-22.892997],[-47.091214,-22.893095],[-47.092762,-22.893784],[-47.094454,-22.894162],[-47.095825,-22.895038],[-47.096557,-22.896055],[-47.098002,-22.896185],[-47.104475,-22.898308],[-47.10563,-22.898363],[-47.107394,-22.897739],[-47.107996,-22.897835],[-47.10907,-22.898528],[-47.109746,-22.898746],[-47.11051,-22.898744],[-47.111123,-22.898289],[-47.110885,-22.897844],[-47.110564,-22.897841],[-47.110276,-22.898093],[-47.108758,-22.902527],[-47.10762,-22.904382],[-47.093427,-22.920446],[-47.09139,-22.922083],[-47.07321,-22.933405],[-47.071771,-22.934559],[-47.070527,-22.936075],[-47.045221,-22.980448],[-47.027958,-23.005348],[-47.02448,-23.010908],[-47.023244,-23.013344],[-47.021114,-23.016409],[-47.013946,-23.027573],[-47.011579,-23.031647],[-47.00976,-23.036479],[-47.008469,-23.039168],[-47.001631,-23.050079],[-46.99702,-23.057065],[-46.979066,-23.080949],[-46.95852,-23.112134],[-46.957256,-23.114286],[-46.955962,-23.117142],[-46.955361,-23.118729],[-46.953743,-23.124356],[-46.952758,-23.126979],[-46.950534,-23.130458],[-46.943941,-23.1373],[-46.941048,-23.141089],[-46.93965,-23.143688],[-46.933996,-23.156966],[-46.92935,-23.164835],[-46.927253,-23.167833],[-46.926143,-23.169114],[-46.924163,-23.170982],[-46.913225,-23.179572],[-46.911844,-23.180813],[-46.910426,-23.182376],[-46.909064,-23.184214],[-46.907278,-23.187623],[-46.905391,-23.192784],[-46.905496,-23.193358],[-46.905796,-23.193484],[-46.906143,-23.193397],[-46.906412,-23.193105],[-46.906436,-23.192819],[-46.905959,-23.192105],[-46.902987,-23.191143],[-46.899174,-23.190995],[-46.898497,-23.190834],[-46.890838,-23.190298],[-46.89008,-23.190117],[-46.88906,-23.189593],[-46.888042,-23.190899],[-46.886311,-23.189986],[-46.885009,-23.191895],[-46.884393,-23.192443],[-46.883647,-23.192489],[-46.88127,-23.195511],[-46.880624,-23.195543],[-46.878774,-23.194419],[-46.87791,-23.195622],[-46.877331,-23.196137],[-46.875302,-23.197254],[-46.875668,-23.197677]]}},{"type":"Feature","properties":{"id_backbone":"BB-E40C9E3F001F","trecho":"CAS.CT-JGU.AE","cluster":"CAMPINAS","cabo":"F-0017","capacidade":"36","extensao_km":30.057,"confianca":"SEM_REFERENCIA","fonte":"OSRM/OpenStreetMap","ponta_a":"CAS.CT","municipio_a":"CAMPINAS","ponta_b":"JGU.AE","municipio_b":"JAGUARIUNA"},"geometry":{"type":"LineString","coordinates":[[-47.081209,-22.892562],[-47.081159,-22.892323],[-47.080796,-22.892017],[-47.080053,-22.892786],[-47.077953,-22.890942],[-47.077386,-22.8913],[-47.076796,-22.891385],[-47.076231,-22.89125],[-47.075744,-22.890896],[-47.075431,-22.890255],[-47.075488,-22.889618],[-47.07582,-22.889114],[-47.07655,-22.888637],[-47.07247,-22.881592],[-47.071974,-22.881088],[-47.071549,-22.881038],[-47.065365,-22.882116],[-47.064616,-22.882479],[-47.064291,-22.882393],[-47.064145,-22.882123],[-47.060675,-22.882135],[-47.060253,-22.881887],[-47.059296,-22.880665],[-47.058776,-22.880541],[-47.056473,-22.881971],[-47.056316,-22.882317],[-47.056104,-22.882392],[-47.05575,-22.882103],[-47.050723,-22.881033],[-47.050269,-22.880588],[-47.049502,-22.878459],[-47.046974,-22.87542],[-47.045256,-22.874874],[-47.04057,-22.874217],[-47.040682,-22.872858],[-47.041164,-22.87222],[-47.040992,-22.871208],[-47.041306,-22.870182],[-47.041058,-22.869661],[-47.038119,-22.865712],[-47.037347,-22.864338],[-47.036677,-22.862028],[-47.036667,-22.858695],[-47.036845,-22.857805],[-47.038538,-22.854767],[-47.041414,-22.851863],[-47.042524,-22.851504],[-47.042439,-22.850613],[-47.04144,-22.847824],[-47.040984,-22.846979],[-47.040295,-22.846114],[-47.038823,-22.844809],[-47.0369,-22.841877],[-47.035946,-22.839693],[-47.033353,-22.834778],[-47.032837,-22.833319],[-47.032711,-22.831181],[-47.033116,-22.829325],[-47.033933,-22.827674],[-47.036867,-22.823889],[-47.037292,-22.82251],[-47.037259,-22.821548],[-47.036555,-22.818175],[-47.033182,-22.806906],[-47.03189,-22.793211],[-47.031292,-22.790292],[-47.030631,-22.788642],[-47.029815,-22.787143],[-47.023441,-22.777962],[-47.023054,-22.777195],[-47.022342,-22.774815],[-47.021791,-22.771017],[-47.021616,-22.766478],[-47.019588,-22.744425],[-47.019292,-22.74312],[-47.014877,-22.729611],[-47.014352,-22.727088],[-47.012998,-22.701584],[-47.012685,-22.6987],[-47.010552,-22.696043],[-47.009588,-22.69565],[-47.008354,-22.695443],[-47.005009,-22.697162],[-47.002473,-22.697949],[-47.002119,-22.698421],[-47.001819,-22.698446],[-47.001422,-22.698234],[-46.998332,-22.699184],[-46.997645,-22.699693],[-46.997004,-22.700436],[-46.99625,-22.702534],[-46.99556,-22.703636],[-46.994742,-22.704179],[-46.9919,-22.705227],[-46.991265,-22.705431],[-46.990766,-22.705301],[-46.990155,-22.705371],[-46.98998,-22.704958],[-46.984978,-22.703106]]}},{"type":"Feature","properties":{"id_backbone":"BB-53657F673071","trecho":"CAS.CT-CAS.SB","cluster":"CAMPINAS","cabo":"F-0037","capacidade":"70","extensao_km":4.754,"confianca":"BAIXA","fonte":"OSRM/OpenStreetMap","ponta_a":"CAS.CT","municipio_a":"CAMPINAS","ponta_b":"CAS.SB","municipio_b":"CAMPINAS"},"geometry":{"type":"LineString","coordinates":[[-47.081209,-22.892562],[-47.081159,-22.892323],[-47.080796,-22.892017],[-47.079447,-22.893378],[-47.080057,-22.894518],[-47.080344,-22.894684],[-47.080291,-22.894953],[-47.082234,-22.898566],[-47.081371,-22.898949],[-47.082259,-22.900603],[-47.082395,-22.901982],[-47.084249,-22.907839],[-47.086039,-22.910349],[-47.086536,-22.910513],[-47.086702,-22.910847],[-47.086454,-22.911148],[-47.08589,-22.911007],[-47.083694,-22.911747],[-47.085024,-22.913213],[-47.08525,-22.913776],[-47.084542,-22.914665],[-47.084577,-22.91518],[-47.084002,-22.916375],[-47.083279,-22.917759],[-47.082685,-22.918458],[-47.080948,-22.919865],[-47.079722,-22.920045],[-47.078756,-22.920684],[-47.078186,-22.922051],[-47.077402,-22.923078],[-47.076018,-22.922124],[-47.075821,-22.922379]]}},{"type":"Feature","properties":{"id_backbone":"BB-32CAA2F10F69","trecho":"CAS.DL-HORT.SC","cluster":"CAMPINAS","cabo":"#312","capacidade":"36","extensao_km":9.782,"confianca":"SEM_REFERENCIA","fonte":"OSRM/OpenStreetMap","ponta_a":"CAS.DL","municipio_a":"CAMPINAS","ponta_b":"HORT.SC","municipio_b":"HORTOLANDIA"},"geometry":{"type":"LineString","coordinates":[[-47.187947,-22.950169],[-47.188235,-22.949955],[-47.188912,-22.950183],[-47.189082,-22.949752],[-47.188055,-22.949371],[-47.187275,-22.949967],[-47.187487,-22.950763],[-47.187679,-22.950874],[-47.187548,-22.951065],[-47.186833,-22.950541],[-47.186471,-22.946654],[-47.185879,-22.945265],[-47.185008,-22.944316],[-47.182518,-22.942753],[-47.179682,-22.943064],[-47.179426,-22.942744],[-47.179535,-22.942441],[-47.181574,-22.94198],[-47.182073,-22.942098],[-47.183541,-22.940627],[-47.184072,-22.939342],[-47.186564,-22.93732],[-47.187282,-22.936338],[-47.187392,-22.935928],[-47.186993,-22.933334],[-47.186492,-22.932368],[-47.186451,-22.931982],[-47.188158,-22.930371],[-47.188897,-22.928622],[-47.189397,-22.924408],[-47.192376,-22.918268],[-47.194591,-22.914774],[-47.197312,-22.911739],[-47.197263,-22.911468],[-47.196396,-22.910319],[-47.194378,-22.907924],[-47.194129,-22.90783],[-47.194251,-22.907397],[-47.194556,-22.907379],[-47.195786,-22.905502],[-47.198634,-22.900818],[-47.197662,-22.900208],[-47.194907,-22.898991],[-47.188689,-22.896606],[-47.188156,-22.896629],[-47.187525,-22.897088],[-47.187006,-22.896655],[-47.186942,-22.896211],[-47.187195,-22.895622],[-47.187748,-22.895505],[-47.188902,-22.895748],[-47.189199,-22.896512],[-47.189608,-22.896817],[-47.19043,-22.897115],[-47.191176,-22.897082],[-47.192013,-22.897379],[-47.192085,-22.897167]]}},{"type":"Feature","properties":{"id_backbone":"BB-657F18D66D96","trecho":"CAS.JO-CAS.VT","cluster":"CAMPINAS","cabo":"F-0303","capacidade":"72","extensao_km":3.154,"confianca":"ALTA","fonte":"OSRM/OpenStreetMap","ponta_a":"CAS.JO","municipio_a":"CAMPINAS","ponta_b":"CAS.VT","municipio_b":"CAMPINAS"},"geometry":{"type":"LineString","coordinates":[[-47.042536,-22.932182],[-47.041842,-22.932013],[-47.041365,-22.932134],[-47.041194,-22.931727],[-47.041384,-22.931538],[-47.041667,-22.931532],[-47.041968,-22.931926],[-47.045568,-22.933044],[-47.050596,-22.93584],[-47.050367,-22.936835],[-47.051568,-22.940133],[-47.051951,-22.944077],[-47.052637,-22.94519],[-47.052891,-22.945242],[-47.056464,-22.943006],[-47.056958,-22.943691],[-47.058711,-22.942615]]}},{"type":"Feature","properties":{"id_backbone":"BB-3F712F1C23E4","trecho":"CAS.NA-HORT.HT","cluster":"CAMPINAS","cabo":"F-0136","capacidade":"72","extensao_km":9.235,"confianca":"BAIXA","fonte":"OSRM/OpenStreetMap","ponta_a":"CAS.NA","municipio_a":"CAMPINAS","ponta_b":"HORT.HT","municipio_b":"HORTOLANDIA"},"geometry":{"type":"LineString","coordinates":[[-47.149762,-22.863044],[-47.149895,-22.862954],[-47.149764,-22.862734],[-47.149878,-22.862671],[-47.150457,-22.863493],[-47.151723,-22.862719],[-47.152662,-22.861645],[-47.153897,-22.861368],[-47.15669,-22.859649],[-47.156782,-22.859775],[-47.159037,-22.859803],[-47.160833,-22.85922],[-47.167011,-22.858189],[-47.168671,-22.858125],[-47.169738,-22.858255],[-47.174355,-22.858002],[-47.175147,-22.862462],[-47.178887,-22.861881],[-47.179015,-22.861662],[-47.179569,-22.861983],[-47.184485,-22.863685],[-47.188524,-22.863808],[-47.189406,-22.863552],[-47.189635,-22.863645],[-47.189696,-22.863859],[-47.189493,-22.864341],[-47.18972,-22.865983],[-47.192097,-22.868822],[-47.19346,-22.871972],[-47.193431,-22.874552],[-47.194238,-22.87471],[-47.194752,-22.874531],[-47.196202,-22.873097],[-47.198436,-22.869678],[-47.199308,-22.868828],[-47.200163,-22.868316],[-47.200884,-22.868094],[-47.202078,-22.86924],[-47.202368,-22.86915],[-47.204811,-22.867209],[-47.209245,-22.86405],[-47.212717,-22.86463],[-47.214954,-22.864444],[-47.214873,-22.863765],[-47.215646,-22.863613],[-47.215875,-22.86391]]}},{"type":"Feature","properties":{"id_backbone":"BB-1A51F2B563D9","trecho":"CAS.SG-CAS.TQ","cluster":"CAMPINAS","cabo":"F-0079","capacidade":"24","extensao_km":3.294,"confianca":"REJEITADA","fonte":"OSRM/OpenStreetMap","ponta_a":"CAS.SG","municipio_a":"CAMPINAS","ponta_b":"CAS.TQ","municipio_b":"CAMPINAS"},"geometry":{"type":"LineString","coordinates":[[-47.068177,-22.852041],[-47.065331,-22.850748],[-47.063789,-22.852139],[-47.063041,-22.85252],[-47.061842,-22.852785],[-47.060788,-22.85271],[-47.059815,-22.851838],[-47.059338,-22.851668],[-47.058922,-22.85321],[-47.056823,-22.855913],[-47.056401,-22.855689],[-47.056227,-22.854438],[-47.055831,-22.854593],[-47.054886,-22.855499],[-47.054451,-22.85503],[-47.053471,-22.85439],[-47.046143,-22.855954],[-47.045565,-22.85367],[-47.044899,-22.853813]]}},{"type":"Feature","properties":{"id_backbone":"BB-1F2EA1A5181B","trecho":"CATC.CB-SLD.DC","cluster":"SAO JOSE DOS CAMPOS","cabo":"F-S/N","capacidade":"12","extensao_km":17.934,"confianca":"BAIXA","fonte":"OSRM/OpenStreetMap","ponta_a":"CATC.CB","municipio_a":"SAO LUIZ DO PARAITINGA","ponta_b":"SLD.DC","municipio_b":"SAO LUIZ DO PARAITINGA"},"geometry":{"type":"LineString","coordinates":[[-45.208258,-23.249352],[-45.210182,-23.25136],[-45.211585,-23.252365],[-45.211746,-23.252697],[-45.211732,-23.253761],[-45.212074,-23.254239],[-45.217563,-23.256589],[-45.217943,-23.257123],[-45.218816,-23.257754],[-45.221545,-23.257003],[-45.224199,-23.257186],[-45.225963,-23.257578],[-45.226401,-23.257779],[-45.226796,-23.258286],[-45.227848,-23.258668],[-45.228649,-23.259261],[-45.230079,-23.259468],[-45.231147,-23.260489],[-45.230985,-23.260768],[-45.230001,-23.261107],[-45.229604,-23.261673],[-45.229043,-23.261977],[-45.22902,-23.262273],[-45.229242,-23.262415],[-45.232502,-23.262512],[-45.233659,-23.262793],[-45.233922,-23.262672],[-45.234492,-23.261943],[-45.235139,-23.261802],[-45.236088,-23.262621],[-45.237728,-23.26304],[-45.239712,-23.26254],[-45.240763,-23.262642],[-45.241666,-23.26235],[-45.242729,-23.262289],[-45.24365,-23.261917],[-45.244227,-23.26132],[-45.244584,-23.26003],[-45.244868,-23.259574],[-45.245131,-23.258176],[-45.245441,-23.257678],[-45.246267,-23.257706],[-45.247089,-23.257477],[-45.248013,-23.257766],[-45.248996,-23.258447],[-45.249723,-23.258507],[-45.251057,-23.258107],[-45.25188,-23.257243],[-45.252055,-23.256354],[-45.253701,-23.255838],[-45.256316,-23.255769],[-45.257302,-23.256018],[-45.258274,-23.255768],[-45.260362,-23.255806],[-45.261181,-23.255407],[-45.262097,-23.255382],[-45.26403,-23.254934],[-45.26476,-23.254512],[-45.265431,-23.254362],[-45.265572,-23.254038],[-45.264752,-23.253337],[-45.264588,-23.252457],[-45.264137,-23.25188],[-45.264428,-23.251359],[-45.264474,-23.250916],[-45.264794,-23.250669],[-45.265594,-23.250659],[-45.265913,-23.250505],[-45.266904,-23.24911],[-45.268099,-23.248179],[-45.269495,-23.248589],[-45.270178,-23.248985],[-45.272065,-23.249226],[-45.272392,-23.250253],[-45.273335,-23.250248],[-45.274373,-23.251301],[-45.27455,-23.251981],[-45.274183,-23.252911],[-45.27446,-23.253226],[-45.275193,-23.253543],[-45.277027,-23.253739],[-45.277669,-23.25305],[-45.2777,-23.251755],[-45.278623,-23.250168],[-45.280389,-23.249903],[-45.280522,-23.249718],[-45.28049,-23.249139],[-45.280996,-23.248446],[-45.282386,-23.248848],[-45.282969,-23.248727],[-45.283444,-23.248168],[-45.284275,-23.248407],[-45.284971,-23.249264],[-45.285918,-23.249248],[-45.286819,-23.248874],[-45.28731,-23.249033],[-45.289504,-23.251691],[-45.289463,-23.252073],[-45.288747,-23.252474],[-45.289074,-23.253361],[-45.28939,-23.253344],[-45.290187,-23.252545],[-45.291822,-23.252685],[-45.293958,-23.253193],[-45.296285,-23.252922],[-45.296671,-23.252717],[-45.297178,-23.25148],[-45.297215,-23.249819],[-45.298891,-23.247938],[-45.299487,-23.247679],[-45.300902,-23.247542],[-45.302221,-23.246729],[-45.303829,-23.247044],[-45.304291,-23.246985],[-45.304749,-23.246642],[-45.30603,-23.245048],[-45.306082,-23.244272],[-45.305016,-23.242487],[-45.305458,-23.240261],[-45.305355,-23.239686],[-45.304743,-23.238453],[-45.304777,-23.235237],[-45.30492,-23.234932],[-45.305493,-23.23469],[-45.306138,-23.234011],[-45.307254,-23.233753],[-45.307659,-23.233443],[-45.308625,-23.23323],[-45.308971,-23.232956],[-45.309065,-23.23262],[-45.30856,-23.229578],[-45.308327,-23.228896],[-45.307772,-23.228324],[-45.307737,-23.227954],[-45.307956,-23.227373],[-45.307425,-23.22615],[-45.307428,-23.225405],[-45.308009,-23.224677],[-45.310513,-23.223484],[-45.309904,-23.222255],[-45.311032,-23.221681],[-45.311707,-23.222906],[-45.310963,-23.223263]]}},{"type":"Feature","properties":{"id_backbone":"BB-71BA4F5A7747","trecho":"CBC.RI-SZS.SC","cluster":"CAMPINAS","cabo":null,"capacidade":"24","extensao_km":23.357,"confianca":"SEM_REFERENCIA","fonte":"OSRM/OpenStreetMap","ponta_a":"CBC.RI","municipio_a":"CASA BRANCA","ponta_b":"SZS.SC","municipio_b":"SANTA CRUZ DAS PALMEIRAS"},"geometry":{"type":"LineString","coordinates":[[-47.081398,-21.775136],[-47.081515,-21.775289],[-47.077742,-21.778562],[-47.077311,-21.778128],[-47.076516,-21.77798],[-47.075435,-21.778453],[-47.074019,-21.779883],[-47.073734,-21.780005],[-47.073404,-21.779526],[-47.072754,-21.779395],[-47.068963,-21.780209],[-47.068412,-21.780807],[-47.066064,-21.784965],[-47.065904,-21.785503],[-47.065856,-21.786198],[-47.066481,-21.787394],[-47.075421,-21.796904],[-47.076572,-21.797618],[-47.077349,-21.7979],[-47.186067,-21.807406],[-47.236659,-21.811653],[-47.237556,-21.813453],[-47.240012,-21.81696],[-47.241169,-21.817846],[-47.242368,-21.818347],[-47.244139,-21.819985],[-47.245344,-21.821384],[-47.245866,-21.821039],[-47.247552,-21.824975],[-47.248984,-21.827771],[-47.252014,-21.826425]]}},{"type":"Feature","properties":{"id_backbone":"BB-033F00E9F35F","trecho":"CCC2.AO-SRR.MC","cluster":"SAO JOSE DO RIO PRETO","cabo":"TR-0060","capacidade":"12","extensao_km":1.029,"confianca":"BAIXA","fonte":"OSRM/OpenStreetMap","ponta_a":"CCC2.AO","municipio_a":"SAO JOSE DO RIO PRETO","ponta_b":"SRR.MC","municipio_b":"SAO JOSE DO RIO PRETO"},"geometry":{"type":"LineString","coordinates":[[-49.368393,-20.795088],[-49.369665,-20.795031],[-49.369757,-20.797653],[-49.367457,-20.799826],[-49.368445,-20.800782],[-49.367638,-20.801537]]}},{"type":"Feature","properties":{"id_backbone":"BB-8041819027E7","trecho":"CDM.HV-NVXI.NA","cluster":"ARACATUBA","cabo":"F-0102","capacidade":"12","extensao_km":12.981,"confianca":"ALTA","fonte":"OSRM/OpenStreetMap","ponta_a":"CDM.HV","municipio_a":"CANDIDO MOTA","ponta_b":"NVXI.NA","municipio_b":"CANDIDO MOTA"},"geometry":{"type":"LineString","coordinates":[[-50.38821,-22.743477],[-50.388388,-22.743367],[-50.388237,-22.742874],[-50.387896,-22.74264],[-50.383781,-22.745105],[-50.383863,-22.745244],[-50.381117,-22.746996],[-50.379574,-22.745573],[-50.37644,-22.741389],[-50.374908,-22.740447],[-50.373721,-22.740219],[-50.372982,-22.739759],[-50.339664,-22.727529],[-50.292545,-22.710276],[-50.292243,-22.710312],[-50.292143,-22.710182],[-50.292306,-22.709766],[-50.290164,-22.70196],[-50.290113,-22.699426],[-50.29103,-22.699441],[-50.291057,-22.696682],[-50.29083,-22.696523],[-50.290915,-22.696317],[-50.290692,-22.695908],[-50.290005,-22.695621],[-50.289689,-22.69571]]}},{"type":"Feature","properties":{"id_backbone":"BB-A126E4BBC475","trecho":"CDP.GK-SGD.AS","cluster":"CAMPINAS","cabo":"F-0115","capacidade":"18","extensao_km":9.764,"confianca":"ALTA","fonte":"OSRM/OpenStreetMap","ponta_a":"CDP.GK","municipio_a":"CORDEIROPOLIS","ponta_b":"SGD.AS","municipio_b":"SANTA GERTRUDES"},"geometry":{"type":"LineString","coordinates":[[-47.454155,-22.483004],[-47.454149,-22.48268],[-47.458702,-22.482565],[-47.458764,-22.483427],[-47.459054,-22.483876],[-47.459409,-22.484093],[-47.46026,-22.484098],[-47.462409,-22.483645],[-47.500569,-22.47226],[-47.523712,-22.462597],[-47.527406,-22.461807],[-47.532076,-22.461586],[-47.532569,-22.461255],[-47.532743,-22.460827],[-47.532655,-22.460343],[-47.53192,-22.459347],[-47.532006,-22.458627],[-47.528681,-22.45396],[-47.52943,-22.453623],[-47.529671,-22.453946]]}},{"type":"Feature","properties":{"id_backbone":"BB-70E2A1EECE03","trecho":"CER.AC-FCR.SS","cluster":"JUNDIAI","cabo":null,"capacidade":"144","extensao_km":8.661,"confianca":"REJEITADA","fonte":"OSRM/OpenStreetMap","ponta_a":"CER.AC","municipio_a":"CAIEIRAS","ponta_b":"FCR.SS","municipio_b":"FRANCO DA ROCHA"},"geometry":{"type":"LineString","coordinates":[[-46.754363,-23.363797],[-46.754014,-23.365121],[-46.752789,-23.365072],[-46.752449,-23.364738],[-46.75246,-23.363944],[-46.7522,-23.363205],[-46.75195,-23.363246],[-46.75192,-23.367793],[-46.752185,-23.368095],[-46.752702,-23.367909],[-46.75262,-23.367569],[-46.752014,-23.367123],[-46.751589,-23.367165],[-46.751432,-23.367358],[-46.751586,-23.367632],[-46.751826,-23.367565],[-46.751875,-23.363697],[-46.751656,-23.363073],[-46.750272,-23.36238],[-46.749267,-23.361117],[-46.747812,-23.357619],[-46.747343,-23.357335],[-46.744953,-23.35667],[-46.743516,-23.355409],[-46.743493,-23.355244],[-46.744128,-23.354888],[-46.744583,-23.354236],[-46.744703,-23.352372],[-46.74435,-23.351205],[-46.743463,-23.349852],[-46.743331,-23.348949],[-46.742803,-23.348479],[-46.74261,-23.348063],[-46.742543,-23.346983],[-46.743433,-23.343131],[-46.743296,-23.342428],[-46.742704,-23.3421],[-46.739752,-23.341119],[-46.737019,-23.338875],[-46.736856,-23.338373],[-46.737294,-23.336728],[-46.73683,-23.33563],[-46.735478,-23.333567],[-46.734516,-23.333313],[-46.733582,-23.333672],[-46.73192,-23.333718],[-46.729518,-23.332718],[-46.728977,-23.332407],[-46.72864,-23.331847],[-46.728656,-23.33157],[-46.729114,-23.330951],[-46.728994,-23.330759],[-46.728536,-23.33098],[-46.728027,-23.332087],[-46.72718,-23.333139],[-46.724923,-23.335047],[-46.724428,-23.33524],[-46.724404,-23.335058],[-46.725228,-23.334632],[-46.72587,-23.333863],[-46.726136,-23.332167],[-46.726176,-23.330426],[-46.725526,-23.328948],[-46.724714,-23.329243]]}},{"type":"Feature","properties":{"id_backbone":"BB-25CA15CF3450","trecho":"CEX.MF-GPI.TP","cluster":"SAO JOSE DO RIO PRETO","cabo":"TR-0135","capacidade":"36","extensao_km":16.258,"confianca":"ALTA","fonte":"OSRM/OpenStreetMap","ponta_a":"CEX.MF","municipio_a":"CEDRAL","ponta_b":"GPI.TP","municipio_b":"GUAPIACU"},"geometry":{"type":"LineString","coordinates":[[-49.268532,-20.90307],[-49.268642,-20.902175],[-49.266645,-20.900842],[-49.265437,-20.899532],[-49.26437,-20.897858],[-49.261363,-20.89221],[-49.259723,-20.88958],[-49.254252,-20.882603],[-49.253407,-20.88205],[-49.249815,-20.880827],[-49.243891,-20.88057],[-49.24193,-20.880138],[-49.240824,-20.879328],[-49.23933,-20.876743],[-49.237065,-20.874104],[-49.236421,-20.872901],[-49.235934,-20.865184],[-49.233392,-20.859772],[-49.231403,-20.858138],[-49.230355,-20.857986],[-49.228656,-20.858125],[-49.227807,-20.857728],[-49.227057,-20.856616],[-49.225025,-20.852634],[-49.224275,-20.851715],[-49.215291,-20.8436],[-49.214546,-20.842888],[-49.214155,-20.842261],[-49.214062,-20.841559],[-49.214229,-20.840859],[-49.215589,-20.837924],[-49.216382,-20.837011],[-49.221777,-20.832703],[-49.222657,-20.831734],[-49.22387,-20.829416],[-49.226479,-20.822026],[-49.230355,-20.818009],[-49.23088,-20.817087],[-49.230817,-20.816397],[-49.229176,-20.813406],[-49.226759,-20.806963],[-49.223015,-20.801133],[-49.221357,-20.798934],[-49.220334,-20.799032],[-49.220802,-20.793963],[-49.224641,-20.794402]]}},{"type":"Feature","properties":{"id_backbone":"BB-F0A3CC23DC6E","trecho":"CFL.AC-LIS.SS","cluster":"BAURU","cabo":"TR#1467","capacidade":"24 F","extensao_km":23.291,"confianca":"MEDIA","fonte":"OSRM/OpenStreetMap","ponta_a":"CFL.AC","municipio_a":"CAFELANDIA","ponta_b":"LIS.SS","municipio_b":"LINS"},"geometry":{"type":"LineString","coordinates":[[-49.605533,-21.803243],[-49.605805,-21.80319],[-49.605644,-21.802426],[-49.605896,-21.802028],[-49.614747,-21.800313],[-49.624397,-21.803241],[-49.631659,-21.805682],[-49.632562,-21.805629],[-49.633991,-21.805109],[-49.635048,-21.804495],[-49.643982,-21.797976],[-49.646085,-21.795899],[-49.67449,-21.760676],[-49.678046,-21.756873],[-49.706731,-21.734389],[-49.753273,-21.693097],[-49.753531,-21.692584],[-49.753551,-21.691303],[-49.751069,-21.686823],[-49.751029,-21.686367],[-49.751326,-21.684979],[-49.751141,-21.682427],[-49.750638,-21.680398],[-49.749125,-21.676693],[-49.751772,-21.674778],[-49.750364,-21.673129]]}},{"type":"Feature","properties":{"id_backbone":"BB-0CA1F990BF40","trecho":"CGT.AA-CGT.PN","cluster":"SAO JOSE DOS CAMPOS","cabo":"F-0105","capacidade":"24","extensao_km":5.875,"confianca":"ALTA","fonte":"OSRM/OpenStreetMap","ponta_a":"CGT.AA","municipio_a":"CARAGUATATUBA","ponta_b":"CGT.PN","municipio_b":"CARAGUATATUBA"},"geometry":{"type":"LineString","coordinates":[[-45.411679,-23.623811],[-45.412878,-23.625288],[-45.412332,-23.625968],[-45.41513,-23.628832],[-45.417084,-23.631736],[-45.418266,-23.632786],[-45.419331,-23.63423],[-45.424187,-23.642603],[-45.427167,-23.649936],[-45.429678,-23.65763],[-45.429946,-23.657739],[-45.431063,-23.657543],[-45.431678,-23.657428],[-45.431859,-23.657232],[-45.432564,-23.657521],[-45.433174,-23.657472],[-45.433757,-23.65698],[-45.433751,-23.656249],[-45.433994,-23.656178],[-45.435159,-23.661292],[-45.43537,-23.661483],[-45.4369,-23.661771],[-45.437218,-23.663299],[-45.437916,-23.66343]]}},{"type":"Feature","properties":{"id_backbone":"BB-C67023B2E5DB","trecho":"CGT.MG-UTB.MA","cluster":"SAO JOSE DOS CAMPOS","cabo":"F-0102","capacidade":"24","extensao_km":11.103,"confianca":"BAIXA","fonte":"OSRM/OpenStreetMap","ponta_a":"CGT.MG","municipio_a":"CARAGUATATUBA","ponta_b":"UTB.MA","municipio_b":"UBATUBA"},"geometry":{"type":"LineString","coordinates":[[-45.315669,-23.574405],[-45.316241,-23.573258],[-45.314433,-23.571604],[-45.313076,-23.57095],[-45.312097,-23.57104],[-45.311213,-23.572306],[-45.310537,-23.572533],[-45.299321,-23.570592],[-45.295582,-23.569602],[-45.294901,-23.569821],[-45.293891,-23.571218],[-45.293184,-23.571379],[-45.288511,-23.569557],[-45.285814,-23.567423],[-45.284845,-23.567053],[-45.278033,-23.566002],[-45.265761,-23.565865],[-45.263153,-23.565804],[-45.262485,-23.565641],[-45.259222,-23.563012],[-45.253085,-23.559022],[-45.252726,-23.55855],[-45.248976,-23.550988],[-45.24773,-23.549354],[-45.246384,-23.548827],[-45.232505,-23.545935],[-45.231626,-23.54559],[-45.23128,-23.545124],[-45.228923,-23.538579],[-45.229531,-23.538402]]}},{"type":"Feature","properties":{"id_backbone":"BB-255C5235AA5E","trecho":"CHL.NJ-MMM.PJ","cluster":"CAMPINAS","cabo":"F-0171","capacidade":"24","extensao_km":29.222,"confianca":"ALTA","fonte":"OSRM/OpenStreetMap","ponta_a":"CHL.NJ","municipio_a":"CONCHAL","ponta_b":"MMM.PJ","municipio_b":"MOGI MIRIM"},"geometry":{"type":"LineString","coordinates":[[-47.1747,-22.333319],[-47.173299,-22.334813],[-47.172778,-22.334393],[-47.170895,-22.336884],[-47.169939,-22.338244],[-47.169959,-22.338595],[-47.169532,-22.33872],[-47.163507,-22.346945],[-47.163519,-22.347253],[-47.163999,-22.347449],[-47.163963,-22.347648],[-47.15968,-22.346685],[-47.158588,-22.346868],[-47.15785,-22.346345],[-47.157099,-22.346077],[-47.153208,-22.345293],[-47.151815,-22.34523],[-47.151026,-22.345258],[-47.140027,-22.347836],[-47.138803,-22.348325],[-47.136935,-22.349359],[-47.123183,-22.357136],[-47.121666,-22.358127],[-47.109099,-22.371882],[-47.101889,-22.377574],[-47.100475,-22.378924],[-47.099242,-22.380843],[-47.098458,-22.38308],[-47.096508,-22.393055],[-47.094274,-22.397345],[-47.093668,-22.398017],[-47.0866,-22.403545],[-47.073722,-22.416115],[-47.072918,-22.416809],[-47.071907,-22.417351],[-47.070258,-22.41774],[-47.056171,-22.417994],[-47.055272,-22.418131],[-47.0545,-22.41845],[-47.051819,-22.420223],[-47.050797,-22.420732],[-47.035111,-22.424353],[-47.033875,-22.424838],[-47.032598,-22.425933],[-47.030127,-22.430213],[-47.029412,-22.430896],[-47.028464,-22.431353],[-47.016677,-22.432413],[-47.015392,-22.432581],[-47.014205,-22.432963],[-47.012573,-22.434138],[-47.005356,-22.443383],[-47.004262,-22.445145],[-47.004359,-22.445668],[-47.004825,-22.445843],[-47.005176,-22.445667],[-47.005298,-22.445319],[-47.005186,-22.445027],[-47.004768,-22.444705],[-46.992252,-22.439447],[-46.990993,-22.43911],[-46.986875,-22.438448],[-46.981948,-22.43771],[-46.981385,-22.437813],[-46.981084,-22.43755],[-46.979398,-22.43722],[-46.979413,-22.436713],[-46.978382,-22.434379],[-46.977451,-22.434595],[-46.975003,-22.434448],[-46.973034,-22.433919],[-46.970424,-22.432938],[-46.967982,-22.432551],[-46.964762,-22.432591],[-46.961826,-22.431578],[-46.96098,-22.432991],[-46.96155,-22.433298],[-46.960138,-22.434224]]}},{"type":"Feature","properties":{"id_backbone":"BB-0FF321BEDE64","trecho":"CHP.CD-CNAS.CS","cluster":"SAO JOSE DOS CAMPOS","cabo":"TR-0102","capacidade":"6","extensao_km":7.176,"confianca":"ALTA","fonte":"OSRM/OpenStreetMap","ponta_a":"CHP.CD","municipio_a":"CACHOEIRA PAULISTA","ponta_b":"CNAS.CS","municipio_b":"CANAS"},"geometry":{"type":"LineString","coordinates":[[-45.009702,-22.666261],[-45.008403,-22.665302],[-45.007197,-22.666862],[-45.008712,-22.669763],[-45.01057,-22.669811],[-45.012941,-22.670108],[-45.014421,-22.669971],[-45.016158,-22.669552],[-45.019067,-22.669664],[-45.020014,-22.670831],[-45.02109,-22.671827],[-45.021947,-22.672059],[-45.025747,-22.675103],[-45.028837,-22.67574],[-45.030196,-22.676652],[-45.041513,-22.684969],[-45.04835,-22.690265],[-45.049459,-22.691495],[-45.050385,-22.693319],[-45.052167,-22.701091],[-45.052797,-22.702614],[-45.052527,-22.702582],[-45.052292,-22.702865]]}},{"type":"Feature","properties":{"id_backbone":"BB-82BCA2D7CBE4","trecho":"CHQ.CH-SPD.VA","cluster":"CAMPINAS","cabo":"F-0282","capacidade":"36","extensao_km":20.235,"confianca":"ALTA","fonte":"OSRM/OpenStreetMap","ponta_a":"CHQ.CH","municipio_a":"CHARQUEADA","ponta_b":"SPD.VA","municipio_b":"SAO PEDRO"},"geometry":{"type":"LineString","coordinates":[[-47.773382,-22.514959],[-47.772816,-22.513959],[-47.772036,-22.514803],[-47.767807,-22.521015],[-47.767486,-22.521682],[-47.767291,-22.522643],[-47.773789,-22.533815],[-47.77575,-22.536173],[-47.778148,-22.538079],[-47.780235,-22.539133],[-47.782359,-22.539852],[-47.784715,-22.540278],[-47.787121,-22.540328],[-47.789788,-22.539939],[-47.808666,-22.53544],[-47.811391,-22.535318],[-47.814218,-22.535983],[-47.815458,-22.536563],[-47.817017,-22.537638],[-47.838922,-22.556038],[-47.84127,-22.557813],[-47.843103,-22.558851],[-47.856287,-22.56496],[-47.858267,-22.565806],[-47.860183,-22.566405],[-47.86152,-22.566595],[-47.863081,-22.56659],[-47.865441,-22.566105],[-47.86715,-22.565357],[-47.877533,-22.559672],[-47.879059,-22.559063],[-47.880396,-22.5589],[-47.881979,-22.559043],[-47.898855,-22.564195],[-47.900347,-22.564369],[-47.901477,-22.564196],[-47.902695,-22.563577],[-47.903767,-22.562487],[-47.904222,-22.561775],[-47.905095,-22.559426],[-47.905648,-22.558644],[-47.907677,-22.557891],[-47.910406,-22.557685],[-47.910179,-22.55574],[-47.910574,-22.554288],[-47.910391,-22.552689],[-47.914205,-22.552544],[-47.914178,-22.549864],[-47.913186,-22.549883],[-47.913193,-22.550005]]}},{"type":"Feature","properties":{"id_backbone":"BB-0BA7F6EB61C7","trecho":"CIV.AD-COA.GJ","cluster":"OSASCO","cabo":"F-0895","capacidade":"72","extensao_km":4.36,"confianca":"MEDIA","fonte":"OSRM/OpenStreetMap","ponta_a":"CIV.AD","municipio_a":"CARAPICUIBA","ponta_b":"COA.GJ","municipio_b":"COTIA"},"geometry":{"type":"LineString","coordinates":[[-46.832442,-23.562789],[-46.832957,-23.563283],[-46.83178,-23.563531],[-46.831619,-23.563894],[-46.832652,-23.565256],[-46.832697,-23.565513],[-46.831699,-23.566102],[-46.831093,-23.566938],[-46.832002,-23.56746],[-46.834368,-23.571531],[-46.834426,-23.572382],[-46.834087,-23.572684],[-46.83522,-23.575121],[-46.835558,-23.576861],[-46.838719,-23.580162],[-46.838927,-23.580836],[-46.838803,-23.582165],[-46.839241,-23.584868],[-46.839197,-23.586644],[-46.839529,-23.5893],[-46.83933,-23.593617],[-46.839853,-23.594204],[-46.841585,-23.594758],[-46.841654,-23.595794]]}},{"type":"Feature","properties":{"id_backbone":"BB-CFEB1F586148","trecho":"CIV.AT-CIV.VD","cluster":"OSASCO","cabo":"F-0541","capacidade":"12","extensao_km":3.294,"confianca":"BAIXA","fonte":"OSRM/OpenStreetMap","ponta_a":"CIV.AT","municipio_a":"CARAPICUIBA","ponta_b":"CIV.VD","municipio_b":"CARAPICUIBA"},"geometry":{"type":"LineString","coordinates":[[-46.851015,-23.527518],[-46.851176,-23.527387],[-46.850859,-23.526906],[-46.84805,-23.528729],[-46.848166,-23.531096],[-46.848422,-23.531962],[-46.847152,-23.535564],[-46.847628,-23.536596],[-46.84744,-23.537334],[-46.846165,-23.537316],[-46.845426,-23.537703],[-46.843117,-23.540855],[-46.841705,-23.541351],[-46.841429,-23.541039],[-46.840049,-23.540294],[-46.838971,-23.540365],[-46.837514,-23.541767],[-46.834856,-23.541164],[-46.834418,-23.543217]]}},{"type":"Feature","properties":{"id_backbone":"BB-4ACBCB71D0CB","trecho":"CIV.VD-JASI.JS","cluster":"OSASCO","cabo":"F-0714","capacidade":"48","extensao_km":10.07,"confianca":"BAIXA","fonte":"OSRM/OpenStreetMap","ponta_a":"CIV.VD","municipio_a":"CARAPICUIBA","ponta_b":"JASI.JS","municipio_b":"BARUERI"},"geometry":{"type":"LineString","coordinates":[[-46.834418,-23.543217],[-46.834856,-23.541164],[-46.837514,-23.541767],[-46.839053,-23.540331],[-46.840181,-23.540313],[-46.841652,-23.54119],[-46.842909,-23.540864],[-46.844182,-23.539345],[-46.845294,-23.537651],[-46.846065,-23.537215],[-46.847277,-23.537071],[-46.847464,-23.536574],[-46.847054,-23.536046],[-46.846961,-23.535567],[-46.848296,-23.532026],[-46.848009,-23.530886],[-46.847865,-23.52911],[-46.848088,-23.528448],[-46.848969,-23.527772],[-46.848687,-23.526264],[-46.851182,-23.524716],[-46.851701,-23.523527],[-46.852927,-23.522971],[-46.85367,-23.522293],[-46.854677,-23.522253],[-46.854914,-23.520914],[-46.856396,-23.519861],[-46.855889,-23.519344],[-46.855845,-23.519044],[-46.863541,-23.518545],[-46.864788,-23.51829],[-46.866926,-23.517256],[-46.867678,-23.516693],[-46.869336,-23.514011],[-46.869538,-23.51405],[-46.869529,-23.514219],[-46.869028,-23.514755],[-46.867858,-23.51666],[-46.867835,-23.517132],[-46.869031,-23.518317],[-46.869511,-23.519374],[-46.870574,-23.520264],[-46.871147,-23.521757],[-46.87249,-23.523123],[-46.873123,-23.523391],[-46.873916,-23.523439],[-46.876382,-23.522959],[-46.87695,-23.523107],[-46.878206,-23.523794],[-46.87836,-23.524263],[-46.878106,-23.525224],[-46.878123,-23.526068],[-46.879355,-23.527841],[-46.879255,-23.529711],[-46.880155,-23.530882],[-46.880769,-23.533304],[-46.883969,-23.532852],[-46.885785,-23.531572],[-46.886217,-23.530726],[-46.886703,-23.531188],[-46.887102,-23.531906],[-46.887619,-23.532299],[-46.887879,-23.53228],[-46.888129,-23.532004],[-46.888482,-23.532011],[-46.888252,-23.531577]]}},{"type":"Feature","properties":{"id_backbone":"BB-199C4465E73C","trecho":"CJB.RM-EUB.EB","cluster":"SAO JOSE DO RIO PRETO","cabo":"F-0017","capacidade":"12","extensao_km":14.223,"confianca":"ALTA","fonte":"OSRM/OpenStreetMap","ponta_a":"CJB.RM","municipio_a":"CAJOBI","ponta_b":"EUB.EB","municipio_b":"EMBAUBA"},"geometry":{"type":"LineString","coordinates":[[-48.808503,-20.881581],[-48.80929,-20.881557],[-48.809276,-20.880659],[-48.813417,-20.88057],[-48.815821,-20.880919],[-48.825988,-20.886735],[-48.827275,-20.887723],[-48.839907,-20.904933],[-48.840612,-20.905767],[-48.843885,-20.908375],[-48.844483,-20.909141],[-48.846667,-20.913007],[-48.847172,-20.914294],[-48.847426,-20.916407],[-48.847111,-20.918193],[-48.843702,-20.925737],[-48.84352,-20.926794],[-48.844131,-20.929862],[-48.844479,-20.930824],[-48.845217,-20.932114],[-48.846722,-20.934023],[-48.847217,-20.935001],[-48.848232,-20.940193],[-48.848294,-20.941988],[-48.847408,-20.951791],[-48.847648,-20.953505],[-48.84914,-20.958127],[-48.84952,-20.960542],[-48.849425,-20.965887],[-48.849156,-20.96997],[-48.848269,-20.972772],[-48.846274,-20.97455],[-48.842648,-20.979127],[-48.840458,-20.980841],[-48.83699,-20.981703],[-48.836933,-20.981492]]}},{"type":"Feature","properties":{"id_backbone":"BB-A8D82373ECCE","trecho":"CKM.SB-IRG.SC","cluster":"BAURU","cabo":"F-0217","capacidade":"36","extensao_km":23.27,"confianca":"ALTA","fonte":"OSRM/OpenStreetMap","ponta_a":"CKM.SB","municipio_a":"CORONEL MACEDO","ponta_b":"IRG.SC","municipio_b":"ITAPORANGA"},"geometry":{"type":"LineString","coordinates":[[-49.305057,-23.632703],[-49.305157,-23.632861],[-49.307377,-23.632052],[-49.308167,-23.632229],[-49.308597,-23.63277],[-49.310862,-23.631767],[-49.314274,-23.632775],[-49.31339,-23.635152],[-49.314023,-23.637052],[-49.313593,-23.639391],[-49.316349,-23.639732],[-49.318497,-23.640432],[-49.339397,-23.651447],[-49.342132,-23.653309],[-49.344972,-23.656026],[-49.355539,-23.669406],[-49.356299,-23.670891],[-49.357608,-23.675266],[-49.357968,-23.676073],[-49.359114,-23.677639],[-49.368012,-23.685031],[-49.369703,-23.686148],[-49.376164,-23.689668],[-49.377314,-23.690726],[-49.382628,-23.696952],[-49.383746,-23.697934],[-49.385752,-23.699057],[-49.402664,-23.703642],[-49.406432,-23.704971],[-49.40835,-23.705317],[-49.411059,-23.705093],[-49.425783,-23.700826],[-49.427225,-23.700512],[-49.428605,-23.700465],[-49.429853,-23.700604],[-49.436356,-23.702234],[-49.438536,-23.702638],[-49.462293,-23.703538],[-49.464745,-23.703807],[-49.466137,-23.70419],[-49.467721,-23.704902],[-49.475487,-23.709973],[-49.476645,-23.71034],[-49.477371,-23.710198],[-49.479353,-23.709177],[-49.48064,-23.708467],[-49.481379,-23.707697],[-49.482539,-23.707289],[-49.483442,-23.709423],[-49.487857,-23.707884],[-49.488811,-23.707925],[-49.488815,-23.7078]]}},{"type":"Feature","properties":{"id_backbone":"BB-E93B3BCF2541","trecho":"CMX.FB-JIU.CR","cluster":"JUNDIAI","cabo":"F-1485","capacidade":"36","extensao_km":12.293,"confianca":"ALTA","fonte":"OSRM/OpenStreetMap","ponta_a":"CMX.FB","municipio_a":"CAMPO LIMPO PAULISTA","ponta_b":"JIU.CR","municipio_b":"JARINU"},"geometry":{"type":"LineString","coordinates":[[-46.760235,-23.188705],[-46.760106,-23.187929],[-46.759758,-23.18757],[-46.75749,-23.187249],[-46.756879,-23.186865],[-46.755925,-23.185896],[-46.754691,-23.182988],[-46.754192,-23.181363],[-46.753569,-23.180694],[-46.749665,-23.180884],[-46.748908,-23.179909],[-46.748601,-23.17973],[-46.747813,-23.179423],[-46.746905,-23.179357],[-46.745562,-23.179663],[-46.744001,-23.180319],[-46.743651,-23.18029],[-46.74333,-23.180055],[-46.741609,-23.17798],[-46.741359,-23.177469],[-46.741105,-23.176132],[-46.740047,-23.175093],[-46.739345,-23.174092],[-46.738653,-23.173519],[-46.738109,-23.172118],[-46.73746,-23.17159],[-46.735277,-23.1706],[-46.734288,-23.169042],[-46.733618,-23.167293],[-46.73421,-23.165481],[-46.73443,-23.163269],[-46.733502,-23.162579],[-46.731664,-23.161827],[-46.728618,-23.160039],[-46.727408,-23.158243],[-46.726677,-23.157757],[-46.725924,-23.157648],[-46.723331,-23.157839],[-46.721427,-23.158362],[-46.720794,-23.158238],[-46.720049,-23.157737],[-46.719922,-23.157442],[-46.71989,-23.154911],[-46.717998,-23.153187],[-46.717911,-23.152163],[-46.717481,-23.151246],[-46.716269,-23.150678],[-46.715719,-23.149553],[-46.714389,-23.148731],[-46.713821,-23.14802],[-46.713598,-23.144591],[-46.712927,-23.145181],[-46.711925,-23.145045],[-46.710886,-23.144575],[-46.71024,-23.145528],[-46.709868,-23.144979],[-46.708158,-23.145759],[-46.707567,-23.145206],[-46.706726,-23.144787],[-46.706053,-23.144819],[-46.70243,-23.148032],[-46.702123,-23.1488],[-46.702208,-23.15005],[-46.701859,-23.150762],[-46.701139,-23.151024],[-46.700447,-23.150511],[-46.699818,-23.150417],[-46.699367,-23.150515],[-46.698872,-23.150939],[-46.693555,-23.158472],[-46.692957,-23.15969],[-46.693213,-23.161249],[-46.693139,-23.161604],[-46.692737,-23.161872],[-46.691605,-23.161541],[-46.691121,-23.162169],[-46.693378,-23.163309],[-46.693621,-23.163582],[-46.693659,-23.164302]]}},{"type":"Feature","properties":{"id_backbone":"BB-0951B0372ECF","trecho":"CPJ.AB-TTE.AM","cluster":"SAO JOSE DOS CAMPOS","cabo":"TR#160","capacidade":null,"extensao_km":45.727,"confianca":"SEM_REFERENCIA","fonte":"OSRM/OpenStreetMap","ponta_a":"CPJ.AB","municipio_a":"CAMPOS DO JORDAO","ponta_b":"TTE.AM","municipio_b":"TAUBATE"},"geometry":{"type":"LineString","coordinates":[[-45.591539,-22.738072],[-45.59144,-22.73778],[-45.590641,-22.736909],[-45.590796,-22.736712],[-45.59644,-22.742752],[-45.601601,-22.744668],[-45.602865,-22.74493],[-45.606525,-22.74799],[-45.606529,-22.749634],[-45.606696,-22.750169],[-45.608541,-22.751812],[-45.609307,-22.752757],[-45.609223,-22.753083],[-45.610613,-22.757314],[-45.61076,-22.761315],[-45.611059,-22.76267],[-45.613982,-22.767097],[-45.614304,-22.768878],[-45.61678,-22.773834],[-45.61672,-22.774307],[-45.61611,-22.775476],[-45.616322,-22.776825],[-45.615872,-22.777388],[-45.615303,-22.777524],[-45.614184,-22.777231],[-45.610619,-22.776886],[-45.609911,-22.777221],[-45.609776,-22.77773],[-45.610826,-22.778915],[-45.611207,-22.78065],[-45.611238,-22.781289],[-45.610664,-22.782268],[-45.610675,-22.782958],[-45.610932,-22.783338],[-45.612075,-22.78409],[-45.614364,-22.78474],[-45.614754,-22.785062],[-45.615349,-22.785987],[-45.61659,-22.786122],[-45.617095,-22.786332],[-45.618467,-22.789169],[-45.619097,-22.789522],[-45.620434,-22.789928],[-45.620659,-22.790245],[-45.620887,-22.79125],[-45.621199,-22.791515],[-45.625182,-22.792632],[-45.626592,-22.792696],[-45.627779,-22.792079],[-45.628254,-22.792111],[-45.628619,-22.792357],[-45.628819,-22.793094],[-45.628461,-22.793692],[-45.626927,-22.794056],[-45.62659,-22.794438],[-45.625919,-22.798158],[-45.625951,-22.802082],[-45.627176,-22.803743],[-45.626682,-22.805425],[-45.627055,-22.806005],[-45.628371,-22.806588],[-45.629376,-22.807698],[-45.630076,-22.807732],[-45.631299,-22.80705],[-45.631889,-22.806947],[-45.632315,-22.807137],[-45.632749,-22.807594],[-45.632906,-22.808339],[-45.632296,-22.809139],[-45.630596,-22.81038],[-45.629766,-22.81147],[-45.629683,-22.811914],[-45.630194,-22.812981],[-45.630206,-22.813657],[-45.626876,-22.816685],[-45.62541,-22.820333],[-45.624844,-22.820744],[-45.623796,-22.820761],[-45.623307,-22.820953],[-45.622201,-22.822331],[-45.622189,-22.822743],[-45.622381,-22.823123],[-45.6231,-22.823497],[-45.623626,-22.823412],[-45.624683,-22.822561],[-45.625281,-22.822625],[-45.625636,-22.822836],[-45.625862,-22.823239],[-45.626021,-22.824391],[-45.626818,-22.82586],[-45.627027,-22.827851],[-45.626905,-22.828571],[-45.626543,-22.829201],[-45.625851,-22.829781],[-45.624651,-22.830432],[-45.62437,-22.830828],[-45.624041,-22.833829],[-45.62331,-22.835145],[-45.622519,-22.835611],[-45.621115,-22.835412],[-45.620646,-22.835739],[-45.620412,-22.83625],[-45.620142,-22.837365],[-45.620258,-22.837827],[-45.622676,-22.841911],[-45.622394,-22.843627],[-45.622082,-22.844008],[-45.621246,-22.844383],[-45.620162,-22.844422],[-45.618523,-22.845107],[-45.61723,-22.845282],[-45.616316,-22.845686],[-45.614829,-22.846861],[-45.613801,-22.849025],[-45.613852,-22.849394],[-45.614677,-22.850598],[-45.615792,-22.853012],[-45.616514,-22.853333],[-45.617658,-22.853112],[-45.618419,-22.853254],[-45.618986,-22.853849],[-45.619552,-22.855184],[-45.619837,-22.855492],[-45.620271,-22.855701],[-45.621265,-22.85584],[-45.621861,-22.856222],[-45.622047,-22.856597],[-45.622347,-22.85872],[-45.622125,-22.859515],[-45.620801,-22.86142],[-45.620103,-22.861718],[-45.61867,-22.861188],[-45.617665,-22.861305],[-45.617147,-22.861101],[-45.616942,-22.860823],[-45.616915,-22.860399],[-45.617392,-22.859339],[-45.617419,-22.858937],[-45.617163,-22.858471],[-45.616653,-22.858212],[-45.615065,-22.858428],[-45.610727,-22.859451],[-45.607408,-22.862054],[-45.606016,-22.862823],[-45.604371,-22.863353],[-45.600851,-22.86393],[-45.599193,-22.864623],[-45.597558,-22.865988],[-45.596833,-22.867054],[-45.595768,-22.867652],[-45.595253,-22.868607],[-45.595189,-22.869563],[-45.595607,-22.871245],[-45.59802,-22.876967],[-45.598059,-22.877902],[-45.59725,-22.883581],[-45.597626,-22.886023],[-45.597561,-22.886789],[-45.596802,-22.889313],[-45.594945,-22.891355],[-45.593955,-22.891875],[-45.59107,-22.892774],[-45.589014,-22.89317],[-45.58854,-22.893423],[-45.588155,-22.893937],[-45.58808,-22.89453],[-45.588461,-22.895563],[-45.588481,-22.896197],[-45.588414,-22.896642],[-45.587772,-22.897763],[-45.587669,-22.898249],[-45.58804,-22.903803],[-45.586406,-22.907976],[-45.586299,-22.908886],[-45.586401,-22.909543],[-45.586787,-22.910321],[-45.590506,-22.914169],[-45.59126,-22.915219],[-45.592068,-22.917425],[-45.593692,-22.920658],[-45.5941,-22.921918],[-45.594329,-22.923181],[-45.594327,-22.924659],[-45.593252,-22.929061],[-45.593116,-22.930542],[-45.593395,-22.932996],[-45.593955,-22.93439],[-45.593938,-22.934854],[-45.593724,-22.935016],[-45.593177,-22.934945],[-45.592865,-22.935064],[-45.591925,-22.93616],[-45.590977,-22.936742],[-45.587875,-22.937755],[-45.586346,-22.937945],[-45.58566,-22.938257],[-45.556137,-22.960232],[-45.554312,-22.961383],[-45.552468,-22.962149],[-45.552439,-22.962685],[-45.551643,-22.962564],[-45.55147,-22.963553],[-45.551781,-22.964531],[-45.55083,-22.96428],[-45.549723,-22.964421],[-45.549571,-22.965848],[-45.548646,-22.966349],[-45.548456,-22.967816],[-45.549213,-22.969591],[-45.549737,-22.971514],[-45.54975,-22.97324],[-45.549923,-22.974148],[-45.550069,-22.984297],[-45.550213,-22.984805],[-45.550039,-22.997015],[-45.550305,-22.998925],[-45.550503,-23.010325],[-45.550758,-23.010622],[-45.550511,-23.011117],[-45.550552,-23.012989],[-45.551805,-23.017462],[-45.552511,-23.019227],[-45.551688,-23.019628],[-45.552319,-23.020744],[-45.554608,-23.02339],[-45.557791,-23.026486],[-45.560002,-23.024506]]}},{"type":"Feature","properties":{"id_backbone":"BB-99666F3E8A7A","trecho":"CTD.RB-SRR.VS","cluster":"SAO JOSE DO RIO PRETO","cabo":"F-0084","capacidade":"60","extensao_km":58.932,"confianca":"ALTA","fonte":"OSRM/OpenStreetMap","ponta_a":"CTD.RB","municipio_a":"CATANDUVA","ponta_b":"SRR.VS","municipio_b":"SAO JOSE DO RIO PRETO"},"geometry":{"type":"LineString","coordinates":[[-48.971033,-21.136429],[-48.9706,-21.136576],[-48.969416,-21.133729],[-48.969288,-21.13336],[-48.969677,-21.132727],[-48.973585,-21.131323],[-48.976152,-21.131491],[-48.976967,-21.131253],[-48.978906,-21.12985],[-48.979351,-21.128796],[-48.981069,-21.128504],[-48.981328,-21.12755],[-48.982066,-21.126578],[-48.983995,-21.125836],[-48.984338,-21.125837],[-48.98526,-21.125274],[-48.988444,-21.122702],[-48.988727,-21.122313],[-48.989791,-21.121681],[-48.98994,-21.12111],[-48.990546,-21.121112],[-48.990759,-21.120671],[-48.990502,-21.120321],[-48.990686,-21.120148],[-48.9909,-21.12024],[-48.991128,-21.120772],[-48.994958,-21.122707],[-49.017725,-21.132473],[-49.019189,-21.132699],[-49.021598,-21.132397],[-49.022404,-21.132072],[-49.095466,-21.075823],[-49.102484,-21.070378],[-49.105012,-21.068035],[-49.107939,-21.066169],[-49.180305,-21.0103],[-49.248037,-20.957568],[-49.250774,-20.954819],[-49.334257,-20.861258],[-49.341764,-20.853014],[-49.362838,-20.829102],[-49.364892,-20.827042],[-49.365272,-20.826265],[-49.366047,-20.825479],[-49.366411,-20.825478],[-49.369702,-20.823978],[-49.371644,-20.819461],[-49.373352,-20.819559],[-49.380871,-20.812509],[-49.381583,-20.81317],[-49.381114,-20.813607]]}},{"type":"Feature","properties":{"id_backbone":"BB-6AFAB8A50010","trecho":"PRF.PF-SOC.CR","cluster":"SOROCABA","cabo":"F-0121","capacidade":"24","extensao_km":38.888,"confianca":"ALTA","fonte":"OSRM/OpenStreetMap","ponta_a":"PRF.PF","municipio_a":"PORTO FELIZ","ponta_b":"SOC.CR","municipio_b":"SOROCABA"},"geometry":{"type":"LineString","coordinates":[[-47.523756,-23.211596],[-47.523312,-23.210869],[-47.522345,-23.210967],[-47.521487,-23.210838],[-47.521058,-23.211286],[-47.51963,-23.212213],[-47.519414,-23.212567],[-47.519442,-23.213035],[-47.520003,-23.213821],[-47.520022,-23.214803],[-47.520789,-23.2166],[-47.521301,-23.218485],[-47.5212,-23.219903],[-47.521359,-23.220946],[-47.520936,-23.222167],[-47.521193,-23.223977],[-47.520354,-23.225496],[-47.519842,-23.227118],[-47.519268,-23.231825],[-47.518981,-23.231981],[-47.519095,-23.232568],[-47.518845,-23.232867],[-47.518722,-23.233367],[-47.518819,-23.233813],[-47.518658,-23.23413],[-47.518057,-23.238949],[-47.517814,-23.239882],[-47.517846,-23.240594],[-47.517465,-23.242167],[-47.517336,-23.244274],[-47.517733,-23.247483],[-47.519634,-23.252591],[-47.521255,-23.258087],[-47.52151,-23.259405],[-47.521614,-23.261332],[-47.521102,-23.265238],[-47.521038,-23.267603],[-47.52126,-23.26975],[-47.521757,-23.271841],[-47.528516,-23.288393],[-47.530782,-23.293359],[-47.531087,-23.294511],[-47.533561,-23.300534],[-47.533978,-23.302241],[-47.53429,-23.305073],[-47.53392,-23.307153],[-47.533333,-23.308808],[-47.531933,-23.316848],[-47.531356,-23.318628],[-47.529744,-23.322059],[-47.529425,-23.323176],[-47.52918,-23.32518],[-47.529544,-23.350197],[-47.530302,-23.353031],[-47.533501,-23.35988],[-47.533992,-23.361212],[-47.534367,-23.36329],[-47.534344,-23.365078],[-47.534008,-23.366795],[-47.533152,-23.369117],[-47.531686,-23.371168],[-47.530024,-23.37251],[-47.519193,-23.37992],[-47.517937,-23.381261],[-47.517196,-23.382343],[-47.516709,-23.383273],[-47.516234,-23.384858],[-47.515882,-23.394037],[-47.516084,-23.398599],[-47.516405,-23.39983],[-47.519968,-23.406939],[-47.520521,-23.408568],[-47.520712,-23.410063],[-47.520657,-23.416959],[-47.520808,-23.417903],[-47.520552,-23.419315],[-47.51922,-23.422149],[-47.517378,-23.427166],[-47.515932,-23.433364],[-47.515987,-23.434013],[-47.516722,-23.434916],[-47.516835,-23.435625],[-47.516176,-23.438035],[-47.516032,-23.439181],[-47.515556,-23.440145],[-47.515195,-23.441407],[-47.514432,-23.444933],[-47.513707,-23.449296],[-47.513971,-23.450082],[-47.51389,-23.450444],[-47.51226,-23.45152],[-47.510973,-23.452652],[-47.509842,-23.453051],[-47.507675,-23.453443],[-47.505943,-23.454576],[-47.498032,-23.463131],[-47.497711,-23.46365],[-47.497201,-23.464017],[-47.495061,-23.466339],[-47.49453,-23.467243],[-47.493471,-23.468089],[-47.482793,-23.479729],[-47.478943,-23.481284],[-47.48031,-23.483273],[-47.48224,-23.486662],[-47.481181,-23.487239],[-47.480736,-23.487801],[-47.481855,-23.489433],[-47.481811,-23.489817],[-47.481522,-23.490201],[-47.482365,-23.491134],[-47.482801,-23.491305],[-47.486038,-23.491291],[-47.486231,-23.491497],[-47.481571,-23.49574],[-47.481434,-23.496024],[-47.481449,-23.496448],[-47.482,-23.497305],[-47.48248,-23.498977],[-47.481848,-23.50139],[-47.481935,-23.50241],[-47.481704,-23.503041],[-47.482334,-23.503463],[-47.481756,-23.505413],[-47.4846,-23.507796],[-47.488469,-23.510371],[-47.488749,-23.510838],[-47.489228,-23.514193],[-47.488655,-23.51089]]}},{"type":"Feature","properties":{"id_backbone":"BB-5A367106A6EA","trecho":"CPV.MI-QUIR.QM","cluster":"SAO JOSE DOS CAMPOS","cabo":"F-0146","capacidade":"36","extensao_km":16.585,"confianca":"ALTA","fonte":"OSRM/OpenStreetMap","ponta_a":"CPV.MI","municipio_a":"CACAPAVA","ponta_b":"QUIR.QM","municipio_b":"TAUBATE"},"geometry":{"type":"LineString","coordinates":[[-45.705543,-23.106788],[-45.705307,-23.106532],[-45.704608,-23.107031],[-45.704026,-23.106417],[-45.703633,-23.109326],[-45.703711,-23.110179],[-45.703401,-23.110909],[-45.703183,-23.110979],[-45.702921,-23.110535],[-45.701113,-23.10901],[-45.6521,-23.075453],[-45.648224,-23.073363],[-45.624785,-23.061605],[-45.621904,-23.060575],[-45.619617,-23.059522],[-45.619194,-23.059554],[-45.618855,-23.059805],[-45.618734,-23.060178],[-45.618946,-23.060648],[-45.619558,-23.060829],[-45.620101,-23.060463],[-45.621034,-23.057405],[-45.626387,-23.047838],[-45.627567,-23.044119],[-45.62835,-23.038617],[-45.62789,-23.037381],[-45.627905,-23.03628],[-45.627272,-23.035344],[-45.626993,-23.034617],[-45.626934,-23.033618],[-45.627159,-23.032386],[-45.626985,-23.031769],[-45.626353,-23.031127],[-45.625458,-23.030899],[-45.622196,-23.030666],[-45.621394,-23.030993],[-45.620472,-23.030903],[-45.620293,-23.030726],[-45.620425,-23.030344],[-45.620887,-23.030307],[-45.625899,-23.030889],[-45.625785,-23.029691],[-45.624823,-23.028944],[-45.625856,-23.027815]]}},{"type":"Feature","properties":{"id_backbone":"BB-40A6669129DA","trecho":"CUH.PG-GTA.MF","cluster":"SAO JOSE DOS CAMPOS","cabo":"F-0161","capacidade":"36","extensao_km":48.727,"confianca":"SEM_REFERENCIA","fonte":"OSRM/OpenStreetMap","ponta_a":"CUH.PG","municipio_a":"CUNHA","ponta_b":"GTA.MF","municipio_b":"GUARATINGUETA"},"geometry":{"type":"LineString","coordinates":[[-44.959357,-23.075792],[-44.959087,-23.074339],[-44.958436,-23.0744],[-44.958411,-23.074107],[-44.959493,-23.073811],[-44.959381,-23.073468],[-44.959562,-23.073053],[-44.959254,-23.071985],[-44.960004,-23.071274],[-44.959767,-23.070494],[-44.959957,-23.069744],[-44.95974,-23.068924],[-44.960279,-23.068046],[-44.959768,-23.067037],[-44.959759,-23.066507],[-44.959955,-23.065926],[-44.961851,-23.063148],[-44.962767,-23.062137],[-44.96378,-23.061429],[-44.965163,-23.060828],[-44.967745,-23.060739],[-44.969717,-23.061207],[-44.970609,-23.060845],[-44.973087,-23.059421],[-44.973903,-23.058428],[-44.974943,-23.056441],[-44.975662,-23.055886],[-44.976566,-23.055676],[-44.979431,-23.056404],[-44.981556,-23.056534],[-44.98904,-23.057782],[-44.990199,-23.058288],[-44.993815,-23.06048],[-44.994559,-23.060592],[-44.995164,-23.060422],[-44.995772,-23.059922],[-44.995942,-23.059513],[-44.996012,-23.056681],[-44.99635,-23.055908],[-44.99934,-23.05403],[-45.000655,-23.05148],[-45.005073,-23.045337],[-45.0059,-23.044685],[-45.00694,-23.044289],[-45.009728,-23.044233],[-45.010631,-23.043965],[-45.011385,-23.043456],[-45.013856,-23.040965],[-45.014232,-23.04028],[-45.014575,-23.03833],[-45.014546,-23.037838],[-45.014103,-23.036704],[-45.014255,-23.035892],[-45.020261,-23.030607],[-45.020801,-23.029861],[-45.022238,-23.025823],[-45.022662,-23.024174],[-45.0226,-23.022863],[-45.022075,-23.021123],[-45.022257,-23.019964],[-45.022783,-23.019138],[-45.024676,-23.017558],[-45.025192,-23.016866],[-45.026584,-23.011603],[-45.026936,-23.010841],[-45.027558,-23.010276],[-45.028147,-23.010084],[-45.029177,-23.01004],[-45.031242,-23.010373],[-45.034899,-23.00962],[-45.035538,-23.00921],[-45.036132,-23.008159],[-45.036807,-23.007564],[-45.038706,-23.007231],[-45.040109,-23.006507],[-45.040619,-23.00589],[-45.040477,-23.004186],[-45.040872,-23.003041],[-45.042939,-23.000008],[-45.044944,-22.998713],[-45.044976,-22.997705],[-45.044038,-22.995572],[-45.043682,-22.993651],[-45.042983,-22.991815],[-45.042786,-22.990828],[-45.04396,-22.981082],[-45.043525,-22.980115],[-45.041809,-22.979261],[-45.041528,-22.978645],[-45.041785,-22.978161],[-45.043878,-22.976831],[-45.049778,-22.975298],[-45.050503,-22.974794],[-45.051119,-22.973672],[-45.051295,-22.972656],[-45.051054,-22.968847],[-45.050771,-22.967142],[-45.049277,-22.96109],[-45.048201,-22.959731],[-45.047853,-22.958969],[-45.047924,-22.95804],[-45.048387,-22.95677],[-45.048685,-22.956381],[-45.049184,-22.956096],[-45.050512,-22.955876],[-45.051069,-22.955612],[-45.051485,-22.955036],[-45.05192,-22.953864],[-45.052427,-22.953266],[-45.05574,-22.951707],[-45.056332,-22.951247],[-45.056842,-22.950428],[-45.05728,-22.94878],[-45.057718,-22.948127],[-45.061506,-22.944916],[-45.061738,-22.944351],[-45.061875,-22.943249],[-45.063751,-22.939638],[-45.064145,-22.939144],[-45.064854,-22.938605],[-45.065823,-22.93825],[-45.068247,-22.938115],[-45.069066,-22.937505],[-45.070933,-22.935127],[-45.071613,-22.934719],[-45.074502,-22.933686],[-45.075231,-22.933197],[-45.078705,-22.928367],[-45.079719,-22.924638],[-45.08041,-22.923703],[-45.081441,-22.923189],[-45.083606,-22.923132],[-45.084602,-22.92338],[-45.089343,-22.923916],[-45.090423,-22.923804],[-45.091089,-22.923522],[-45.092987,-22.922096],[-45.093884,-22.921622],[-45.094543,-22.92148],[-45.097348,-22.921464],[-45.099037,-22.921025],[-45.103884,-22.918104],[-45.108568,-22.916187],[-45.109098,-22.91616],[-45.109647,-22.916394],[-45.110498,-22.917911],[-45.110769,-22.917965],[-45.111267,-22.917762],[-45.111565,-22.915659],[-45.112642,-22.913761],[-45.113504,-22.912979],[-45.113643,-22.912562],[-45.113586,-22.912227],[-45.112682,-22.911149],[-45.112213,-22.909587],[-45.112353,-22.909139],[-45.112674,-22.908782],[-45.113936,-22.908327],[-45.114145,-22.907955],[-45.113928,-22.907483],[-45.112772,-22.906996],[-45.112419,-22.906345],[-45.112823,-22.904401],[-45.113565,-22.903239],[-45.113197,-22.901852],[-45.113364,-22.90138],[-45.113893,-22.900797],[-45.113999,-22.900392],[-45.113608,-22.89943],[-45.113569,-22.898927],[-45.113775,-22.898524],[-45.11508,-22.897209],[-45.115405,-22.896502],[-45.115505,-22.895813],[-45.114944,-22.89341],[-45.115318,-22.892726],[-45.116303,-22.892013],[-45.116893,-22.891858],[-45.117767,-22.892113],[-45.118091,-22.892588],[-45.118112,-22.893685],[-45.118669,-22.894323],[-45.119275,-22.894333],[-45.120502,-22.893542],[-45.121596,-22.893339],[-45.122021,-22.893404],[-45.122569,-22.893792],[-45.123066,-22.894735],[-45.124708,-22.894566],[-45.125374,-22.894711],[-45.125796,-22.895004],[-45.126359,-22.89604],[-45.126789,-22.89623],[-45.127251,-22.896101],[-45.128186,-22.895123],[-45.129085,-22.895065],[-45.132136,-22.897142],[-45.134918,-22.897866],[-45.136436,-22.898752],[-45.137286,-22.899022],[-45.138114,-22.898972],[-45.139674,-22.898584],[-45.140962,-22.897228],[-45.141883,-22.896839],[-45.145464,-22.897413],[-45.146528,-22.897323],[-45.148368,-22.89643],[-45.150502,-22.895723],[-45.151074,-22.895263],[-45.152506,-22.893359],[-45.154738,-22.892177],[-45.155656,-22.891429],[-45.157703,-22.888611],[-45.158227,-22.887619],[-45.159085,-22.885075],[-45.158769,-22.883396],[-45.159266,-22.882663],[-45.161229,-22.881933],[-45.163989,-22.878648],[-45.164588,-22.878191],[-45.17162,-22.875818],[-45.172391,-22.875367],[-45.172863,-22.874856],[-45.175709,-22.869597],[-45.176444,-22.86631],[-45.178151,-22.86208],[-45.180065,-22.860145],[-45.180674,-22.858461],[-45.181284,-22.857441],[-45.183525,-22.85547],[-45.184572,-22.854794],[-45.185008,-22.854283],[-45.185292,-22.853476],[-45.185612,-22.8515],[-45.185643,-22.849604],[-45.184959,-22.846233],[-45.184341,-22.845131],[-45.181923,-22.843006],[-45.181355,-22.84227],[-45.180588,-22.839927],[-45.180665,-22.838747],[-45.181427,-22.837127],[-45.183013,-22.835275],[-45.182979,-22.834223],[-45.183305,-22.832973],[-45.183582,-22.832614],[-45.186546,-22.831993],[-45.186954,-22.831783],[-45.187215,-22.831501],[-45.18749,-22.830709],[-45.188092,-22.830272],[-45.190359,-22.830547],[-45.190996,-22.830195],[-45.191742,-22.826398],[-45.192722,-22.823846],[-45.192726,-22.822745],[-45.192529,-22.822204],[-45.192695,-22.822111],[-45.193142,-22.822242],[-45.194173,-22.821606],[-45.194552,-22.821134],[-45.194639,-22.820613],[-45.195812,-22.819892],[-45.195863,-22.819626],[-45.195675,-22.819332],[-45.195137,-22.819137],[-45.196337,-22.815813]]}},{"type":"Feature","properties":{"id_backbone":"BB-CD7C2272955E","trecho":"CPB.CB-CPB.RD","cluster":"SOROCABA","cabo":"F-0039","capacidade":"12","extensao_km":1.238,"confianca":"ALTA","fonte":"OSRM/OpenStreetMap","ponta_a":"CPB.CB","municipio_a":"CAPAO BONITO","ponta_b":"CPB.RD","municipio_b":"CAPAO BONITO"},"geometry":{"type":"LineString","coordinates":[[-48.345585,-24.006479],[-48.345619,-24.006041],[-48.345459,-24.005846],[-48.342078,-24.00754],[-48.341343,-24.008153],[-48.340797,-24.007572],[-48.339851,-24.005099],[-48.339617,-24.00516],[-48.339104,-24.004058],[-48.33798,-24.004594]]}},{"type":"Feature","properties":{"id_backbone":"BB-13CC2D92E8BB","trecho":"CQO.RF-TIE.TT","cluster":"SOROCABA","cabo":"F-0031","capacidade":"12","extensao_km":8.388,"confianca":"ALTA","fonte":"OSRM/OpenStreetMap","ponta_a":"CQO.RF","municipio_a":"CERQUILHO","ponta_b":"TIE.TT","municipio_b":"TIETE"},"geometry":{"type":"LineString","coordinates":[[-47.744456,-23.160606],[-47.744034,-23.157725],[-47.743118,-23.155472],[-47.743629,-23.155139],[-47.743531,-23.154621],[-47.742214,-23.153397],[-47.739816,-23.151756],[-47.738748,-23.150766],[-47.731964,-23.139077],[-47.731055,-23.138324],[-47.730057,-23.138111],[-47.727093,-23.139016],[-47.726142,-23.139024],[-47.725313,-23.138708],[-47.724069,-23.137844],[-47.72213,-23.134481],[-47.718436,-23.131279],[-47.71798,-23.130684],[-47.717763,-23.129911],[-47.717663,-23.126451],[-47.717172,-23.125276],[-47.71683,-23.125149],[-47.716796,-23.124873],[-47.712243,-23.120222],[-47.711636,-23.11925],[-47.711036,-23.118034],[-47.711103,-23.114815],[-47.710968,-23.113001],[-47.710072,-23.110836],[-47.709643,-23.108914],[-47.710069,-23.106724],[-47.71048,-23.105618],[-47.712966,-23.102127],[-47.712102,-23.102072]]}},{"type":"Feature","properties":{"id_backbone":"BB-9F81CCD52965","trecho":"GRAA.GD-SGJ.GR","cluster":"SOROCABA","cabo":"F-0209","capacidade":"72","extensao_km":12.718,"confianca":"ALTA","fonte":"OSRM/OpenStreetMap","ponta_a":"GRAA.GD","municipio_a":"ITAPETININGA","ponta_b":"SGJ.GR","municipio_b":"SAO MIGUEL ARCANJO"},"geometry":{"type":"LineString","coordinates":[[-48.130875,-23.768903],[-48.131146,-23.768845],[-48.131402,-23.769847],[-48.132399,-23.769627],[-48.132751,-23.76932],[-48.132829,-23.768935],[-48.132163,-23.767801],[-48.131306,-23.767327],[-48.131276,-23.767096],[-48.132735,-23.766761],[-48.133876,-23.766808],[-48.133921,-23.766977],[-48.133757,-23.767134],[-48.133206,-23.766884],[-48.132914,-23.767051],[-48.132842,-23.76791],[-48.134499,-23.77062],[-48.135748,-23.772134],[-48.13605,-23.772862],[-48.136111,-23.774392],[-48.134608,-23.780641],[-48.134728,-23.783228],[-48.135065,-23.784155],[-48.136047,-23.785513],[-48.136472,-23.786385],[-48.136638,-23.787272],[-48.136549,-23.789893],[-48.138847,-23.795945],[-48.140175,-23.801982],[-48.141739,-23.804596],[-48.142895,-23.806115],[-48.144002,-23.806866],[-48.149094,-23.807977],[-48.150901,-23.808651],[-48.152171,-23.809717],[-48.153385,-23.811753],[-48.154195,-23.812594],[-48.162094,-23.817216],[-48.164402,-23.818757],[-48.165294,-23.819874],[-48.168185,-23.824947],[-48.168939,-23.829157],[-48.169269,-23.830057],[-48.175694,-23.840029],[-48.176779,-23.841289],[-48.181667,-23.844618],[-48.182658,-23.845046],[-48.183407,-23.845114],[-48.183687,-23.844812],[-48.183536,-23.844382],[-48.18326,-23.844264],[-48.18288,-23.844361],[-48.182406,-23.845458],[-48.182484,-23.845703],[-48.182739,-23.845751],[-48.182811,-23.845458],[-48.183593,-23.845689],[-48.183683,-23.847983]]}},{"type":"Feature","properties":{"id_backbone":"BB-784D4E4585CA","trecho":"IBN.GN-IBN.RD","cluster":"SOROCABA","cabo":"F-0027","capacidade":"12","extensao_km":2.91,"confianca":"ALTA","fonte":"OSRM/OpenStreetMap","ponta_a":"IBN.GN","municipio_a":"IBIUNA","ponta_b":"IBN.RD","municipio_b":"IBIUNA"},"geometry":{"type":"LineString","coordinates":[[-47.220811,-23.655558],[-47.220914,-23.656294],[-47.222172,-23.656143],[-47.222215,-23.656318],[-47.223828,-23.656035],[-47.224314,-23.656477],[-47.224805,-23.657285],[-47.225369,-23.657284],[-47.225637,-23.65709],[-47.225952,-23.657236],[-47.227109,-23.657117],[-47.228175,-23.658057],[-47.227945,-23.659292],[-47.228071,-23.659422],[-47.228861,-23.659407],[-47.229944,-23.658938],[-47.230759,-23.658821],[-47.233109,-23.659402],[-47.235888,-23.659294],[-47.239894,-23.658484],[-47.240937,-23.65643],[-47.240713,-23.655911],[-47.240878,-23.654775],[-47.241199,-23.654348],[-47.241491,-23.654316]]}},{"type":"Feature","properties":{"id_backbone":"BB-46420580F46E","trecho":"IBN.PU-PDD.WO","cluster":"SOROCABA","cabo":"F-0052","capacidade":"24","extensao_km":8.781,"confianca":"MEDIA","fonte":"OSRM/OpenStreetMap","ponta_a":"IBN.PU","municipio_a":"IBIUNA","ponta_b":"PDD.WO","municipio_b":"PIEDADE"},"geometry":{"type":"LineString","coordinates":[[-47.354781,-23.681795],[-47.356398,-23.68004],[-47.35786,-23.680902],[-47.35894,-23.680996],[-47.360257,-23.681384],[-47.362012,-23.684145],[-47.362288,-23.684281],[-47.362303,-23.686243],[-47.360868,-23.689385],[-47.361386,-23.690973],[-47.361067,-23.691757],[-47.365753,-23.692758],[-47.366978,-23.693345],[-47.368843,-23.694868],[-47.370043,-23.695409],[-47.373546,-23.695363],[-47.376744,-23.696317],[-47.378154,-23.697108],[-47.379331,-23.697313],[-47.383322,-23.696952],[-47.383964,-23.697312],[-47.384356,-23.697771],[-47.384656,-23.698332],[-47.384884,-23.699397],[-47.38535,-23.699924],[-47.386676,-23.700644],[-47.389628,-23.701755],[-47.391258,-23.701818],[-47.392178,-23.701457],[-47.393468,-23.701281],[-47.39526,-23.70136],[-47.395797,-23.701534],[-47.396176,-23.702006],[-47.396524,-23.703912],[-47.397444,-23.705332],[-47.398121,-23.705843],[-47.398917,-23.706107],[-47.401474,-23.706297],[-47.402469,-23.706579],[-47.403297,-23.706942],[-47.404071,-23.707978],[-47.404525,-23.708166],[-47.407953,-23.708006],[-47.412261,-23.709187],[-47.412567,-23.710043],[-47.413512,-23.710447],[-47.413828,-23.711053],[-47.414128,-23.711664],[-47.414077,-23.712756],[-47.414757,-23.712963],[-47.414707,-23.713176],[-47.415089,-23.713815],[-47.41449,-23.714162],[-47.414414,-23.714047]]}},{"type":"Feature","properties":{"id_backbone":"BB-E23DD9349FFB","trecho":"IEO.GC-SOC.PA","cluster":"SOROCABA","cabo":"F-0001","capacidade":"6","extensao_km":33.967,"confianca":"SEM_REFERENCIA","fonte":"OSRM/OpenStreetMap","ponta_a":"IEO.GC","municipio_a":"IPERO","ponta_b":"SOC.PA","municipio_b":"SOROCABA"},"geometry":{"type":"LineString","coordinates":[[-47.68685,-23.349282],[-47.686935,-23.349492],[-47.68999,-23.34843],[-47.689919,-23.350479],[-47.690344,-23.351329],[-47.691582,-23.352588],[-47.694622,-23.354831],[-47.694491,-23.355225],[-47.694303,-23.361391],[-47.693847,-23.362402],[-47.693379,-23.362403],[-47.690615,-23.363168],[-47.689228,-23.363968],[-47.68837,-23.364713],[-47.687616,-23.36577],[-47.68734,-23.36704],[-47.686694,-23.368437],[-47.685251,-23.369909],[-47.684263,-23.371697],[-47.683255,-23.372625],[-47.681565,-23.373806],[-47.680163,-23.376946],[-47.679731,-23.377468],[-47.677236,-23.378763],[-47.67525,-23.379354],[-47.671054,-23.380272],[-47.664218,-23.383092],[-47.662111,-23.383235],[-47.659526,-23.38379],[-47.658512,-23.381814],[-47.658097,-23.379694],[-47.657826,-23.379383],[-47.657358,-23.379262],[-47.653126,-23.380054],[-47.648364,-23.38256],[-47.648148,-23.382506],[-47.647465,-23.381753],[-47.644885,-23.380082],[-47.644463,-23.379969],[-47.640787,-23.381565],[-47.639848,-23.381834],[-47.631953,-23.381598],[-47.628346,-23.382091],[-47.625939,-23.382225],[-47.620764,-23.384104],[-47.619809,-23.384672],[-47.618012,-23.386143],[-47.616049,-23.388842],[-47.614277,-23.390646],[-47.613693,-23.391017],[-47.608899,-23.391919],[-47.604688,-23.392943],[-47.604286,-23.392899],[-47.600442,-23.393683],[-47.59464,-23.396133],[-47.590181,-23.399791],[-47.590011,-23.400158],[-47.589893,-23.401501],[-47.589379,-23.402499],[-47.587194,-23.405164],[-47.585164,-23.406448],[-47.584904,-23.406982],[-47.584834,-23.407614],[-47.584561,-23.408028],[-47.580038,-23.410717],[-47.576175,-23.41241],[-47.575108,-23.413203],[-47.571417,-23.41802],[-47.566822,-23.423297],[-47.565037,-23.425812],[-47.557236,-23.433368],[-47.556506,-23.433786],[-47.554059,-23.434543],[-47.553516,-23.434855],[-47.55299,-23.43489],[-47.547725,-23.436599],[-47.547181,-23.436965],[-47.546272,-23.437218],[-47.544746,-23.438186],[-47.542546,-23.440034],[-47.53955,-23.441651],[-47.529252,-23.441432],[-47.526579,-23.442357],[-47.524571,-23.442331],[-47.522982,-23.442725],[-47.520956,-23.444482],[-47.519861,-23.446142],[-47.518897,-23.447218],[-47.515934,-23.449398],[-47.512742,-23.451161],[-47.510973,-23.452652],[-47.509842,-23.453051],[-47.507675,-23.453443],[-47.505943,-23.454576],[-47.498032,-23.463131],[-47.497711,-23.46365],[-47.497201,-23.464017],[-47.495061,-23.466339],[-47.49453,-23.467243],[-47.493471,-23.468089],[-47.482793,-23.479729],[-47.473644,-23.483374],[-47.475853,-23.487054],[-47.473834,-23.488142],[-47.471915,-23.491139],[-47.468713,-23.492659],[-47.461856,-23.502748],[-47.460136,-23.501655],[-47.45964,-23.501872],[-47.459249,-23.501629]]}},{"type":"Feature","properties":{"id_backbone":"BB-E3C596FAE183","trecho":"IER.IR-IER.RD","cluster":"SOROCABA","cabo":"F-0028","capacidade":"12","extensao_km":4.635,"confianca":"ALTA","fonte":"OSRM/OpenStreetMap","ponta_a":"IER.IR","municipio_a":"ITABERA","ponta_b":"IER.RD","municipio_b":"ITABERA"},"geometry":{"type":"LineString","coordinates":[[-49.13821,-23.86238],[-49.13845,-23.862564],[-49.138023,-23.86304],[-49.140686,-23.86487],[-49.140006,-23.865723],[-49.141843,-23.869339],[-49.142245,-23.869802],[-49.148463,-23.872],[-49.149992,-23.873175],[-49.151423,-23.873364],[-49.152121,-23.873612],[-49.153269,-23.874588],[-49.155279,-23.877381],[-49.155787,-23.87785],[-49.158119,-23.87868],[-49.159816,-23.880216],[-49.162348,-23.881119],[-49.165674,-23.882993],[-49.171752,-23.884001],[-49.171813,-23.883509]]}},{"type":"Feature","properties":{"id_backbone":"BB-A2A61BCBB657","trecho":"IGA.QB-IGA.RD","cluster":"SOROCABA","cabo":"F-S/N","capacidade":"6","extensao_km":2.771,"confianca":"SEM_REFERENCIA","fonte":"OSRM/OpenStreetMap","ponta_a":"IGA.QB","municipio_a":"ITAPETININGA","ponta_b":"IGA.RD","municipio_b":"ITAPETININGA"},"geometry":{"type":"LineString","coordinates":[[-48.050959,-23.591853],[-48.049086,-23.591476],[-48.049161,-23.590969],[-48.055058,-23.591558],[-48.055062,-23.592698],[-48.056086,-23.593028],[-48.057352,-23.592934],[-48.057627,-23.592709],[-48.058233,-23.592726],[-48.059367,-23.592204],[-48.061095,-23.597735],[-48.061439,-23.598049],[-48.061964,-23.601002],[-48.062212,-23.60363]]}},{"type":"Feature","properties":{"id_backbone":"BB-B089DFB454DD","trecho":"IRW.JL-UUS.TD","cluster":"SOROCABA","cabo":"F-0034","capacidade":"12","extensao_km":19.389,"confianca":"ALTA","fonte":"OSRM/OpenStreetMap","ponta_a":"IRW.JL","municipio_a":"IRAPUA","ponta_b":"UUS.TD","municipio_b":"URUPES"},"geometry":{"type":"LineString","coordinates":[[-49.409811,-21.278801],[-49.410623,-21.278723],[-49.410528,-21.277814],[-49.412486,-21.277656],[-49.411397,-21.263988],[-49.411119,-21.263044],[-49.410267,-21.262034],[-49.385766,-21.238415],[-49.383955,-21.236935],[-49.382233,-21.235817],[-49.298017,-21.186811],[-49.295533,-21.185134],[-49.295046,-21.185143],[-49.294828,-21.185625],[-49.295401,-21.192417],[-49.295312,-21.19375],[-49.295004,-21.194925],[-49.293974,-21.197011],[-49.292104,-21.199179],[-49.291924,-21.200653],[-49.291264,-21.20137],[-49.291689,-21.201712],[-49.291055,-21.202416],[-49.290621,-21.202067],[-49.289207,-21.203576],[-49.288671,-21.203137]]}},{"type":"Feature","properties":{"id_backbone":"BB-6C18C07F7771","trecho":"IVA.MP-NVCP.CV","cluster":"SOROCABA","cabo":"F-0255","capacidade":"36","extensao_km":20.771,"confianca":"MEDIA","fonte":"OSRM/OpenStreetMap","ponta_a":"IVA.MP","municipio_a":"ITAPEVA","ponta_b":"NVCP.CV","municipio_b":"NOVA CAMPINA"},"geometry":{"type":"LineString","coordinates":[[-48.877164,-23.981373],[-48.877205,-23.981829],[-48.878778,-23.981674],[-48.87883,-23.982789],[-48.879023,-23.983183],[-48.882516,-23.985943],[-48.883514,-23.986566],[-48.887606,-23.987489],[-48.889937,-23.986921],[-48.891255,-23.986909],[-48.892154,-23.987356],[-48.89425,-23.987605],[-48.895496,-23.988037],[-48.897483,-23.989427],[-48.897848,-23.989515],[-48.897833,-23.989705],[-48.900442,-23.992482],[-48.901676,-23.99535],[-48.903397,-23.995133],[-48.905354,-23.994351],[-48.906679,-23.994119],[-48.909169,-23.99379],[-48.910268,-23.993928],[-48.911095,-23.99515],[-48.910977,-23.996306],[-48.91387,-23.997981],[-48.915415,-23.998603],[-48.915897,-23.999426],[-48.915905,-24.001872],[-48.91558,-24.002203],[-48.915081,-24.003195],[-48.913558,-24.00482],[-48.91329,-24.00531],[-48.914083,-24.007855],[-48.91337,-24.010069],[-48.913842,-24.011122],[-48.913842,-24.011575],[-48.913526,-24.012016],[-48.912088,-24.013175],[-48.911654,-24.014244],[-48.91079,-24.01515],[-48.910479,-24.016083],[-48.911932,-24.019469],[-48.91234,-24.021042],[-48.91242,-24.022257],[-48.912962,-24.025182],[-48.913863,-24.026044],[-48.915119,-24.028318],[-48.916197,-24.029484],[-48.916605,-24.030346],[-48.916702,-24.031104],[-48.914695,-24.034868],[-48.914094,-24.035391],[-48.91087,-24.037345],[-48.910339,-24.038017],[-48.908553,-24.041343],[-48.908397,-24.041882],[-48.908413,-24.04474],[-48.909127,-24.047042],[-48.909932,-24.052679],[-48.901643,-24.066195],[-48.901515,-24.066835],[-48.901713,-24.067919],[-48.905667,-24.078149],[-48.905608,-24.079155],[-48.904792,-24.081672],[-48.904015,-24.093287],[-48.900045,-24.098635],[-48.899852,-24.099234],[-48.899895,-24.100701],[-48.90032,-24.10292],[-48.903716,-24.108702],[-48.904213,-24.109158],[-48.903108,-24.110739],[-48.902845,-24.111656],[-48.904363,-24.115078],[-48.905417,-24.121285],[-48.90438,-24.122031],[-48.904199,-24.121895],[-48.902998,-24.123037],[-48.902408,-24.125301],[-48.901651,-24.126184],[-48.902008,-24.126389]]}},{"type":"Feature","properties":{"id_backbone":"BB-F897CE629175","trecho":"LBDE.LI-PLL.JM","cluster":"SOROCABA","cabo":"F-0214","capacidade":"36","extensao_km":35.036,"confianca":"ALTA","fonte":"OSRM/OpenStreetMap","ponta_a":"LBDE.LI","municipio_a":"PIEDADE","ponta_b":"PLL.JM","municipio_b":"PILAR DO SUL"},"geometry":{"type":"LineString","coordinates":[[-47.466103,-23.758325],[-47.467815,-23.758338],[-47.471644,-23.757704],[-47.473965,-23.758977],[-47.475553,-23.759518],[-47.476041,-23.760311],[-47.4761,-23.760834],[-47.474793,-23.763704],[-47.474409,-23.767068],[-47.474619,-23.767673],[-47.476529,-23.769374],[-47.478187,-23.769717],[-47.479384,-23.77022],[-47.48049,-23.769961],[-47.48075,-23.770049],[-47.481278,-23.770993],[-47.483192,-23.772461],[-47.483612,-23.773486],[-47.484144,-23.774077],[-47.484206,-23.774984],[-47.484881,-23.775899],[-47.487282,-23.777661],[-47.488169,-23.777831],[-47.489329,-23.777649],[-47.490215,-23.777791],[-47.490459,-23.777951],[-47.490572,-23.778329],[-47.48984,-23.779015],[-47.489705,-23.779488],[-47.490513,-23.780345],[-47.491977,-23.780905],[-47.49787,-23.783819],[-47.499088,-23.783975],[-47.501294,-23.781932],[-47.504193,-23.781045],[-47.508812,-23.779241],[-47.509561,-23.779125],[-47.510428,-23.779344],[-47.511068,-23.780804],[-47.51134,-23.78123],[-47.511704,-23.781442],[-47.512688,-23.781385],[-47.514167,-23.780455],[-47.515149,-23.780365],[-47.517293,-23.781038],[-47.51966,-23.782727],[-47.520582,-23.782981],[-47.5217,-23.782694],[-47.523654,-23.78344],[-47.525878,-23.7849],[-47.526907,-23.786614],[-47.529051,-23.788339],[-47.530298,-23.788086],[-47.530491,-23.787804],[-47.530558,-23.78669],[-47.532143,-23.784873],[-47.532784,-23.784525],[-47.535008,-23.785421],[-47.536625,-23.787065],[-47.539168,-23.78616],[-47.539634,-23.786131],[-47.541759,-23.787297],[-47.54377,-23.787868],[-47.544653,-23.787744],[-47.545371,-23.786584],[-47.547708,-23.78542],[-47.549309,-23.785632],[-47.551501,-23.786745],[-47.555063,-23.786943],[-47.555646,-23.787947],[-47.557349,-23.78872],[-47.560274,-23.791479],[-47.561127,-23.792081],[-47.562945,-23.792676],[-47.564998,-23.79438],[-47.565741,-23.794782],[-47.566622,-23.795015],[-47.568686,-23.795134],[-47.569178,-23.795439],[-47.56996,-23.796476],[-47.570714,-23.797963],[-47.572272,-23.799467],[-47.572517,-23.80044],[-47.572639,-23.803102],[-47.5745,-23.806464],[-47.577429,-23.807194],[-47.579217,-23.808347],[-47.581765,-23.809705],[-47.582907,-23.811046],[-47.58394,-23.811707],[-47.585738,-23.813313],[-47.586204,-23.814441],[-47.587285,-23.815641],[-47.58775,-23.815822],[-47.589297,-23.8158],[-47.591988,-23.817797],[-47.592838,-23.817892],[-47.594131,-23.81755],[-47.59552,-23.817602],[-47.596967,-23.817163],[-47.597621,-23.817155],[-47.598353,-23.817333],[-47.599372,-23.817971],[-47.600716,-23.818268],[-47.601515,-23.819135],[-47.601578,-23.82048],[-47.602024,-23.82137],[-47.602319,-23.82162],[-47.604033,-23.821737],[-47.604358,-23.821657],[-47.604579,-23.821396],[-47.604609,-23.820876],[-47.604052,-23.819639],[-47.604301,-23.819147],[-47.605599,-23.818443],[-47.605868,-23.818092],[-47.605936,-23.817361],[-47.604972,-23.815693],[-47.605096,-23.81536],[-47.605619,-23.815098],[-47.607253,-23.815012],[-47.610653,-23.814042],[-47.612264,-23.81437],[-47.613962,-23.815348],[-47.614762,-23.815532],[-47.616671,-23.815305],[-47.617843,-23.814422],[-47.618389,-23.814209],[-47.626803,-23.814392],[-47.629763,-23.814905],[-47.631141,-23.815403],[-47.631865,-23.815395],[-47.633687,-23.814676],[-47.636816,-23.814425],[-47.639266,-23.813172],[-47.640417,-23.813024],[-47.643733,-23.811985],[-47.644459,-23.811919],[-47.645024,-23.812064],[-47.645445,-23.812391],[-47.646748,-23.814785],[-47.647935,-23.81574],[-47.649043,-23.817314],[-47.650801,-23.817552],[-47.651903,-23.817932],[-47.653407,-23.817684],[-47.65652,-23.819388],[-47.657902,-23.819863],[-47.659864,-23.82151],[-47.662333,-23.821913],[-47.663726,-23.822553],[-47.663884,-23.822955],[-47.663874,-23.824789],[-47.66449,-23.825983],[-47.665198,-23.828255],[-47.667175,-23.830007],[-47.667937,-23.830277],[-47.668377,-23.830184],[-47.670024,-23.82918],[-47.671432,-23.828851],[-47.672103,-23.828811],[-47.673945,-23.829114],[-47.676606,-23.826913],[-47.678583,-23.826364],[-47.680715,-23.823699],[-47.680554,-23.818971],[-47.681759,-23.815335],[-47.687534,-23.811605],[-47.690673,-23.808609],[-47.693596,-23.807102],[-47.694063,-23.807137],[-47.694307,-23.807332],[-47.694836,-23.808915],[-47.695378,-23.809223],[-47.697589,-23.808235],[-47.700292,-23.80803],[-47.703302,-23.807519],[-47.703662,-23.807165],[-47.70391,-23.807131],[-47.704322,-23.80796],[-47.704891,-23.808539],[-47.707916,-23.811338],[-47.708598,-23.811759],[-47.709437,-23.811789],[-47.714858,-23.810718],[-47.715582,-23.813632],[-47.715782,-23.813601]]}},{"type":"Feature","properties":{"id_backbone":"BB-D214391A7561","trecho":"PLL.FS-PLL.JM","cluster":"SOROCABA","cabo":"F-0085","capacidade":"12","extensao_km":14.226,"confianca":"BAIXA","fonte":"OSRM/OpenStreetMap","ponta_a":"PLL.FS","municipio_a":"PILAR DO SUL","ponta_b":"PLL.JM","municipio_b":"PILAR DO SUL"},"geometry":{"type":"LineString","coordinates":[[-47.819984,-23.822844],[-47.81736,-23.823463],[-47.815248,-23.81888],[-47.809829,-23.814513],[-47.805949,-23.808796],[-47.805427,-23.808463],[-47.802151,-23.807196],[-47.801487,-23.8067],[-47.801059,-23.80582],[-47.800838,-23.804405],[-47.800933,-23.802721],[-47.801398,-23.801156],[-47.80013,-23.799468],[-47.797937,-23.798615],[-47.796261,-23.798951],[-47.79391,-23.798337],[-47.782874,-23.791535],[-47.781099,-23.790927],[-47.780371,-23.790829],[-47.769212,-23.791414],[-47.766691,-23.792087],[-47.765461,-23.79321],[-47.763907,-23.79398],[-47.762748,-23.794811],[-47.761275,-23.795216],[-47.758081,-23.794683],[-47.756858,-23.794076],[-47.753548,-23.793385],[-47.741979,-23.794212],[-47.740575,-23.794775],[-47.740103,-23.795257],[-47.739175,-23.797109],[-47.738879,-23.799788],[-47.738439,-23.80009],[-47.737216,-23.800486],[-47.73685,-23.800849],[-47.736631,-23.802122],[-47.735324,-23.804814],[-47.734459,-23.805548],[-47.732222,-23.806821],[-47.730125,-23.808613],[-47.728554,-23.810264],[-47.72754,-23.810538],[-47.722804,-23.810394],[-47.720703,-23.810486],[-47.718384,-23.809911],[-47.714858,-23.810718],[-47.715582,-23.813632],[-47.715782,-23.813601]]}},{"type":"Feature","properties":{"id_backbone":"BB-4ADE6F196268","trecho":"PRF.BO-PRF.PF","cluster":"SOROCABA","cabo":"F-0016","capacidade":"12","extensao_km":16.557,"confianca":"ALTA","fonte":"OSRM/OpenStreetMap","ponta_a":"PRF.BO","municipio_a":"PORTO FELIZ","ponta_b":"PRF.PF","municipio_b":"PORTO FELIZ"},"geometry":{"type":"LineString","coordinates":[[-47.481697,-23.33884],[-47.481319,-23.338819],[-47.481735,-23.333503],[-47.481639,-23.330471],[-47.481903,-23.328405],[-47.482303,-23.326736],[-47.482119,-23.324197],[-47.482925,-23.317844],[-47.482013,-23.312354],[-47.481377,-23.309719],[-47.480818,-23.305599],[-47.481039,-23.303826],[-47.481836,-23.300475],[-47.483569,-23.297806],[-47.48409,-23.29659],[-47.484549,-23.295107],[-47.486354,-23.290985],[-47.486711,-23.289689],[-47.487567,-23.288026],[-47.490291,-23.278708],[-47.492299,-23.275993],[-47.495283,-23.267281],[-47.496578,-23.264008],[-47.497546,-23.260775],[-47.498591,-23.258846],[-47.499296,-23.2579],[-47.499877,-23.256231],[-47.500479,-23.255433],[-47.501189,-23.255073],[-47.503263,-23.254908],[-47.505749,-23.254935],[-47.507572,-23.254434],[-47.508358,-23.254562],[-47.509529,-23.255097],[-47.511126,-23.254454],[-47.511661,-23.254068],[-47.516778,-23.245993],[-47.516991,-23.245428],[-47.51746,-23.240646],[-47.518176,-23.236904],[-47.518508,-23.23433],[-47.518356,-23.233753],[-47.518621,-23.233358],[-47.518649,-23.232411],[-47.51902,-23.232345],[-47.519101,-23.232765],[-47.519294,-23.232906],[-47.522694,-23.232687],[-47.524642,-23.230323],[-47.525139,-23.22859],[-47.524097,-23.22308],[-47.525544,-23.217336],[-47.524712,-23.217186],[-47.524518,-23.216954],[-47.524747,-23.214245],[-47.524431,-23.213471],[-47.52487,-23.213314],[-47.523756,-23.211596]]}},{"type":"Feature","properties":{"id_backbone":"BB-6B6F9D0DC70A","trecho":"SOC.AP-SOC.AS","cluster":"SOROCABA","cabo":"F-0009","capacidade":"12","extensao_km":3.598,"confianca":"MEDIA","fonte":"OSRM/OpenStreetMap","ponta_a":"SOC.AP","municipio_a":"SOROCABA","ponta_b":"SOC.AS","municipio_b":"SOROCABA"},"geometry":{"type":"LineString","coordinates":[[-47.429191,-23.503957],[-47.4299,-23.504425],[-47.430754,-23.504274],[-47.438781,-23.500481],[-47.438879,-23.499663],[-47.441486,-23.499049],[-47.441955,-23.497914],[-47.448785,-23.500147],[-47.451429,-23.501396],[-47.452348,-23.501439],[-47.452665,-23.501387],[-47.453208,-23.500969],[-47.453637,-23.499711],[-47.454965,-23.497249],[-47.457861,-23.497763]]}},{"type":"Feature","properties":{"id_backbone":"BB-2038218BA552","trecho":"SOC.AS-SOC.CA","cluster":"SOROCABA","cabo":"F-0096","capacidade":"72","extensao_km":6.922,"confianca":"ALTA","fonte":"OSRM/OpenStreetMap","ponta_a":"SOC.AS","municipio_a":"SOROCABA","ponta_b":"SOC.CA","municipio_b":"SOROCABA"},"geometry":{"type":"LineString","coordinates":[[-47.457861,-23.497763],[-47.459419,-23.498374],[-47.459923,-23.498329],[-47.462146,-23.495657],[-47.461906,-23.495478],[-47.459021,-23.495358],[-47.458387,-23.495473],[-47.455511,-23.496215],[-47.455079,-23.496941],[-47.45477,-23.497173],[-47.452655,-23.497004],[-47.452135,-23.497302],[-47.451695,-23.497842],[-47.451458,-23.497862],[-47.450256,-23.495851],[-47.448519,-23.494563],[-47.443032,-23.491319],[-47.442321,-23.493814],[-47.442121,-23.493863],[-47.441107,-23.492506],[-47.439275,-23.491295],[-47.434478,-23.486964],[-47.433548,-23.486585],[-47.42969,-23.485761],[-47.428597,-23.485761],[-47.428413,-23.485507],[-47.428647,-23.485186],[-47.428575,-23.484904],[-47.426671,-23.483702],[-47.425101,-23.482154],[-47.424598,-23.482156],[-47.422581,-23.482852],[-47.421697,-23.482691],[-47.421112,-23.482125],[-47.421049,-23.481601],[-47.421644,-23.479202],[-47.422115,-23.475824],[-47.421468,-23.475667],[-47.42039,-23.475678]]}},{"type":"Feature","properties":{"id_backbone":"BB-5DAC1B58302C","trecho":"SOC.CA-SOC.ED","cluster":"SOROCABA","cabo":"F-0242","capacidade":"36","extensao_km":6.682,"confianca":"ALTA","fonte":"OSRM/OpenStreetMap","ponta_a":"SOC.CA","municipio_a":"SOROCABA","ponta_b":"SOC.ED","municipio_b":"SOROCABA"},"geometry":{"type":"LineString","coordinates":[[-47.42039,-23.475678],[-47.419961,-23.475683],[-47.421486,-23.475613],[-47.422125,-23.475773],[-47.422507,-23.474382],[-47.422531,-23.473413],[-47.423078,-23.472089],[-47.424237,-23.467718],[-47.424308,-23.46644],[-47.424112,-23.465721],[-47.42154,-23.460005],[-47.418683,-23.45583],[-47.418544,-23.455402],[-47.416805,-23.442276],[-47.416284,-23.440634],[-47.416163,-23.437527],[-47.414755,-23.426914],[-47.412985,-23.423484],[-47.413809,-23.424644],[-47.415675,-23.423953]]}},{"type":"Feature","properties":{"id_backbone":"BB-2C176C5A05F5","trecho":"SOC.CR-SPO.VT","cluster":"SOROCABA","cabo":"F-0392","capacidade":"36","extensao_km":113.124,"confianca":"SEM_REFERENCIA","fonte":"OSRM/OpenStreetMap","ponta_a":"SOC.CR","municipio_a":"SOROCABA","ponta_b":"SPO.VT","municipio_b":"SAO PAULO"},"geometry":{"type":"LineString","coordinates":[[-47.488655,-23.51089],[-47.488141,-23.510251],[-47.485119,-23.508306],[-47.481781,-23.50558],[-47.47994,-23.50482],[-47.477898,-23.504455],[-47.472806,-23.504421],[-47.47065,-23.503903],[-47.468062,-23.502958],[-47.467682,-23.502957],[-47.464852,-23.504627],[-47.460136,-23.501655],[-47.459537,-23.50184],[-47.456812,-23.499926],[-47.454546,-23.500312],[-47.453362,-23.500827],[-47.453637,-23.499711],[-47.454965,-23.497249],[-47.452778,-23.496979],[-47.452135,-23.497302],[-47.451695,-23.497842],[-47.451458,-23.497862],[-47.450398,-23.495991],[-47.448519,-23.494563],[-47.44035,-23.489857],[-47.439042,-23.488753],[-47.438416,-23.48742],[-47.438227,-23.485869],[-47.439137,-23.481358],[-47.439498,-23.480169],[-47.441288,-23.479878],[-47.441489,-23.479564],[-47.441343,-23.479265],[-47.421333,-23.468053],[-47.412213,-23.462609],[-47.408526,-23.460165],[-47.347383,-23.417201],[-47.344453,-23.414865],[-47.343191,-23.413616],[-47.34102,-23.411074],[-47.334468,-23.402524],[-47.333773,-23.402043],[-47.333033,-23.401885],[-47.328361,-23.402419],[-47.29439,-23.407281],[-47.280441,-23.409596],[-47.277382,-23.41065],[-47.272093,-23.413652],[-47.270076,-23.414457],[-47.267344,-23.414878],[-47.261446,-23.4147],[-47.258752,-23.415303],[-47.257137,-23.416076],[-47.247491,-23.421916],[-47.245079,-23.422848],[-47.242218,-23.423441],[-47.239705,-23.423535],[-47.237048,-23.423239],[-47.220068,-23.418978],[-47.216993,-23.418609],[-47.152106,-23.423251],[-47.150563,-23.423505],[-47.149029,-23.424012],[-47.141604,-23.428047],[-47.140205,-23.42856],[-47.137804,-23.428982],[-47.132554,-23.428992],[-47.130096,-23.429642],[-47.128699,-23.430352],[-47.118666,-23.436944],[-47.114119,-23.438749],[-47.112025,-23.439255],[-47.109593,-23.439526],[-47.106654,-23.439385],[-47.10552,-23.439209],[-47.095736,-23.436597],[-47.092973,-23.436311],[-47.076805,-23.436395],[-47.073688,-23.436863],[-47.067747,-23.438255],[-47.065923,-23.43919],[-47.064709,-23.440275],[-47.053741,-23.454711],[-47.052499,-23.45585],[-47.051127,-23.456692],[-47.03912,-23.462077],[-47.037151,-23.462602],[-47.033206,-23.46308],[-47.031006,-23.463681],[-47.029605,-23.464247],[-47.023703,-23.467368],[-47.021785,-23.4682],[-47.010358,-23.471407],[-47.00819,-23.472157],[-47.004804,-23.473895],[-46.998518,-23.478265],[-46.996815,-23.479934],[-46.98645,-23.493246],[-46.985293,-23.495194],[-46.981802,-23.502006],[-46.980326,-23.504022],[-46.97825,-23.506113],[-46.97564,-23.508116],[-46.964115,-23.515237],[-46.956728,-23.518356],[-46.953708,-23.519181],[-46.95021,-23.519379],[-46.943662,-23.51859],[-46.940669,-23.518603],[-46.937908,-23.517929],[-46.932116,-23.517338],[-46.928272,-23.516693],[-46.926364,-23.516192],[-46.924139,-23.515379],[-46.914712,-23.511314],[-46.903212,-23.507925],[-46.898749,-23.506767],[-46.883998,-23.50522],[-46.862623,-23.504787],[-46.836075,-23.507101],[-46.811011,-23.510494],[-46.806611,-23.511235],[-46.800628,-23.512843],[-46.784435,-23.519247],[-46.778022,-23.520462],[-46.76694,-23.521849],[-46.750702,-23.526977],[-46.74974,-23.527162],[-46.748548,-23.526865],[-46.747772,-23.526098],[-46.747551,-23.525543],[-46.747335,-23.523012],[-46.746772,-23.521322],[-46.745903,-23.519933],[-46.744726,-23.518886],[-46.743443,-23.518246],[-46.742118,-23.518032],[-46.733663,-23.518324],[-46.731399,-23.517946],[-46.723228,-23.513401],[-46.722284,-23.512575],[-46.72037,-23.509908],[-46.719525,-23.509283],[-46.71869,-23.50893],[-46.71775,-23.508697],[-46.716435,-23.508627],[-46.707272,-23.509307],[-46.695627,-23.508518],[-46.693972,-23.508711],[-46.684103,-23.51069],[-46.682283,-23.5116],[-46.679581,-23.513587],[-46.678255,-23.514168],[-46.677161,-23.514446],[-46.652852,-23.517479],[-46.642575,-23.518939],[-46.636428,-23.519008],[-46.623804,-23.519854],[-46.622621,-23.519784],[-46.620276,-23.519312],[-46.618128,-23.519389],[-46.616253,-23.520177],[-46.612581,-23.522948],[-46.611064,-23.523542],[-46.608922,-23.523854],[-46.605313,-23.523319],[-46.60385,-23.523485],[-46.602965,-23.523786],[-46.601654,-23.524537],[-46.595621,-23.529324],[-46.594293,-23.530001],[-46.5929,-23.530338],[-46.590935,-23.530297],[-46.576764,-23.526722],[-46.575503,-23.526617],[-46.571914,-23.526868],[-46.570975,-23.52676],[-46.568749,-23.526052],[-46.565932,-23.524566],[-46.564368,-23.523991],[-46.563348,-23.523826],[-46.560699,-23.523977],[-46.559627,-23.524424],[-46.557421,-23.524925],[-46.556963,-23.525163],[-46.554136,-23.529415],[-46.55367,-23.530806],[-46.554078,-23.531311],[-46.553086,-23.531532],[-46.551536,-23.532393],[-46.549636,-23.533119],[-46.549033,-23.533542],[-46.548277,-23.533389],[-46.547539,-23.532454],[-46.54583,-23.533507],[-46.545484,-23.532864],[-46.543611,-23.531767],[-46.533431,-23.530322],[-46.530935,-23.530422],[-46.527859,-23.529973],[-46.527429,-23.532634],[-46.526344,-23.532517],[-46.525978,-23.533069],[-46.522949,-23.534653],[-46.522569,-23.535212],[-46.522509,-23.535579],[-46.522902,-23.536445]]}},{"type":"Feature","properties":{"id_backbone":"BB-45950059DF09","trecho":"SOC.EBT-SOC.PA","cluster":"SOROCABA","cabo":"F-S/N","capacidade":"36","extensao_km":0.561,"confianca":"ALTA","fonte":"OSRM/OpenStreetMap","ponta_a":"SOC.EBT","municipio_a":"SOROCABA","ponta_b":"SOC.PA","municipio_b":"SOROCABA"},"geometry":{"type":"LineString","coordinates":[[-47.459758,-23.499737],[-47.45873,-23.501148],[-47.458725,-23.501398],[-47.458161,-23.502266],[-47.45889,-23.502632],[-47.459537,-23.50184],[-47.459249,-23.501629]]}},{"type":"Feature","properties":{"id_backbone":"BB-3BA35249C67B","trecho":"TAQV.RD-TAQV.TQ","cluster":"SOROCABA","cabo":"F-0087","capacidade":"12","extensao_km":0.72,"confianca":"ALTA","fonte":"OSRM/OpenStreetMap","ponta_a":"TAQV.RD","municipio_a":"TAQUARIVAI","ponta_b":"TAQV.TQ","municipio_b":"TAQUARIVAI"},"geometry":{"type":"LineString","coordinates":[[-48.701126,-23.928878],[-48.700957,-23.928714],[-48.701047,-23.928623],[-48.69997,-23.927543],[-48.699966,-23.926683],[-48.697533,-23.925919],[-48.698395,-23.924971],[-48.698213,-23.924835]]}},{"type":"Feature","properties":{"id_backbone":"BB-53BAD8A2E45F","trecho":"VOM.PJ-VOM.SH","cluster":"SOROCABA","cabo":"F-0258","capacidade":"36","extensao_km":4.513,"confianca":"ALTA","fonte":"OSRM/OpenStreetMap","ponta_a":"VOM.PJ","municipio_a":"VOTORANTIM","ponta_b":"VOM.SH","municipio_b":"VOTORANTIM"},"geometry":{"type":"LineString","coordinates":[[-47.454864,-23.56882],[-47.454445,-23.568079],[-47.454081,-23.567891],[-47.453989,-23.56808],[-47.454716,-23.56898],[-47.456728,-23.572174],[-47.458957,-23.581122],[-47.458684,-23.582199],[-47.456812,-23.585346],[-47.455452,-23.586808],[-47.455273,-23.588002],[-47.455049,-23.588207],[-47.454723,-23.588229],[-47.453053,-23.587709],[-47.45219,-23.587851],[-47.450775,-23.588368],[-47.450124,-23.58841],[-47.442843,-23.586764],[-47.438149,-23.588531],[-47.437585,-23.589077]]}},{"type":"Feature","properties":{"id_backbone":"BB-82EB03F82493","trecho":"CSM.CS-SIMN.SN","cluster":"SAO JOSE DO RIO PRETO","cabo":"F-0019","capacidade":"72","extensao_km":14.574,"confianca":"SEM_REFERENCIA","fonte":"OSRM/OpenStreetMap","ponta_a":"CSM.CS","municipio_a":"COSMORAMA","ponta_b":"SIMN.SN","municipio_b":"VOTUPORANGA"},"geometry":{"type":"LineString","coordinates":[[-49.77856,-20.48092],[-49.779457,-20.482446],[-49.780574,-20.481848],[-49.792601,-20.489183],[-49.793342,-20.489234],[-49.793822,-20.489717],[-49.794253,-20.489758],[-49.798233,-20.487502],[-49.805857,-20.482487],[-49.808579,-20.481151],[-49.892957,-20.449802],[-49.894936,-20.448859],[-49.89494,-20.448339],[-49.895163,-20.448105],[-49.897303,-20.447645],[-49.898279,-20.448685],[-49.898104,-20.449028],[-49.896289,-20.449055],[-49.893113,-20.45023]]}},{"type":"Feature","properties":{"id_backbone":"BB-20456D3F848D","trecho":"CTD.RB-PNM.SS","cluster":"SAO JOSE DO RIO PRETO","cabo":"F-0012","capacidade":"12","extensao_km":9.953,"confianca":"ALTA","fonte":"OSRM/OpenStreetMap","ponta_a":"CTD.RB","municipio_a":"CATANDUVA","ponta_b":"PNM.SS","municipio_b":"PINDORAMA"},"geometry":{"type":"LineString","coordinates":[[-48.971033,-21.136429],[-48.9706,-21.136576],[-48.969853,-21.134816],[-48.96858,-21.135276],[-48.966741,-21.138668],[-48.966951,-21.139097],[-48.96929,-21.141475],[-48.969141,-21.141619],[-48.968851,-21.141324],[-48.968772,-21.141403],[-48.968183,-21.142904],[-48.96592,-21.145635],[-48.959205,-21.151009],[-48.958854,-21.151142],[-48.955096,-21.154062],[-48.954619,-21.154575],[-48.949081,-21.158557],[-48.926146,-21.17128],[-48.924219,-21.172982],[-48.923832,-21.173677],[-48.92291,-21.174275],[-48.919776,-21.177311],[-48.915147,-21.182062],[-48.914144,-21.182896],[-48.911246,-21.184777],[-48.906372,-21.187751],[-48.905262,-21.18615],[-48.904766,-21.186452]]}},{"type":"Feature","properties":{"id_backbone":"BB-6AE895AA20AA","trecho":"DLS.MK-VIBR.VB","cluster":"SAO JOSE DO RIO PRETO","cabo":"F-0026","capacidade":"6","extensao_km":12.318,"confianca":"ALTA","fonte":"OSRM/OpenStreetMap","ponta_a":"DLS.MK","municipio_a":"DOLCINOPOLIS","ponta_b":"VIBR.VB","municipio_b":"VITORIA BRASIL"},"geometry":{"type":"LineString","coordinates":[[-50.513073,-20.123577],[-50.512718,-20.124155],[-50.509952,-20.122624],[-50.507719,-20.121628],[-50.505941,-20.121265],[-50.503841,-20.121235],[-50.476536,-20.125634],[-50.475918,-20.125841],[-50.4756,-20.126265],[-50.473458,-20.136554],[-50.473204,-20.139458],[-50.473573,-20.142973],[-50.478345,-20.162315],[-50.478955,-20.166202],[-50.479015,-20.168982],[-50.47766,-20.192754],[-50.482343,-20.193687],[-50.482539,-20.19525],[-50.4833,-20.195197]]}},{"type":"Feature","properties":{"id_backbone":"BB-AFC346CAF41C","trecho":"CORI.CR-JAL.SS","cluster":"RIBEIRAO PRETO","cabo":"F-0240","capacidade":"6","extensao_km":7.782,"confianca":"SEM_REFERENCIA","fonte":"OSRM/OpenStreetMap","ponta_a":"CORI.CR","municipio_a":"JABOTICABAL","ponta_b":"JAL.SS","municipio_b":"JABOTICABAL"},"geometry":{"type":"LineString","coordinates":[[-48.261275,-21.284556],[-48.260764,-21.284568],[-48.260645,-21.284316],[-48.261017,-21.284139],[-48.261992,-21.284339],[-48.263031,-21.284278],[-48.26561,-21.283731],[-48.299373,-21.27299],[-48.30004,-21.272575],[-48.300351,-21.272059],[-48.300852,-21.271929],[-48.321307,-21.258133],[-48.318504,-21.254404],[-48.317713,-21.254927],[-48.317839,-21.255101]]}},{"type":"Feature","properties":{"id_backbone":"BB-36FF59BF1EE8","trecho":"CRUP.CA-IYG.CL","cluster":"RIBEIRAO PRETO","cabo":"F-0226","capacidade":"12","extensao_km":32.389,"confianca":"SEM_REFERENCIA","fonte":"OSRM/OpenStreetMap","ponta_a":"CRUP.CA","municipio_a":"TABATINGA","ponta_b":"IYG.CL","municipio_b":"IBITINGA"},"geometry":{"type":"LineString","coordinates":[[-48.579156,-21.721763],[-48.578717,-21.7217],[-48.578548,-21.722705],[-48.578031,-21.722801],[-48.57669,-21.723619],[-48.576166,-21.724284],[-48.569688,-21.750159],[-48.569921,-21.750482],[-48.571219,-21.750733],[-48.58373,-21.751879],[-48.590196,-21.752795],[-48.684773,-21.769416],[-48.686344,-21.76943],[-48.687771,-21.769941],[-48.785825,-21.787041],[-48.787234,-21.787145],[-48.787382,-21.787012],[-48.788372,-21.78432],[-48.789989,-21.781461],[-48.790312,-21.780062],[-48.795046,-21.777331],[-48.801449,-21.772386],[-48.803736,-21.771025],[-48.804994,-21.769881],[-48.81137,-21.76503],[-48.818125,-21.761682],[-48.817847,-21.761038],[-48.818815,-21.761287],[-48.821058,-21.760121],[-48.831324,-21.757671],[-48.831165,-21.757022],[-48.830672,-21.757118]]}},{"type":"Feature","properties":{"id_backbone":"BB-477588A933D0","trecho":"CVH.CB-LST.GB","cluster":"RIBEIRAO PRETO","cabo":"F-0223","capacidade":"12","extensao_km":32.323,"confianca":"SEM_REFERENCIA","fonte":"OSRM/OpenStreetMap","ponta_a":"CVH.CB","municipio_a":"CRAVINHOS","ponta_b":"LST.GB","municipio_b":"LUIS ANTONIO"},"geometry":{"type":"LineString","coordinates":[[-47.730037,-21.337798],[-47.73046,-21.338029],[-47.726463,-21.335878],[-47.726266,-21.336012],[-47.725157,-21.338514],[-47.72466,-21.340184],[-47.724092,-21.344496],[-47.724388,-21.351766],[-47.724184,-21.354159],[-47.723364,-21.357042],[-47.722264,-21.359133],[-47.697075,-21.390399],[-47.695646,-21.391761],[-47.693851,-21.392905],[-47.680135,-21.398202],[-47.677731,-21.399492],[-47.67513,-21.40138],[-47.673755,-21.402622],[-47.672251,-21.404292],[-47.656935,-21.424105],[-47.654863,-21.427599],[-47.652718,-21.432508],[-47.648891,-21.444092],[-47.646726,-21.451418],[-47.641249,-21.468029],[-47.640456,-21.471753],[-47.640375,-21.475021],[-47.643292,-21.524465],[-47.643463,-21.525387],[-47.645175,-21.528968],[-47.645864,-21.529504],[-47.665171,-21.53933],[-47.666338,-21.53958],[-47.67511,-21.53946],[-47.675898,-21.539566],[-47.697535,-21.550208],[-47.698973,-21.550612],[-47.700083,-21.550725],[-47.70123,-21.550646],[-47.703024,-21.550235],[-47.703296,-21.550472],[-47.703281,-21.55068],[-47.702471,-21.552402],[-47.701317,-21.553542],[-47.701654,-21.553698]]}},{"type":"Feature","properties":{"id_backbone":"BB-80E29C4C09CF","trecho":"DBD.BB-MOM.MO","cluster":"RIBEIRAO PRETO","cabo":"F-0232","capacidade":"12","extensao_km":11.45,"confianca":"ALTA","fonte":"OSRM/OpenStreetMap","ponta_a":"DBD.BB","municipio_a":"DOBRADA","ponta_b":"MOM.MO","municipio_b":"MATAO"},"geometry":{"type":"LineString","coordinates":[[-48.395449,-21.520191],[-48.396044,-21.520438],[-48.393771,-21.525024],[-48.393155,-21.525806],[-48.391957,-21.527965],[-48.391364,-21.530168],[-48.391093,-21.535044],[-48.391194,-21.535732],[-48.391025,-21.536105],[-48.390924,-21.539136],[-48.390501,-21.540905],[-48.387729,-21.545102],[-48.387382,-21.54589],[-48.386796,-21.546523],[-48.377502,-21.560224],[-48.377404,-21.561697],[-48.377649,-21.56254],[-48.381462,-21.565563],[-48.381714,-21.565874],[-48.381786,-21.566318],[-48.381558,-21.566796],[-48.38121,-21.56707],[-48.377601,-21.569023],[-48.37176,-21.578808],[-48.370519,-21.582364],[-48.369487,-21.584694],[-48.369479,-21.585501],[-48.368984,-21.585964],[-48.3685,-21.587509],[-48.370789,-21.592794],[-48.370823,-21.593587],[-48.370292,-21.594415],[-48.37187,-21.595159],[-48.372147,-21.59571],[-48.369011,-21.597546],[-48.368006,-21.598468],[-48.363883,-21.600397],[-48.36658,-21.605459],[-48.366165,-21.605662]]}},{"type":"Feature","properties":{"id_backbone":"BB-A46AD7FCD9D6","trecho":"DUT.SD-PDI.PD","cluster":"RIBEIRAO PRETO","cabo":"TR#1646","capacidade":"24","extensao_km":17.802,"confianca":"ALTA","fonte":"OSRM/OpenStreetMap","ponta_a":"DUT.SD","municipio_a":"DUMONT","ponta_b":"PDI.PD","municipio_b":"PRADOPOLIS"},"geometry":{"type":"LineString","coordinates":[[-47.972566,-21.238144],[-47.972385,-21.238021],[-47.972018,-21.238342],[-47.972566,-21.239014],[-47.974035,-21.240124],[-47.977371,-21.24447],[-47.977735,-21.244523],[-47.975409,-21.248945],[-47.975418,-21.249341],[-47.975659,-21.249742],[-47.978279,-21.25159],[-47.979374,-21.252649],[-47.987043,-21.25824],[-48.005713,-21.273565],[-48.020594,-21.28759],[-48.023037,-21.290144],[-48.03518,-21.306707],[-48.036747,-21.30857],[-48.037651,-21.31017],[-48.064358,-21.347289],[-48.064945,-21.347865],[-48.065874,-21.348034],[-48.066257,-21.348284],[-48.066477,-21.348955],[-48.06627,-21.349666],[-48.066315,-21.350248],[-48.066743,-21.351931],[-48.067543,-21.353501],[-48.068846,-21.359967],[-48.067745,-21.360158],[-48.067464,-21.358755]]}},{"type":"Feature","properties":{"id_backbone":"BB-D11A166B28EA","trecho":"FCA.RD-RTG.SA","cluster":"RIBEIRAO PRETO","cabo":"F-0279","capacidade":"12","extensao_km":16.451,"confianca":"ALTA","fonte":"OSRM/OpenStreetMap","ponta_a":"FCA.RD","municipio_a":"FRANCA","ponta_b":"RTG.SA","municipio_b":"RESTINGA"},"geometry":{"type":"LineString","coordinates":[[-47.401754,-20.503725],[-47.403369,-20.503113],[-47.404209,-20.50506],[-47.408881,-20.502571],[-47.410334,-20.505785],[-47.423671,-20.530496],[-47.424268,-20.531945],[-47.424512,-20.533953],[-47.424043,-20.53613],[-47.423262,-20.537575],[-47.421912,-20.539232],[-47.421445,-20.540111],[-47.420477,-20.541323],[-47.420472,-20.541558],[-47.422191,-20.542698],[-47.421925,-20.543124],[-47.422005,-20.543306],[-47.427092,-20.548198],[-47.427681,-20.548316],[-47.427777,-20.548725],[-47.428051,-20.548989],[-47.432734,-20.55169],[-47.433527,-20.551769],[-47.434187,-20.552141],[-47.43444,-20.55264],[-47.436418,-20.553755],[-47.436987,-20.553776],[-47.437255,-20.554222],[-47.439403,-20.555444],[-47.440018,-20.556072],[-47.440293,-20.556684],[-47.44088,-20.559274],[-47.442986,-20.572437],[-47.443858,-20.574707],[-47.445116,-20.576412],[-47.447226,-20.578492],[-47.448632,-20.579344],[-47.449774,-20.57965],[-47.455953,-20.580252],[-47.457424,-20.580654],[-47.462067,-20.582831],[-47.463476,-20.583179],[-47.464626,-20.584064],[-47.466814,-20.585161],[-47.467497,-20.58589],[-47.46784,-20.586855],[-47.467823,-20.590782],[-47.468049,-20.591646],[-47.47193,-20.596048],[-47.472753,-20.596579],[-47.473832,-20.596998],[-47.473981,-20.596921],[-47.474047,-20.597069],[-47.477956,-20.598497],[-47.48118,-20.60064],[-47.485747,-20.603154]]}},{"type":"Feature","properties":{"id_backbone":"BB-2CF300BEEDF7","trecho":"GIB.FS-JAL.SS","cluster":"RIBEIRAO PRETO","cabo":"F-0413","capacidade":"36","extensao_km":23.828,"confianca":"ALTA","fonte":"OSRM/OpenStreetMap","ponta_a":"GIB.FS","municipio_a":"GUARIBA","ponta_b":"JAL.SS","municipio_b":"JABOTICABAL"},"geometry":{"type":"LineString","coordinates":[[-48.226121,-21.361202],[-48.226145,-21.360963],[-48.22514,-21.360858],[-48.225245,-21.359962],[-48.228163,-21.360161],[-48.228749,-21.353132],[-48.229546,-21.353271],[-48.229517,-21.351734],[-48.229316,-21.351361],[-48.197454,-21.326132],[-48.19612,-21.324938],[-48.194962,-21.323588],[-48.193939,-21.322019],[-48.189371,-21.312694],[-48.188398,-21.311736],[-48.188431,-21.311037],[-48.189054,-21.310666],[-48.190404,-21.311235],[-48.192578,-21.311033],[-48.19439,-21.310668],[-48.19691,-21.309794],[-48.250292,-21.284368],[-48.25224,-21.283866],[-48.254375,-21.283664],[-48.255534,-21.283687],[-48.259795,-21.284324],[-48.261017,-21.284139],[-48.262251,-21.284351],[-48.264331,-21.284058],[-48.299256,-21.273047],[-48.30004,-21.272575],[-48.300351,-21.272059],[-48.300852,-21.271929],[-48.321307,-21.258133],[-48.318504,-21.254404],[-48.317713,-21.254927],[-48.317839,-21.255101]]}},{"type":"Feature","properties":{"id_backbone":"BB-06031171AE64","trecho":"IAL.JS-TAPS.TP","cluster":"RIBEIRAO PRETO","cabo":"F-0228","capacidade":"12","extensao_km":17.794,"confianca":"ALTA","fonte":"OSRM/OpenStreetMap","ponta_a":"IAL.JS","municipio_a":"ITAPOLIS","ponta_b":"TAPS.TP","municipio_b":"ITAPOLIS"},"geometry":{"type":"LineString","coordinates":[[-48.80896,-21.59317],[-48.808184,-21.593378],[-48.807918,-21.592461],[-48.809717,-21.592002],[-48.804576,-21.57555],[-48.804124,-21.574834],[-48.80342,-21.574157],[-48.799186,-21.571474],[-48.798614,-21.570974],[-48.796202,-21.567722],[-48.795785,-21.566684],[-48.794509,-21.553364],[-48.794723,-21.55044],[-48.795194,-21.549226],[-48.796981,-21.54683],[-48.797272,-21.546053],[-48.797264,-21.545192],[-48.79809,-21.544362],[-48.800481,-21.538323],[-48.800958,-21.536731],[-48.801593,-21.532164],[-48.801315,-21.531259],[-48.793903,-21.518395],[-48.79372,-21.517793],[-48.793953,-21.517279],[-48.800146,-21.51071],[-48.800264,-21.510381],[-48.799815,-21.507063],[-48.796916,-21.503583],[-48.796922,-21.503068],[-48.797622,-21.50037],[-48.797611,-21.499715],[-48.796259,-21.497264],[-48.794322,-21.490505],[-48.793391,-21.488086],[-48.793055,-21.486303],[-48.792771,-21.485786],[-48.791498,-21.484371],[-48.789076,-21.480582],[-48.787968,-21.479677],[-48.787677,-21.479118],[-48.787254,-21.475178],[-48.789001,-21.470434],[-48.787591,-21.466987],[-48.787439,-21.466201],[-48.787134,-21.449103],[-48.787595,-21.449085]]}},{"type":"Feature","properties":{"id_backbone":"BB-0B588BB0F36B","trecho":"IGAC.IG-RFA.CP","cluster":"RIBEIRAO PRETO","cabo":"F-0274","capacidade":"12","extensao_km":10.753,"confianca":"SEM_REFERENCIA","fonte":"OSRM/OpenStreetMap","ponta_a":"IGAC.IG","municipio_a":"PEDREGULHO","ponta_b":"RFA.CP","municipio_b":"RIFAINA"},"geometry":{"type":"LineString","coordinates":[[-47.44546,-20.129936],[-47.44758,-20.129595],[-47.449031,-20.129944],[-47.454165,-20.129607],[-47.455838,-20.129977],[-47.456079,-20.130276],[-47.456503,-20.131603],[-47.456737,-20.131843],[-47.457183,-20.131816],[-47.458624,-20.131149],[-47.458817,-20.130913],[-47.458975,-20.129948],[-47.459121,-20.125659],[-47.459357,-20.124955],[-47.459795,-20.124492],[-47.460386,-20.124204],[-47.462758,-20.123982],[-47.464333,-20.123527],[-47.465428,-20.122934],[-47.46635,-20.122053],[-47.467264,-20.120506],[-47.468315,-20.116546],[-47.468693,-20.114779],[-47.468492,-20.113722],[-47.46797,-20.113029],[-47.467159,-20.112348],[-47.461104,-20.109624],[-47.454535,-20.105592],[-47.444518,-20.099767],[-47.442917,-20.098572],[-47.441229,-20.09666],[-47.429921,-20.079978],[-47.428852,-20.078756],[-47.427127,-20.078216],[-47.424564,-20.078671],[-47.422536,-20.080496],[-47.423034,-20.080959],[-47.422694,-20.08131]]}},{"type":"Feature","properties":{"id_backbone":"BB-F47EE7B91B4E","trecho":"IPV.WR-RPO.NO","cluster":"RIBEIRAO PRETO","cabo":"F-0260","capacidade":"12","extensao_km":136.547,"confianca":"MEDIA","fonte":"OSRM/OpenStreetMap","ponta_a":"IPV.WR","municipio_a":"IGARAPAVA","ponta_b":"RPO.NO","municipio_b":"RIBEIRAO PRETO"},"geometry":{"type":"LineString","coordinates":[[-47.750899,-20.040225],[-47.750728,-20.040831],[-47.761231,-20.043169],[-47.761835,-20.043046],[-47.763454,-20.042295],[-47.767332,-20.041809],[-47.767574,-20.041992],[-47.767918,-20.042795],[-47.77069,-20.045196],[-47.771816,-20.045873],[-47.772881,-20.046167],[-47.774425,-20.046074],[-47.778497,-20.045102],[-47.779497,-20.044209],[-47.780003,-20.044244],[-47.780564,-20.044648],[-47.78102,-20.044549],[-47.781377,-20.044193],[-47.78165,-20.044223],[-47.781799,-20.044513],[-47.781603,-20.045635],[-47.782156,-20.047761],[-47.782961,-20.049383],[-47.787427,-20.055982],[-47.788305,-20.057986],[-47.788889,-20.060138],[-47.789155,-20.062321],[-47.78914,-20.064365],[-47.789023,-20.066041],[-47.788434,-20.069742],[-47.7883,-20.072314],[-47.790218,-20.10194],[-47.791788,-20.116789],[-47.789143,-20.156025],[-47.785617,-20.192453],[-47.785594,-20.195827],[-47.786023,-20.199402],[-47.791263,-20.232366],[-47.791867,-20.234249],[-47.792939,-20.236509],[-47.796354,-20.241439],[-47.7975,-20.243539],[-47.798396,-20.246084],[-47.799717,-20.252429],[-47.800171,-20.258462],[-47.80011,-20.260976],[-47.798042,-20.273096],[-47.79747,-20.279391],[-47.797485,-20.283692],[-47.798122,-20.290447],[-47.804868,-20.331429],[-47.805902,-20.335882],[-47.806743,-20.338102],[-47.807877,-20.340406],[-47.81503,-20.353139],[-47.815782,-20.35485],[-47.816223,-20.356429],[-47.816356,-20.358928],[-47.813704,-20.379307],[-47.81369,-20.380465],[-47.814413,-20.383378],[-47.814902,-20.385132],[-47.816593,-20.389421],[-47.834284,-20.431194],[-47.834932,-20.433239],[-47.835364,-20.435317],[-47.835605,-20.437727],[-47.835617,-20.449935],[-47.835883,-20.453615],[-47.843756,-20.48781],[-47.844155,-20.49121],[-47.84378,-20.494781],[-47.842843,-20.497681],[-47.836527,-20.510464],[-47.83612,-20.512446],[-47.836342,-20.514469],[-47.839476,-20.522076],[-47.841373,-20.525296],[-47.857994,-20.547386],[-47.860312,-20.550765],[-47.881318,-20.591749],[-47.882191,-20.593968],[-47.882879,-20.59663],[-47.884279,-20.605542],[-47.884443,-20.610078],[-47.880427,-20.648321],[-47.880348,-20.650885],[-47.880473,-20.653314],[-47.880992,-20.657132],[-47.890135,-20.695173],[-47.892148,-20.702823],[-47.892467,-20.705912],[-47.894131,-20.734235],[-47.894021,-20.737685],[-47.890753,-20.785158],[-47.890661,-20.789411],[-47.897897,-20.8779],[-47.897953,-20.880756],[-47.897782,-20.882331],[-47.897285,-20.884562],[-47.880601,-20.939712],[-47.8797,-20.942173],[-47.876385,-20.948862],[-47.822511,-21.05608],[-47.819122,-21.061248],[-47.803048,-21.081154],[-47.780595,-21.11237],[-47.776126,-21.118802],[-47.776724,-21.120311],[-47.781692,-21.130324],[-47.781995,-21.130493],[-47.782773,-21.13015],[-47.782921,-21.130453],[-47.782675,-21.131663],[-47.782703,-21.132284],[-47.789571,-21.145946],[-47.790276,-21.146182],[-47.790503,-21.146416],[-47.790571,-21.146735],[-47.790281,-21.14719],[-47.790302,-21.147423],[-47.792311,-21.151518],[-47.812554,-21.175232],[-47.810702,-21.176617]]}},{"type":"Feature","properties":{"id_backbone":"BB-49FFC928D6E4","trecho":"JAL.RD-JAL.SS","cluster":"RIBEIRAO PRETO","cabo":"F-0253","capacidade":"36","extensao_km":2.263,"confianca":"ALTA","fonte":"OSRM/OpenStreetMap","ponta_a":"JAL.RD","municipio_a":"JABOTICABAL","ponta_b":"JAL.SS","municipio_b":"JABOTICABAL"},"geometry":{"type":"LineString","coordinates":[[-48.329717,-21.264048],[-48.33,-21.264107],[-48.328184,-21.265364],[-48.328613,-21.265909],[-48.328397,-21.266056],[-48.328046,-21.265262],[-48.326265,-21.262939],[-48.325376,-21.263548],[-48.318504,-21.254404],[-48.317713,-21.254927],[-48.317839,-21.255101]]}},{"type":"Feature","properties":{"id_backbone":"BB-C4B4F3F8A5EC","trecho":"JURM.JP-TGA.DC","cluster":"RIBEIRAO PRETO","cabo":"F-0248","capacidade":"12","extensao_km":9.46,"confianca":"ALTA","fonte":"OSRM/OpenStreetMap","ponta_a":"JURM.JP","municipio_a":"TAQUARITINGA","ponta_b":"TGA.DC","municipio_b":"TAQUARITINGA"},"geometry":{"type":"LineString","coordinates":[[-48.569557,-21.367915],[-48.566281,-21.367333],[-48.565267,-21.367408],[-48.561585,-21.368499],[-48.559589,-21.369478],[-48.549775,-21.371619],[-48.546682,-21.37378],[-48.546042,-21.374299],[-48.545593,-21.374964],[-48.545057,-21.37863],[-48.542383,-21.382579],[-48.542039,-21.382969],[-48.541294,-21.383383],[-48.538252,-21.383503],[-48.536072,-21.384045],[-48.535259,-21.384602],[-48.532555,-21.389357],[-48.532352,-21.391016],[-48.531941,-21.392396],[-48.531498,-21.393096],[-48.526979,-21.397617],[-48.525234,-21.400031],[-48.523963,-21.401444],[-48.522777,-21.402391],[-48.518323,-21.40446],[-48.517886,-21.404911],[-48.516948,-21.405077],[-48.515285,-21.405796],[-48.514799,-21.406328],[-48.514293,-21.406271],[-48.509337,-21.408476],[-48.502492,-21.409017],[-48.502259,-21.406089]]}},{"type":"Feature","properties":{"id_backbone":"BB-98B5B334CBC4","trecho":"MNT.RM-TGA.DC","cluster":"RIBEIRAO PRETO","cabo":"F-0282","capacidade":"24","extensao_km":24.609,"confianca":"ALTA","fonte":"OSRM/OpenStreetMap","ponta_a":"MNT.RM","municipio_a":"MONTE ALTO","ponta_b":"TGA.DC","municipio_b":"TAQUARITINGA"},"geometry":{"type":"LineString","coordinates":[[-48.494753,-21.260673],[-48.494644,-21.261139],[-48.503216,-21.262719],[-48.504481,-21.263927],[-48.508325,-21.264692],[-48.508542,-21.264606],[-48.508353,-21.264104],[-48.506274,-21.26292],[-48.506164,-21.262614],[-48.506361,-21.262542],[-48.508049,-21.263823],[-48.509528,-21.264634],[-48.51356,-21.265892],[-48.520162,-21.268734],[-48.521994,-21.269325],[-48.522231,-21.269542],[-48.522242,-21.269934],[-48.521209,-21.271297],[-48.520048,-21.273332],[-48.519579,-21.274604],[-48.518911,-21.275433],[-48.496104,-21.319277],[-48.459053,-21.391092],[-48.458605,-21.392226],[-48.458618,-21.392891],[-48.458766,-21.393562],[-48.459183,-21.394283],[-48.461845,-21.396677],[-48.476942,-21.408092],[-48.480666,-21.410447],[-48.481862,-21.410547],[-48.498609,-21.409321],[-48.498558,-21.408393],[-48.502416,-21.4081],[-48.502259,-21.406089]]}},{"type":"Feature","properties":{"id_backbone":"BB-DC6C258328A1","trecho":"PGL.PG-RFA.CP","cluster":"RIBEIRAO PRETO","cabo":"F-0273","capacidade":"6","extensao_km":26.916,"confianca":"BAIXA","fonte":"OSRM/OpenStreetMap","ponta_a":"PGL.PG","municipio_a":"PEDREGULHO","ponta_b":"RFA.CP","municipio_b":"RIFAINA"},"geometry":{"type":"LineString","coordinates":[[-47.478322,-20.253841],[-47.480996,-20.251838],[-47.481621,-20.252552],[-47.481714,-20.252497],[-47.482147,-20.251931],[-47.482865,-20.249501],[-47.48285,-20.248838],[-47.481579,-20.245869],[-47.480555,-20.244036],[-47.479256,-20.237277],[-47.478678,-20.235646],[-47.471108,-20.222877],[-47.470445,-20.222078],[-47.469641,-20.221428],[-47.468586,-20.220885],[-47.467592,-20.220591],[-47.466169,-20.220506],[-47.457415,-20.22103],[-47.456293,-20.220859],[-47.455332,-20.220443],[-47.454193,-20.219464],[-47.448583,-20.212612],[-47.447689,-20.210931],[-47.447228,-20.208815],[-47.447386,-20.205752],[-47.448009,-20.203746],[-47.448643,-20.202734],[-47.453018,-20.197187],[-47.453919,-20.195291],[-47.456007,-20.185122],[-47.455807,-20.183374],[-47.454842,-20.180767],[-47.454871,-20.179965],[-47.455214,-20.179179],[-47.455964,-20.1784],[-47.473751,-20.164898],[-47.474417,-20.164251],[-47.474864,-20.163271],[-47.475165,-20.160834],[-47.475033,-20.159764],[-47.470112,-20.147009],[-47.468819,-20.145224],[-47.463318,-20.140912],[-47.461864,-20.139353],[-47.461222,-20.138263],[-47.45964,-20.134782],[-47.45881,-20.131816],[-47.459121,-20.125659],[-47.459282,-20.12509],[-47.459669,-20.124589],[-47.460386,-20.124204],[-47.462758,-20.123982],[-47.464333,-20.123527],[-47.465428,-20.122934],[-47.46635,-20.122053],[-47.467058,-20.120995],[-47.467341,-20.120285],[-47.468644,-20.115149],[-47.468569,-20.11391],[-47.468137,-20.113204],[-47.467159,-20.112348],[-47.461104,-20.109624],[-47.454535,-20.105592],[-47.444518,-20.099767],[-47.442917,-20.098572],[-47.441229,-20.09666],[-47.429921,-20.079978],[-47.428852,-20.078756],[-47.427127,-20.078216],[-47.424564,-20.078671],[-47.422536,-20.080496],[-47.423034,-20.080959],[-47.422694,-20.08131]]}},{"type":"Feature","properties":{"id_backbone":"BB-A593584ADA7B","trecho":"RPO.AB-RPO.OE","cluster":"RIBEIRAO PRETO","cabo":"X-0001","capacidade":"36","extensao_km":4.829,"confianca":"SEM_REFERENCIA","fonte":"OSRM/OpenStreetMap","ponta_a":"RPO.AB","municipio_a":"RIBEIRAO PRETO","ponta_b":"RPO.OE","municipio_b":"RIBEIRAO PRETO"},"geometry":{"type":"LineString","coordinates":[[-47.810642,-21.176663],[-47.810382,-21.176858],[-47.809754,-21.176135],[-47.813307,-21.1735],[-47.81096,-21.169199],[-47.813761,-21.167288],[-47.813674,-21.166417],[-47.813984,-21.165802],[-47.814784,-21.165575],[-47.815257,-21.165776],[-47.815542,-21.166158],[-47.815864,-21.166188],[-47.816481,-21.165821],[-47.816725,-21.165275],[-47.817208,-21.165525],[-47.818591,-21.164418],[-47.819092,-21.164515],[-47.820077,-21.164372],[-47.82348,-21.16465],[-47.826778,-21.165836],[-47.835474,-21.159176],[-47.834294,-21.157855],[-47.835159,-21.157154],[-47.834757,-21.156703],[-47.834027,-21.157329]]}},{"type":"Feature","properties":{"id_backbone":"BB-4834A08C5F20","trecho":"RPO.DB-RPO.SL","cluster":"RIBEIRAO PRETO","cabo":"F-0507","capacidade":"24","extensao_km":2.067,"confianca":"ALTA","fonte":"OSRM/OpenStreetMap","ponta_a":"RPO.DB","municipio_a":"RIBEIRAO PRETO","ponta_b":"RPO.SL","municipio_b":"RIBEIRAO PRETO"},"geometry":{"type":"LineString","coordinates":[[-47.824343,-21.19259],[-47.824552,-21.191562],[-47.824721,-21.191583],[-47.824323,-21.193297],[-47.822697,-21.195318],[-47.822445,-21.195481],[-47.821891,-21.195338],[-47.821176,-21.195802],[-47.816796,-21.198968],[-47.816861,-21.199354],[-47.816591,-21.199696],[-47.816194,-21.199756],[-47.81586,-21.199564],[-47.815741,-21.199203],[-47.815921,-21.19885],[-47.814618,-21.197254],[-47.813021,-21.198432]]}},{"type":"Feature","properties":{"id_backbone":"BB-24F11886432E","trecho":"RPO.GC-RPO.OE","cluster":"RIBEIRAO PRETO","cabo":"F-0502","capacidade":"36","extensao_km":5.37,"confianca":"ALTA","fonte":"OSRM/OpenStreetMap","ponta_a":"RPO.GC","municipio_a":"RIBEIRAO PRETO","ponta_b":"RPO.OE","municipio_b":"RIBEIRAO PRETO"},"geometry":{"type":"LineString","coordinates":[[-47.813151,-21.124791],[-47.813776,-21.1255],[-47.810956,-21.12768],[-47.821399,-21.139445],[-47.821688,-21.139241],[-47.824032,-21.141826],[-47.82089,-21.144328],[-47.832447,-21.157234],[-47.83436,-21.157781],[-47.835159,-21.157154],[-47.834757,-21.156703],[-47.834027,-21.157329]]}},{"type":"Feature","properties":{"id_backbone":"BB-6D05929E095A","trecho":"RPO.LE-RPO.NO","cluster":"RIBEIRAO PRETO","cabo":"F-0634","capacidade":"72","extensao_km":4.491,"confianca":"ALTA","fonte":"OSRM/OpenStreetMap","ponta_a":"RPO.LE","municipio_a":"RIBEIRAO PRETO","ponta_b":"RPO.NO","municipio_b":"RIBEIRAO PRETO"},"geometry":{"type":"LineString","coordinates":[[-47.785716,-21.181522],[-47.785163,-21.181206],[-47.78556,-21.180639],[-47.786578,-21.181227],[-47.787085,-21.180164],[-47.787977,-21.179129],[-47.790801,-21.177062],[-47.791211,-21.176537],[-47.794281,-21.174333],[-47.794565,-21.173798],[-47.795273,-21.173819],[-47.797438,-21.171954],[-47.798411,-21.171475],[-47.799562,-21.171241],[-47.800766,-21.170377],[-47.800861,-21.170218],[-47.800351,-21.169624],[-47.804822,-21.16608],[-47.812554,-21.175232],[-47.810702,-21.176617]]}},{"type":"Feature","properties":{"id_backbone":"BB-A269031B11B1","trecho":"RPO.LG-RPO.NO","cluster":"RIBEIRAO PRETO","cabo":"F-0609","capacidade":"72","extensao_km":7.799,"confianca":"BAIXA","fonte":"OSRM/OpenStreetMap","ponta_a":"RPO.LG","municipio_a":"RIBEIRAO PRETO","ponta_b":"RPO.NO","municipio_b":"RIBEIRAO PRETO"},"geometry":{"type":"LineString","coordinates":[[-47.763607,-21.196267],[-47.766383,-21.199642],[-47.767027,-21.199712],[-47.77044,-21.197503],[-47.783638,-21.188075],[-47.784149,-21.187447],[-47.78441,-21.186528],[-47.78547,-21.185968],[-47.785798,-21.185551],[-47.786072,-21.184608],[-47.785927,-21.183277],[-47.786024,-21.18256],[-47.786866,-21.180544],[-47.787588,-21.179506],[-47.790801,-21.177062],[-47.791211,-21.176537],[-47.794281,-21.174333],[-47.794565,-21.173798],[-47.795273,-21.173819],[-47.797438,-21.171954],[-47.798411,-21.171475],[-47.799562,-21.171241],[-47.800766,-21.170377],[-47.800861,-21.170218],[-47.800351,-21.169624],[-47.804822,-21.16608],[-47.812554,-21.175232],[-47.810702,-21.176617]]}},{"type":"Feature","properties":{"id_backbone":"BB-B5C482BC2231","trecho":"RPO.NO-RPO.SL","cluster":"RIBEIRAO PRETO","cabo":"F-0536","capacidade":"72","extensao_km":3.637,"confianca":"ALTA","fonte":"OSRM/OpenStreetMap","ponta_a":"RPO.NO","municipio_a":"RIBEIRAO PRETO","ponta_b":"RPO.SL","municipio_b":"RIBEIRAO PRETO"},"geometry":{"type":"LineString","coordinates":[[-47.810702,-21.176617],[-47.802603,-21.182626],[-47.806784,-21.187647],[-47.806451,-21.188935],[-47.808042,-21.198461],[-47.809324,-21.19827],[-47.809388,-21.197713],[-47.809678,-21.197441],[-47.810816,-21.198324],[-47.812708,-21.198684],[-47.813021,-21.198432]]}},{"type":"Feature","properties":{"id_backbone":"BB-63986C811385","trecho":"RPO.NR-RPO.VT","cluster":"RIBEIRAO PRETO","cabo":"TR#656","capacidade":"36","extensao_km":3.145,"confianca":"MEDIA","fonte":"OSRM/OpenStreetMap","ponta_a":"RPO.NR","municipio_a":"RIBEIRAO PRETO","ponta_b":"RPO.VT","municipio_b":"RIBEIRAO PRETO"},"geometry":{"type":"LineString","coordinates":[[-47.78793,-21.142774],[-47.789605,-21.146],[-47.790276,-21.146182],[-47.790503,-21.146416],[-47.790571,-21.146735],[-47.790281,-21.14719],[-47.790302,-21.147423],[-47.792434,-21.1517],[-47.80045,-21.160996],[-47.795508,-21.164808]]}},{"type":"Feature","properties":{"id_backbone":"BB-F969AE24C106","trecho":"CNH.BI-CNH.RD","cluster":"BAURU","cabo":"F-0131-00","capacidade":"12","extensao_km":1.408,"confianca":"ALTA","fonte":"OSRM/OpenStreetMap","ponta_a":"CNH.BI","municipio_a":"CONCHAS","ponta_b":"CNH.RD","municipio_b":"CONCHAS"},"geometry":{"type":"LineString","coordinates":[[-48.006996,-23.01287],[-48.006846,-23.012294],[-48.007138,-23.013084],[-48.008068,-23.012832],[-48.011413,-23.021724],[-48.011643,-23.02189],[-48.011643,-23.022072],[-48.011181,-23.022142]]}},{"type":"Feature","properties":{"id_backbone":"BB-15C1744BA722","trecho":"COA.CI-ITE.IV","cluster":"OSASCO","cabo":"F-0866","capacidade":"72","extensao_km":9.437,"confianca":"MEDIA","fonte":"OSRM/OpenStreetMap","ponta_a":"COA.CI","municipio_a":"COTIA","ponta_b":"ITE.IV","municipio_b":"ITAPEVI"},"geometry":{"type":"LineString","coordinates":[[-46.915507,-23.603518],[-46.915533,-23.603262],[-46.913894,-23.603113],[-46.907584,-23.601459],[-46.905084,-23.600994],[-46.904991,-23.600752],[-46.905139,-23.60055],[-46.914216,-23.602856],[-46.91839,-23.603076],[-46.918472,-23.600542],[-46.918063,-23.599653],[-46.920258,-23.597554],[-46.921479,-23.594971],[-46.921007,-23.593752],[-46.921122,-23.592755],[-46.920345,-23.591556],[-46.920979,-23.588926],[-46.921244,-23.586976],[-46.920192,-23.583674],[-46.920161,-23.582877],[-46.920611,-23.582292],[-46.92069,-23.581689],[-46.921235,-23.58057],[-46.922561,-23.579556],[-46.922803,-23.579207],[-46.922815,-23.576081],[-46.923743,-23.574325],[-46.924694,-23.573234],[-46.925102,-23.570224],[-46.927484,-23.567129],[-46.928522,-23.563634],[-46.929277,-23.562714],[-46.930704,-23.562012],[-46.932263,-23.559551],[-46.933061,-23.558776],[-46.934673,-23.555891],[-46.934584,-23.555073],[-46.93469,-23.554805],[-46.935241,-23.553984],[-46.936,-23.553601],[-46.936422,-23.552325],[-46.937169,-23.551703],[-46.936641,-23.551099],[-46.936123,-23.5512],[-46.936236,-23.550895],[-46.937109,-23.550459],[-46.936649,-23.550043],[-46.936452,-23.550233]]}},{"type":"Feature","properties":{"id_backbone":"BB-63971E243E4D","trecho":"COW.CD-PNI.LO","cluster":"ARACATUBA","cabo":"F-0211","capacidade":"24","extensao_km":30.657,"confianca":"ALTA","fonte":"OSRM/OpenStreetMap","ponta_a":"COW.CD","municipio_a":"COROADOS","ponta_b":"PNI.LO","municipio_b":"PENAPOLIS"},"geometry":{"type":"LineString","coordinates":[[-50.284573,-21.353592],[-50.284908,-21.353956],[-50.280771,-21.357236],[-50.280233,-21.358047],[-50.276035,-21.370964],[-50.276215,-21.371187],[-50.276077,-21.371429],[-50.276543,-21.372309],[-50.276816,-21.372702],[-50.277252,-21.37283],[-50.277138,-21.373188],[-50.276815,-21.373192],[-50.276668,-21.372921],[-50.274854,-21.373033],[-50.168451,-21.430068],[-50.165232,-21.43199],[-50.103083,-21.465338],[-50.097647,-21.468315],[-50.097247,-21.46869],[-50.097283,-21.468985],[-50.097463,-21.469116],[-50.098444,-21.469169],[-50.098661,-21.468973],[-50.098624,-21.468688],[-50.095475,-21.465349],[-50.094401,-21.463623],[-50.093901,-21.461994],[-50.093201,-21.457651],[-50.092332,-21.455601],[-50.090036,-21.452919],[-50.089164,-21.452427],[-50.08663,-21.449699],[-50.086196,-21.448833],[-50.083273,-21.445518],[-50.082735,-21.444504],[-50.081885,-21.442259],[-50.082009,-21.440752],[-50.081818,-21.434882],[-50.078373,-21.428873],[-50.077452,-21.427797],[-50.076253,-21.4268],[-50.078626,-21.423816],[-50.07524,-21.420567],[-50.075768,-21.42007]]}},{"type":"Feature","properties":{"id_backbone":"BB-7E03F5FAE47E","trecho":"CPR.PF-RFD.GP","cluster":"CAMPINAS","cabo":"F-0192","capacidade":"12","extensao_km":3.649,"confianca":"SEM_REFERENCIA","fonte":"OSRM/OpenStreetMap","ponta_a":"CPR.PF","municipio_a":"CAPIVARI","ponta_b":"RFD.GP","municipio_b":"RAFARD"},"geometry":{"type":"LineString","coordinates":[[-47.505192,-22.9971],[-47.505186,-23.001199],[-47.509445,-23.001137],[-47.509879,-23.001011],[-47.510135,-23.001367],[-47.511087,-23.00182],[-47.511765,-23.002438],[-47.516664,-23.000084],[-47.51944,-23.003121],[-47.523858,-23.008787],[-47.524665,-23.009662],[-47.525778,-23.010422],[-47.525815,-23.010685],[-47.528259,-23.012724],[-47.528085,-23.012954]]}},{"type":"Feature","properties":{"id_backbone":"BB-5B9FD2B1D073","trecho":"CTH.SM-ILHS.IS","cluster":"ARACATUBA","cabo":"TR-0250","capacidade":"36","extensao_km":62.401,"confianca":"ALTA","fonte":"OSRM/OpenStreetMap","ponta_a":"CTH.SM","municipio_a":"CASTILHO","ponta_b":"ILHS.IS","municipio_b":"ILHA SOLTEIRA"},"geometry":{"type":"LineString","coordinates":[[-51.48739,-20.869106],[-51.48707,-20.869138],[-51.486689,-20.865404],[-51.486521,-20.865051],[-51.485111,-20.852902],[-51.4844,-20.845234],[-51.483836,-20.842936],[-51.482544,-20.839804],[-51.482516,-20.839504],[-51.482726,-20.839118],[-51.484109,-20.838796],[-51.484783,-20.83915],[-51.485348,-20.839157],[-51.491836,-20.836801],[-51.49395,-20.835851],[-51.547687,-20.808516],[-51.556622,-20.802535],[-51.559404,-20.800501],[-51.56008,-20.799286],[-51.560427,-20.798147],[-51.560504,-20.796745],[-51.560267,-20.795424],[-51.543473,-20.763722],[-51.542713,-20.76256],[-51.541652,-20.761352],[-51.523991,-20.744225],[-51.522587,-20.743125],[-51.468217,-20.712534],[-51.46414,-20.71005],[-51.46263,-20.708502],[-51.46135,-20.706563],[-51.446738,-20.681892],[-51.445341,-20.67916],[-51.444912,-20.67749],[-51.444788,-20.676242],[-51.445509,-20.668201],[-51.446514,-20.659537],[-51.446504,-20.65795],[-51.443583,-20.642249],[-51.442675,-20.639373],[-51.346334,-20.449839],[-51.345987,-20.449358],[-51.345382,-20.449156],[-51.345099,-20.448878],[-51.345041,-20.448498],[-51.345242,-20.447968],[-51.345004,-20.447217],[-51.34089,-20.43912],[-51.338188,-20.434314],[-51.338178,-20.434006],[-51.33865,-20.433993],[-51.340705,-20.432251],[-51.340739,-20.431614],[-51.341132,-20.431538],[-51.344374,-20.428702],[-51.344524,-20.427882],[-51.34439,-20.427549],[-51.343642,-20.426849],[-51.343353,-20.426823],[-51.343296,-20.426567],[-51.342133,-20.425651]]}},{"type":"Feature","properties":{"id_backbone":"BB-3B7FA1E4F604","trecho":"CTY.RJ-PUA.PA","cluster":"ARACATUBA","cabo":"F-0203","capacidade":"36","extensao_km":47.295,"confianca":"MEDIA","fonte":"OSRM/OpenStreetMap","ponta_a":"CTY.RJ","municipio_a":"CLEMENTINA","ponta_b":"PUA.PA","municipio_b":"PARAPUA"},"geometry":{"type":"LineString","coordinates":[[-50.450837,-21.557893],[-50.452122,-21.559243],[-50.452692,-21.559601],[-50.444843,-21.571404],[-50.444691,-21.571935],[-50.444821,-21.572244],[-50.446763,-21.574206],[-50.463344,-21.594413],[-50.496055,-21.638924],[-50.497633,-21.640568],[-50.499276,-21.641819],[-50.501398,-21.642909],[-50.509704,-21.646105],[-50.646571,-21.697954],[-50.657913,-21.702065],[-50.663053,-21.703397],[-50.668067,-21.704326],[-50.725337,-21.711902],[-50.728712,-21.712667],[-50.731164,-21.713427],[-50.735421,-21.715249],[-50.739929,-21.717838],[-50.744018,-21.721032],[-50.747137,-21.724211],[-50.749958,-21.727975],[-50.751549,-21.730687],[-50.777901,-21.780578],[-50.778152,-21.780735],[-50.778615,-21.780722],[-50.784231,-21.779079],[-50.7904,-21.7796]]}},{"type":"Feature","properties":{"id_backbone":"BB-5DD9E523F0A6","trecho":"CXT.RD-RCO.AD","cluster":"CAMPINAS","cabo":"F-0090","capacidade":"6","extensao_km":30.354,"confianca":"SEM_REFERENCIA","fonte":"OSRM/OpenStreetMap","ponta_a":"CXT.RD","municipio_a":"CORUMBATAI","ponta_b":"RCO.AD","municipio_b":"RIO CLARO"},"geometry":{"type":"LineString","coordinates":[[-47.623619,-22.219744],[-47.624451,-22.222584],[-47.626707,-22.222037],[-47.629512,-22.22298],[-47.62996,-22.222977],[-47.63028,-22.223334],[-47.634959,-22.225498],[-47.63895,-22.227956],[-47.64001,-22.22895],[-47.641454,-22.230905],[-47.642809,-22.232403],[-47.657603,-22.243925],[-47.658579,-22.244885],[-47.659837,-22.246568],[-47.660491,-22.247932],[-47.661051,-22.249805],[-47.661888,-22.262846],[-47.662393,-22.264795],[-47.663972,-22.268222],[-47.665042,-22.269741],[-47.669,-22.273193],[-47.672364,-22.276631],[-47.674847,-22.280048],[-47.678317,-22.285255],[-47.679565,-22.286139],[-47.67956,-22.286572],[-47.679155,-22.287046],[-47.678547,-22.287123],[-47.678052,-22.287389],[-47.676906,-22.288954],[-47.676575,-22.289916],[-47.676149,-22.292851],[-47.675798,-22.29391],[-47.670122,-22.302552],[-47.669227,-22.304976],[-47.667743,-22.310006],[-47.667237,-22.311024],[-47.666446,-22.311961],[-47.665558,-22.312619],[-47.663113,-22.313586],[-47.661917,-22.314509],[-47.65683,-22.321854],[-47.656453,-22.323367],[-47.656858,-22.32558],[-47.656661,-22.327112],[-47.652066,-22.335355],[-47.651374,-22.337258],[-47.65117,-22.339331],[-47.651711,-22.344531],[-47.651342,-22.346778],[-47.650481,-22.348483],[-47.645592,-22.354764],[-47.64354,-22.356307],[-47.63572,-22.360723],[-47.633883,-22.361915],[-47.63226,-22.363243],[-47.620358,-22.374151],[-47.598729,-22.394239],[-47.591175,-22.403023],[-47.590836,-22.403583],[-47.590623,-22.404821],[-47.590154,-22.405866],[-47.589877,-22.405923],[-47.589294,-22.405634],[-47.588694,-22.4056],[-47.586415,-22.405756],[-47.584899,-22.406043],[-47.584583,-22.405934],[-47.581968,-22.406118],[-47.581375,-22.406365],[-47.580669,-22.406221],[-47.572969,-22.406822],[-47.572546,-22.407228],[-47.571572,-22.409593],[-47.562086,-22.406756],[-47.561455,-22.408459],[-47.56092,-22.408285]]}},{"type":"Feature","properties":{"id_backbone":"BB-3D8D8657FD22","trecho":"DCV.OG-SCL.NJ","cluster":"CAMPINAS","cabo":"F-0193","capacidade":"36","extensao_km":39.927,"confianca":"ALTA","fonte":"OSRM/OpenStreetMap","ponta_a":"DCV.OG","municipio_a":"DESCALVADO","ponta_b":"SCL.NJ","municipio_b":"SAO CARLOS"},"geometry":{"type":"LineString","coordinates":[[-47.618774,-21.902796],[-47.618885,-21.902882],[-47.618863,-21.90261],[-47.619241,-21.90257],[-47.619171,-21.901648],[-47.6173,-21.901831],[-47.617314,-21.902763],[-47.616346,-21.902852],[-47.617353,-21.915483],[-47.620161,-21.915874],[-47.620316,-21.915954],[-47.620504,-21.916598],[-47.620826,-21.920817],[-47.620979,-21.921004],[-47.621253,-21.924709],[-47.621425,-21.925087],[-47.621189,-21.925799],[-47.621301,-21.927],[-47.623174,-21.945081],[-47.623143,-21.945936],[-47.622942,-21.946546],[-47.622084,-21.947749],[-47.621817,-21.948461],[-47.667953,-21.983881],[-47.669461,-21.985518],[-47.670533,-21.987515],[-47.672116,-21.99377],[-47.672622,-21.995029],[-47.673647,-21.996479],[-47.675152,-21.997662],[-47.676075,-21.998137],[-47.677893,-21.998736],[-47.689576,-22.001244],[-47.691719,-22.001851],[-47.712041,-22.009626],[-47.716134,-22.010969],[-47.719612,-22.011783],[-47.733752,-22.01424],[-47.736104,-22.014855],[-47.738346,-22.015806],[-47.774692,-22.034541],[-47.775796,-22.03493],[-47.776676,-22.035562],[-47.792868,-22.043874],[-47.794299,-22.044474],[-47.801611,-22.04837],[-47.805105,-22.049761],[-47.808738,-22.050421],[-47.811121,-22.050444],[-47.813441,-22.0502],[-47.816228,-22.049493],[-47.818335,-22.048635],[-47.819887,-22.047789],[-47.821649,-22.046542],[-47.831568,-22.038575],[-47.833782,-22.037541],[-47.836097,-22.037202],[-47.841725,-22.037552],[-47.849506,-22.037257],[-47.851646,-22.037415],[-47.853795,-22.037952],[-47.853994,-22.037794],[-47.853956,-22.036906],[-47.858257,-22.03694],[-47.8594,-22.037164],[-47.859831,-22.036884],[-47.860067,-22.036501],[-47.860785,-22.036522],[-47.861615,-22.036157],[-47.862056,-22.035679],[-47.863252,-22.035763],[-47.871016,-22.034657],[-47.871565,-22.03386],[-47.871132,-22.026699],[-47.871321,-22.026281],[-47.871775,-22.02615],[-47.872767,-22.026369],[-47.874689,-22.02597],[-47.880979,-22.023915],[-47.881394,-22.023475],[-47.882327,-22.021823],[-47.883692,-22.021178],[-47.885418,-22.02093],[-47.886224,-22.020566],[-47.887389,-22.02044],[-47.889583,-22.020357],[-47.889578,-22.020534],[-47.890608,-22.020554],[-47.890715,-22.016008],[-47.892001,-22.016025]]}},{"type":"Feature","properties":{"id_backbone":"BB-19C268FB818E","trecho":"DGS.DG-MTT.ME","cluster":"BAURU","cabo":"F-0173","capacidade":"72","extensao_km":11.257,"confianca":"ALTA","fonte":"OSRM/OpenStreetMap","ponta_a":"DGS.DG","municipio_a":"DOIS CORREGOS","ponta_b":"MTT.ME","municipio_b":"MINEIROS DO TIETE"},"geometry":{"type":"LineString","coordinates":[[-48.382101,-22.367899],[-48.382539,-22.367122],[-48.389573,-22.371475],[-48.391286,-22.373133],[-48.391203,-22.373553],[-48.39388,-22.379163],[-48.395052,-22.382165],[-48.393601,-22.388804],[-48.393575,-22.389542],[-48.393892,-22.390034],[-48.394888,-22.390392],[-48.401014,-22.391649],[-48.403774,-22.392023],[-48.405746,-22.391939],[-48.41497,-22.390516],[-48.417378,-22.390543],[-48.419712,-22.390843],[-48.423102,-22.391721],[-48.456611,-22.401645],[-48.455012,-22.403342],[-48.45506,-22.403832],[-48.453606,-22.404196],[-48.453069,-22.404575],[-48.452837,-22.405273],[-48.452505,-22.408492],[-48.45058,-22.408317],[-48.450474,-22.409892]]}},{"type":"Feature","properties":{"id_backbone":"BB-3A93AA606AD2","trecho":"DRA.RB-PVL.BC","cluster":"ARACATUBA","cabo":"F-0238","capacidade":"72","extensao_km":62.047,"confianca":"ALTA","fonte":"OSRM/OpenStreetMap","ponta_a":"DRA.RB","municipio_a":"DRACENA","ponta_b":"PVL.BC","municipio_b":"PRESIDENTE VENCESLAU"},"geometry":{"type":"LineString","coordinates":[[-51.532553,-21.488386],[-51.532445,-21.488016],[-51.537321,-21.486836],[-51.54015,-21.496635],[-51.542615,-21.501795],[-51.54424,-21.503474],[-51.54603,-21.503972],[-51.559143,-21.505921],[-51.576398,-21.510992],[-51.578035,-21.51086],[-51.591087,-21.506848],[-51.608182,-21.503065],[-51.609609,-21.50284],[-51.620641,-21.502701],[-51.622183,-21.502524],[-51.63336,-21.498406],[-51.636452,-21.496203],[-51.63668,-21.495899],[-51.636586,-21.49552],[-51.635865,-21.495178],[-51.635603,-21.495292],[-51.635513,-21.495578],[-51.636794,-21.499095],[-51.652423,-21.52722],[-51.678403,-21.58004],[-51.680435,-21.583582],[-51.682118,-21.587512],[-51.685052,-21.593353],[-51.686147,-21.594792],[-51.68742,-21.595972],[-51.707507,-21.60931],[-51.708637,-21.610349],[-51.709307,-21.611414],[-51.712608,-21.622564],[-51.715769,-21.653311],[-51.716584,-21.656806],[-51.717217,-21.658572],[-51.72728,-21.679382],[-51.80313,-21.833744],[-51.804058,-21.83596],[-51.805223,-21.839403],[-51.808763,-21.845306],[-51.813502,-21.854621],[-51.821979,-21.872152],[-51.824475,-21.874407],[-51.824853,-21.874319],[-51.825673,-21.873674],[-51.828292,-21.870936],[-51.829296,-21.870363],[-51.830296,-21.870074],[-51.836048,-21.869914],[-51.83655,-21.869775],[-51.839056,-21.870234],[-51.842694,-21.871662],[-51.842294,-21.872524],[-51.841441,-21.872179],[-51.841666,-21.871729]]}},{"type":"Feature","properties":{"id_backbone":"BB-F0A2ABC529C5","trecho":"DRA.RB-JQS.JQ","cluster":"ARACATUBA","cabo":"F-0218","capacidade":"12","extensao_km":15.138,"confianca":"SEM_REFERENCIA","fonte":"OSRM/OpenStreetMap","ponta_a":"DRA.RB","municipio_a":"DRACENA","ponta_b":"JQS.JQ","municipio_b":"JUNQUEIROPOLIS"},"geometry":{"type":"LineString","coordinates":[[-51.532553,-21.488386],[-51.531952,-21.486312],[-51.53025,-21.48674],[-51.529379,-21.483966],[-51.525941,-21.474992],[-51.525232,-21.475027],[-51.519895,-21.476465],[-51.518793,-21.476559],[-51.515212,-21.476156],[-51.494044,-21.472887],[-51.49298,-21.472819],[-51.491494,-21.473026],[-51.48641,-21.474701],[-51.484711,-21.475722],[-51.479141,-21.479645],[-51.476663,-21.480733],[-51.474727,-21.481207],[-51.45614,-21.484167],[-51.440284,-21.489324],[-51.439057,-21.489568],[-51.432103,-21.491751],[-51.431354,-21.492176],[-51.430356,-21.493103],[-51.430438,-21.49374],[-51.431336,-21.495556],[-51.431681,-21.496709],[-51.437789,-21.511133],[-51.431073,-21.513609]]}},{"type":"Feature","properties":{"id_backbone":"BB-82C39E99880F","trecho":"EBG.CO-EBG.PA","cluster":"OSASCO","cabo":"F-0903","capacidade":"6","extensao_km":17.098,"confianca":"ALTA","fonte":"OSRM/OpenStreetMap","ponta_a":"EBG.CO","municipio_a":"EMBU-GUACU","ponta_b":"EBG.PA","municipio_b":"JUQUITIBA"},"geometry":{"type":"LineString","coordinates":[[-46.7943,-23.879907],[-46.794144,-23.881186],[-46.793505,-23.880836],[-46.793467,-23.881247],[-46.794651,-23.88374],[-46.79457,-23.885223],[-46.795037,-23.886174],[-46.795648,-23.886598],[-46.795931,-23.886605],[-46.79656,-23.886228],[-46.797075,-23.886314],[-46.797769,-23.887027],[-46.79818,-23.887787],[-46.798653,-23.889093],[-46.799046,-23.890969],[-46.799465,-23.891836],[-46.799455,-23.893169],[-46.800162,-23.894058],[-46.799495,-23.894617],[-46.799583,-23.894988],[-46.802646,-23.896214],[-46.802608,-23.89681],[-46.802183,-23.897425],[-46.80258,-23.897946],[-46.803027,-23.89783],[-46.803339,-23.897213],[-46.803705,-23.896969],[-46.80479,-23.896462],[-46.80506,-23.896471],[-46.806464,-23.897296],[-46.80749,-23.898919],[-46.808163,-23.899326],[-46.809512,-23.899777],[-46.810022,-23.900185],[-46.810379,-23.898734],[-46.811323,-23.897697],[-46.810733,-23.89678],[-46.812363,-23.896157],[-46.813855,-23.896145],[-46.815212,-23.895767],[-46.815453,-23.894404],[-46.815729,-23.89396],[-46.817234,-23.893514],[-46.817765,-23.892322],[-46.818869,-23.891877],[-46.820661,-23.89069],[-46.822046,-23.889171],[-46.822427,-23.888282],[-46.824162,-23.887959],[-46.824872,-23.888464],[-46.826271,-23.888398],[-46.826979,-23.888739],[-46.827714,-23.888783],[-46.828387,-23.88859],[-46.829132,-23.887439],[-46.830887,-23.887192],[-46.831937,-23.887723],[-46.832758,-23.88725],[-46.833739,-23.887166],[-46.834639,-23.886429],[-46.835428,-23.88508],[-46.836181,-23.884901],[-46.837243,-23.884195],[-46.838898,-23.883586],[-46.839116,-23.883287],[-46.839358,-23.882247],[-46.840992,-23.885921],[-46.843084,-23.891976],[-46.8471,-23.89843],[-46.84751,-23.899422],[-46.84764,-23.900082],[-46.847427,-23.902421],[-46.847196,-23.903677],[-46.846311,-23.905993],[-46.84718,-23.912506],[-46.847897,-23.913955],[-46.848664,-23.914574],[-46.850839,-23.915749],[-46.854602,-23.917349],[-46.855833,-23.917713],[-46.865966,-23.919189],[-46.86714,-23.919815],[-46.867651,-23.920274],[-46.869071,-23.922918],[-46.870054,-23.923555],[-46.871224,-23.923729],[-46.871141,-23.924328],[-46.872183,-23.926567],[-46.872187,-23.927289],[-46.872533,-23.927892],[-46.875094,-23.930008],[-46.875712,-23.930695],[-46.876003,-23.931699],[-46.876974,-23.933222],[-46.877024,-23.933872],[-46.876823,-23.934453],[-46.877042,-23.934767],[-46.877343,-23.936198],[-46.877774,-23.937247],[-46.878017,-23.937498],[-46.87858,-23.93774],[-46.879968,-23.937425],[-46.881688,-23.937697],[-46.884789,-23.936904],[-46.885958,-23.936303]]}},{"type":"Feature","properties":{"id_backbone":"BB-F2825BC679B8","trecho":"ECP.ED-PIMV.PV","cluster":"ARACATUBA","cabo":"F-0102","capacidade":"12","extensao_km":48.571,"confianca":"ALTA","fonte":"OSRM/OpenStreetMap","ponta_a":"ECP.ED","municipio_a":"EUCLIDES DA CUNHA PAULISTA","ponta_b":"PIMV.PV","municipio_b":"ROSANA"},"geometry":{"type":"LineString","coordinates":[[-52.589484,-22.552164],[-52.589491,-22.551219],[-52.587014,-22.550898],[-52.586686,-22.550995],[-52.561542,-22.498653],[-52.558102,-22.491924],[-52.557588,-22.491227],[-52.556608,-22.490514],[-52.556679,-22.489923],[-52.557423,-22.489761],[-52.558296,-22.489938],[-52.559383,-22.489924],[-52.586145,-22.486374],[-52.590243,-22.486181],[-52.741659,-22.482046],[-52.747571,-22.483134],[-52.87994,-22.514378],[-52.881885,-22.514422],[-52.883646,-22.51525],[-52.927554,-22.525586],[-52.928952,-22.525791],[-52.929989,-22.525708],[-52.930877,-22.526271],[-52.931835,-22.526591],[-52.94465,-22.529557],[-52.944516,-22.530028]]}},{"type":"Feature","properties":{"id_backbone":"BB-29358594A04C","trecho":"EFO.DF-MOR.JF","cluster":"CAMPINAS","cabo":"F-0138","capacidade":"12","extensao_km":15.642,"confianca":"SEM_REFERENCIA","fonte":"OSRM/OpenStreetMap","ponta_a":"EFO.DF","municipio_a":"ELIAS FAUSTO","ponta_b":"MOR.JF","municipio_b":"MONTE MOR"},"geometry":{"type":"LineString","coordinates":[[-47.374947,-23.043174],[-47.374812,-23.043409],[-47.372069,-23.042054],[-47.372214,-23.041715],[-47.371798,-23.037576],[-47.371704,-23.034512],[-47.371843,-23.03224],[-47.374299,-23.017079],[-47.377005,-23.0046],[-47.377233,-23.002471],[-47.377887,-22.986757],[-47.377872,-22.985754],[-47.377639,-22.985027],[-47.377119,-22.984364],[-47.376345,-22.983862],[-47.368682,-22.980477],[-47.367898,-22.980355],[-47.361492,-22.98039],[-47.359892,-22.980217],[-47.351367,-22.978168],[-47.346365,-22.97674],[-47.343136,-22.974606],[-47.31959,-22.9635],[-47.317783,-22.96289],[-47.317158,-22.963121],[-47.31704,-22.962931],[-47.317354,-22.962228],[-47.317273,-22.96199],[-47.317531,-22.96071],[-47.318261,-22.958763],[-47.320411,-22.95585],[-47.320926,-22.95419],[-47.320276,-22.952293],[-47.318432,-22.950004],[-47.316436,-22.949063],[-47.316517,-22.948872],[-47.316978,-22.949074],[-47.317241,-22.948657],[-47.317833,-22.948397],[-47.317562,-22.947918]]}},{"type":"Feature","properties":{"id_backbone":"BB-17368586F0D2","trecho":"EMB.CV-EMB.PI","cluster":"OSASCO","cabo":null,"capacidade":"72","extensao_km":2.872,"confianca":"SEM_REFERENCIA","fonte":"OSRM/OpenStreetMap","ponta_a":"EMB.CV","municipio_a":"EMBU","ponta_b":"EMB.PI","municipio_b":"EMBU"},"geometry":{"type":"LineString","coordinates":[[-46.814703,-23.647219],[-46.814783,-23.646884],[-46.81452,-23.64883],[-46.814801,-23.650064],[-46.814865,-23.651874],[-46.815367,-23.654998],[-46.814514,-23.656251],[-46.815083,-23.65772],[-46.815053,-23.658537],[-46.815689,-23.661159],[-46.815684,-23.662333],[-46.814894,-23.6629],[-46.81342,-23.664568],[-46.812691,-23.664932],[-46.812091,-23.665536],[-46.811407,-23.664923],[-46.810994,-23.664204],[-46.80998,-23.664357],[-46.808761,-23.663061],[-46.808263,-23.663244]]}},{"type":"Feature","properties":{"id_backbone":"BB-6C980C4633A4","trecho":"EMIL.EM-SXP.SE","cluster":"ARACATUBA","cabo":"F-0101","capacidade":"12","extensao_km":12.854,"confianca":"ALTA","fonte":"OSRM/OpenStreetMap","ponta_a":"EMIL.EM","municipio_a":"EMILIANOPOLIS","ponta_b":"SXP.SE","municipio_b":"SANTO EXPEDITO"},"geometry":{"type":"LineString","coordinates":[[-51.481872,-21.831425],[-51.482128,-21.831341],[-51.483022,-21.833704],[-51.479009,-21.835099],[-51.477148,-21.836151],[-51.474924,-21.837853],[-51.470005,-21.840061],[-51.465392,-21.841274],[-51.460969,-21.841725],[-51.459955,-21.842055],[-51.456251,-21.844529],[-51.453992,-21.845589],[-51.453685,-21.845973],[-51.452543,-21.848647],[-51.446657,-21.851437],[-51.444817,-21.853528],[-51.442945,-21.855202],[-51.436533,-21.855086],[-51.431803,-21.856657],[-51.431601,-21.857068],[-51.431465,-21.861967],[-51.43122,-21.862652],[-51.429921,-21.864865],[-51.429582,-21.86519],[-51.422941,-21.867542],[-51.420748,-21.870955],[-51.415501,-21.865108],[-51.408286,-21.858242],[-51.404953,-21.85656],[-51.398358,-21.855598],[-51.397447,-21.85559],[-51.397498,-21.854953],[-51.397093,-21.851546],[-51.39528,-21.849828],[-51.394061,-21.849373],[-51.392476,-21.851451]]}},{"type":"Feature","properties":{"id_backbone":"BB-23B6095A8A25","trecho":"ENSH.ET-SRR.VS","cluster":"SAO JOSE DO RIO PRETO","cabo":"F-0068","capacidade":"72","extensao_km":10.61,"confianca":"SEM_REFERENCIA","fonte":"OSRM/OpenStreetMap","ponta_a":"ENSH.ET","municipio_a":"SAO JOSE DO RIO PRETO","ponta_b":"SRR.VS","municipio_b":"SAO JOSE DO RIO PRETO"},"geometry":{"type":"LineString","coordinates":[[-49.311116,-20.867815],[-49.312589,-20.868752],[-49.313859,-20.867518],[-49.314439,-20.867259],[-49.314966,-20.867258],[-49.321473,-20.86878],[-49.325141,-20.870381],[-49.325724,-20.870314],[-49.326802,-20.869555],[-49.341764,-20.853014],[-49.362838,-20.829102],[-49.364892,-20.827042],[-49.365272,-20.826265],[-49.366047,-20.825479],[-49.366411,-20.825478],[-49.369702,-20.823978],[-49.371644,-20.819461],[-49.373352,-20.819559],[-49.380871,-20.812509],[-49.381583,-20.81317],[-49.381114,-20.813607]]}},{"type":"Feature","properties":{"id_backbone":"BB-98C7F794A36D","trecho":"ESE.RB-FND.GS","cluster":"SAO JOSE DO RIO PRETO","cabo":"F-0086","capacidade":"6","extensao_km":18.018,"confianca":"MEDIA","fonte":"OSRM/OpenStreetMap","ponta_a":"ESE.RB","municipio_a":"ESTRELA D'OESTE","ponta_b":"FND.GS","municipio_b":"FERNANDOPOLIS"},"geometry":{"type":"LineString","coordinates":[[-50.399141,-20.284854],[-50.399295,-20.285169],[-50.400966,-20.284437],[-50.400589,-20.283609],[-50.401498,-20.28075],[-50.402121,-20.277517],[-50.402691,-20.276025],[-50.402535,-20.275527],[-50.397138,-20.27416],[-50.386107,-20.270142],[-50.382637,-20.269409],[-50.380224,-20.269224],[-50.266766,-20.27225],[-50.265805,-20.272561],[-50.26479,-20.273581],[-50.264273,-20.274526],[-50.263794,-20.275008],[-50.248553,-20.283053],[-50.249029,-20.283866],[-50.24961,-20.283553]]}},{"type":"Feature","properties":{"id_backbone":"BB-70C5DA2F434C","trecho":"ESP.JB-SJV.CS","cluster":"CAMPINAS","cabo":"F-0151","capacidade":"24","extensao_km":31.5,"confianca":"ALTA","fonte":"OSRM/OpenStreetMap","ponta_a":"ESP.JB","municipio_a":"ESPIRITO SANTO DO PINHAL","ponta_b":"SJV.CS","municipio_b":"SAO JOAO DA BOA VISTA"},"geometry":{"type":"LineString","coordinates":[[-46.746841,-22.194523],[-46.746961,-22.194273],[-46.748018,-22.194496],[-46.747458,-22.195759],[-46.749184,-22.196863],[-46.749609,-22.196301],[-46.752718,-22.195703],[-46.752977,-22.19545],[-46.752854,-22.195355],[-46.752978,-22.195244],[-46.758686,-22.19637],[-46.761114,-22.197252],[-46.763387,-22.197556],[-46.766044,-22.197057],[-46.767667,-22.195853],[-46.76872,-22.193901],[-46.76877,-22.191932],[-46.769546,-22.188864],[-46.769195,-22.185479],[-46.769759,-22.182699],[-46.772793,-22.178994],[-46.77458,-22.175145],[-46.775958,-22.171539],[-46.776821,-22.17054],[-46.779164,-22.168556],[-46.77996,-22.168079],[-46.782478,-22.167547],[-46.784822,-22.168025],[-46.78734,-22.167803],[-46.788349,-22.167143],[-46.788745,-22.166629],[-46.789418,-22.164477],[-46.789004,-22.15833],[-46.78945,-22.155529],[-46.7908,-22.150833],[-46.791394,-22.149592],[-46.793301,-22.146659],[-46.795925,-22.138992],[-46.79698,-22.136976],[-46.803513,-22.127616],[-46.817869,-22.103494],[-46.820713,-22.0995],[-46.820861,-22.09875],[-46.8206,-22.097587],[-46.817296,-22.090664],[-46.8171,-22.089388],[-46.817301,-22.088078],[-46.819605,-22.083778],[-46.820329,-22.081669],[-46.820485,-22.079582],[-46.820443,-22.071006],[-46.81611,-22.06209],[-46.812306,-22.056256],[-46.811637,-22.053732],[-46.81081,-22.048986],[-46.810306,-22.047924],[-46.8032,-22.039161],[-46.802365,-22.036654],[-46.801689,-22.035586],[-46.792505,-22.028672],[-46.791972,-22.028068],[-46.791591,-22.02709],[-46.791578,-22.026493],[-46.792502,-22.021203],[-46.795158,-22.01588],[-46.795374,-22.014923],[-46.793928,-22.008998],[-46.794045,-22.008344],[-46.794738,-22.007329],[-46.794901,-22.006589],[-46.794508,-22.00509],[-46.793303,-22.003141],[-46.793015,-22.002394],[-46.792908,-22.001702],[-46.793344,-22.000036],[-46.793495,-21.99831],[-46.792241,-21.99283],[-46.793171,-21.990989],[-46.793859,-21.98665],[-46.794497,-21.984737],[-46.798929,-21.97746],[-46.797555,-21.976735],[-46.798284,-21.975666],[-46.797649,-21.972581],[-46.797965,-21.970787],[-46.798575,-21.969882],[-46.796946,-21.968928]]}},{"type":"Feature","properties":{"id_backbone":"BB-7D9B3224F9E0","trecho":"EUB.EB-PYS.SJ","cluster":"SAO JOSE DO RIO PRETO","cabo":"F-0066","capacidade":"12","extensao_km":9.267,"confianca":"ALTA","fonte":"OSRM/OpenStreetMap","ponta_a":"EUB.EB","municipio_a":"EMBAUBA","ponta_b":"PYS.SJ","municipio_b":"PARAISO"},"geometry":{"type":"LineString","coordinates":[[-48.836933,-20.981492],[-48.83699,-20.981703],[-48.827353,-20.984168],[-48.821425,-20.987737],[-48.81983,-20.989387],[-48.819238,-20.989803],[-48.81806,-20.990108],[-48.81169,-20.990549],[-48.810306,-20.990453],[-48.809453,-20.990121],[-48.808643,-20.989567],[-48.802428,-20.984236],[-48.80138,-20.983873],[-48.800089,-20.984166],[-48.791109,-20.991153],[-48.782245,-20.99704],[-48.781188,-20.997989],[-48.779085,-21.001447],[-48.776481,-21.006678],[-48.776203,-21.007765],[-48.775849,-21.008066],[-48.77508,-21.013875],[-48.774952,-21.017084],[-48.773803,-21.017067]]}},{"type":"Feature","properties":{"id_backbone":"BB-39FEA8903596","trecho":"FCR.SS-MAR.TP","cluster":"JUNDIAI","cabo":"F-0461","capacidade":"24","extensao_km":17.326,"confianca":"ALTA","fonte":"OSRM/OpenStreetMap","ponta_a":"FCR.SS","municipio_a":"FRANCO DA ROCHA","ponta_b":"MAR.TP","municipio_b":"MAIRIPORA"},"geometry":{"type":"LineString","coordinates":[[-46.724714,-23.329243],[-46.725004,-23.329128],[-46.724715,-23.328618],[-46.719474,-23.330827],[-46.718753,-23.330698],[-46.71772,-23.329999],[-46.716812,-23.33041],[-46.714935,-23.330458],[-46.715023,-23.331225],[-46.716514,-23.331172],[-46.716378,-23.331664],[-46.714996,-23.331881],[-46.713605,-23.331461],[-46.712845,-23.331491],[-46.712047,-23.332258],[-46.711114,-23.334071],[-46.710751,-23.334259],[-46.709342,-23.333837],[-46.707743,-23.33411],[-46.707345,-23.333894],[-46.705919,-23.332411],[-46.705666,-23.331814],[-46.705505,-23.330398],[-46.705143,-23.329969],[-46.704716,-23.329831],[-46.703018,-23.329952],[-46.701812,-23.33066],[-46.701226,-23.330755],[-46.697059,-23.329931],[-46.69453,-23.331024],[-46.693859,-23.331134],[-46.693272,-23.330979],[-46.691692,-23.329889],[-46.691156,-23.329798],[-46.689913,-23.330206],[-46.686817,-23.331943],[-46.68496,-23.332666],[-46.684134,-23.332694],[-46.681555,-23.332173],[-46.680541,-23.3322],[-46.67416,-23.334047],[-46.672587,-23.334168],[-46.668516,-23.33388],[-46.667201,-23.334074],[-46.665376,-23.334875],[-46.662489,-23.337301],[-46.661613,-23.337746],[-46.660833,-23.337933],[-46.659428,-23.338066],[-46.656877,-23.336753],[-46.655235,-23.33655],[-46.654085,-23.336008],[-46.653389,-23.335875],[-46.651977,-23.336118],[-46.649373,-23.33746],[-46.647319,-23.337355],[-46.644997,-23.337911],[-46.644506,-23.33775],[-46.644083,-23.337285],[-46.643855,-23.334977],[-46.643516,-23.334297],[-46.642942,-23.333702],[-46.637964,-23.330955],[-46.635833,-23.330324],[-46.633724,-23.329322],[-46.631496,-23.328959],[-46.628829,-23.329371],[-46.625873,-23.329411],[-46.62509,-23.329911],[-46.624068,-23.331706],[-46.623556,-23.332037],[-46.622905,-23.332144],[-46.622106,-23.331874],[-46.618945,-23.329448],[-46.61664,-23.329212],[-46.614781,-23.328378],[-46.61383,-23.328547],[-46.612908,-23.329639],[-46.612099,-23.32997],[-46.611282,-23.329718],[-46.6098,-23.328259],[-46.609008,-23.327895],[-46.608189,-23.327867],[-46.605035,-23.328437],[-46.602913,-23.328278],[-46.600332,-23.327104],[-46.599256,-23.326778],[-46.598784,-23.326204],[-46.594484,-23.322692],[-46.594336,-23.322233],[-46.595154,-23.321331],[-46.595083,-23.320809],[-46.594698,-23.320362],[-46.593551,-23.319884],[-46.592267,-23.320121],[-46.591648,-23.320073],[-46.588162,-23.318589],[-46.586087,-23.318282]]}},{"type":"Feature","properties":{"id_backbone":"BB-F1961276E835","trecho":"FND.GS-PEP.JP","cluster":"SAO JOSE DO RIO PRETO","cabo":"F-0003","capacidade":"6","extensao_km":16.394,"confianca":"ALTA","fonte":"OSRM/OpenStreetMap","ponta_a":"FND.GS","municipio_a":"FERNANDOPOLIS","ponta_b":"PEP.JP","municipio_b":"PEDRANOPOLIS"},"geometry":{"type":"LineString","coordinates":[[-50.24961,-20.283553],[-50.249885,-20.283404],[-50.249421,-20.282607],[-50.24683,-20.283956],[-50.246797,-20.28425],[-50.246598,-20.284157],[-50.245296,-20.284778],[-50.243925,-20.285078],[-50.242394,-20.285019],[-50.240671,-20.284395],[-50.232602,-20.280045],[-50.231605,-20.280206],[-50.231496,-20.280102],[-50.228346,-20.280718],[-50.227659,-20.277744],[-50.226481,-20.278006],[-50.225444,-20.277696],[-50.225106,-20.277746],[-50.224468,-20.277015],[-50.222437,-20.276121],[-50.220375,-20.275495],[-50.208593,-20.273472],[-50.196006,-20.272952],[-50.193315,-20.272465],[-50.19169,-20.271754],[-50.190416,-20.270956],[-50.178994,-20.261284],[-50.177204,-20.260146],[-50.174581,-20.259276],[-50.165366,-20.257671],[-50.162067,-20.256949],[-50.158888,-20.255506],[-50.148359,-20.249561],[-50.14574,-20.248588],[-50.143596,-20.248277],[-50.142,-20.248292],[-50.120565,-20.250393],[-50.118682,-20.250444],[-50.117165,-20.250292],[-50.114675,-20.249767],[-50.108406,-20.246973]]}},{"type":"Feature","properties":{"id_backbone":"BB-DFEFB4CE9F43","trecho":"FPT.NJ-PCB.PU","cluster":"ARACATUBA","cabo":"TR#1546","capacidade":"24 F","extensao_km":14.859,"confianca":"ALTA","fonte":"OSRM/OpenStreetMap","ponta_a":"FPT.NJ","municipio_a":"FLORIDA PAULISTA","ponta_b":"PCB.PU","municipio_b":"PACAEMBU"},"geometry":{"type":"LineString","coordinates":[[-51.172999,-21.614706],[-51.172748,-21.614759],[-51.17232,-21.614503],[-51.172258,-21.61402],[-51.17256,-21.613632],[-51.169851,-21.609708],[-51.169089,-21.609064],[-51.167965,-21.607198],[-51.162473,-21.603915],[-51.162208,-21.603967],[-51.162161,-21.603684],[-51.1617,-21.603373],[-51.161435,-21.603425],[-51.161362,-21.603178],[-51.161744,-21.603087],[-51.162652,-21.602316],[-51.165485,-21.599628],[-51.174555,-21.593508],[-51.175561,-21.592248],[-51.177423,-21.588464],[-51.17823,-21.587381],[-51.188331,-21.578973],[-51.194977,-21.574662],[-51.204567,-21.569596],[-51.205266,-21.569004],[-51.207345,-21.568115],[-51.211084,-21.566196],[-51.212751,-21.565834],[-51.221963,-21.56529],[-51.223131,-21.565079],[-51.237885,-21.559236],[-51.240676,-21.558293],[-51.258479,-21.55618],[-51.259049,-21.556021],[-51.259452,-21.55551],[-51.259674,-21.55545],[-51.260076,-21.555738],[-51.264953,-21.561927],[-51.264092,-21.562516]]}},{"type":"Feature","properties":{"id_backbone":"BB-071A3783AFBD","trecho":"GAP.MP-RUB.RI","cluster":"ARACATUBA","cabo":"F-0035","capacidade":"6","extensao_km":13.196,"confianca":"ALTA","fonte":"OSRM/OpenStreetMap","ponta_a":"GAP.MP","municipio_a":"GUARARAPES","ponta_b":"RUB.RI","municipio_b":"RUBIACEA"},"geometry":{"type":"LineString","coordinates":[[-50.641512,-21.253306],[-50.643683,-21.25245],[-50.644164,-21.253513],[-50.645851,-21.252868],[-50.651453,-21.254386],[-50.655773,-21.253426],[-50.657118,-21.253339],[-50.658234,-21.253471],[-50.659143,-21.253831],[-50.661067,-21.255295],[-50.662778,-21.255832],[-50.663848,-21.257348],[-50.664191,-21.257553],[-50.67102,-21.259295],[-50.673028,-21.259946],[-50.676275,-21.260562],[-50.68693,-21.263172],[-50.692073,-21.266329],[-50.692623,-21.267103],[-50.693355,-21.269421],[-50.697326,-21.284556],[-50.702671,-21.306518],[-50.70311,-21.307327],[-50.703728,-21.30743],[-50.712365,-21.305579],[-50.717559,-21.304673],[-50.720487,-21.303037],[-50.724239,-21.301723],[-50.72645,-21.301569],[-50.726596,-21.301258],[-50.726912,-21.301091],[-50.727365,-21.301184],[-50.7276,-21.301571],[-50.7279,-21.30157]]}},{"type":"Feature","properties":{"id_backbone":"BB-B70D90147C7E","trecho":"GBE.AB-GLA.WB","cluster":"BAURU","cabo":"F-0314-00","capacidade":"12","extensao_km":14.95,"confianca":"BAIXA","fonte":"OSRM/OpenStreetMap","ponta_a":"GBE.AB","municipio_a":"GUAIMBE","ponta_b":"GLA.WB","municipio_b":"GETULINA"},"geometry":{"type":"LineString","coordinates":[[-49.898292,-21.91072],[-49.900219,-21.906708],[-49.900757,-21.905878],[-49.901986,-21.904513],[-49.904008,-21.903105],[-49.910594,-21.899384],[-49.911341,-21.898731],[-49.911583,-21.898097],[-49.9115,-21.897171],[-49.908439,-21.882796],[-49.90149,-21.811877],[-49.903824,-21.811344],[-49.920475,-21.797229],[-49.920867,-21.797112],[-49.921678,-21.797544],[-49.927333,-21.7976]]}},{"type":"Feature","properties":{"id_backbone":"BB-248846EECC34","trecho":"GCI.MD-OLA.OL","cluster":"SAO JOSE DO RIO PRETO","cabo":"TR-0121","capacidade":"36","extensao_km":32.584,"confianca":"ALTA","fonte":"OSRM/OpenStreetMap","ponta_a":"GCI.MD","municipio_a":"GUARACI","ponta_b":"OLA.OL","municipio_b":"OLIMPIA"},"geometry":{"type":"LineString","coordinates":[[-48.943101,-20.500901],[-48.943211,-20.500822],[-48.944313,-20.502159],[-48.945179,-20.501723],[-48.945526,-20.502196],[-48.947328,-20.507993],[-48.947469,-20.5089],[-48.955093,-20.532984],[-48.955876,-20.535831],[-48.956075,-20.537574],[-48.956084,-20.539504],[-48.95292,-20.561942],[-48.952916,-20.564274],[-48.953431,-20.567119],[-48.956036,-20.57404],[-48.956962,-20.575755],[-48.958432,-20.577758],[-48.960068,-20.579359],[-48.963547,-20.582109],[-48.96401,-20.582173],[-48.964375,-20.582032],[-48.965644,-20.580724],[-48.965885,-20.580825],[-48.956018,-20.591571],[-48.945815,-20.603738],[-48.945114,-20.604825],[-48.941921,-20.608604],[-48.941102,-20.609334],[-48.918622,-20.636137],[-48.9175,-20.637733],[-48.916804,-20.63922],[-48.916274,-20.641703],[-48.913398,-20.673715],[-48.912707,-20.675632],[-48.911911,-20.677078],[-48.911206,-20.678028],[-48.906786,-20.682578],[-48.905953,-20.683723],[-48.905815,-20.684273],[-48.905883,-20.684836],[-48.906194,-20.685262],[-48.907889,-20.686279],[-48.915738,-20.689926],[-48.921454,-20.692361],[-48.922063,-20.692356],[-48.922581,-20.692012],[-48.922949,-20.692274],[-48.922777,-20.692587],[-48.92245,-20.692574],[-48.922073,-20.693375],[-48.922224,-20.693749],[-48.921897,-20.693934],[-48.921632,-20.693744],[-48.921629,-20.693232],[-48.921329,-20.692833],[-48.91936,-20.691832],[-48.91821,-20.691372],[-48.917377,-20.691849],[-48.91214,-20.705113],[-48.912226,-20.70585],[-48.911775,-20.706388],[-48.906295,-20.72061],[-48.906011,-20.724025],[-48.908831,-20.724502],[-48.91395,-20.727148],[-48.9167,-20.73333],[-48.915845,-20.737052],[-48.914409,-20.736761]]}},{"type":"Feature","properties":{"id_backbone":"BB-F047A95B9255","trecho":"GIE.GD-OUTE.OU","cluster":"SAO JOSE DO RIO PRETO","cabo":"TR 1556","capacidade":"24 F","extensao_km":10.048,"confianca":"ALTA","fonte":"OSRM/OpenStreetMap","ponta_a":"GIE.GD","municipio_a":"GUARANI D'OESTE","ponta_b":"OUTE.OU","municipio_b":"OUROESTE"},"geometry":{"type":"LineString","coordinates":[[-50.33826,-20.073312],[-50.339697,-20.074168],[-50.340839,-20.072393],[-50.340681,-20.071025],[-50.34084,-20.070487],[-50.341206,-20.070062],[-50.342492,-20.069337],[-50.342732,-20.068925],[-50.342814,-20.068119],[-50.341157,-20.065054],[-50.341485,-20.064936],[-50.354866,-20.053049],[-50.357045,-20.050361],[-50.358392,-20.04786],[-50.359346,-20.045094],[-50.359716,-20.043169],[-50.359851,-20.04131],[-50.358174,-20.021129],[-50.358422,-20.018645],[-50.359437,-20.016234],[-50.369425,-20.000074],[-50.369719,-19.999505],[-50.369828,-19.998742],[-50.370353,-19.99867],[-50.370591,-19.999108],[-50.371524,-19.999675],[-50.371459,-19.999779]]}},{"type":"Feature","properties":{"id_backbone":"BB-9A1B2BF056E7","trecho":"GTA.MF-QUZ.BD","cluster":"SAO JOSE DOS CAMPOS","cabo":"F-0934","capacidade":"72","extensao_km":62.178,"confianca":"ALTA","fonte":"OSRM/OpenStreetMap","ponta_a":"GTA.MF","municipio_a":"GUARATINGUETA","ponta_b":"QUZ.BD","municipio_b":"QUELUZ"},"geometry":{"type":"LineString","coordinates":[[-45.196337,-22.815813],[-45.196196,-22.81617],[-45.195835,-22.815894],[-45.195413,-22.816818],[-45.19715,-22.817624],[-45.196396,-22.819567],[-45.195151,-22.820474],[-45.194172,-22.821725],[-45.193385,-22.82225],[-45.192859,-22.82236],[-45.192886,-22.82347],[-45.193036,-22.823732],[-45.192889,-22.82389],[-45.191179,-22.822953],[-45.187602,-22.820544],[-45.184201,-22.819404],[-45.18281,-22.818687],[-45.182036,-22.817881],[-45.171872,-22.804634],[-45.165992,-22.795088],[-45.164199,-22.793292],[-45.107782,-22.75273],[-44.997787,-22.67423],[-44.996775,-22.673374],[-44.994924,-22.670987],[-44.993839,-22.670463],[-44.99143,-22.670117],[-44.990484,-22.669807],[-44.986179,-22.666274],[-44.980329,-22.662061],[-44.965322,-22.658398],[-44.963732,-22.65776],[-44.962522,-22.65701],[-44.959201,-22.654223],[-44.958488,-22.653177],[-44.957365,-22.650396],[-44.956259,-22.649014],[-44.954753,-22.647958],[-44.95192,-22.646684],[-44.947249,-22.64213],[-44.946104,-22.641297],[-44.944189,-22.640539],[-44.939536,-22.639964],[-44.938811,-22.639706],[-44.9376,-22.638689],[-44.936213,-22.636661],[-44.935217,-22.635675],[-44.934321,-22.635084],[-44.927905,-22.631839],[-44.92395,-22.628711],[-44.915207,-22.624675],[-44.911324,-22.624286],[-44.910334,-22.62388],[-44.909779,-22.623268],[-44.909081,-22.620976],[-44.908679,-22.620221],[-44.907705,-22.619431],[-44.904057,-22.617091],[-44.899465,-22.613657],[-44.898881,-22.612726],[-44.896402,-22.607234],[-44.895293,-22.606068],[-44.889321,-22.600811],[-44.88862,-22.600037],[-44.887983,-22.5988],[-44.886415,-22.593944],[-44.886332,-22.591528],[-44.885986,-22.590506],[-44.881634,-22.585855],[-44.88089,-22.585403],[-44.878851,-22.584846],[-44.878092,-22.584204],[-44.877717,-22.583274],[-44.877456,-22.579857],[-44.876596,-22.578285],[-44.875775,-22.577603],[-44.874624,-22.577053],[-44.867296,-22.575135],[-44.866387,-22.574591],[-44.865514,-22.573701],[-44.864909,-22.572368],[-44.864834,-22.570543],[-44.864966,-22.568901],[-44.865688,-22.566041],[-44.865655,-22.565015],[-44.865032,-22.563591],[-44.863867,-22.562517],[-44.854031,-22.557151],[-44.852404,-22.556739],[-44.851432,-22.55682],[-44.84959,-22.557392],[-44.846069,-22.558041],[-44.841902,-22.559372],[-44.840359,-22.55925],[-44.8369,-22.558063],[-44.835377,-22.55801],[-44.834069,-22.55841],[-44.831398,-22.560134],[-44.830454,-22.560366],[-44.829155,-22.56029],[-44.821124,-22.557425],[-44.816381,-22.553909],[-44.805194,-22.547622],[-44.803766,-22.546391],[-44.802544,-22.544219],[-44.801677,-22.543195],[-44.799777,-22.542052],[-44.797858,-22.541667],[-44.796458,-22.541765],[-44.7888,-22.544329],[-44.787259,-22.544568],[-44.785795,-22.544422],[-44.783622,-22.543875],[-44.782291,-22.543326],[-44.78096,-22.542336],[-44.778269,-22.539618],[-44.77629,-22.538352],[-44.774543,-22.537614],[-44.772574,-22.538081],[-44.772083,-22.538431],[-44.773019,-22.539193],[-44.772687,-22.539927],[-44.772842,-22.540464],[-44.774064,-22.540795],[-44.775427,-22.542037],[-44.776005,-22.543176],[-44.775619,-22.543919],[-44.775676,-22.54422],[-44.776706,-22.544176],[-44.777236,-22.544528],[-44.777402,-22.545199],[-44.777155,-22.545918],[-44.777294,-22.5466],[-44.778068,-22.547625],[-44.778151,-22.547996],[-44.777927,-22.548467],[-44.774465,-22.548266],[-44.773112,-22.547857],[-44.772232,-22.548417],[-44.771199,-22.547811],[-44.770528,-22.547807],[-44.768637,-22.549013],[-44.768118,-22.549974],[-44.767223,-22.550683],[-44.766929,-22.551308],[-44.767178,-22.551931],[-44.766753,-22.551724],[-44.766575,-22.551201],[-44.766751,-22.549828],[-44.765351,-22.549775],[-44.764342,-22.549496],[-44.762873,-22.547873],[-44.761796,-22.548281]]}},{"type":"Feature","properties":{"id_backbone":"BB-014F9BB1B37F","trecho":"HED.XN-TUP.RD","cluster":"BAURU","cabo":"F-0308-00","capacidade":"12","extensao_km":16.513,"confianca":"ALTA","fonte":"OSRM/OpenStreetMap","ponta_a":"HED.XN","municipio_a":"HERCULANDIA","ponta_b":"TUP.RD","municipio_b":"TUPA"},"geometry":{"type":"LineString","coordinates":[[-50.385523,-22.003103],[-50.388336,-21.998838],[-50.389965,-21.99974],[-50.390993,-21.998219],[-50.394294,-22.00009],[-50.395119,-22.000093],[-50.39569,-21.999883],[-50.400299,-21.995268],[-50.430427,-21.966915],[-50.43187,-21.965711],[-50.43305,-21.965022],[-50.434933,-21.96432],[-50.438163,-21.963691],[-50.491209,-21.954577],[-50.506906,-21.950149],[-50.508669,-21.949487],[-50.511941,-21.9487],[-50.510695,-21.944888],[-50.510757,-21.944633],[-50.514856,-21.940356],[-50.514298,-21.939898]]}},{"type":"Feature","properties":{"id_backbone":"BB-D47C19C91C25","trecho":"HLBA.HB-SAP.JR","cluster":"CAMPINAS","cabo":"F-0259","capacidade":"72","extensao_km":16.285,"confianca":"ALTA","fonte":"OSRM/OpenStreetMap","ponta_a":"HLBA.HB","municipio_a":"HOLAMBRA","ponta_b":"SAP.JR","municipio_b":"SANTO ANTONIO DE POSSE"},"geometry":{"type":"LineString","coordinates":[[-47.05895,-22.630468],[-47.058039,-22.630603],[-47.0578,-22.631614],[-47.055844,-22.631018],[-47.05418,-22.630241],[-47.049099,-22.629089],[-47.049329,-22.627763],[-47.049283,-22.627466],[-47.049117,-22.627394],[-47.04195,-22.630654],[-47.040488,-22.631177],[-47.03844,-22.631516],[-47.034976,-22.63148],[-47.033343,-22.630557],[-47.03039,-22.629202],[-47.029149,-22.628796],[-47.027949,-22.628064],[-47.022337,-22.62549],[-47.021103,-22.625093],[-47.015174,-22.6222],[-47.01286,-22.621375],[-47.009894,-22.620956],[-47.008441,-22.621052],[-47.007246,-22.620628],[-47.006189,-22.620527],[-47.005195,-22.620646],[-47.003884,-22.620209],[-46.989303,-22.618362],[-46.987308,-22.61829],[-46.969102,-22.614141],[-46.965876,-22.614349],[-46.962089,-22.615737],[-46.960949,-22.616014],[-46.958562,-22.615902],[-46.955375,-22.614917],[-46.953875,-22.614295],[-46.948179,-22.610723],[-46.9471,-22.609704],[-46.946334,-22.608696],[-46.945529,-22.605424],[-46.944922,-22.604447],[-46.943574,-22.603657],[-46.940958,-22.60312],[-46.938584,-22.602812],[-46.931755,-22.603027],[-46.927806,-22.602763],[-46.926721,-22.603064],[-46.925673,-22.603072],[-46.923235,-22.603572],[-46.923426,-22.604646],[-46.917578,-22.605733],[-46.917731,-22.606343],[-46.917903,-22.606315]]}},{"type":"Feature","properties":{"id_backbone":"BB-92A151AB3710","trecho":"HORT.HT-MOR.JF","cluster":"CAMPINAS","cabo":"F-0137","capacidade":"72","extensao_km":18.032,"confianca":"ALTA","fonte":"OSRM/OpenStreetMap","ponta_a":"HORT.HT","municipio_a":"HORTOLANDIA","ponta_b":"MOR.JF","municipio_b":"MONTE MOR"},"geometry":{"type":"LineString","coordinates":[[-47.215875,-22.86391],[-47.215583,-22.863671],[-47.215511,-22.861855],[-47.216018,-22.861932],[-47.216533,-22.861759],[-47.216894,-22.862167],[-47.219516,-22.862424],[-47.221676,-22.862103],[-47.222072,-22.8617],[-47.22262,-22.862037],[-47.224676,-22.865146],[-47.22488,-22.866187],[-47.225709,-22.866449],[-47.225956,-22.86751],[-47.225547,-22.867915],[-47.225543,-22.868467],[-47.228465,-22.874501],[-47.230544,-22.879969],[-47.230888,-22.882142],[-47.231115,-22.886933],[-47.230825,-22.888326],[-47.229661,-22.903315],[-47.232617,-22.904676],[-47.232973,-22.905053],[-47.245474,-22.91072],[-47.246305,-22.911326],[-47.246787,-22.91237],[-47.248029,-22.918146],[-47.24838,-22.919145],[-47.255345,-22.927172],[-47.255931,-22.928049],[-47.258314,-22.939044],[-47.25912,-22.940565],[-47.260404,-22.942463],[-47.260941,-22.942991],[-47.261649,-22.943316],[-47.264953,-22.94402],[-47.267752,-22.943333],[-47.271129,-22.943266],[-47.271904,-22.943398],[-47.275646,-22.944732],[-47.287818,-22.945275],[-47.294102,-22.947496],[-47.297538,-22.94797],[-47.298905,-22.947871],[-47.299408,-22.947668],[-47.299808,-22.947771],[-47.301061,-22.948373],[-47.302184,-22.950027],[-47.303055,-22.950349],[-47.308445,-22.949595],[-47.310524,-22.948667],[-47.311946,-22.948679],[-47.312937,-22.948861],[-47.313761,-22.948425],[-47.315876,-22.948225],[-47.315956,-22.948918],[-47.316517,-22.948872],[-47.316978,-22.949074],[-47.317241,-22.948657],[-47.317833,-22.948397],[-47.317562,-22.947918]]}},{"type":"Feature","properties":{"id_backbone":"BB-FA75C1EE8FB7","trecho":"IAE.FP-STG.PP","cluster":"BAURU","cabo":"F-0315-01","capacidade":"18","extensao_km":15.737,"confianca":"BAIXA","fonte":"OSRM/OpenStreetMap","ponta_a":"IAE.FP","municipio_a":"IBIRAREMA","ponta_b":"STG.PP","municipio_b":"SALTO GRANDE"},"geometry":{"type":"LineString","coordinates":[[-50.073209,-22.817539],[-50.072812,-22.817548],[-50.072826,-22.818214],[-50.067543,-22.818286],[-50.057646,-22.81485],[-50.057511,-22.814642],[-50.057614,-22.814424],[-50.058635,-22.814021],[-50.058505,-22.813702],[-50.058119,-22.813668],[-50.03924,-22.823167],[-50.032554,-22.827174],[-50.02668,-22.831463],[-50.010458,-22.844862],[-50.008441,-22.846474],[-50.007195,-22.847261],[-50.005358,-22.848067],[-50.003508,-22.848571],[-49.9898,-22.851476],[-49.9876,-22.852499],[-49.986278,-22.853492],[-49.985183,-22.854668],[-49.974487,-22.870514],[-49.974257,-22.871096],[-49.974299,-22.871564],[-49.974627,-22.872196],[-49.979804,-22.881003],[-49.98006,-22.881231],[-49.985017,-22.892045],[-49.985892,-22.891709],[-49.985811,-22.891535]]}},{"type":"Feature","properties":{"id_backbone":"BB-E1119596B0D9","trecho":"IAR.IU-ILHS.IS","cluster":"ARACATUBA","cabo":"F-0011","capacidade":"6","extensao_km":34.672,"confianca":"ALTA","fonte":"OSRM/OpenStreetMap","ponta_a":"IAR.IU","municipio_a":"ITAPURA","ponta_b":"ILHS.IS","municipio_b":"ILHA SOLTEIRA"},"geometry":{"type":"LineString","coordinates":[[-51.508569,-20.643279],[-51.508347,-20.643007],[-51.501263,-20.648133],[-51.458647,-20.64916],[-51.446555,-20.649216],[-51.444813,-20.649428],[-51.444836,-20.648719],[-51.443583,-20.642249],[-51.442675,-20.639373],[-51.44158,-20.637065],[-51.346334,-20.449839],[-51.345987,-20.449358],[-51.345382,-20.449156],[-51.345099,-20.448878],[-51.345041,-20.448498],[-51.345242,-20.447968],[-51.345004,-20.447217],[-51.34089,-20.43912],[-51.338188,-20.434314],[-51.338178,-20.434006],[-51.33865,-20.433993],[-51.340705,-20.432251],[-51.340739,-20.431614],[-51.341132,-20.431538],[-51.344374,-20.428702],[-51.344524,-20.427882],[-51.34439,-20.427549],[-51.343642,-20.426849],[-51.343353,-20.426823],[-51.343296,-20.426567],[-51.342133,-20.425651]]}},{"type":"Feature","properties":{"id_backbone":"BB-A3AA66AE54A9","trecho":"ICE.RD-ICE.SI","cluster":"SAO JOSE DO RIO PRETO","cabo":"F-0018","capacidade":"24","extensao_km":1.264,"confianca":"SEM_REFERENCIA","fonte":"OSRM/OpenStreetMap","ponta_a":"ICE.RD","municipio_a":"ICEM","ponta_b":"ICE.SI","municipio_b":"ICEM"},"geometry":{"type":"LineString","coordinates":[[-49.192157,-20.348574],[-49.193638,-20.346305],[-49.198485,-20.342708],[-49.197129,-20.341073],[-49.197835,-20.340526]]}},{"type":"Feature","properties":{"id_backbone":"BB-AF67865E9267","trecho":"ICS.IS-TBS.TA","cluster":"OSASCO","cabo":"F-1005","capacidade":"144","extensao_km":17.547,"confianca":"ALTA","fonte":"OSRM/OpenStreetMap","ponta_a":"ICS.IS","municipio_a":"ITAPECERICA DA SERRA","ponta_b":"TBS.TA","municipio_b":"TABOAO DA SERRA"},"geometry":{"type":"LineString","coordinates":[[-46.849981,-23.714953],[-46.849705,-23.714468],[-46.850283,-23.714272],[-46.850085,-23.713765],[-46.849104,-23.71408],[-46.849016,-23.713846],[-46.848808,-23.712805],[-46.848793,-23.711681],[-46.849111,-23.711635],[-46.851703,-23.707662],[-46.851933,-23.706142],[-46.852355,-23.705026],[-46.855082,-23.703272],[-46.855934,-23.70208],[-46.858473,-23.70118],[-46.859283,-23.700727],[-46.85958,-23.699898],[-46.86003,-23.699219],[-46.86364,-23.695836],[-46.864093,-23.695229],[-46.864225,-23.694785],[-46.862546,-23.690076],[-46.859423,-23.68511],[-46.858221,-23.679056],[-46.856926,-23.676076],[-46.856572,-23.674897],[-46.855888,-23.669772],[-46.855147,-23.66724],[-46.852893,-23.662173],[-46.851107,-23.659471],[-46.850291,-23.65671],[-46.84892,-23.654616],[-46.847492,-23.651863],[-46.846814,-23.651067],[-46.84316,-23.647919],[-46.841528,-23.646216],[-46.835807,-23.640203],[-46.833032,-23.636733],[-46.832416,-23.636305],[-46.831382,-23.635946],[-46.827038,-23.63575],[-46.825793,-23.635362],[-46.8245,-23.634653],[-46.823069,-23.633277],[-46.813501,-23.621841],[-46.812574,-23.62108],[-46.809173,-23.618986],[-46.807704,-23.618417],[-46.804429,-23.617946],[-46.797185,-23.618093],[-46.790801,-23.616615],[-46.788193,-23.615859],[-46.779634,-23.612956],[-46.777376,-23.612405],[-46.774956,-23.611353],[-46.774784,-23.611919],[-46.774465,-23.611797],[-46.774336,-23.612088]]}},{"type":"Feature","properties":{"id_backbone":"BB-0B7A7DC0A62A","trecho":"IDIO.II-NHA.RR","cluster":"SAO JOSE DO RIO PRETO","cabo":"F-0005","capacidade":"6","extensao_km":10.034,"confianca":"SEM_REFERENCIA","fonte":"OSRM/OpenStreetMap","ponta_a":"IDIO.II","municipio_a":"NHANDEARA","ponta_b":"NHA.RR","municipio_b":"NHANDEARA"},"geometry":{"type":"LineString","coordinates":[[-49.952098,-20.701653],[-49.951291,-20.701624],[-49.951206,-20.703661],[-49.951578,-20.704009],[-49.95807,-20.704491],[-49.964176,-20.703995],[-49.990931,-20.701004],[-49.992862,-20.701042],[-49.995122,-20.70136],[-50.003882,-20.703871],[-50.007057,-20.704441],[-50.010526,-20.704482],[-50.019894,-20.703841],[-50.025324,-20.702883],[-50.028846,-20.701993],[-50.029699,-20.701549],[-50.033342,-20.699526],[-50.033897,-20.698554],[-50.034253,-20.698242],[-50.03824,-20.696635],[-50.037195,-20.694287],[-50.037734,-20.694075]]}},{"type":"Feature","properties":{"id_backbone":"BB-12BA65660901","trecho":"IDU.DP-IDU.IV","cluster":"CAMPINAS","cabo":"F-0062","capacidade":"12","extensao_km":4.613,"confianca":"SEM_REFERENCIA","fonte":"OSRM/OpenStreetMap","ponta_a":"IDU.DP","municipio_a":"INDAIATUBA","ponta_b":"IDU.IV","municipio_b":"INDAIATUBA"},"geometry":{"type":"LineString","coordinates":[[-47.215429,-23.085325],[-47.214547,-23.083655],[-47.21299,-23.08437],[-47.212266,-23.08307],[-47.211751,-23.083618],[-47.204934,-23.086887],[-47.204745,-23.087439],[-47.193123,-23.093233],[-47.192042,-23.093466],[-47.190335,-23.093148],[-47.189756,-23.093267],[-47.187274,-23.095827],[-47.186061,-23.097471],[-47.183566,-23.103],[-47.182958,-23.102855],[-47.18247,-23.103539]]}},{"type":"Feature","properties":{"id_backbone":"BB-94DBA19EFF79","trecho":"IDU.IV-IDU.MR","cluster":"CAMPINAS","cabo":null,"capacidade":"36","extensao_km":6.832,"confianca":"SEM_REFERENCIA","fonte":"OSRM/OpenStreetMap","ponta_a":"IDU.IV","municipio_a":"INDAIATUBA","ponta_b":"IDU.MR","municipio_b":"INDAIATUBA"},"geometry":{"type":"LineString","coordinates":[[-47.18247,-23.103539],[-47.182763,-23.10293],[-47.182606,-23.102578],[-47.183254,-23.10293],[-47.183513,-23.102832],[-47.186061,-23.097342],[-47.187016,-23.096024],[-47.188791,-23.094098],[-47.188832,-23.093578],[-47.188381,-23.093254],[-47.188111,-23.093238],[-47.18784,-23.093488],[-47.188156,-23.094105],[-47.201107,-23.104425],[-47.205566,-23.107799],[-47.220181,-23.119581],[-47.223294,-23.121823],[-47.223475,-23.121741],[-47.224312,-23.119938],[-47.226604,-23.119312]]}},{"type":"Feature","properties":{"id_backbone":"BB-24292ADE0C1A","trecho":"IGT.IE-MAT.VR","cluster":"BAURU","cabo":"F-0167-00","capacidade":"12","extensao_km":19.592,"confianca":"ALTA","fonte":"OSRM/OpenStreetMap","ponta_a":"IGT.IE","municipio_a":"IGARACU DO TIETE","ponta_b":"MAT.VR","municipio_b":"MACATUBA"},"geometry":{"type":"LineString","coordinates":[[-48.559566,-22.510873],[-48.55719,-22.511646],[-48.555647,-22.508183],[-48.556525,-22.507844],[-48.557003,-22.504583],[-48.557526,-22.50407],[-48.560298,-22.503013],[-48.560624,-22.502386],[-48.560935,-22.502339],[-48.561317,-22.502648],[-48.561587,-22.50265],[-48.56394,-22.501489],[-48.564565,-22.501399],[-48.56545,-22.501554],[-48.571863,-22.504366],[-48.58367,-22.506594],[-48.584917,-22.507334],[-48.587133,-22.510088],[-48.588876,-22.511411],[-48.590597,-22.512038],[-48.59571,-22.513092],[-48.596459,-22.5135],[-48.598039,-22.514906],[-48.599605,-22.515171],[-48.605742,-22.515625],[-48.606698,-22.515563],[-48.607833,-22.515234],[-48.620243,-22.509967],[-48.6215,-22.508872],[-48.622824,-22.506119],[-48.623373,-22.505445],[-48.626693,-22.503995],[-48.628171,-22.503656],[-48.629662,-22.503689],[-48.635691,-22.504817],[-48.651444,-22.509589],[-48.652465,-22.509757],[-48.653381,-22.509698],[-48.663949,-22.506261],[-48.672998,-22.503974],[-48.681512,-22.500931],[-48.682127,-22.500164],[-48.682867,-22.497987],[-48.683627,-22.496992],[-48.690761,-22.491892],[-48.691376,-22.491255],[-48.694941,-22.492738],[-48.700077,-22.494398],[-48.703757,-22.495801],[-48.705515,-22.495811],[-48.707358,-22.49515],[-48.707485,-22.495822],[-48.71145,-22.502742],[-48.710712,-22.503093],[-48.710799,-22.503248]]}},{"type":"Feature","properties":{"id_backbone":"BB-D8C2C006BB08","trecho":"IIN.IP-RCO.AD","cluster":"CAMPINAS","cabo":"F-0116","capacidade":"48","extensao_km":40.824,"confianca":"ALTA","fonte":"OSRM/OpenStreetMap","ponta_a":"IIN.IP","municipio_a":"ITIRAPINA","ponta_b":"RCO.AD","municipio_b":"RIO CLARO"},"geometry":{"type":"LineString","coordinates":[[-47.818025,-22.254546],[-47.818693,-22.254638],[-47.818823,-22.253758],[-47.817885,-22.253644],[-47.817746,-22.254507],[-47.816787,-22.25437],[-47.817622,-22.249749],[-47.817602,-22.248209],[-47.817053,-22.247221],[-47.814545,-22.244665],[-47.81286,-22.243646],[-47.778916,-22.225646],[-47.777237,-22.224453],[-47.769441,-22.218122],[-47.768896,-22.217858],[-47.766756,-22.217526],[-47.765865,-22.217797],[-47.763774,-22.220026],[-47.761598,-22.221428],[-47.708334,-22.245454],[-47.706573,-22.246762],[-47.705022,-22.248498],[-47.703938,-22.250307],[-47.703203,-22.2527],[-47.703024,-22.253982],[-47.703087,-22.256331],[-47.704065,-22.268585],[-47.703781,-22.269849],[-47.700312,-22.273777],[-47.698059,-22.274717],[-47.697299,-22.275304],[-47.696461,-22.276754],[-47.695994,-22.277219],[-47.694268,-22.277751],[-47.693018,-22.278441],[-47.69202,-22.27873],[-47.690798,-22.278697],[-47.689039,-22.278062],[-47.688116,-22.277943],[-47.68539,-22.278547],[-47.684101,-22.279165],[-47.683265,-22.280004],[-47.677285,-22.288321],[-47.676637,-22.289678],[-47.676149,-22.292851],[-47.675798,-22.29391],[-47.670122,-22.302552],[-47.669227,-22.304976],[-47.667743,-22.310006],[-47.667237,-22.311024],[-47.666446,-22.311961],[-47.665558,-22.312619],[-47.663113,-22.313586],[-47.661917,-22.314509],[-47.65683,-22.321854],[-47.656453,-22.323367],[-47.656858,-22.32558],[-47.656661,-22.327112],[-47.652066,-22.335355],[-47.651374,-22.337258],[-47.65117,-22.339331],[-47.651711,-22.344531],[-47.651342,-22.346778],[-47.650481,-22.348483],[-47.645893,-22.354447],[-47.644133,-22.355942],[-47.63572,-22.360723],[-47.633883,-22.361915],[-47.63226,-22.363243],[-47.620358,-22.374151],[-47.598729,-22.394239],[-47.591175,-22.403023],[-47.590836,-22.403583],[-47.590623,-22.404821],[-47.590154,-22.405866],[-47.589877,-22.405923],[-47.589294,-22.405634],[-47.588694,-22.4056],[-47.586415,-22.405756],[-47.584899,-22.406043],[-47.584583,-22.405934],[-47.581968,-22.406118],[-47.581375,-22.406365],[-47.580669,-22.406221],[-47.572969,-22.406822],[-47.572546,-22.407228],[-47.571572,-22.409593],[-47.562086,-22.406756],[-47.561455,-22.408459],[-47.56092,-22.408285]]}},{"type":"Feature","properties":{"id_backbone":"BB-6263A32CC9FE","trecho":"IJO.CB-MARP.MA","cluster":"SAO JOSE DO RIO PRETO","cabo":"F-0030","capacidade":"12","extensao_km":11.495,"confianca":"ALTA","fonte":"OSRM/OpenStreetMap","ponta_a":"IJO.CB","municipio_a":"ITAJOBI","ponta_b":"MARP.MA","municipio_b":"MARAPOAMA"},"geometry":{"type":"LineString","coordinates":[[-49.059056,-21.316174],[-49.057905,-21.315737],[-49.05951,-21.312053],[-49.061326,-21.312765],[-49.062629,-21.311302],[-49.063831,-21.31039],[-49.06497,-21.309787],[-49.067862,-21.308873],[-49.069351,-21.307622],[-49.071854,-21.306313],[-49.072622,-21.305645],[-49.077804,-21.299582],[-49.083938,-21.295545],[-49.084321,-21.294748],[-49.084551,-21.292378],[-49.085231,-21.288851],[-49.085589,-21.287821],[-49.086657,-21.286786],[-49.086898,-21.28632],[-49.086902,-21.28578],[-49.086329,-21.284585],[-49.086359,-21.283977],[-49.091691,-21.275421],[-49.092289,-21.274839],[-49.094835,-21.273251],[-49.107093,-21.263169],[-49.107615,-21.262358],[-49.10973,-21.257051],[-49.109986,-21.256701],[-49.110836,-21.256408],[-49.113934,-21.256347],[-49.114929,-21.256522],[-49.117383,-21.257643],[-49.119433,-21.259518],[-49.122704,-21.260419],[-49.125003,-21.260285],[-49.127807,-21.260491],[-49.128711,-21.260133],[-49.128105,-21.258833],[-49.128497,-21.258693]]}},{"type":"Feature","properties":{"id_backbone":"BB-226ECF8508C9","trecho":"ILHS.IS-PBE.RD","cluster":"ARACATUBA","cabo":"TR-0245","capacidade":"36","extensao_km":39.87,"confianca":"ALTA","fonte":"OSRM/OpenStreetMap","ponta_a":"ILHS.IS","municipio_a":"ILHA SOLTEIRA","ponta_b":"PBE.RD","municipio_b":"PEREIRA BARRETO"},"geometry":{"type":"LineString","coordinates":[[-51.342133,-20.425651],[-51.339567,-20.423652],[-51.337741,-20.425741],[-51.337408,-20.426585],[-51.33651,-20.427616],[-51.335512,-20.428234],[-51.335567,-20.428819],[-51.335429,-20.428956],[-51.335077,-20.428856],[-51.334898,-20.428386],[-51.333165,-20.426653],[-51.33264,-20.426212],[-51.332223,-20.426093],[-51.331884,-20.426163],[-51.329449,-20.430501],[-51.326108,-20.42884],[-51.325792,-20.428943],[-51.325373,-20.430088],[-51.321904,-20.4472],[-51.321592,-20.448036],[-51.320741,-20.449109],[-51.319484,-20.449808],[-51.317224,-20.450333],[-51.31041,-20.45102],[-51.309312,-20.451435],[-51.308212,-20.452444],[-51.308164,-20.453559],[-51.307324,-20.454083],[-51.306966,-20.454586],[-51.286876,-20.492146],[-51.278236,-20.511903],[-51.277456,-20.513245],[-51.275926,-20.514891],[-51.25646,-20.529063],[-51.255975,-20.529582],[-51.255786,-20.530312],[-51.255555,-20.530556],[-51.254347,-20.53066],[-51.251494,-20.532618],[-51.248632,-20.534],[-51.150729,-20.567879],[-51.148178,-20.569063],[-51.116614,-20.58554],[-51.115661,-20.586158],[-51.11513,-20.587078],[-51.113968,-20.587036],[-51.112862,-20.587491],[-51.108883,-20.589574],[-51.106988,-20.590895],[-51.105268,-20.592826],[-51.100569,-20.600079],[-51.093464,-20.61118],[-51.092679,-20.612737],[-51.092635,-20.613152],[-51.097696,-20.622692],[-51.098438,-20.62328],[-51.098468,-20.6241],[-51.105389,-20.636873],[-51.10699,-20.636114],[-51.107095,-20.636308]]}},{"type":"Feature","properties":{"id_backbone":"BB-6D7448B0F3FD","trecho":"IPIG.IP-MSD.TJ","cluster":"SAO JOSE DO RIO PRETO","cabo":"F-0052","capacidade":"12","extensao_km":10.271,"confianca":"SEM_REFERENCIA","fonte":"OSRM/OpenStreetMap","ponta_a":"IPIG.IP","municipio_a":"IPIGUA","ponta_b":"MSD.TJ","municipio_b":"MIRASSOLANDIA"},"geometry":{"type":"LineString","coordinates":[[-49.38838,-20.656579],[-49.388416,-20.656856],[-49.393634,-20.656491],[-49.395727,-20.65657],[-49.416926,-20.661241],[-49.419574,-20.661119],[-49.421523,-20.660593],[-49.422643,-20.660075],[-49.423767,-20.659348],[-49.425235,-20.658017],[-49.429377,-20.651861],[-49.43025,-20.650855],[-49.461998,-20.620059],[-49.462621,-20.618737],[-49.463113,-20.615773],[-49.462763,-20.615723]]}},{"type":"Feature","properties":{"id_backbone":"BB-2C51396CDA9F","trecho":"ITA.CS-JIU.DI","cluster":"JUNDIAI","cabo":null,"capacidade":"72","extensao_km":28.827,"confianca":"SEM_REFERENCIA","fonte":"OSRM/OpenStreetMap","ponta_a":"ITA.CS","municipio_a":"ITATIBA","ponta_b":"JIU.DI","municipio_b":"JARINU"},"geometry":{"type":"LineString","coordinates":[[-46.840543,-23.003646],[-46.841157,-23.003453],[-46.841389,-23.004073],[-46.833086,-23.006804],[-46.831245,-23.006276],[-46.830101,-23.005439],[-46.828497,-23.003062],[-46.827318,-23.002402],[-46.824723,-23.001364],[-46.823847,-23.001122],[-46.821722,-23.001039],[-46.820438,-23.000754],[-46.81784,-22.999387],[-46.816539,-22.998519],[-46.814729,-22.997869],[-46.811235,-22.997267],[-46.80961,-22.997188],[-46.809514,-22.997063],[-46.808002,-22.997186],[-46.807326,-22.997052],[-46.806776,-22.996802],[-46.806127,-22.995805],[-46.803668,-22.994644],[-46.801911,-22.994518],[-46.796306,-22.993277],[-46.794615,-22.993252],[-46.792521,-22.993943],[-46.783585,-22.999322],[-46.778677,-23.002082],[-46.775523,-23.0033],[-46.769282,-23.004847],[-46.767923,-23.005619],[-46.766773,-23.006958],[-46.764981,-23.010939],[-46.763872,-23.012654],[-46.762551,-23.013985],[-46.754954,-23.019746],[-46.753282,-23.02192],[-46.751504,-23.025646],[-46.750956,-23.026495],[-46.749538,-23.027867],[-46.74812,-23.028675],[-46.746658,-23.029134],[-46.736209,-23.030992],[-46.734467,-23.031713],[-46.728815,-23.034758],[-46.7272,-23.035337],[-46.725902,-23.035587],[-46.712892,-23.035993],[-46.702493,-23.037376],[-46.689992,-23.037506],[-46.686606,-23.037907],[-46.683855,-23.038664],[-46.681413,-23.039702],[-46.679163,-23.041055],[-46.676426,-23.043107],[-46.675128,-23.044249],[-46.67447,-23.045278],[-46.674278,-23.046448],[-46.674496,-23.04753],[-46.675397,-23.049183],[-46.67669,-23.050737],[-46.677328,-23.052172],[-46.678403,-23.053625],[-46.679025,-23.055222],[-46.681242,-23.059108],[-46.685526,-23.068369],[-46.686348,-23.069676],[-46.687217,-23.070337],[-46.688196,-23.071532],[-46.689623,-23.072372],[-46.690909,-23.07284],[-46.694377,-23.073652],[-46.695648,-23.074281],[-46.696588,-23.075043],[-46.700977,-23.079431],[-46.701806,-23.080027],[-46.70444,-23.080732],[-46.705531,-23.081259],[-46.707399,-23.081827],[-46.714251,-23.085],[-46.715493,-23.086274],[-46.716103,-23.087477],[-46.717475,-23.093709],[-46.718325,-23.095432],[-46.720122,-23.097825],[-46.721046,-23.10028],[-46.721598,-23.101334],[-46.722145,-23.103294],[-46.72232,-23.103427],[-46.724124,-23.103133],[-46.725027,-23.102718]]}},{"type":"Feature","properties":{"id_backbone":"BB-A50CC4882C5E","trecho":"ITE.AB-ITE.IV","cluster":"OSASCO","cabo":"F-0558","capacidade":"12","extensao_km":5.065,"confianca":"BAIXA","fonte":"OSRM/OpenStreetMap","ponta_a":"ITE.AB","municipio_a":"ITAPEVI","ponta_b":"ITE.IV","municipio_b":"ITAPEVI"},"geometry":{"type":"LineString","coordinates":[[-46.963708,-23.542689],[-46.964454,-23.541685],[-46.964729,-23.541756],[-46.964579,-23.542221],[-46.962374,-23.543962],[-46.960559,-23.544837],[-46.960351,-23.544847],[-46.959871,-23.544451],[-46.959479,-23.543411],[-46.95889,-23.54273],[-46.957775,-23.54252],[-46.95689,-23.542948],[-46.95559,-23.544114],[-46.954737,-23.544493],[-46.950078,-23.5448],[-46.943899,-23.546609],[-46.941404,-23.548483],[-46.941012,-23.549777],[-46.939276,-23.55103],[-46.938781,-23.551183],[-46.938011,-23.551139],[-46.936629,-23.552203],[-46.936085,-23.553584],[-46.934972,-23.555574],[-46.934724,-23.555555],[-46.934598,-23.554995],[-46.935068,-23.554209],[-46.935372,-23.553878],[-46.936,-23.553601],[-46.936422,-23.552325],[-46.937169,-23.551703],[-46.936641,-23.551099],[-46.936123,-23.5512],[-46.936236,-23.550895],[-46.937109,-23.550459],[-46.936649,-23.550043],[-46.936452,-23.550233]]}},{"type":"Feature","properties":{"id_backbone":"BB-B051B4C8B414","trecho":"ITU.CC-ITU.PI","cluster":"JUNDIAI","cabo":"TR-1433","capacidade":"36","extensao_km":4.162,"confianca":"ALTA","fonte":"OSRM/OpenStreetMap","ponta_a":"ITU.CC","municipio_a":"ITU","ponta_b":"ITU.PI","municipio_b":"ITU"},"geometry":{"type":"LineString","coordinates":[[-47.352223,-23.408202],[-47.353144,-23.399911],[-47.352281,-23.397106],[-47.352991,-23.396843],[-47.355424,-23.397183],[-47.355509,-23.396991],[-47.353298,-23.396717],[-47.352851,-23.396516],[-47.352442,-23.396151],[-47.352383,-23.395412],[-47.352055,-23.394654],[-47.35154,-23.394261],[-47.351446,-23.393659],[-47.348996,-23.391466],[-47.341892,-23.388319],[-47.338412,-23.385325],[-47.338264,-23.385478],[-47.336867,-23.384209],[-47.336642,-23.384457]]}},{"type":"Feature","properties":{"id_backbone":"BB-DD523F99F49E","trecho":"ITU.FP-SLO.ST","cluster":"JUNDIAI","cabo":"F-0165","capacidade":"12","extensao_km":6.993,"confianca":"SEM_REFERENCIA","fonte":"OSRM/OpenStreetMap","ponta_a":"ITU.FP","municipio_a":"ITU","ponta_b":"SLO.ST","municipio_b":"SALTO"},"geometry":{"type":"LineString","coordinates":[[-47.299914,-23.261429],[-47.299279,-23.262016],[-47.299797,-23.26253],[-47.305101,-23.257392],[-47.30389,-23.256186],[-47.303845,-23.255777],[-47.30452,-23.255476],[-47.304768,-23.255108],[-47.30626,-23.248728],[-47.306947,-23.244331],[-47.306843,-23.241959],[-47.305658,-23.233105],[-47.305233,-23.231425],[-47.304587,-23.229733],[-47.302609,-23.225661],[-47.301856,-23.224781],[-47.301566,-23.223696],[-47.301004,-23.222453],[-47.299929,-23.220156],[-47.299016,-23.218748],[-47.298679,-23.217474],[-47.29643,-23.212804],[-47.295579,-23.213782],[-47.295054,-23.215175],[-47.293641,-23.215838],[-47.294202,-23.217242],[-47.294133,-23.217794],[-47.293723,-23.218201]]}},{"type":"Feature","properties":{"id_backbone":"BB-B9CF40D86847","trecho":"ITV. C F-ITV. C X","cluster":"JUNDIAI","cabo":null,"capacidade":"114","extensao_km":3.987,"confianca":"ALTA","fonte":"OSRM/OpenStreetMap","ponta_a":"ITV.C F","municipio_a":"ITUPEVA","ponta_b":"ITV.C X","municipio_b":"ITUPEVA"},"geometry":{"type":"LineString","coordinates":[[-47.084286,-23.165754],[-47.084272,-23.164107],[-47.085496,-23.164072],[-47.085448,-23.165804],[-47.084759,-23.166471],[-47.083659,-23.166941],[-47.082975,-23.167532],[-47.079689,-23.168041],[-47.077242,-23.165689],[-47.075587,-23.164974],[-47.074236,-23.16471],[-47.07328,-23.164006],[-47.071716,-23.161741],[-47.071162,-23.160281],[-47.069877,-23.158621],[-47.069244,-23.158466],[-47.068328,-23.158751],[-47.066903,-23.15829],[-47.062948,-23.156118],[-47.061752,-23.154749],[-47.058923,-23.155389]]}},{"type":"Feature","properties":{"id_backbone":"BB-EAA3205FF35D","trecho":"ITY.IT-TQB.TU","cluster":"BAURU","cabo":"F-0126-00","capacidade":"12","extensao_km":22.666,"confianca":"ALTA","fonte":"OSRM/OpenStreetMap","ponta_a":"ITY.IT","municipio_a":"ITAI","ponta_b":"TQB.TU","municipio_b":"TAQUARITUBA"},"geometry":{"type":"LineString","coordinates":[[-49.091107,-23.418635],[-49.090865,-23.418646],[-49.090936,-23.419492],[-49.096063,-23.41893],[-49.096684,-23.418714],[-49.096823,-23.4192],[-49.104979,-23.430374],[-49.1056,-23.431362],[-49.106069,-23.432509],[-49.108889,-23.445537],[-49.110133,-23.447976],[-49.111143,-23.449192],[-49.150769,-23.479876],[-49.151674,-23.480482],[-49.152938,-23.480998],[-49.154672,-23.48121],[-49.156621,-23.480909],[-49.166929,-23.478619],[-49.169528,-23.478281],[-49.185275,-23.47884],[-49.187084,-23.479247],[-49.188778,-23.479958],[-49.200251,-23.486193],[-49.202847,-23.487976],[-49.209812,-23.494771],[-49.210871,-23.496324],[-49.211768,-23.499107],[-49.212378,-23.500384],[-49.21351,-23.501663],[-49.21962,-23.506091],[-49.220717,-23.507142],[-49.221524,-23.508237],[-49.223041,-23.511862],[-49.223799,-23.512735],[-49.224752,-23.513505],[-49.230962,-23.517305],[-49.234838,-23.519365],[-49.234981,-23.51957],[-49.234629,-23.519826],[-49.234688,-23.520456],[-49.237429,-23.522676],[-49.239562,-23.524907],[-49.241471,-23.526559],[-49.241932,-23.527985],[-49.241961,-23.528697],[-49.240254,-23.532589],[-49.240334,-23.532688],[-49.241383,-23.532675],[-49.241467,-23.531429],[-49.243801,-23.531352]]}},{"type":"Feature","properties":{"id_backbone":"BB-09614B254E48","trecho":"JAD.JA-JAD.SF","cluster":"OSASCO","cabo":"F-0532","capacidade":"6","extensao_km":4.365,"confianca":"BAIXA","fonte":"OSRM/OpenStreetMap","ponta_a":"JAD.JA","municipio_a":"JANDIRA","ponta_b":"JAD.SF","municipio_b":"JANDIRA"},"geometry":{"type":"LineString","coordinates":[[-46.901614,-23.528071],[-46.901815,-23.5278],[-46.899837,-23.526589],[-46.898824,-23.526485],[-46.897332,-23.52692],[-46.896674,-23.526908],[-46.895847,-23.526669],[-46.894532,-23.525928],[-46.894332,-23.525976],[-46.893519,-23.528475],[-46.892296,-23.53041],[-46.8921,-23.531582],[-46.892478,-23.533442],[-46.894132,-23.536495],[-46.893817,-23.537356],[-46.894346,-23.538392],[-46.894278,-23.539065],[-46.895345,-23.53943],[-46.895702,-23.540332],[-46.895144,-23.543358],[-46.895172,-23.544198],[-46.895517,-23.545242],[-46.895356,-23.545571],[-46.894979,-23.545772],[-46.894088,-23.545716],[-46.893519,-23.546555],[-46.893507,-23.547579],[-46.893127,-23.548976],[-46.893272,-23.550533],[-46.893093,-23.551409],[-46.892191,-23.551269],[-46.891387,-23.551759],[-46.890757,-23.55179],[-46.890385,-23.551619]]}},{"type":"Feature","properties":{"id_backbone":"BB-0AB11A79EEF7","trecho":"JAI.BJ-JAI.HB","cluster":"JUNDIAI","cabo":"F-0678","capacidade":"36","extensao_km":2.826,"confianca":"MEDIA","fonte":"OSRM/OpenStreetMap","ponta_a":"JAI.BJ","municipio_a":"JUNDIAI","ponta_b":"JAI.HB","municipio_b":"JUNDIAI"},"geometry":{"type":"LineString","coordinates":[[-46.885471,-23.185811],[-46.88162,-23.183464],[-46.879651,-23.185216],[-46.879176,-23.185247],[-46.874895,-23.183718],[-46.874461,-23.183906],[-46.874074,-23.184606],[-46.8737,-23.184888],[-46.871713,-23.185167],[-46.869673,-23.184798],[-46.868814,-23.184869],[-46.866014,-23.184568],[-46.865211,-23.183996],[-46.86446,-23.182664],[-46.864288,-23.182696],[-46.864266,-23.183456],[-46.863994,-23.183862],[-46.86336,-23.183233],[-46.862997,-23.183117]]}},{"type":"Feature","properties":{"id_backbone":"BB-C5BDE0864E0C","trecho":"JAI.CB-JAI.HB","cluster":"JUNDIAI","cabo":null,"capacidade":null,"extensao_km":4.681,"confianca":"MEDIA","fonte":"OSRM/OpenStreetMap","ponta_a":"JAI.CB","municipio_a":"JUNDIAI","ponta_b":"JAI.HB","municipio_b":"JUNDIAI"},"geometry":{"type":"LineString","coordinates":[[-46.84999,-23.155792],[-46.849803,-23.156121],[-46.848294,-23.156462],[-46.847427,-23.157415],[-46.846543,-23.158706],[-46.846156,-23.160208],[-46.845898,-23.162076],[-46.846247,-23.165001],[-46.847887,-23.168187],[-46.848008,-23.168864],[-46.846732,-23.172825],[-46.84669,-23.173946],[-46.847235,-23.174599],[-46.848992,-23.175234],[-46.851879,-23.175491],[-46.853875,-23.176852],[-46.854597,-23.178095],[-46.854752,-23.179892],[-46.856891,-23.183022],[-46.857512,-23.183222],[-46.862792,-23.182761],[-46.863387,-23.182763],[-46.863624,-23.182912],[-46.863502,-23.183263],[-46.862997,-23.183117]]}},{"type":"Feature","properties":{"id_backbone":"BB-A1B109495D16","trecho":"JAI.GC-VIN.SD","cluster":"JUNDIAI","cabo":"F-0004","capacidade":"36","extensao_km":26.681,"confianca":"SEM_REFERENCIA","fonte":"OSRM/OpenStreetMap","ponta_a":"JAI.GC","municipio_a":"JUNDIAI","ponta_b":"VIN.SD","municipio_b":"VINHEDO"},"geometry":{"type":"LineString","coordinates":[[-46.875668,-23.197677],[-46.877547,-23.199789],[-46.878942,-23.198753],[-46.879751,-23.199795],[-46.880667,-23.199073],[-46.881816,-23.199069],[-46.881922,-23.200816],[-46.882132,-23.201254],[-46.882379,-23.201442],[-46.883366,-23.201546],[-46.884283,-23.202008],[-46.884864,-23.20241],[-46.885151,-23.203117],[-46.885432,-23.20338],[-46.889322,-23.203257],[-46.891025,-23.203763],[-46.891865,-23.203842],[-46.892445,-23.203533],[-46.892388,-23.202602],[-46.892563,-23.202513],[-46.893601,-23.204719],[-46.894378,-23.205723],[-46.895178,-23.206297],[-46.896457,-23.20662],[-46.897482,-23.206588],[-46.898392,-23.206275],[-46.899768,-23.205053],[-46.900793,-23.2036],[-46.90184,-23.201642],[-46.907201,-23.187586],[-46.90898,-23.184184],[-46.91036,-23.18231],[-46.912734,-23.179849],[-46.924716,-23.170383],[-46.926962,-23.168016],[-46.928704,-23.165654],[-46.932792,-23.158904],[-46.934127,-23.156409],[-46.939548,-23.143628],[-46.940892,-23.141029],[-46.943333,-23.137828],[-46.950221,-23.130695],[-46.952125,-23.127873],[-46.953356,-23.125085],[-46.955795,-23.11712],[-46.957601,-23.113354],[-46.978344,-23.081753],[-46.991616,-23.064083],[-46.992083,-23.063108],[-46.992031,-23.061943],[-46.992759,-23.060848],[-46.992809,-23.060239],[-46.98943,-23.055008],[-46.988885,-23.054499],[-46.987323,-23.053627],[-46.986219,-23.052302],[-46.98602,-23.051455],[-46.985995,-23.049477],[-46.985676,-23.048659],[-46.985006,-23.047744],[-46.984888,-23.044633],[-46.984148,-23.042675],[-46.984263,-23.041051],[-46.984577,-23.039695],[-46.983878,-23.039033],[-46.983626,-23.038975],[-46.983526,-23.038652],[-46.980604,-23.035605],[-46.980127,-23.034802],[-46.977029,-23.033429],[-46.977886,-23.032228],[-46.976451,-23.032],[-46.97426,-23.030629],[-46.974542,-23.030225]]}},{"type":"Feature","properties":{"id_backbone":"BB-9C5781A1B723","trecho":"JAI.GC-JAI.RD","cluster":"JUNDIAI","cabo":null,"capacidade":"12","extensao_km":5.321,"confianca":"ALTA","fonte":"OSRM/OpenStreetMap","ponta_a":"JAI.GC","municipio_a":"JUNDIAI","ponta_b":"JAI.RD","municipio_b":"JUNDIAI"},"geometry":{"type":"LineString","coordinates":[[-46.875668,-23.197677],[-46.876001,-23.19806],[-46.875071,-23.198781],[-46.872728,-23.196116],[-46.873671,-23.195337],[-46.874049,-23.195372],[-46.875981,-23.192805],[-46.87375,-23.191442],[-46.873624,-23.191059],[-46.873739,-23.18982],[-46.875497,-23.188942],[-46.876185,-23.188099],[-46.876596,-23.186078],[-46.877643,-23.182499],[-46.878777,-23.18025],[-46.879391,-23.176836],[-46.879829,-23.17606],[-46.880381,-23.175547],[-46.880365,-23.175385],[-46.879487,-23.174922],[-46.882212,-23.170044],[-46.881893,-23.16985],[-46.881063,-23.170341],[-46.88052,-23.170306],[-46.879868,-23.16957],[-46.878123,-23.16839],[-46.877901,-23.167899],[-46.877932,-23.166205],[-46.877767,-23.165898],[-46.877071,-23.166564],[-46.874036,-23.167636]]}},{"type":"Feature","properties":{"id_backbone":"BB-273BBE9120C5","trecho":"JAI.GC-SPO.JN","cluster":"JUNDIAI","cabo":"F-0277","capacidade":"12","extensao_km":70.239,"confianca":"SEM_REFERENCIA","fonte":"OSRM/OpenStreetMap","ponta_a":"JAI.GC","municipio_a":"JUNDIAI","ponta_b":"SPO.JN","municipio_b":"SAO PAULO"},"geometry":{"type":"LineString","coordinates":[[-46.875668,-23.197677],[-46.876001,-23.19806],[-46.874131,-23.199496],[-46.877527,-23.203315],[-46.877414,-23.205645],[-46.877153,-23.206188],[-46.87705,-23.207105],[-46.876608,-23.20779],[-46.874719,-23.209108],[-46.873278,-23.210364],[-46.873131,-23.210741],[-46.873161,-23.211135],[-46.874794,-23.211522],[-46.874561,-23.212028],[-46.87442,-23.213173],[-46.875141,-23.216463],[-46.874415,-23.21837],[-46.874314,-23.219329],[-46.875152,-23.222344],[-46.875188,-23.222935],[-46.874891,-23.223817],[-46.87383,-23.225047],[-46.87356,-23.225923],[-46.873804,-23.228468],[-46.874887,-23.228961],[-46.873595,-23.229994],[-46.873135,-23.230706],[-46.869977,-23.236941],[-46.869342,-23.238819],[-46.868698,-23.242811],[-46.86624,-23.247889],[-46.865924,-23.249156],[-46.865873,-23.25024],[-46.866034,-23.251102],[-46.867163,-23.254773],[-46.867493,-23.256416],[-46.867789,-23.260922],[-46.867541,-23.262108],[-46.866686,-23.263058],[-46.864775,-23.263949],[-46.861681,-23.265724],[-46.858965,-23.267589],[-46.85752,-23.269079],[-46.855096,-23.272292],[-46.850626,-23.276007],[-46.849455,-23.277275],[-46.848927,-23.278322],[-46.848714,-23.279129],[-46.847781,-23.287154],[-46.847448,-23.288818],[-46.846914,-23.290007],[-46.846276,-23.290792],[-46.843111,-23.293621],[-46.842042,-23.294994],[-46.841535,-23.296446],[-46.84085,-23.301686],[-46.839932,-23.303513],[-46.835481,-23.308163],[-46.834229,-23.309284],[-46.832725,-23.310192],[-46.826686,-23.312455],[-46.825533,-23.313278],[-46.824467,-23.314652],[-46.823999,-23.315798],[-46.82385,-23.31676],[-46.823757,-23.323105],[-46.823133,-23.334069],[-46.822735,-23.335723],[-46.822119,-23.337296],[-46.821361,-23.338706],[-46.820264,-23.340195],[-46.813127,-23.347347],[-46.809922,-23.34962],[-46.808954,-23.35008],[-46.806996,-23.350637],[-46.799581,-23.351513],[-46.798086,-23.351902],[-46.796131,-23.352838],[-46.792056,-23.355918],[-46.79098,-23.356353],[-46.788038,-23.357127],[-46.786515,-23.357964],[-46.785643,-23.358811],[-46.784873,-23.360075],[-46.784098,-23.363283],[-46.783481,-23.364711],[-46.778353,-23.373257],[-46.777047,-23.374651],[-46.771744,-23.379078],[-46.770564,-23.380471],[-46.769877,-23.381993],[-46.769512,-23.383755],[-46.769247,-23.389798],[-46.768073,-23.400023],[-46.767857,-23.407409],[-46.767455,-23.410494],[-46.767009,-23.412081],[-46.766012,-23.414458],[-46.761712,-23.421868],[-46.761227,-23.423047],[-46.760391,-23.434023],[-46.759954,-23.435363],[-46.757014,-23.441285],[-46.756607,-23.442406],[-46.752368,-23.462548],[-46.751968,-23.4638],[-46.748353,-23.472176],[-46.747505,-23.473494],[-46.74594,-23.474735],[-46.741206,-23.476907],[-46.739972,-23.47793],[-46.738979,-23.47916],[-46.738121,-23.481203],[-46.737219,-23.487515],[-46.73619,-23.489735],[-46.734947,-23.491461],[-46.731371,-23.495213],[-46.727977,-23.500045],[-46.72343,-23.505208],[-46.72222,-23.506797],[-46.721571,-23.507942],[-46.721462,-23.50857],[-46.72164,-23.509459],[-46.722896,-23.511417],[-46.724154,-23.512719],[-46.728234,-23.515102],[-46.731847,-23.516902],[-46.733693,-23.517328],[-46.740863,-23.517103],[-46.742997,-23.517178],[-46.744854,-23.517715],[-46.746357,-23.518715],[-46.74758,-23.52027],[-46.750148,-23.525941],[-46.750459,-23.527608],[-46.750502,-23.529067],[-46.750273,-23.531468],[-46.749985,-23.532539],[-46.749526,-23.533301],[-46.748546,-23.534319],[-46.737231,-23.544367],[-46.735224,-23.545893],[-46.732829,-23.548292],[-46.731251,-23.549545],[-46.708917,-23.560548],[-46.707113,-23.56184],[-46.706213,-23.562852],[-46.705469,-23.564115],[-46.702992,-23.570488],[-46.700886,-23.573286],[-46.697983,-23.575968],[-46.697323,-23.576815],[-46.693174,-23.583883],[-46.692161,-23.586032],[-46.692148,-23.587328],[-46.692872,-23.589493],[-46.694353,-23.593514],[-46.695417,-23.595693],[-46.697195,-23.601153],[-46.698921,-23.605745],[-46.699702,-23.608851],[-46.701467,-23.617543],[-46.702169,-23.619713],[-46.702975,-23.620655],[-46.704208,-23.621618],[-46.705452,-23.622226],[-46.709723,-23.623725],[-46.711124,-23.624521],[-46.71246,-23.625599],[-46.724655,-23.638463],[-46.727738,-23.64238],[-46.729703,-23.644299],[-46.730054,-23.644943],[-46.730024,-23.645504],[-46.730288,-23.646146],[-46.7318,-23.648156],[-46.732226,-23.648956],[-46.733408,-23.650366],[-46.734087,-23.652759],[-46.735263,-23.653956],[-46.735714,-23.654843],[-46.736004,-23.657379],[-46.736652,-23.658521],[-46.736539,-23.660544],[-46.736208,-23.661679],[-46.736847,-23.662319],[-46.737117,-23.663853],[-46.737003,-23.66482],[-46.737862,-23.666378],[-46.737848,-23.668344],[-46.738008,-23.669215],[-46.739063,-23.66988],[-46.740927,-23.671432],[-46.746537,-23.673857],[-46.74859,-23.675092],[-46.749649,-23.675959],[-46.750221,-23.676037],[-46.751102,-23.675831],[-46.753284,-23.675785],[-46.75614,-23.67532],[-46.756809,-23.675553],[-46.758545,-23.677083],[-46.761024,-23.677265],[-46.761899,-23.677579],[-46.767719,-23.682465],[-46.769763,-23.683685],[-46.770087,-23.684324],[-46.770384,-23.685813],[-46.771611,-23.687248],[-46.771163,-23.687882],[-46.772531,-23.689449]]}},{"type":"Feature","properties":{"id_backbone":"BB-FC67E542FC27","trecho":"JAI.VI-SPO.AB","cluster":"JUNDIAI","cabo":"TR-1346","capacidade":"72","extensao_km":50.602,"confianca":"ALTA","fonte":"OSRM/OpenStreetMap","ponta_a":"JAI.VI","municipio_a":"JUNDIAI","ponta_b":"SPO.AB","municipio_b":"SAO PAULO"},"geometry":{"type":"LineString","coordinates":[[-46.924552,-23.173278],[-46.924464,-23.173106],[-46.924251,-23.173246],[-46.924569,-23.173852],[-46.92442,-23.173886],[-46.9238,-23.172807],[-46.923422,-23.172643],[-46.922272,-23.172902],[-46.921434,-23.173315],[-46.913225,-23.179572],[-46.911664,-23.180997],[-46.909064,-23.184214],[-46.907673,-23.186754],[-46.902216,-23.201436],[-46.901588,-23.202848],[-46.89986,-23.205403],[-46.898832,-23.206455],[-46.897131,-23.207813],[-46.88631,-23.21456],[-46.883885,-23.216371],[-46.882319,-23.217904],[-46.876694,-23.224305],[-46.875773,-23.225553],[-46.869696,-23.237584],[-46.869342,-23.238819],[-46.868698,-23.242811],[-46.866081,-23.248344],[-46.865873,-23.25024],[-46.867247,-23.255079],[-46.867493,-23.256416],[-46.867789,-23.260922],[-46.867541,-23.262108],[-46.866686,-23.263058],[-46.864775,-23.263949],[-46.861681,-23.265724],[-46.858965,-23.267589],[-46.85752,-23.269079],[-46.855096,-23.272292],[-46.850626,-23.276007],[-46.849455,-23.277275],[-46.848927,-23.278322],[-46.848714,-23.279129],[-46.847781,-23.287154],[-46.847448,-23.288818],[-46.846914,-23.290007],[-46.846276,-23.290792],[-46.843111,-23.293621],[-46.842042,-23.294994],[-46.841535,-23.296446],[-46.84085,-23.301686],[-46.839932,-23.303513],[-46.835481,-23.308163],[-46.834229,-23.309284],[-46.832725,-23.310192],[-46.826686,-23.312455],[-46.825533,-23.313278],[-46.824467,-23.314652],[-46.823999,-23.315798],[-46.82385,-23.31676],[-46.823757,-23.323105],[-46.823133,-23.334069],[-46.822306,-23.336882],[-46.821361,-23.338706],[-46.820658,-23.339702],[-46.813127,-23.347347],[-46.809922,-23.34962],[-46.808954,-23.35008],[-46.806996,-23.350637],[-46.799581,-23.351513],[-46.798086,-23.351902],[-46.796131,-23.352838],[-46.792056,-23.355918],[-46.79098,-23.356353],[-46.788038,-23.357127],[-46.786515,-23.357964],[-46.785643,-23.358811],[-46.784873,-23.360075],[-46.784098,-23.363283],[-46.783481,-23.364711],[-46.778353,-23.373257],[-46.777047,-23.374651],[-46.771744,-23.379078],[-46.770564,-23.380471],[-46.769877,-23.381993],[-46.769512,-23.383755],[-46.769247,-23.389798],[-46.768073,-23.400023],[-46.767857,-23.407409],[-46.767455,-23.410494],[-46.767009,-23.412081],[-46.766012,-23.414458],[-46.761712,-23.421868],[-46.761227,-23.423047],[-46.760391,-23.434023],[-46.759954,-23.435363],[-46.757014,-23.441285],[-46.756607,-23.442406],[-46.752167,-23.463273],[-46.748353,-23.472176],[-46.747505,-23.473494],[-46.74594,-23.474735],[-46.741206,-23.476907],[-46.739972,-23.47793],[-46.738979,-23.47916],[-46.738121,-23.481203],[-46.737219,-23.487515],[-46.73577,-23.490424],[-46.734947,-23.491461],[-46.731988,-23.494461],[-46.727977,-23.500045],[-46.724474,-23.503932],[-46.720934,-23.508399],[-46.720334,-23.508822],[-46.719413,-23.509087],[-46.716946,-23.508849],[-46.707069,-23.509482],[-46.700248,-23.508919],[-46.695887,-23.508816],[-46.691427,-23.509612],[-46.691091,-23.509909],[-46.69048,-23.511333],[-46.690405,-23.511949],[-46.691235,-23.515187],[-46.691126,-23.515536],[-46.689304,-23.515411],[-46.683271,-23.517045],[-46.683275,-23.518105]]}},{"type":"Feature","properties":{"id_backbone":"BB-39677628CD55","trecho":"JAU.AG-JAU.SZ","cluster":"BAURU","cabo":"F-0120-00","capacidade":"12","extensao_km":5.567,"confianca":"ALTA","fonte":"OSRM/OpenStreetMap","ponta_a":"JAU.AG","municipio_a":"JAU","ponta_b":"JAU.SZ","municipio_b":"JAU"},"geometry":{"type":"LineString","coordinates":[[-48.556349,-22.294008],[-48.556054,-22.293824],[-48.554041,-22.296683],[-48.551847,-22.295384],[-48.549437,-22.294837],[-48.548425,-22.295925],[-48.547559,-22.296442],[-48.547426,-22.296155],[-48.546285,-22.295266],[-48.544325,-22.291931],[-48.543838,-22.291419],[-48.536143,-22.286572],[-48.535642,-22.286414],[-48.529464,-22.28608],[-48.524476,-22.282578],[-48.521303,-22.281074],[-48.520862,-22.280999],[-48.520001,-22.280511],[-48.517648,-22.280567],[-48.517654,-22.280396],[-48.517902,-22.280391],[-48.517886,-22.279676],[-48.51695,-22.27966],[-48.516857,-22.276222]]}},{"type":"Feature","properties":{"id_backbone":"BB-86A2B1B2C45F","trecho":"JAY.MP-MRS.SP","cluster":"SAO JOSE DO RIO PRETO","cabo":"F-0028","capacidade":"12","extensao_km":10.589,"confianca":"SEM_REFERENCIA","fonte":"OSRM/OpenStreetMap","ponta_a":"JAY.MP","municipio_a":"JACI","ponta_b":"MRS.SP","municipio_b":"MIRASSOL"},"geometry":{"type":"LineString","coordinates":[[-49.570954,-20.882903],[-49.571655,-20.87821],[-49.573231,-20.870278],[-49.573263,-20.869035],[-49.573078,-20.867644],[-49.572506,-20.866132],[-49.571788,-20.864905],[-49.570416,-20.863813],[-49.568671,-20.861742],[-49.568029,-20.860742],[-49.561422,-20.848552],[-49.560452,-20.847159],[-49.557216,-20.844367],[-49.551953,-20.840457],[-49.535283,-20.831432],[-49.526117,-20.82567],[-49.523929,-20.824654],[-49.523561,-20.824127],[-49.523157,-20.816996],[-49.516068,-20.817342],[-49.516028,-20.816774]]}},{"type":"Feature","properties":{"id_backbone":"BB-F3613B3F6139","trecho":"JCI.JM-SBR.AL","cluster":"SAO JOSE DOS CAMPOS","cabo":"F-0104","capacidade":"12","extensao_km":17.602,"confianca":"ALTA","fonte":"OSRM/OpenStreetMap","ponta_a":"JCI.JM","municipio_a":"JACAREI","ponta_b":"SBR.AL","municipio_b":"SANTA BRANCA"},"geometry":{"type":"LineString","coordinates":[[-45.96678,-23.302582],[-45.966744,-23.302872],[-45.967418,-23.30293],[-45.967255,-23.303994],[-45.966817,-23.304988],[-45.966374,-23.305121],[-45.956991,-23.300799],[-45.95439,-23.297517],[-45.951996,-23.297469],[-45.950044,-23.299063],[-45.945921,-23.304042],[-45.942917,-23.307096],[-45.942314,-23.307899],[-45.942067,-23.308856],[-45.94064,-23.310751],[-45.939872,-23.311409],[-45.939132,-23.311481],[-45.937324,-23.31105],[-45.936276,-23.310592],[-45.935361,-23.31045],[-45.930722,-23.311184],[-45.927695,-23.312152],[-45.92532,-23.313736],[-45.924853,-23.314278],[-45.924009,-23.314698],[-45.923908,-23.314978],[-45.924011,-23.315607],[-45.924928,-23.318149],[-45.924799,-23.32073],[-45.924947,-23.322905],[-45.9241,-23.324847],[-45.924043,-23.325364],[-45.924701,-23.331423],[-45.924486,-23.332532],[-45.922174,-23.334873],[-45.919535,-23.336604],[-45.918638,-23.337417],[-45.91801,-23.338281],[-45.916986,-23.340478],[-45.915953,-23.341864],[-45.911865,-23.345605],[-45.909969,-23.348063],[-45.909435,-23.348302],[-45.9088,-23.348339],[-45.907389,-23.347555],[-45.906807,-23.34741],[-45.906265,-23.347671],[-45.905278,-23.348876],[-45.904733,-23.351601],[-45.906426,-23.354854],[-45.906447,-23.355305],[-45.906294,-23.355765],[-45.905561,-23.35679],[-45.905022,-23.358626],[-45.902065,-23.36233],[-45.900353,-23.365132],[-45.899919,-23.368813],[-45.900494,-23.370458],[-45.900444,-23.371254],[-45.898326,-23.37371],[-45.895933,-23.375616],[-45.893879,-23.378556],[-45.892871,-23.379453],[-45.893105,-23.380985],[-45.892103,-23.385375],[-45.892178,-23.385769],[-45.892924,-23.386897],[-45.892902,-23.388538],[-45.892665,-23.388927],[-45.890518,-23.390331],[-45.889958,-23.391224],[-45.889003,-23.392063],[-45.888996,-23.392449],[-45.88943,-23.393079],[-45.889808,-23.394148],[-45.889697,-23.394607],[-45.888298,-23.396536],[-45.886787,-23.396495],[-45.883713,-23.397786],[-45.883616,-23.397576],[-45.884717,-23.397132]]}},{"type":"Feature","properties":{"id_backbone":"BB-7F2816C8D88C","trecho":"JCI.JM-MCZ.JP","cluster":"SAO JOSE DOS CAMPOS","cabo":"F-0108","capacidade":"36","extensao_km":41.035,"confianca":"ALTA","fonte":"OSRM/OpenStreetMap","ponta_a":"JCI.JM","municipio_a":"JACAREI","ponta_b":"MCZ.JP","municipio_b":"MOGI DAS CRUZES"},"geometry":{"type":"LineString","coordinates":[[-45.96678,-23.302582],[-45.966744,-23.302872],[-45.967418,-23.30293],[-45.967255,-23.303994],[-45.966817,-23.304988],[-45.966867,-23.305368],[-45.968609,-23.306635],[-45.969732,-23.308217],[-45.970489,-23.308886],[-45.971928,-23.308988],[-45.972892,-23.307452],[-45.973676,-23.308023],[-45.975139,-23.307479],[-45.978731,-23.309667],[-45.980535,-23.309262],[-45.981985,-23.309174],[-45.985013,-23.309723],[-45.984394,-23.311365],[-45.985514,-23.311747],[-45.985148,-23.312719],[-45.984671,-23.313103],[-45.985058,-23.313902],[-45.985597,-23.314472],[-45.985895,-23.315408],[-45.989045,-23.317544],[-45.991237,-23.321329],[-45.99324,-23.322968],[-45.993442,-23.323883],[-45.994164,-23.324889],[-45.995572,-23.325478],[-45.998383,-23.330275],[-45.999903,-23.331879],[-46.001094,-23.332868],[-46.00109,-23.333838],[-46.001451,-23.335386],[-46.002156,-23.336782],[-46.002804,-23.33743],[-46.003011,-23.33841],[-46.003668,-23.339691],[-46.003764,-23.34091],[-46.003481,-23.341973],[-46.003726,-23.344392],[-46.004742,-23.346226],[-46.004746,-23.348772],[-46.005317,-23.350135],[-46.006199,-23.350677],[-46.008315,-23.35153],[-46.012698,-23.354397],[-46.014209,-23.355598],[-46.014922,-23.357014],[-46.017586,-23.359691],[-46.019505,-23.360237],[-46.021818,-23.361626],[-46.023234,-23.361895],[-46.024133,-23.363393],[-46.026421,-23.364943],[-46.028207,-23.367939],[-46.028561,-23.368099],[-46.030476,-23.368281],[-46.031463,-23.368847],[-46.033707,-23.370895],[-46.036133,-23.371388],[-46.03714,-23.37122],[-46.039291,-23.370021],[-46.041433,-23.369388],[-46.041904,-23.369547],[-46.042414,-23.370755],[-46.042863,-23.370966],[-46.043894,-23.371039],[-46.04593,-23.370856],[-46.049641,-23.370127],[-46.05067,-23.369155],[-46.051159,-23.368961],[-46.052059,-23.368987],[-46.054026,-23.37003],[-46.054946,-23.369841],[-46.054988,-23.369625],[-46.054778,-23.369353],[-46.054586,-23.369413],[-46.054478,-23.369843],[-46.054789,-23.370459],[-46.056694,-23.371531],[-46.05781,-23.37196],[-46.059104,-23.373229],[-46.059238,-23.375226],[-46.060262,-23.375917],[-46.06154,-23.377704],[-46.060823,-23.379671],[-46.06205,-23.382643],[-46.062853,-23.385538],[-46.062693,-23.38633],[-46.062312,-23.387001],[-46.061122,-23.388044],[-46.060578,-23.388335],[-46.059539,-23.388346],[-46.05909,-23.388538],[-46.059082,-23.390038],[-46.059541,-23.390629],[-46.06111,-23.391306],[-46.061766,-23.392404],[-46.062729,-23.392768],[-46.0652,-23.394654],[-46.067411,-23.395578],[-46.067502,-23.395892],[-46.067074,-23.39748],[-46.067089,-23.398579],[-46.066189,-23.400056],[-46.066092,-23.400728],[-46.066554,-23.401374],[-46.067087,-23.401802],[-46.067407,-23.401806],[-46.068209,-23.401265],[-46.068577,-23.401391],[-46.070022,-23.402457],[-46.070263,-23.403164],[-46.069442,-23.405325],[-46.068974,-23.40586],[-46.067802,-23.406648],[-46.067338,-23.40748],[-46.066623,-23.408087],[-46.066264,-23.409138],[-46.065599,-23.41029],[-46.065065,-23.412357],[-46.064739,-23.414904],[-46.062866,-23.416431],[-46.061944,-23.41918],[-46.061902,-23.420071],[-46.060966,-23.42131],[-46.061122,-23.423332],[-46.060825,-23.423446],[-46.059503,-23.423159],[-46.059302,-23.42334],[-46.059141,-23.423977],[-46.059215,-23.424585],[-46.060405,-23.426091],[-46.063558,-23.432924],[-46.064103,-23.434619],[-46.066388,-23.436887],[-46.068,-23.439684],[-46.069031,-23.440779],[-46.069045,-23.441128],[-46.068282,-23.4434],[-46.068232,-23.444119],[-46.068498,-23.444994],[-46.068437,-23.445277],[-46.067311,-23.445911],[-46.066536,-23.44758],[-46.065211,-23.448583],[-46.064556,-23.450074],[-46.064489,-23.450399],[-46.064661,-23.450764],[-46.067777,-23.45205],[-46.068119,-23.452276],[-46.068823,-23.4532],[-46.069724,-23.453472],[-46.071381,-23.454422],[-46.074862,-23.455472],[-46.077527,-23.455051],[-46.078298,-23.455116],[-46.078629,-23.4553],[-46.078796,-23.455668],[-46.0787,-23.455962],[-46.077907,-23.45681],[-46.077144,-23.458699],[-46.077459,-23.459947],[-46.077167,-23.460842],[-46.078387,-23.464255],[-46.07969,-23.466255],[-46.08009,-23.466304],[-46.081647,-23.465928],[-46.083821,-23.46673],[-46.084559,-23.466727],[-46.085964,-23.465975],[-46.087971,-23.463486],[-46.089072,-23.462615],[-46.089767,-23.462489],[-46.092638,-23.4628],[-46.096319,-23.463697],[-46.098221,-23.463916],[-46.099173,-23.464287],[-46.099637,-23.465055],[-46.101668,-23.466488],[-46.101966,-23.467828],[-46.102157,-23.467989],[-46.102936,-23.467886],[-46.104223,-23.468194],[-46.105749,-23.468128],[-46.107984,-23.468309],[-46.110551,-23.46806],[-46.113693,-23.469029],[-46.116251,-23.469624],[-46.119652,-23.46926],[-46.124027,-23.469623],[-46.127633,-23.471272],[-46.130441,-23.473353],[-46.132816,-23.47418],[-46.133312,-23.47476],[-46.139588,-23.479052],[-46.140026,-23.479483],[-46.140707,-23.481254],[-46.142062,-23.482444],[-46.14189,-23.485662],[-46.142024,-23.48627],[-46.145498,-23.491713],[-46.145829,-23.491936],[-46.148687,-23.492808],[-46.149256,-23.492798],[-46.149754,-23.49298],[-46.150282,-23.494521],[-46.150544,-23.494891],[-46.152088,-23.495836],[-46.156611,-23.497767],[-46.158864,-23.499732],[-46.155604,-23.502753],[-46.156216,-23.503768],[-46.153385,-23.504618],[-46.149219,-23.506758],[-46.149743,-23.508969],[-46.148369,-23.5093],[-46.148398,-23.510799]]}},{"type":"Feature","properties":{"id_backbone":"BB-5AD53E27104A","trecho":"JGU.AE-PDA.AP","cluster":"CAMPINAS","cabo":"F-0018","capacidade":"12","extensao_km":13.428,"confianca":"SEM_REFERENCIA","fonte":"OSRM/OpenStreetMap","ponta_a":"JGU.AE","municipio_a":"JAGUARIUNA","ponta_b":"PDA.AP","municipio_b":"PEDREIRA"},"geometry":{"type":"LineString","coordinates":[[-46.984978,-22.703106],[-46.983384,-22.702529],[-46.982898,-22.703433],[-46.983886,-22.703907],[-46.983134,-22.705729],[-46.982837,-22.706037],[-46.983522,-22.707347],[-46.983475,-22.707739],[-46.983306,-22.707733],[-46.982999,-22.706765],[-46.982656,-22.706403],[-46.981559,-22.705788],[-46.979716,-22.705507],[-46.979147,-22.705786],[-46.977852,-22.707364],[-46.976466,-22.708096],[-46.973569,-22.708912],[-46.971643,-22.708886],[-46.969668,-22.709168],[-46.969182,-22.709037],[-46.968698,-22.708664],[-46.968189,-22.707434],[-46.967765,-22.706942],[-46.967097,-22.706649],[-46.966172,-22.706725],[-46.961126,-22.707924],[-46.959467,-22.708737],[-46.957941,-22.710065],[-46.953944,-22.715694],[-46.953423,-22.71615],[-46.952676,-22.716509],[-46.951826,-22.716629],[-46.945775,-22.716405],[-46.944915,-22.716914],[-46.94343,-22.71865],[-46.942067,-22.719554],[-46.941535,-22.719717],[-46.940312,-22.719462],[-46.938137,-22.717997],[-46.937511,-22.717738],[-46.933929,-22.718203],[-46.933184,-22.719145],[-46.933086,-22.719638],[-46.934034,-22.722856],[-46.934499,-22.726258],[-46.933672,-22.729073],[-46.932528,-22.731573],[-46.932128,-22.732071],[-46.930739,-22.732993],[-46.930524,-22.733303],[-46.930155,-22.734669],[-46.928789,-22.735703],[-46.927988,-22.736984],[-46.927445,-22.737261],[-46.926321,-22.737465],[-46.92501,-22.738333],[-46.922355,-22.738804],[-46.92104,-22.740079],[-46.919442,-22.740765],[-46.919106,-22.741281],[-46.918712,-22.743695],[-46.918795,-22.745456],[-46.918489,-22.745952],[-46.918077,-22.746186],[-46.916813,-22.74609],[-46.913348,-22.744416],[-46.912661,-22.743897],[-46.911373,-22.742175],[-46.910285,-22.741567],[-46.909049,-22.741652],[-46.906317,-22.741104],[-46.905719,-22.741108],[-46.904704,-22.741516],[-46.903508,-22.742337],[-46.902135,-22.744249],[-46.900692,-22.743867],[-46.900155,-22.743556],[-46.900504,-22.743022],[-46.901133,-22.743431]]}},{"type":"Feature","properties":{"id_backbone":"BB-EB725FEC1AF9","trecho":"JLS.RC-VOT.RP","cluster":"SAO JOSE DO RIO PRETO","cabo":"F-0086","capacidade":"36","extensao_km":67.525,"confianca":"MEDIA","fonte":"OSRM/OpenStreetMap","ponta_a":"JLS.RC","municipio_a":"JALES","ponta_b":"VOT.RP","municipio_b":"VOTUPORANGA"},"geometry":{"type":"LineString","coordinates":[[-50.549564,-20.271359],[-50.547736,-20.269956],[-50.548928,-20.268579],[-50.54106,-20.262558],[-50.535386,-20.263883],[-50.53444,-20.263803],[-50.533461,-20.263968],[-50.502527,-20.271209],[-50.497661,-20.272081],[-50.491926,-20.272591],[-50.403149,-20.275289],[-50.399994,-20.274924],[-50.397953,-20.274414],[-50.385268,-20.269913],[-50.382637,-20.269409],[-50.3793,-20.269217],[-50.235253,-20.273092],[-50.232638,-20.273198],[-50.231059,-20.273464],[-50.229056,-20.274132],[-50.227257,-20.275164],[-50.176518,-20.319072],[-50.171978,-20.322432],[-50.16855,-20.324548],[-50.16116,-20.328278],[-49.991674,-20.400688],[-49.986813,-20.402532],[-49.976582,-20.40687],[-49.970461,-20.409997],[-49.969678,-20.410944],[-49.96494,-20.413573],[-49.96725,-20.415784],[-49.971074,-20.417372],[-49.970739,-20.41939],[-49.973169,-20.419735]]}},{"type":"Feature","properties":{"id_backbone":"BB-66B87C9B1729","trecho":"JOB.NJ-UBAA.UB","cluster":"SAO JOSE DO RIO PRETO","cabo":"F-0061","capacidade":"12","extensao_km":15.239,"confianca":"SEM_REFERENCIA","fonte":"OSRM/OpenStreetMap","ponta_a":"JOB.NJ","municipio_a":"JOSE BONIFACIO","ponta_b":"UBAA.UB","municipio_b":"UBARANA"},"geometry":{"type":"LineString","coordinates":[[-49.683199,-21.05481],[-49.683019,-21.054987],[-49.685093,-21.056931],[-49.681079,-21.060898],[-49.681833,-21.061561],[-49.678737,-21.064503],[-49.67803,-21.065027],[-49.676576,-21.065677],[-49.667179,-21.068942],[-49.666586,-21.069283],[-49.665994,-21.06938],[-49.66574,-21.069658],[-49.665803,-21.070106],[-49.666698,-21.071891],[-49.666866,-21.072597],[-49.66979,-21.078554],[-49.71328,-21.166422],[-49.713842,-21.167187],[-49.714388,-21.167301],[-49.716885,-21.166146]]}},{"type":"Feature","properties":{"id_backbone":"BB-5B786787406B","trecho":"JQB.BB-JQB.PL","cluster":"OSASCO","cabo":"X-0001","capacidade":"12","extensao_km":19.208,"confianca":"SEM_REFERENCIA","fonte":"OSRM/OpenStreetMap","ponta_a":"JQB.BB","municipio_a":"JUQUITIBA","ponta_b":"JQB.PL","municipio_b":"JUQUITIBA"},"geometry":{"type":"LineString","coordinates":[[-47.146824,-23.984565],[-47.147044,-23.984714],[-47.146577,-23.983883],[-47.144251,-23.977366],[-47.143658,-23.976504],[-47.143178,-23.976047],[-47.14225,-23.975562],[-47.140193,-23.974998],[-47.138624,-23.974349],[-47.136693,-23.97307],[-47.135527,-23.971842],[-47.132445,-23.967992],[-47.1316,-23.967173],[-47.13064,-23.966534],[-47.12387,-23.963665],[-47.11855,-23.960012],[-47.116424,-23.959133],[-47.114051,-23.9577],[-47.106592,-23.954286],[-47.101721,-23.95085],[-47.09744,-23.945074],[-47.096089,-23.943642],[-47.094452,-23.942516],[-47.091481,-23.941216],[-47.086874,-23.938805],[-47.085614,-23.938426],[-47.083109,-23.938088],[-47.080287,-23.9365],[-47.078226,-23.936394],[-47.075523,-23.935457],[-47.074565,-23.935324],[-47.065188,-23.937045],[-47.064547,-23.937352],[-47.061997,-23.939333],[-47.060977,-23.939872],[-47.059758,-23.940249],[-47.052479,-23.940833],[-47.046385,-23.940188],[-47.042298,-23.940249],[-47.041158,-23.939823],[-47.034187,-23.935676],[-47.03292,-23.935134],[-47.022415,-23.935072],[-47.01483,-23.934294],[-47.012474,-23.933961],[-47.011241,-23.933594],[-47.006326,-23.931278],[-47.000842,-23.931196],[-46.999528,-23.930946],[-46.99648,-23.929672],[-46.99577,-23.929035],[-46.992097,-23.922219],[-46.991872,-23.922191],[-46.991263,-23.923887],[-46.990719,-23.923803]]}},{"type":"Feature","properties":{"id_backbone":"BB-0AAD3CB560BB","trecho":"JQS.JQ-PCB.PU","cluster":"ARACATUBA","cabo":"F-0201","capacidade":"12","extensao_km":22.233,"confianca":"ALTA","fonte":"OSRM/OpenStreetMap","ponta_a":"JQS.JQ","municipio_a":"JUNQUEIROPOLIS","ponta_b":"PCB.PU","municipio_b":"PACAEMBU"},"geometry":{"type":"LineString","coordinates":[[-51.431073,-21.513609],[-51.433939,-21.512571],[-51.433181,-21.510756],[-51.436997,-21.509309],[-51.430971,-21.49565],[-51.430915,-21.495128],[-51.430257,-21.493833],[-51.429755,-21.493576],[-51.428813,-21.494167],[-51.424884,-21.498149],[-51.423596,-21.499029],[-51.385856,-21.519324],[-51.383261,-21.520801],[-51.382907,-21.521165],[-51.38078,-21.522059],[-51.372001,-21.526734],[-51.355681,-21.532691],[-51.332846,-21.541558],[-51.313698,-21.5453],[-51.311626,-21.545956],[-51.310055,-21.546233],[-51.288566,-21.553587],[-51.287063,-21.553794],[-51.274531,-21.554326],[-51.271272,-21.55487],[-51.27116,-21.55519],[-51.27183,-21.556076],[-51.264412,-21.561242],[-51.264953,-21.561927],[-51.264092,-21.562516]]}},{"type":"Feature","properties":{"id_backbone":"BB-07BAAC44B83F","trecho":"JRUM.JI-PPM.CM","cluster":"BAURU","cabo":"F-0125","capacidade":"12","extensao_km":55.265,"confianca":"SEM_REFERENCIA","fonte":"OSRM/OpenStreetMap","ponta_a":"JRUM.JI","municipio_a":"ITAI","ponta_b":"PPM.CM","municipio_b":"PARANAPANEMA"},"geometry":{"type":"LineString","coordinates":[[-49.045948,-23.298213],[-49.044998,-23.297985],[-49.043809,-23.299208],[-49.043464,-23.29925],[-49.066669,-23.324603],[-49.067557,-23.32577],[-49.069143,-23.328773],[-49.069585,-23.328938],[-49.069984,-23.328778],[-49.070153,-23.328422],[-49.07,-23.328071],[-49.069304,-23.327884],[-49.056086,-23.33303],[-49.053562,-23.334325],[-49.0236,-23.356128],[-49.022677,-23.356989],[-49.01989,-23.359065],[-49.018832,-23.359597],[-49.007518,-23.367823],[-49.006308,-23.368542],[-49.004326,-23.369547],[-49.001802,-23.370559],[-48.971578,-23.382268],[-48.969518,-23.38296],[-48.968088,-23.383239],[-48.962596,-23.383142],[-48.961085,-23.382908],[-48.944639,-23.381879],[-48.943431,-23.381603],[-48.934224,-23.380971],[-48.930929,-23.381369],[-48.92861,-23.382059],[-48.927288,-23.382619],[-48.92522,-23.383807],[-48.923832,-23.384935],[-48.922703,-23.386015],[-48.920132,-23.389061],[-48.918965,-23.390044],[-48.917812,-23.390727],[-48.914676,-23.39202],[-48.911433,-23.393034],[-48.910385,-23.393613],[-48.908087,-23.3953],[-48.883898,-23.416186],[-48.862545,-23.433263],[-48.861456,-23.434697],[-48.860072,-23.438287],[-48.859114,-23.439459],[-48.858111,-23.440228],[-48.857018,-23.440779],[-48.855792,-23.441107],[-48.854611,-23.441177],[-48.850682,-23.44096],[-48.849204,-23.441224],[-48.848377,-23.441563],[-48.846614,-23.442756],[-48.837851,-23.450578],[-48.836212,-23.451523],[-48.835043,-23.451859],[-48.832905,-23.451911],[-48.83007,-23.451319],[-48.828515,-23.451219],[-48.824401,-23.450205],[-48.823159,-23.450092],[-48.821447,-23.44951],[-48.818495,-23.448916],[-48.815918,-23.44889],[-48.813648,-23.449401],[-48.812089,-23.450092],[-48.782262,-23.465867],[-48.780853,-23.466811],[-48.775139,-23.469751],[-48.772186,-23.471452],[-48.769206,-23.472704],[-48.766999,-23.473061],[-48.761667,-23.473155],[-48.761511,-23.473002],[-48.761597,-23.472849],[-48.767067,-23.472944],[-48.769215,-23.472583],[-48.771921,-23.471433],[-48.775238,-23.469552],[-48.775884,-23.468817],[-48.776141,-23.46796],[-48.775614,-23.464843],[-48.770633,-23.440914],[-48.769893,-23.439097],[-48.768675,-23.437331],[-48.7678,-23.436496],[-48.75655,-23.427115],[-48.755545,-23.425866],[-48.755083,-23.424829],[-48.754782,-23.423315],[-48.754822,-23.422338],[-48.757669,-23.412885],[-48.757621,-23.411374],[-48.756913,-23.40941],[-48.750305,-23.400621],[-48.748866,-23.399386],[-48.747434,-23.398692],[-48.745638,-23.398376],[-48.743471,-23.398325],[-48.742501,-23.398921],[-48.741962,-23.398963],[-48.740905,-23.398273],[-48.73855,-23.397976],[-48.736615,-23.39731],[-48.724116,-23.390076],[-48.725151,-23.38857]]}},{"type":"Feature","properties":{"id_backbone":"BB-38A168707FEF","trecho":"LIA.RP-SOR.OR","cluster":"CAMPINAS","cabo":"F-0096","capacidade":"6","extensao_km":16.447,"confianca":"BAIXA","fonte":"OSRM/OpenStreetMap","ponta_a":"LIA.RP","municipio_a":"LINDOIA","ponta_b":"SOR.OR","municipio_b":"SOCORRO"},"geometry":{"type":"LineString","coordinates":[[-46.645289,-22.521959],[-46.646776,-22.521617],[-46.647004,-22.521989],[-46.647805,-22.522599],[-46.647888,-22.522957],[-46.647292,-22.52471],[-46.645964,-22.526238],[-46.645541,-22.527132],[-46.645566,-22.527552],[-46.644263,-22.527238],[-46.641759,-22.527554],[-46.63846,-22.529141],[-46.637283,-22.528949],[-46.636461,-22.529519],[-46.635144,-22.529],[-46.634849,-22.529062],[-46.633351,-22.531145],[-46.633137,-22.532523],[-46.633296,-22.532961],[-46.634905,-22.53454],[-46.63502,-22.53488],[-46.634902,-22.535152],[-46.633845,-22.53559],[-46.633201,-22.536414],[-46.63285,-22.536567],[-46.629272,-22.536463],[-46.628765,-22.536709],[-46.628641,-22.537111],[-46.628785,-22.539603],[-46.628348,-22.541631],[-46.62676,-22.543425],[-46.624595,-22.544367],[-46.62444,-22.54647],[-46.624265,-22.546935],[-46.623536,-22.547273],[-46.622148,-22.547319],[-46.620722,-22.546333],[-46.620447,-22.545103],[-46.619774,-22.544484],[-46.617013,-22.545468],[-46.616597,-22.545976],[-46.616508,-22.547438],[-46.616313,-22.547947],[-46.614317,-22.549384],[-46.61322,-22.549501],[-46.612713,-22.549969],[-46.612273,-22.551085],[-46.611508,-22.552292],[-46.610884,-22.55408],[-46.610107,-22.554697],[-46.609105,-22.555147],[-46.608042,-22.556845],[-46.607347,-22.557413],[-46.605167,-22.557983],[-46.604348,-22.557198],[-46.603872,-22.557123],[-46.602497,-22.558168],[-46.598763,-22.55836],[-46.598038,-22.558659],[-46.59714,-22.559372],[-46.596003,-22.559744],[-46.592736,-22.560684],[-46.590888,-22.560653],[-46.589493,-22.560035],[-46.587927,-22.558836],[-46.5874,-22.558799],[-46.586316,-22.559122],[-46.585171,-22.558763],[-46.5843,-22.557352],[-46.583254,-22.553274],[-46.582893,-22.552961],[-46.581201,-22.55218],[-46.579805,-22.551096],[-46.577773,-22.550119],[-46.576679,-22.550156],[-46.574668,-22.550847],[-46.572909,-22.551203],[-46.571654,-22.552029],[-46.570726,-22.552429],[-46.568749,-22.552669],[-46.567607,-22.552391],[-46.566438,-22.552983],[-46.562371,-22.553978],[-46.561546,-22.554354],[-46.560344,-22.555887],[-46.560788,-22.557549],[-46.560306,-22.559189],[-46.55985,-22.559547],[-46.558154,-22.559889],[-46.558929,-22.559937],[-46.559012,-22.561633],[-46.559781,-22.562283],[-46.560309,-22.563067],[-46.560155,-22.564508],[-46.560529,-22.566375],[-46.56143,-22.567384],[-46.562098,-22.568424],[-46.562331,-22.569484],[-46.562489,-22.571947],[-46.563382,-22.572605],[-46.564775,-22.573248],[-46.566088,-22.574704],[-46.56722,-22.575387],[-46.567684,-22.576054],[-46.56743,-22.576186]]}},{"type":"Feature","properties":{"id_backbone":"BB-4DBB0D45EED8","trecho":"LME.AM-SZX.VC","cluster":"CAMPINAS","cabo":"F-0168","capacidade":"12","extensao_km":11.172,"confianca":"MEDIA","fonte":"OSRM/OpenStreetMap","ponta_a":"LME.AM","municipio_a":"LEME","ponta_b":"SZX.VC","municipio_b":"SANTA CRUZ DA CONCEICAO"},"geometry":{"type":"LineString","coordinates":[[-47.38355,-22.185219],[-47.383086,-22.184971],[-47.384499,-22.182614],[-47.386259,-22.183554],[-47.389251,-22.178609],[-47.390358,-22.176543],[-47.390317,-22.176333],[-47.392842,-22.176161],[-47.398396,-22.175386],[-47.398378,-22.174578],[-47.398813,-22.173908],[-47.398941,-22.173276],[-47.400158,-22.153924],[-47.400615,-22.151751],[-47.401958,-22.148834],[-47.401972,-22.147321],[-47.4023,-22.14732],[-47.402524,-22.147669],[-47.402973,-22.147885],[-47.40357,-22.147864],[-47.403951,-22.148285],[-47.404793,-22.148581],[-47.414434,-22.148619],[-47.415513,-22.148343],[-47.422369,-22.144966],[-47.4235,-22.144594],[-47.431884,-22.143036],[-47.433818,-22.142947],[-47.438591,-22.143132],[-47.450646,-22.141325],[-47.450014,-22.137783],[-47.449785,-22.137319]]}},{"type":"Feature","properties":{"id_backbone":"BB-4D42C4C683FC","trecho":"LOU.RK-VIN.SD","cluster":"CAMPINAS","cabo":"F-0112","capacidade":"18","extensao_km":7.58,"confianca":"SEM_REFERENCIA","fonte":"OSRM/OpenStreetMap","ponta_a":"LOU.RK","municipio_a":"LOUVEIRA","ponta_b":"VIN.SD","municipio_b":"VINHEDO"},"geometry":{"type":"LineString","coordinates":[[-46.951976,-23.085298],[-46.951426,-23.085335],[-46.950733,-23.081944],[-46.950534,-23.08175],[-46.953581,-23.079284],[-46.953665,-23.077632],[-46.953317,-23.076993],[-46.952721,-23.076654],[-46.952523,-23.076365],[-46.952595,-23.075157],[-46.952192,-23.072159],[-46.94908,-23.064961],[-46.949005,-23.063484],[-46.949308,-23.06201],[-46.952836,-23.055654],[-46.953254,-23.055228],[-46.961203,-23.05146],[-46.962039,-23.050799],[-46.962468,-23.049962],[-46.963196,-23.047498],[-46.965158,-23.04432],[-46.967083,-23.042849],[-46.968004,-23.04051],[-46.969602,-23.039245],[-46.970283,-23.037592],[-46.973098,-23.034071],[-46.975153,-23.031179],[-46.97426,-23.030629],[-46.974542,-23.030225]]}},{"type":"Feature","properties":{"id_backbone":"BB-004760EADA2A","trecho":"LRA.CG-PAA.JE","cluster":"CAMPINAS","cabo":"F-0104","capacidade":"36","extensao_km":37.287,"confianca":"ALTA","fonte":"OSRM/OpenStreetMap","ponta_a":"LRA.CG","municipio_a":"LIMEIRA","ponta_b":"PAA.JE","municipio_b":"PIRACICABA"},"geometry":{"type":"LineString","coordinates":[[-47.402862,-22.565975],[-47.407344,-22.561781],[-47.411474,-22.561431],[-47.414114,-22.561496],[-47.414892,-22.561232],[-47.415215,-22.561416],[-47.416945,-22.561704],[-47.421864,-22.562368],[-47.42247,-22.562673],[-47.438968,-22.567315],[-47.440761,-22.568333],[-47.447651,-22.573831],[-47.449447,-22.575701],[-47.454845,-22.582475],[-47.461698,-22.590258],[-47.471163,-22.598433],[-47.471841,-22.599434],[-47.479021,-22.612868],[-47.479644,-22.613933],[-47.480459,-22.614855],[-47.502611,-22.629457],[-47.503837,-22.630415],[-47.505249,-22.631813],[-47.506773,-22.633999],[-47.509019,-22.638283],[-47.511491,-22.646043],[-47.512487,-22.648597],[-47.513512,-22.649778],[-47.517023,-22.652297],[-47.521507,-22.657075],[-47.532576,-22.663621],[-47.538496,-22.668074],[-47.53935,-22.668533],[-47.540406,-22.66891],[-47.541526,-22.66908],[-47.546839,-22.66936],[-47.550698,-22.669176],[-47.552417,-22.669514],[-47.554272,-22.670532],[-47.569588,-22.681438],[-47.571454,-22.682019],[-47.576857,-22.682528],[-47.578505,-22.683164],[-47.590187,-22.693448],[-47.591044,-22.694522],[-47.592574,-22.697658],[-47.593551,-22.698641],[-47.594813,-22.699382],[-47.596917,-22.700226],[-47.598255,-22.700485],[-47.599523,-22.70039],[-47.600358,-22.700095],[-47.600694,-22.69979],[-47.601405,-22.69853],[-47.601416,-22.697692],[-47.599849,-22.693963],[-47.599693,-22.692808],[-47.599812,-22.692409],[-47.600627,-22.691812],[-47.600797,-22.691413],[-47.601143,-22.691417],[-47.601399,-22.692376],[-47.602743,-22.694221],[-47.610393,-22.702106],[-47.611117,-22.703397],[-47.611702,-22.705204],[-47.61179,-22.707438],[-47.611507,-22.708757],[-47.611015,-22.709957],[-47.609481,-22.712112],[-47.60701,-22.715041],[-47.606371,-22.716117],[-47.606174,-22.716969],[-47.606212,-22.717626],[-47.606839,-22.719189],[-47.60794,-22.720059],[-47.608801,-22.721027],[-47.609213,-22.72122],[-47.61522,-22.720716],[-47.617434,-22.720364],[-47.619546,-22.719723],[-47.621799,-22.718567],[-47.622368,-22.717607],[-47.622689,-22.717349],[-47.622998,-22.717231],[-47.623303,-22.717314],[-47.623519,-22.718331],[-47.624103,-22.718601],[-47.624344,-22.719251],[-47.625158,-22.719663],[-47.624966,-22.721155],[-47.625183,-22.723225],[-47.625364,-22.723659],[-47.625786,-22.724356],[-47.627115,-22.725078],[-47.627309,-22.725352],[-47.627653,-22.730546],[-47.628639,-22.732368],[-47.629627,-22.736795],[-47.630797,-22.738131],[-47.630887,-22.738544],[-47.631427,-22.739357],[-47.631573,-22.739962],[-47.636076,-22.742025],[-47.635969,-22.742319],[-47.636073,-22.74248]]}},{"type":"Feature","properties":{"id_backbone":"BB-C2C5FA5B31E2","trecho":"MAB.VM-NHA.RR","cluster":"SAO JOSE DO RIO PRETO","cabo":"F-0064","capacidade":"12","extensao_km":22.352,"confianca":"BAIXA","fonte":"OSRM/OpenStreetMap","ponta_a":"MAB.VM","municipio_a":"MACAUBAL","ponta_b":"NHA.RR","municipio_b":"NHANDEARA"},"geometry":{"type":"LineString","coordinates":[[-49.962032,-20.805044],[-49.96261,-20.804684],[-49.96007,-20.800862],[-49.960916,-20.800383],[-49.959808,-20.798745],[-49.959452,-20.798464],[-49.958283,-20.794729],[-49.940605,-20.728276],[-49.940492,-20.726875],[-49.940592,-20.725489],[-49.943988,-20.705131],[-49.943659,-20.704488],[-49.943964,-20.703448],[-49.943776,-20.702835],[-49.944103,-20.702755],[-49.944398,-20.703188],[-49.944829,-20.703469],[-49.946928,-20.703814],[-49.95873,-20.70449],[-49.991082,-20.701004],[-49.992862,-20.701042],[-49.995122,-20.70136],[-50.003882,-20.703871],[-50.007057,-20.704441],[-50.010526,-20.704482],[-50.019894,-20.703841],[-50.025324,-20.702883],[-50.028846,-20.701993],[-50.029699,-20.701549],[-50.033342,-20.699526],[-50.033897,-20.698554],[-50.034253,-20.698242],[-50.03824,-20.696635],[-50.037195,-20.694287],[-50.037734,-20.694075]]}},{"type":"Feature","properties":{"id_backbone":"BB-971EF983A32C","trecho":"MAR.CP-MAR.TP","cluster":"JUNDIAI","cabo":"F-0684","capacidade":"12","extensao_km":6.441,"confianca":"ALTA","fonte":"OSRM/OpenStreetMap","ponta_a":"MAR.CP","municipio_a":"MAIRIPORA","ponta_b":"MAR.TP","municipio_b":"MAIRIPORA"},"geometry":{"type":"LineString","coordinates":[[-46.637253,-23.331548],[-46.636811,-23.331392],[-46.636977,-23.3307],[-46.635833,-23.330324],[-46.633724,-23.329322],[-46.632163,-23.328999],[-46.630925,-23.328998],[-46.628605,-23.329387],[-46.62574,-23.329455],[-46.625014,-23.330009],[-46.624068,-23.331706],[-46.623556,-23.332037],[-46.622905,-23.332144],[-46.622106,-23.331874],[-46.618945,-23.329448],[-46.61664,-23.329212],[-46.614781,-23.328378],[-46.61383,-23.328547],[-46.612908,-23.329639],[-46.612099,-23.32997],[-46.611282,-23.329718],[-46.6098,-23.328259],[-46.609008,-23.327895],[-46.608189,-23.327867],[-46.605035,-23.328437],[-46.602913,-23.328278],[-46.600332,-23.327104],[-46.599256,-23.326778],[-46.598784,-23.326204],[-46.594484,-23.322692],[-46.594336,-23.322233],[-46.595154,-23.321331],[-46.595083,-23.320809],[-46.594698,-23.320362],[-46.593551,-23.319884],[-46.592267,-23.320121],[-46.591648,-23.320073],[-46.588162,-23.318589],[-46.586087,-23.318282]]}},{"type":"Feature","properties":{"id_backbone":"BB-488388E87CB3","trecho":"MAR.TP-TEPA.TR","cluster":"JUNDIAI","cabo":null,"capacidade":"132","extensao_km":9.412,"confianca":"BAIXA","fonte":"OSRM/OpenStreetMap","ponta_a":"MAR.TP","municipio_a":"MAIRIPORA","ponta_b":"TEPA.TR","municipio_b":"MAIRIPORA"},"geometry":{"type":"LineString","coordinates":[[-46.586087,-23.318282],[-46.584598,-23.317946],[-46.582922,-23.316281],[-46.582755,-23.315831],[-46.582287,-23.315772],[-46.581818,-23.316065],[-46.581428,-23.315844],[-46.581418,-23.315584],[-46.582127,-23.315117],[-46.582281,-23.314433],[-46.582088,-23.312193],[-46.58152,-23.310857],[-46.580596,-23.309797],[-46.579007,-23.30857],[-46.575465,-23.306297],[-46.574117,-23.305032],[-46.573024,-23.303635],[-46.572336,-23.302462],[-46.571986,-23.301416],[-46.571593,-23.296383],[-46.571785,-23.295136],[-46.57226,-23.294105],[-46.573121,-23.293114],[-46.57408,-23.292521],[-46.575607,-23.292072],[-46.578162,-23.292026],[-46.578929,-23.291834],[-46.579666,-23.291216],[-46.580347,-23.289623],[-46.580861,-23.289242],[-46.58196,-23.288824],[-46.583254,-23.289037],[-46.583906,-23.289625],[-46.584794,-23.290879],[-46.585293,-23.29112],[-46.585946,-23.291101],[-46.586677,-23.290638],[-46.587465,-23.289081],[-46.589799,-23.287208],[-46.59011,-23.286164],[-46.589853,-23.285097],[-46.587693,-23.282759],[-46.586763,-23.281276],[-46.58635,-23.279945],[-46.584423,-23.270704],[-46.583699,-23.268663],[-46.583313,-23.268231],[-46.583501,-23.267501],[-46.583617,-23.264639],[-46.584292,-23.264872],[-46.584716,-23.264764],[-46.585088,-23.264405],[-46.585587,-23.26446],[-46.587605,-23.26254],[-46.588939,-23.265019]]}},{"type":"Feature","properties":{"id_backbone":"BB-2AF4628A5655","trecho":"MDU.MU-PIJ.WO","cluster":"BAURU","cabo":"F-0328-00","capacidade":"24","extensao_km":25.971,"confianca":"ALTA","fonte":"OSRM/OpenStreetMap","ponta_a":"MDU.MU","municipio_a":"MANDURI","ponta_b":"PIJ.WO","municipio_b":"PIRAJU"},"geometry":{"type":"LineString","coordinates":[[-49.315937,-23.003467],[-49.318057,-23.007631],[-49.320164,-23.006845],[-49.326729,-23.003921],[-49.326633,-23.00406],[-49.326781,-23.004216],[-49.3314,-23.007351],[-49.33308,-23.008462],[-49.333785,-23.008639],[-49.332867,-23.009658],[-49.332099,-23.011553],[-49.331986,-23.013319],[-49.332566,-23.015373],[-49.333435,-23.016687],[-49.343296,-23.027853],[-49.34409,-23.029208],[-49.344473,-23.030318],[-49.344685,-23.032537],[-49.343172,-23.044797],[-49.343288,-23.046472],[-49.343599,-23.047535],[-49.35159,-23.064793],[-49.352516,-23.06639],[-49.3533,-23.068513],[-49.355574,-23.073199],[-49.39142,-23.145273],[-49.391817,-23.14663],[-49.392128,-23.14892],[-49.392074,-23.150828],[-49.391731,-23.152627],[-49.389632,-23.15843],[-49.389432,-23.159564],[-49.389028,-23.160263],[-49.388863,-23.1611],[-49.388287,-23.162113],[-49.386928,-23.165675],[-49.385699,-23.169093],[-49.38494,-23.171728],[-49.384307,-23.172984],[-49.383069,-23.176402],[-49.382897,-23.177243],[-49.383305,-23.177959],[-49.382703,-23.178377],[-49.382406,-23.179073],[-49.383368,-23.179336],[-49.382901,-23.182129],[-49.385235,-23.181967],[-49.3862,-23.181633],[-49.386858,-23.182409],[-49.386781,-23.182668],[-49.385026,-23.183974],[-49.384913,-23.184546],[-49.385283,-23.185098],[-49.385438,-23.186038],[-49.384055,-23.187034],[-49.385104,-23.188778],[-49.38521,-23.190362],[-49.385517,-23.191098],[-49.385684,-23.192904],[-49.381767,-23.193194],[-49.38191,-23.19543]]}},{"type":"Feature","properties":{"id_backbone":"BB-DA2227E678E0","trecho":"MGU.CP-MMM.PJ","cluster":"CAMPINAS","cabo":"F-0022","capacidade":"12","extensao_km":8.878,"confianca":"SEM_REFERENCIA","fonte":"OSRM/OpenStreetMap","ponta_a":"MGU.CP","municipio_a":"MOGI GUACU","ponta_b":"MMM.PJ","municipio_b":"MOGI MIRIM"},"geometry":{"type":"LineString","coordinates":[[-46.942226,-22.367805],[-46.941711,-22.368666],[-46.938267,-22.370623],[-46.937674,-22.371687],[-46.937684,-22.372831],[-46.939252,-22.375962],[-46.942187,-22.37876],[-46.94272,-22.378866],[-46.943014,-22.379138],[-46.942909,-22.379536],[-46.942374,-22.379892],[-46.942341,-22.380103],[-46.943061,-22.384569],[-46.943568,-22.385706],[-46.946633,-22.394708],[-46.947969,-22.397998],[-46.950419,-22.403247],[-46.950952,-22.404842],[-46.951167,-22.407134],[-46.951143,-22.409742],[-46.950954,-22.411463],[-46.951225,-22.412285],[-46.951125,-22.412621],[-46.951917,-22.413595],[-46.952133,-22.41418],[-46.951504,-22.417814],[-46.950701,-22.418928],[-46.950524,-22.419469],[-46.951565,-22.422856],[-46.951465,-22.425795],[-46.952275,-22.426185],[-46.953277,-22.426266],[-46.955017,-22.427122],[-46.958937,-22.429935],[-46.960935,-22.431032],[-46.961971,-22.431388],[-46.96098,-22.432991],[-46.96155,-22.433298],[-46.960138,-22.434224]]}},{"type":"Feature","properties":{"id_backbone":"BB-8B57137C230D","trecho":"MIA.DI-MIA.SR","cluster":"BAURU","cabo":"F-1570","capacidade":"24","extensao_km":11.285,"confianca":"BAIXA","fonte":"OSRM/OpenStreetMap","ponta_a":"MIA.DI","municipio_a":"MARILIA","ponta_b":"MIA.SR","municipio_b":"MARILIA"},"geometry":{"type":"LineString","coordinates":[[-49.968789,-22.173154],[-49.969533,-22.174393],[-49.969597,-22.17497],[-49.971911,-22.178731],[-49.972382,-22.180242],[-49.972411,-22.181763],[-49.972063,-22.183111],[-49.971713,-22.183789],[-49.967659,-22.189527],[-49.9667,-22.191374],[-49.963267,-22.207635],[-49.96321,-22.208345],[-49.963233,-22.208694],[-49.963383,-22.208752],[-49.963427,-22.210148],[-49.963866,-22.211626],[-49.962879,-22.211796],[-49.962083,-22.211511],[-49.961745,-22.212352],[-49.956292,-22.210509],[-49.949905,-22.226825],[-49.950826,-22.227145],[-49.950896,-22.227308],[-49.950272,-22.228578],[-49.94919,-22.229391],[-49.948831,-22.230109],[-49.948397,-22.230012],[-49.947586,-22.229354],[-49.946164,-22.228676],[-49.944618,-22.228162],[-49.941124,-22.227464],[-49.9396,-22.227551],[-49.936639,-22.228735],[-49.932048,-22.231484],[-49.93171,-22.231841],[-49.931243,-22.232857],[-49.930424,-22.233602],[-49.929549,-22.2339],[-49.929189,-22.23425],[-49.928166,-22.236689],[-49.923834,-22.238173],[-49.92346,-22.237891],[-49.922411,-22.237882],[-49.922312,-22.237078]]}},{"type":"Feature","properties":{"id_backbone":"BB-C9AF9ABDA89D","trecho":"MIA.JA-PPA.RM","cluster":"BAURU","cabo":"F-0309-02","capacidade":"12","extensao_km":30.143,"confianca":"ALTA","fonte":"OSRM/OpenStreetMap","ponta_a":"MIA.JA","municipio_a":"MARILIA","ponta_b":"PPA.RM","municipio_b":"POMPEIA"},"geometry":{"type":"LineString","coordinates":[[-49.952919,-22.213838],[-49.95247,-22.214976],[-49.954252,-22.215589],[-49.961445,-22.19758],[-49.961681,-22.195741],[-49.961465,-22.195345],[-49.961868,-22.194929],[-49.961979,-22.193461],[-49.962176,-22.193267],[-49.963106,-22.190493],[-49.963168,-22.188572],[-49.963853,-22.186133],[-49.963597,-22.185196],[-49.962603,-22.184303],[-49.961863,-22.185076],[-49.96167,-22.18496],[-49.963136,-22.182918],[-49.965657,-22.181178],[-49.977654,-22.175767],[-49.979384,-22.174782],[-49.999624,-22.158515],[-50.000809,-22.157792],[-50.002299,-22.157283],[-50.003991,-22.157085],[-50.018394,-22.157082],[-50.066157,-22.162911],[-50.079993,-22.164314],[-50.081513,-22.164326],[-50.083291,-22.163991],[-50.085641,-22.162918],[-50.087387,-22.161453],[-50.099286,-22.147637],[-50.101218,-22.145925],[-50.103038,-22.144905],[-50.112222,-22.141046],[-50.114092,-22.140408],[-50.136145,-22.131355],[-50.137702,-22.130099],[-50.139793,-22.126924],[-50.140834,-22.125867],[-50.142103,-22.125117],[-50.145214,-22.123969],[-50.150587,-22.119695],[-50.156418,-22.116842],[-50.157456,-22.115623],[-50.160009,-22.110687],[-50.165525,-22.105992],[-50.165875,-22.10585],[-50.166813,-22.106],[-50.168266,-22.106514],[-50.169963,-22.10763],[-50.170358,-22.10706],[-50.171502,-22.107484],[-50.17174,-22.108061],[-50.177103,-22.108474]]}},{"type":"Feature","properties":{"id_backbone":"BB-9E85E9485C89","trecho":"MIA.JA-MIA.SR","cluster":"BAURU","cabo":"F-0303-00","capacidade":"24","extensao_km":5.553,"confianca":"ALTA","fonte":"OSRM/OpenStreetMap","ponta_a":"MIA.JA","municipio_a":"MARILIA","ponta_b":"MIA.SR","municipio_b":"MARILIA"},"geometry":{"type":"LineString","coordinates":[[-49.952919,-22.213838],[-49.95247,-22.214976],[-49.954252,-22.215589],[-49.949905,-22.226825],[-49.950826,-22.227145],[-49.950896,-22.227308],[-49.950272,-22.228578],[-49.94919,-22.229391],[-49.948831,-22.230109],[-49.948397,-22.230012],[-49.947586,-22.229354],[-49.946164,-22.228676],[-49.944618,-22.228162],[-49.941124,-22.227464],[-49.9396,-22.227551],[-49.936639,-22.228735],[-49.932048,-22.231484],[-49.93171,-22.231841],[-49.931243,-22.232857],[-49.930424,-22.233602],[-49.929549,-22.2339],[-49.929189,-22.23425],[-49.928166,-22.236689],[-49.923834,-22.238173],[-49.92346,-22.237891],[-49.922411,-22.237882],[-49.922312,-22.237078]]}},{"type":"Feature","properties":{"id_backbone":"BB-249ADE78D586","trecho":"MIA.SR-VUZ.VC","cluster":"BAURU","cabo":"F-0303-00","capacidade":"12","extensao_km":13.688,"confianca":"ALTA","fonte":"OSRM/OpenStreetMap","ponta_a":"MIA.SR","municipio_a":"MARILIA","ponta_b":"VUZ.VC","municipio_b":"VERA CRUZ"},"geometry":{"type":"LineString","coordinates":[[-49.922312,-22.237078],[-49.922255,-22.236614],[-49.919294,-22.236958],[-49.919402,-22.238082],[-49.919055,-22.238182],[-49.918963,-22.238006],[-49.91923,-22.237331],[-49.918618,-22.232146],[-49.918445,-22.231629],[-49.917959,-22.231172],[-49.914916,-22.230247],[-49.847833,-22.215335],[-49.846184,-22.215118],[-49.844052,-22.215165],[-49.842458,-22.215453],[-49.840203,-22.21631],[-49.838292,-22.217451],[-49.823954,-22.22839],[-49.8229,-22.229408],[-49.82251,-22.230566],[-49.822199,-22.230746],[-49.821107,-22.229203],[-49.821061,-22.228857],[-49.823551,-22.227104],[-49.819632,-22.22199],[-49.822349,-22.220174]]}},{"type":"Feature","properties":{"id_backbone":"BB-19BD7962D899","trecho":"MLB.RD-MLB.VA","cluster":"SAO JOSE DOS CAMPOS","cabo":"F-0147.02","capacidade":"12","extensao_km":2.876,"confianca":"ALTA","fonte":"OSRM/OpenStreetMap","ponta_a":"MLB.RD","municipio_a":"MONTEIRO LOBATO","ponta_b":"MLB.VA","municipio_b":"MONTEIRO LOBATO"},"geometry":{"type":"LineString","coordinates":[[-45.824225,-22.958191],[-45.824476,-22.958323],[-45.825188,-22.957841],[-45.825576,-22.957982],[-45.825837,-22.959006],[-45.825583,-22.959458],[-45.825638,-22.959612],[-45.825896,-22.959742],[-45.826618,-22.959548],[-45.828842,-22.960489],[-45.828969,-22.960663],[-45.828773,-22.961332],[-45.828867,-22.961558],[-45.829298,-22.96129],[-45.831348,-22.960736],[-45.832568,-22.959796],[-45.833729,-22.959947],[-45.833847,-22.959884],[-45.833091,-22.958349],[-45.833087,-22.958013],[-45.833444,-22.95737],[-45.833411,-22.956365],[-45.833167,-22.956072],[-45.83218,-22.955647],[-45.831872,-22.955347],[-45.831866,-22.954754],[-45.83082,-22.953497],[-45.830682,-22.953045],[-45.8309,-22.95281],[-45.831354,-22.952902],[-45.833853,-22.953799],[-45.835448,-22.953705]]}},{"type":"Feature","properties":{"id_backbone":"BB-23E5977BC5DF","trecho":"MMU.JO-RDP.MB","cluster":"CAMPINAS","cabo":"TR-0316","capacidade":"36","extensao_km":11.581,"confianca":"ALTA","fonte":"OSRM/OpenStreetMap","ponta_a":"MMU.JO","municipio_a":"MOMBUCA","ponta_b":"RDP.MB","municipio_b":"RIO DAS PEDRAS"},"geometry":{"type":"LineString","coordinates":[[-47.564927,-22.92734],[-47.566165,-22.925997],[-47.566632,-22.924556],[-47.567601,-22.919883],[-47.567529,-22.918827],[-47.568969,-22.907521],[-47.570633,-22.900344],[-47.570431,-22.896689],[-47.570651,-22.895613],[-47.574746,-22.88977],[-47.577758,-22.887577],[-47.590188,-22.872938],[-47.592956,-22.869115],[-47.593324,-22.86822],[-47.593385,-22.866774],[-47.5929,-22.862711],[-47.592508,-22.860905],[-47.591253,-22.858127],[-47.591212,-22.85759],[-47.595837,-22.849152],[-47.596542,-22.845413],[-47.596316,-22.845067],[-47.596699,-22.84468],[-47.596812,-22.843991],[-47.596812,-22.84237],[-47.597302,-22.842072],[-47.598212,-22.840617],[-47.598426,-22.839784],[-47.598819,-22.839627],[-47.59946,-22.838621],[-47.599411,-22.838215],[-47.599645,-22.838183],[-47.59972,-22.838509],[-47.603352,-22.840557]]}},{"type":"Feature","properties":{"id_backbone":"BB-AB9FB60587C3","trecho":"MNQ.MQ-SRE.SR","cluster":"OSASCO","cabo":"F-0419","capacidade":"12","extensao_km":6.389,"confianca":"ALTA","fonte":"OSRM/OpenStreetMap","ponta_a":"MNQ.MQ","municipio_a":"MAIRINQUE","ponta_b":"SRE.SR","municipio_b":"SAO ROQUE"},"geometry":{"type":"LineString","coordinates":[[-47.182493,-23.547817],[-47.181231,-23.547862],[-47.181161,-23.546156],[-47.180576,-23.545949],[-47.180337,-23.545313],[-47.179627,-23.544293],[-47.178353,-23.544182],[-47.17705,-23.542891],[-47.176496,-23.542544],[-47.173847,-23.542484],[-47.172522,-23.541765],[-47.172219,-23.541446],[-47.172304,-23.538745],[-47.171707,-23.537492],[-47.169109,-23.535638],[-47.167759,-23.534913],[-47.167378,-23.534301],[-47.166974,-23.534052],[-47.165465,-23.533917],[-47.161687,-23.534732],[-47.158686,-23.534506],[-47.15401,-23.532359],[-47.152509,-23.531404],[-47.150664,-23.531453],[-47.148671,-23.530866],[-47.145655,-23.530611],[-47.144444,-23.530756],[-47.142769,-23.530368],[-47.141616,-23.530401],[-47.140549,-23.53102],[-47.139447,-23.532651],[-47.136011,-23.531144],[-47.13517,-23.532204],[-47.134582,-23.531583],[-47.135457,-23.530778],[-47.135655,-23.530936]]}},{"type":"Feature","properties":{"id_backbone":"BB-EA7EF297E966","trecho":"MOCS.MC-PBA.LM","cluster":"SAO JOSE DOS CAMPOS","cabo":"F-0102","capacidade":"36","extensao_km":14.521,"confianca":"ALTA","fonte":"OSRM/OpenStreetMap","ponta_a":"MOCS.MC","municipio_a":"PINDAMONHANGABA","ponta_b":"PBA.LM","municipio_b":"PINDAMONHANGABA"},"geometry":{"type":"LineString","coordinates":[[-45.364445,-22.913598],[-45.363259,-22.915038],[-45.36467,-22.915303],[-45.364019,-22.916358],[-45.35569,-22.92723],[-45.355805,-22.927475],[-45.356193,-22.927832],[-45.403628,-22.951661],[-45.404824,-22.952017],[-45.405109,-22.951964],[-45.406684,-22.950254],[-45.407315,-22.948513],[-45.408083,-22.948718],[-45.410169,-22.947037],[-45.411754,-22.946064],[-45.426026,-22.93938],[-45.427885,-22.938643],[-45.434243,-22.936773],[-45.439746,-22.933955],[-45.444177,-22.932162],[-45.44474,-22.931744],[-45.445329,-22.931692],[-45.448215,-22.930661],[-45.453212,-22.92935],[-45.453359,-22.929514],[-45.453098,-22.929822],[-45.452939,-22.930722],[-45.457431,-22.930798],[-45.457389,-22.932612],[-45.459345,-22.932625],[-45.459363,-22.932199]]}},{"type":"Feature","properties":{"id_backbone":"BB-C1AD1D9B7353","trecho":"MONA.MT-PPE.JG","cluster":"ARACATUBA","cabo":"F-0101","capacidade":"6","extensao_km":7.202,"confianca":"ALTA","fonte":"OSRM/OpenStreetMap","ponta_a":"MONA.MT","municipio_a":"PRESIDENTE PRUDENTE","ponta_b":"PPE.JG","municipio_b":"PRESIDENTE PRUDENTE"},"geometry":{"type":"LineString","coordinates":[[-51.34556,-22.051219],[-51.34591,-22.05185],[-51.346634,-22.051516],[-51.347257,-22.052953],[-51.347163,-22.054961],[-51.348956,-22.058964],[-51.349252,-22.061813],[-51.349503,-22.062243],[-51.350832,-22.063431],[-51.352006,-22.065591],[-51.355437,-22.0683],[-51.357837,-22.070639],[-51.359813,-22.071776],[-51.36326,-22.075141],[-51.36414,-22.075298],[-51.367718,-22.074815],[-51.369145,-22.07512],[-51.369733,-22.075468],[-51.370028,-22.075863],[-51.370425,-22.077026],[-51.370887,-22.077624],[-51.371452,-22.077917],[-51.371914,-22.078466],[-51.373845,-22.079245],[-51.374455,-22.079986],[-51.377844,-22.082831],[-51.378091,-22.083626],[-51.377706,-22.086092],[-51.379767,-22.089508],[-51.381188,-22.09038],[-51.383203,-22.090651],[-51.383888,-22.090984],[-51.385139,-22.091],[-51.385854,-22.091556],[-51.385711,-22.092183],[-51.386554,-22.094285]]}},{"type":"Feature","properties":{"id_backbone":"BB-BD7285F79E72","trecho":"MOZ.RD-NVA.CN","cluster":"SAO JOSE DO RIO PRETO","cabo":"F-0020","capacidade":"12","extensao_km":18.494,"confianca":"SEM_REFERENCIA","fonte":"OSRM/OpenStreetMap","ponta_a":"MOZ.RD","municipio_a":"MONTE APRAZIVEL","ponta_b":"NVA.CN","municipio_b":"NEVES PAULISTA"},"geometry":{"type":"LineString","coordinates":[[-49.713796,-20.770612],[-49.713649,-20.7696],[-49.710741,-20.769958],[-49.710576,-20.768611],[-49.710044,-20.768301],[-49.709458,-20.768348],[-49.709232,-20.766659],[-49.708226,-20.764699],[-49.706244,-20.758784],[-49.702862,-20.759102],[-49.659832,-20.773435],[-49.657559,-20.774528],[-49.647649,-20.780537],[-49.645459,-20.781391],[-49.64436,-20.781729],[-49.640589,-20.782363],[-49.62318,-20.784616],[-49.619659,-20.785378],[-49.61905,-20.785733],[-49.618752,-20.786096],[-49.618734,-20.786713],[-49.620414,-20.798252],[-49.621226,-20.816026],[-49.621513,-20.817739],[-49.621886,-20.818733],[-49.623001,-20.820346],[-49.627956,-20.82465],[-49.628999,-20.826112],[-49.632504,-20.838332],[-49.632799,-20.838752],[-49.632866,-20.840562],[-49.632614,-20.840659],[-49.631433,-20.842453],[-49.629072,-20.843044],[-49.629403,-20.842911]]}},{"type":"Feature","properties":{"id_backbone":"BB-E1D1CE8C994B","trecho":"MOZ.RT-MRS.SP","cluster":"SAO JOSE DO RIO PRETO","cabo":"F-0093","capacidade":"12","extensao_km":25.834,"confianca":"MEDIA","fonte":"OSRM/OpenStreetMap","ponta_a":"MOZ.RT","municipio_a":"MONTE APRAZIVEL","ponta_b":"MRS.SP","municipio_b":"MIRASSOL"},"geometry":{"type":"LineString","coordinates":[[-49.712922,-20.775188],[-49.711484,-20.775355],[-49.710576,-20.768611],[-49.710044,-20.768301],[-49.709458,-20.768348],[-49.709232,-20.766659],[-49.708226,-20.764699],[-49.706244,-20.758784],[-49.702862,-20.759102],[-49.659832,-20.773435],[-49.657559,-20.774528],[-49.647649,-20.780537],[-49.64436,-20.781729],[-49.640589,-20.782363],[-49.617868,-20.785382],[-49.613744,-20.786563],[-49.550513,-20.801379],[-49.543038,-20.803773],[-49.541359,-20.804012],[-49.529596,-20.8042],[-49.527452,-20.80437],[-49.510042,-20.807495],[-49.509112,-20.807809],[-49.50906,-20.80802],[-49.512382,-20.80746],[-49.515988,-20.81193],[-49.51793,-20.812042],[-49.518157,-20.815193],[-49.519199,-20.815137],[-49.519318,-20.81721],[-49.516068,-20.817342],[-49.516028,-20.816774]]}},{"type":"Feature","properties":{"id_backbone":"BB-DF595866D49D","trecho":"MPO.PJ-MPO.RD","cluster":"ARACATUBA","cabo":"F-0101","capacidade":"12","extensao_km":0.351,"confianca":"BAIXA","fonte":"OSRM/OpenStreetMap","ponta_a":"MPO.PJ","municipio_a":"MARTINOPOLIS","ponta_b":"MPO.RD","municipio_b":"MARTINOPOLIS"},"geometry":{"type":"LineString","coordinates":[[-51.171763,-22.144456],[-51.17192,-22.144515],[-51.172268,-22.14376],[-51.170645,-22.143099],[-51.170867,-22.142603]]}},{"type":"Feature","properties":{"id_backbone":"BB-F7E5931D1998","trecho":"MRES.BC-SST.BO","cluster":"SAO JOSE DOS CAMPOS","cabo":"F-0108","capacidade":"36","extensao_km":25.901,"confianca":"ALTA","fonte":"OSRM/OpenStreetMap","ponta_a":"MRES.BC","municipio_a":"SAO SEBASTIAO","ponta_b":"SST.BO","municipio_b":"SAO SEBASTIAO"},"geometry":{"type":"LineString","coordinates":[[-45.817918,-23.753411],[-45.818477,-23.753452],[-45.816,-23.753612],[-45.816057,-23.7551],[-45.811277,-23.755546],[-45.805909,-23.756782],[-45.804797,-23.75645],[-45.796183,-23.750821],[-45.794619,-23.750283],[-45.79321,-23.750372],[-45.79157,-23.750673],[-45.78998,-23.751197],[-45.788333,-23.751319],[-45.780016,-23.752939],[-45.774292,-23.753847],[-45.771619,-23.754014],[-45.766869,-23.754],[-45.759904,-23.753572],[-45.751582,-23.751877],[-45.740144,-23.747111],[-45.739044,-23.746372],[-45.736989,-23.744544],[-45.734282,-23.743035],[-45.731803,-23.742356],[-45.730753,-23.742349],[-45.730046,-23.742645],[-45.729748,-23.743079],[-45.728263,-23.747759],[-45.725754,-23.751364],[-45.724216,-23.757206],[-45.723424,-23.758151],[-45.721462,-23.759509],[-45.720708,-23.760648],[-45.720557,-23.761457],[-45.720798,-23.766358],[-45.720518,-23.7673],[-45.719688,-23.768732],[-45.719866,-23.769115],[-45.720698,-23.769686],[-45.720838,-23.77014],[-45.720043,-23.7718],[-45.719331,-23.772434],[-45.718829,-23.772392],[-45.715549,-23.77097],[-45.712837,-23.770745],[-45.710468,-23.770159],[-45.708856,-23.770242],[-45.704454,-23.771024],[-45.703424,-23.770915],[-45.701624,-23.770342],[-45.696145,-23.767813],[-45.694632,-23.767475],[-45.693499,-23.767542],[-45.692154,-23.767926],[-45.68965,-23.769779],[-45.688998,-23.770103],[-45.688007,-23.77028],[-45.686939,-23.770107],[-45.683375,-23.76841],[-45.682044,-23.767299],[-45.681036,-23.765728],[-45.678993,-23.761255],[-45.678438,-23.760391],[-45.67751,-23.75949],[-45.676483,-23.758827],[-45.675431,-23.75844],[-45.674286,-23.758214],[-45.673098,-23.758205],[-45.670194,-23.758921],[-45.654431,-23.763716],[-45.652535,-23.764785],[-45.649652,-23.76743],[-45.648558,-23.768139],[-45.646973,-23.768402],[-45.641587,-23.768558],[-45.640549,-23.768866],[-45.64002,-23.769272],[-45.639059,-23.770478],[-45.63851,-23.771713],[-45.638884,-23.772724],[-45.639659,-23.773179],[-45.639977,-23.774576],[-45.641144,-23.776256],[-45.641518,-23.777196],[-45.64151,-23.777896],[-45.640809,-23.778421],[-45.640904,-23.779018],[-45.640432,-23.77976],[-45.640457,-23.780589],[-45.639723,-23.781474],[-45.639673,-23.78263],[-45.639272,-23.782753],[-45.634976,-23.782716],[-45.631213,-23.783171],[-45.628146,-23.784151],[-45.628048,-23.783578],[-45.62751,-23.782893]]}},{"type":"Feature","properties":{"id_backbone":"BB-36C09B5B844E","trecho":"MRES.MR-SST.BO","cluster":"SAO JOSE DOS CAMPOS","cabo":"F-0104","capacidade":"12","extensao_km":10.371,"confianca":"ALTA","fonte":"OSRM/OpenStreetMap","ponta_a":"MRES.MR","municipio_a":"SAO SEBASTIAO","ponta_b":"SST.BO","municipio_b":"SAO SEBASTIAO"},"geometry":{"type":"LineString","coordinates":[[-45.5561,-23.791419],[-45.556231,-23.792083],[-45.557336,-23.791168],[-45.5584,-23.790687],[-45.560255,-23.790542],[-45.560391,-23.791265],[-45.56258,-23.79073],[-45.567643,-23.79015],[-45.583703,-23.790188],[-45.58427,-23.790051],[-45.584869,-23.789676],[-45.587827,-23.786309],[-45.588465,-23.785764],[-45.588868,-23.785701],[-45.589328,-23.785873],[-45.589552,-23.786921],[-45.58895,-23.787551],[-45.588881,-23.787937],[-45.589173,-23.788246],[-45.590243,-23.788525],[-45.59036,-23.789078],[-45.59019,-23.790527],[-45.590529,-23.791283],[-45.590857,-23.791403],[-45.591722,-23.790698],[-45.592263,-23.789537],[-45.592492,-23.788306],[-45.59441,-23.785901],[-45.59555,-23.785217],[-45.597376,-23.785171],[-45.598316,-23.784807],[-45.598292,-23.784461],[-45.596356,-23.782326],[-45.596349,-23.781987],[-45.597945,-23.782321],[-45.599859,-23.781975],[-45.600671,-23.782463],[-45.601717,-23.782493],[-45.602741,-23.781446],[-45.603516,-23.781825],[-45.605247,-23.780934],[-45.605553,-23.780458],[-45.605819,-23.780359],[-45.606053,-23.780488],[-45.605907,-23.780985],[-45.606549,-23.782098],[-45.608159,-23.781707],[-45.608699,-23.780956],[-45.609061,-23.780879],[-45.609228,-23.780983],[-45.609931,-23.782652],[-45.610298,-23.782944],[-45.611635,-23.782211],[-45.612004,-23.782158],[-45.612692,-23.782388],[-45.613204,-23.783048],[-45.613632,-23.783097],[-45.614606,-23.782875],[-45.616895,-23.78418],[-45.617458,-23.784343],[-45.618871,-23.7844],[-45.621635,-23.783528],[-45.622002,-23.783846],[-45.623052,-23.784235],[-45.625095,-23.786006],[-45.628146,-23.784151],[-45.628048,-23.783578],[-45.62751,-23.782893]]}},{"type":"Feature","properties":{"id_backbone":"BB-20D40C874CCB","trecho":"MRS.SP-SRR.VS","cluster":"SAO JOSE DO RIO PRETO","cabo":"F-0008","capacidade":"12","extensao_km":15.477,"confianca":"SEM_REFERENCIA","fonte":"OSRM/OpenStreetMap","ponta_a":"MRS.SP","municipio_a":"MIRASSOL","ponta_b":"SRR.VS","municipio_b":"SAO JOSE DO RIO PRETO"},"geometry":{"type":"LineString","coordinates":[[-49.516028,-20.816774],[-49.515895,-20.81446],[-49.513643,-20.813533],[-49.513158,-20.813],[-49.512507,-20.812894],[-49.512469,-20.812011],[-49.510845,-20.811926],[-49.509691,-20.812062],[-49.507588,-20.808926],[-49.506722,-20.808488],[-49.503986,-20.808888],[-49.503658,-20.808744],[-49.502767,-20.808843],[-49.473086,-20.814266],[-49.468677,-20.814889],[-49.440265,-20.81663],[-49.438271,-20.817108],[-49.42965,-20.820803],[-49.427386,-20.821535],[-49.409082,-20.82489],[-49.406439,-20.8252],[-49.405868,-20.825516],[-49.403208,-20.825469],[-49.402692,-20.825222],[-49.396754,-20.823962],[-49.393372,-20.823786],[-49.391743,-20.82166],[-49.382116,-20.812672],[-49.381114,-20.813607]]}},{"type":"Feature","properties":{"id_backbone":"BB-C09E5B27E99E","trecho":"NGA.AR-PLN.PL","cluster":"SAO JOSE DO RIO PRETO","cabo":"F-0021","capacidade":"12","extensao_km":23.304,"confianca":"SEM_REFERENCIA","fonte":"OSRM/OpenStreetMap","ponta_a":"NGA.AR","municipio_a":"NOVA GRANADA","ponta_b":"PLN.PL","municipio_b":"PALESTINA"},"geometry":{"type":"LineString","coordinates":[[-49.314825,-20.530023],[-49.316679,-20.531344],[-49.318454,-20.52915],[-49.317728,-20.528631],[-49.323409,-20.521675],[-49.325021,-20.520454],[-49.32535,-20.519893],[-49.325142,-20.519092],[-49.324078,-20.51748],[-49.323535,-20.516055],[-49.322652,-20.508376],[-49.321338,-20.503329],[-49.321161,-20.502911],[-49.320488,-20.502257],[-49.320587,-20.501153],[-49.324936,-20.498623],[-49.379867,-20.464702],[-49.383311,-20.461844],[-49.419275,-20.42939],[-49.422663,-20.426261],[-49.423912,-20.424896],[-49.425133,-20.423212],[-49.428632,-20.417312],[-49.442635,-20.393103],[-49.442715,-20.392456],[-49.44246,-20.392246],[-49.439924,-20.391853],[-49.435083,-20.39126],[-49.434956,-20.392147],[-49.432057,-20.391748],[-49.432235,-20.390429]]}},{"type":"Feature","properties":{"id_backbone":"BB-32632124EB67","trecho":"NGG.AL-SUL.SU","cluster":"ARACATUBA","cabo":"F-0015","capacidade":"6","extensao_km":8.258,"confianca":"ALTA","fonte":"OSRM/OpenStreetMap","ponta_a":"NGG.AL","municipio_a":"NOVA GUATAPORANGA","ponta_b":"SUL.SU","municipio_b":"SAO JOAO DO PAU D'ALHO"},"geometry":{"type":"LineString","coordinates":[[-51.6429,-21.335327],[-51.646237,-21.330771],[-51.645728,-21.329545],[-51.64588,-21.328487],[-51.66566,-21.289443],[-51.668642,-21.283278],[-51.668852,-21.282055],[-51.668772,-21.280465],[-51.666506,-21.271181],[-51.664133,-21.271661],[-51.663694,-21.269682]]}},{"type":"Feature","properties":{"id_backbone":"BB-7379BAFDAB9E","trecho":"NOVA.NV-TBA.RD","cluster":"SAO JOSE DO RIO PRETO","cabo":"F-0024","capacidade":"12","extensao_km":12.929,"confianca":"ALTA","fonte":"OSRM/OpenStreetMap","ponta_a":"NOVA.NV","municipio_a":"NOVAIS","ponta_b":"TBA.RD","municipio_b":"TABAPUA"},"geometry":{"type":"LineString","coordinates":[[-48.920138,-20.994701],[-48.92021,-20.99698],[-48.920477,-20.997131],[-48.928771,-20.996426],[-48.930107,-20.996637],[-48.936759,-20.998441],[-48.938062,-20.9986],[-48.949749,-20.997416],[-48.958887,-20.996849],[-48.959761,-20.996551],[-48.961902,-20.995283],[-48.978055,-20.987446],[-48.980674,-20.986392],[-48.985528,-20.984811],[-48.987029,-20.983936],[-48.990618,-20.981399],[-49.020135,-20.966761],[-49.024524,-20.964401],[-49.024954,-20.964355],[-49.02641,-20.96365],[-49.02685,-20.964423],[-49.030309,-20.962715],[-49.030762,-20.963519],[-49.031208,-20.963315]]}},{"type":"Feature","properties":{"id_backbone":"BB-949659564CAA","trecho":"OCO.MK-OCO.RO","cluster":"OSASCO","cabo":"F-0530","capacidade":"12","extensao_km":2.953,"confianca":"ALTA","fonte":"OSRM/OpenStreetMap","ponta_a":"OCO.MK","municipio_a":"OSASCO","ponta_b":"OCO.RO","municipio_b":"OSASCO"},"geometry":{"type":"LineString","coordinates":[[-46.767475,-23.496495],[-46.768222,-23.498011],[-46.768656,-23.49803],[-46.768941,-23.497358],[-46.769555,-23.49801],[-46.769841,-23.499925],[-46.770349,-23.501831],[-46.770104,-23.503966],[-46.768737,-23.505454],[-46.769627,-23.506072],[-46.771187,-23.506165],[-46.772802,-23.508655],[-46.774984,-23.510335],[-46.774943,-23.510563],[-46.77377,-23.511224],[-46.77803,-23.514111],[-46.778429,-23.513768]]}},{"type":"Feature","properties":{"id_backbone":"BB-AC1C79D12F61","trecho":"OCO.OS-TBS.TA","cluster":"OSASCO","cabo":"F-0150","capacidade":"36","extensao_km":14.365,"confianca":"ALTA","fonte":"OSRM/OpenStreetMap","ponta_a":"OCO.OS","municipio_a":"OSASCO","ponta_b":"TBS.TA","municipio_b":"TABOAO DA SERRA"},"geometry":{"type":"LineString","coordinates":[[-46.785249,-23.530696],[-46.786297,-23.53134],[-46.786955,-23.532314],[-46.787117,-23.532936],[-46.786738,-23.533835],[-46.787589,-23.534012],[-46.78802,-23.535997],[-46.788224,-23.538677],[-46.7882,-23.542645],[-46.789294,-23.544599],[-46.791217,-23.549411],[-46.786862,-23.554408],[-46.786926,-23.554682],[-46.786366,-23.554904],[-46.786501,-23.555388],[-46.785824,-23.556179],[-46.784179,-23.55705],[-46.782521,-23.557324],[-46.782036,-23.557707],[-46.782144,-23.558272],[-46.781504,-23.558517],[-46.782272,-23.560663],[-46.781526,-23.563633],[-46.781513,-23.564761],[-46.779392,-23.568242],[-46.778608,-23.570281],[-46.7786,-23.570779],[-46.77993,-23.574623],[-46.779663,-23.575966],[-46.780208,-23.576964],[-46.780153,-23.577172],[-46.778897,-23.578244],[-46.779525,-23.580342],[-46.782349,-23.579495],[-46.783778,-23.583554],[-46.783418,-23.584476],[-46.782882,-23.584635],[-46.781552,-23.584078],[-46.77903,-23.583821],[-46.777363,-23.583483],[-46.772979,-23.583065],[-46.770646,-23.583197],[-46.770052,-23.583354],[-46.76691,-23.58506],[-46.768031,-23.586868],[-46.766618,-23.587994],[-46.766828,-23.588727],[-46.767114,-23.589103],[-46.76727,-23.589958],[-46.767562,-23.590276],[-46.768046,-23.590281],[-46.768145,-23.592114],[-46.768486,-23.592557],[-46.768708,-23.593863],[-46.768677,-23.594595],[-46.768403,-23.595294],[-46.768547,-23.596649],[-46.76689,-23.598255],[-46.766837,-23.598965],[-46.76649,-23.599384],[-46.766695,-23.599458],[-46.766618,-23.60245],[-46.76552,-23.603633],[-46.764504,-23.605266],[-46.764057,-23.607025],[-46.764666,-23.607293],[-46.767501,-23.607841],[-46.771874,-23.609833],[-46.779782,-23.612893],[-46.779784,-23.613014],[-46.777376,-23.612405],[-46.774956,-23.611353],[-46.774784,-23.611919],[-46.774465,-23.611797],[-46.774336,-23.612088]]}},{"type":"Feature","properties":{"id_backbone":"BB-2046E37485F9","trecho":"OCO.OS-OCO.RO","cluster":"OSASCO","cabo":"F-0144","capacidade":"36","extensao_km":3.747,"confianca":"MEDIA","fonte":"OSRM/OpenStreetMap","ponta_a":"OCO.OS","municipio_a":"OSASCO","ponta_b":"OCO.RO","municipio_b":"OSASCO"},"geometry":{"type":"LineString","coordinates":[[-46.785249,-23.530696],[-46.786909,-23.531729],[-46.78711,-23.531524],[-46.788295,-23.5324],[-46.789667,-23.531424],[-46.790147,-23.530872],[-46.791486,-23.527244],[-46.79104,-23.524641],[-46.789709,-23.523132],[-46.788401,-23.520018],[-46.788282,-23.516625],[-46.784269,-23.51663],[-46.783868,-23.515288],[-46.783336,-23.514175],[-46.782083,-23.512711],[-46.780398,-23.51242],[-46.779158,-23.512559],[-46.778586,-23.51279],[-46.778922,-23.513486],[-46.778429,-23.513768]]}},{"type":"Feature","properties":{"id_backbone":"BB-63AD0549BDCF","trecho":"OCO.OS-SPO.JGV","cluster":"OSASCO","cabo":null,"capacidade":null,"extensao_km":5.846,"confianca":"SEM_REFERENCIA","fonte":"OSRM/OpenStreetMap","ponta_a":"OCO.OS","municipio_a":"OSASCO","ponta_b":"SPO.JGV","municipio_b":"SAO PAULO"},"geometry":{"type":"LineString","coordinates":[[-46.785249,-23.530696],[-46.786153,-23.531253],[-46.780828,-23.536529],[-46.768694,-23.540467],[-46.763103,-23.544464],[-46.761357,-23.547516],[-46.76054,-23.548159],[-46.758043,-23.549061],[-46.757357,-23.548458],[-46.756325,-23.548111],[-46.755256,-23.548502],[-46.755031,-23.54844],[-46.754748,-23.548063],[-46.751813,-23.548123],[-46.750839,-23.547818],[-46.749829,-23.547953],[-46.74965,-23.548145],[-46.749425,-23.548018],[-46.742889,-23.548647],[-46.742975,-23.548532],[-46.74687,-23.548179],[-46.746724,-23.547826]]}},{"type":"Feature","properties":{"id_backbone":"BB-0352FCB9E362","trecho":"ODU.OD-PLN.PL","cluster":"SAO JOSE DO RIO PRETO","cabo":"F-0123","capacidade":"36","extensao_km":28.447,"confianca":"ALTA","fonte":"OSRM/OpenStreetMap","ponta_a":"ODU.OD","municipio_a":"ORINDIUVA","ponta_b":"PLN.PL","municipio_b":"PALESTINA"},"geometry":{"type":"LineString","coordinates":[[-49.351525,-20.182035],[-49.350516,-20.182734],[-49.353064,-20.186103],[-49.354439,-20.187559],[-49.353632,-20.188739],[-49.373523,-20.202695],[-49.383892,-20.208052],[-49.388303,-20.210564],[-49.400849,-20.229792],[-49.402736,-20.231401],[-49.408625,-20.233114],[-49.409353,-20.233524],[-49.410166,-20.234369],[-49.411158,-20.236245],[-49.412387,-20.237566],[-49.412919,-20.238523],[-49.413053,-20.239236],[-49.412988,-20.240181],[-49.408535,-20.255841],[-49.408433,-20.25639],[-49.408608,-20.258851],[-49.407647,-20.261483],[-49.407458,-20.262516],[-49.407515,-20.263256],[-49.407991,-20.264298],[-49.410327,-20.266586],[-49.41206,-20.269155],[-49.413191,-20.272096],[-49.413178,-20.275641],[-49.41269,-20.281086],[-49.412891,-20.285103],[-49.413824,-20.288446],[-49.415291,-20.291733],[-49.415475,-20.29262],[-49.414499,-20.299427],[-49.41416,-20.305113],[-49.41424,-20.306929],[-49.415316,-20.31068],[-49.415262,-20.312763],[-49.414299,-20.315663],[-49.414441,-20.31661],[-49.415065,-20.318308],[-49.415061,-20.319041],[-49.414685,-20.320555],[-49.415031,-20.322595],[-49.415013,-20.323586],[-49.414618,-20.325389],[-49.413862,-20.326886],[-49.413468,-20.327351],[-49.410787,-20.329412],[-49.410124,-20.330304],[-49.409907,-20.331626],[-49.410467,-20.334086],[-49.410146,-20.335316],[-49.410137,-20.336164],[-49.410539,-20.337073],[-49.41531,-20.345178],[-49.41632,-20.346565],[-49.420061,-20.35082],[-49.420946,-20.352353],[-49.42101,-20.353216],[-49.419757,-20.356312],[-49.41983,-20.356947],[-49.420171,-20.357558],[-49.421667,-20.358977],[-49.423778,-20.359804],[-49.424564,-20.360523],[-49.425406,-20.361624],[-49.42841,-20.36652],[-49.43121,-20.369447],[-49.432092,-20.371677],[-49.433684,-20.374304],[-49.435352,-20.375821],[-49.437836,-20.377211],[-49.438336,-20.377326],[-49.438288,-20.377541],[-49.437861,-20.377679],[-49.436945,-20.378581],[-49.435509,-20.380971],[-49.434635,-20.387458],[-49.432671,-20.387198],[-49.432235,-20.390429]]}},{"type":"Feature","properties":{"id_backbone":"BB-60EEB7919C67","trecho":"OLA.OL-SVN.SV","cluster":"SAO JOSE DO RIO PRETO","cabo":"F-0015","capacidade":"6","extensao_km":18.416,"confianca":"SEM_REFERENCIA","fonte":"OSRM/OpenStreetMap","ponta_a":"OLA.OL","municipio_a":"OLIMPIA","ponta_b":"SVN.SV","municipio_b":"SEVERINIA"},"geometry":{"type":"LineString","coordinates":[[-48.914409,-20.736761],[-48.913937,-20.736666],[-48.913529,-20.738465],[-48.904073,-20.736509],[-48.903461,-20.739341],[-48.899056,-20.738564],[-48.889745,-20.738221],[-48.882643,-20.737736],[-48.879755,-20.736975],[-48.876982,-20.735691],[-48.875851,-20.735611],[-48.875398,-20.734848],[-48.873311,-20.733549],[-48.865395,-20.726871],[-48.864972,-20.726658],[-48.864446,-20.726799],[-48.862063,-20.728867],[-48.828435,-20.763782],[-48.82602,-20.766592],[-48.823491,-20.769918],[-48.81235,-20.787618],[-48.811583,-20.789179],[-48.809914,-20.791848],[-48.807333,-20.795582],[-48.803144,-20.802271],[-48.802666,-20.803409],[-48.801449,-20.805004],[-48.799512,-20.808082],[-48.799578,-20.808722],[-48.805278,-20.811858],[-48.804587,-20.812808],[-48.805074,-20.812041]]}},{"type":"Feature","properties":{"id_backbone":"BB-5FA3FD176DB1","trecho":"ORN.MP-SCP.MB","cluster":"BAURU","cabo":"F-0330","capacidade":"24","extensao_km":31.349,"confianca":"MEDIA","fonte":"OSRM/OpenStreetMap","ponta_a":"ORN.MP","municipio_a":"OURINHOS","ponta_b":"SCP.MB","municipio_b":"SANTA CRUZ DO RIO PARDO"},"geometry":{"type":"LineString","coordinates":[[-49.868154,-22.977492],[-49.868129,-22.977853],[-49.86678,-22.977756],[-49.867022,-22.974819],[-49.85772,-22.974046],[-49.857166,-22.974152],[-49.856845,-22.973973],[-49.850015,-22.97283],[-49.849535,-22.972629],[-49.848712,-22.971854],[-49.848495,-22.97143],[-49.842998,-22.943604],[-49.842069,-22.940824],[-49.841233,-22.939901],[-49.825117,-22.928812],[-49.824664,-22.928394],[-49.823835,-22.926811],[-49.823446,-22.926476],[-49.7937,-22.914441],[-49.791191,-22.913552],[-49.78763,-22.912577],[-49.756533,-22.906325],[-49.754033,-22.905706],[-49.750584,-22.904587],[-49.673582,-22.874147],[-49.669956,-22.873278],[-49.667893,-22.872986],[-49.660521,-22.872188],[-49.658148,-22.872096],[-49.65773,-22.87221],[-49.657091,-22.872865],[-49.656764,-22.874173],[-49.65639,-22.874812],[-49.652475,-22.878067],[-49.646402,-22.88432],[-49.642737,-22.889832],[-49.638576,-22.892068],[-49.629635,-22.901674],[-49.628125,-22.900507],[-49.627474,-22.901215],[-49.627649,-22.901344]]}},{"type":"Feature","properties":{"id_backbone":"BB-1D6799BDE343","trecho":"OSC.EK-SXM.SA","cluster":"ARACATUBA","cabo":"F-0027","capacidade":"6","extensao_km":21.682,"confianca":"ALTA","fonte":"OSRM/OpenStreetMap","ponta_a":"OSC.EK","municipio_a":"OSVALDO CRUZ","ponta_b":"SXM.SA","municipio_b":"SALMOURAO"},"geometry":{"type":"LineString","coordinates":[[-50.871519,-21.796344],[-50.870773,-21.796517],[-50.871024,-21.797456],[-50.880954,-21.795153],[-50.879699,-21.790422],[-50.886863,-21.788665],[-50.888247,-21.785367],[-50.892217,-21.774645],[-50.892393,-21.773934],[-50.89232,-21.773327],[-50.887482,-21.762715],[-50.88705,-21.761376],[-50.886838,-21.759675],[-50.886974,-21.757991],[-50.887855,-21.753262],[-50.888401,-21.752164],[-50.889775,-21.750368],[-50.890269,-21.74904],[-50.890421,-21.73652],[-50.886781,-21.71796],[-50.878608,-21.678267],[-50.878386,-21.67642],[-50.877763,-21.67493],[-50.875998,-21.672649],[-50.871707,-21.666265],[-50.866997,-21.659037],[-50.866182,-21.657421],[-50.865646,-21.65525],[-50.862352,-21.630535],[-50.86211,-21.629863],[-50.86203,-21.628312],[-50.8613,-21.626591],[-50.859744,-21.627251],[-50.859066,-21.625816],[-50.859266,-21.625731]]}},{"type":"Feature","properties":{"id_backbone":"BB-BF4C1443AAF0","trecho":"OVE.RA-TPL.DC","cluster":"ARACATUBA","cabo":"F-0215","capacidade":"6","extensao_km":22.63,"confianca":"ALTA","fonte":"OSRM/OpenStreetMap","ponta_a":"OVE.RA","municipio_a":"OURO VERDE","ponta_b":"TPL.DC","municipio_b":"TUPI PAULISTA"},"geometry":{"type":"LineString","coordinates":[[-51.70088,-21.4883],[-51.700895,-21.488841],[-51.689297,-21.489026],[-51.673057,-21.494733],[-51.672097,-21.494827],[-51.657222,-21.49371],[-51.644594,-21.495527],[-51.636458,-21.496354],[-51.635313,-21.497089],[-51.635212,-21.497374],[-51.635365,-21.497654],[-51.635889,-21.497628],[-51.63598,-21.49712],[-51.61399,-21.432093],[-51.610932,-21.425767],[-51.610497,-21.425335],[-51.609644,-21.425027],[-51.609317,-21.42462],[-51.609307,-21.42405],[-51.609651,-21.423593],[-51.609792,-21.422987],[-51.608469,-21.420756],[-51.604005,-21.411808],[-51.602854,-21.410321],[-51.594909,-21.402065],[-51.593304,-21.400208],[-51.591738,-21.397565],[-51.587674,-21.388558],[-51.58662,-21.387151],[-51.585805,-21.386677],[-51.584975,-21.38657],[-51.582087,-21.386641],[-51.580545,-21.386961],[-51.57937,-21.387585],[-51.578074,-21.38972],[-51.576279,-21.390929],[-51.57162,-21.386893],[-51.571221,-21.386949]]}},{"type":"Feature","properties":{"id_backbone":"BB-9AA45C9E4563","trecho":"PAA.DR-PAA.JE","cluster":"CAMPINAS","cabo":"F-0123","capacidade":"36","extensao_km":5.82,"confianca":"ALTA","fonte":"OSRM/OpenStreetMap","ponta_a":"PAA.DR","municipio_a":"PIRACICABA","ponta_b":"PAA.JE","municipio_b":"PIRACICABA"},"geometry":{"type":"LineString","coordinates":[[-47.597277,-22.736183],[-47.59771,-22.736854],[-47.598704,-22.736747],[-47.605838,-22.734864],[-47.609196,-22.73312],[-47.609822,-22.73249],[-47.610203,-22.731629],[-47.610609,-22.73153],[-47.611359,-22.731765],[-47.614934,-22.729637],[-47.625736,-22.725693],[-47.626202,-22.725446],[-47.626427,-22.725068],[-47.626783,-22.724965],[-47.627115,-22.725078],[-47.627309,-22.725352],[-47.627706,-22.730798],[-47.628639,-22.732368],[-47.629627,-22.736795],[-47.630797,-22.738131],[-47.630887,-22.738544],[-47.631427,-22.739357],[-47.631573,-22.739962],[-47.636076,-22.742025],[-47.635969,-22.742319],[-47.636073,-22.74248]]}},{"type":"Feature","properties":{"id_backbone":"BB-4A8573856DBD","trecho":"PAA.JE-RDP.PM","cluster":"CAMPINAS","cabo":"F-0161","capacidade":"6","extensao_km":16.451,"confianca":"MEDIA","fonte":"OSRM/OpenStreetMap","ponta_a":"PAA.JE","municipio_a":"PIRACICABA","ponta_b":"RDP.PM","municipio_b":"RIO DAS PEDRAS"},"geometry":{"type":"LineString","coordinates":[[-47.636073,-22.74248],[-47.637238,-22.744302],[-47.637999,-22.74418],[-47.638604,-22.744346],[-47.639673,-22.743708],[-47.640023,-22.743697],[-47.639399,-22.745344],[-47.639381,-22.745672],[-47.639681,-22.745921],[-47.643953,-22.745546],[-47.644156,-22.745219],[-47.644466,-22.745338],[-47.644175,-22.750844],[-47.643293,-22.753758],[-47.643158,-22.754862],[-47.643393,-22.755791],[-47.644487,-22.757163],[-47.645206,-22.757537],[-47.64564,-22.75755],[-47.646044,-22.757349],[-47.646279,-22.757584],[-47.645496,-22.759334],[-47.645146,-22.76159],[-47.645354,-22.763942],[-47.645646,-22.765142],[-47.646348,-22.767087],[-47.661314,-22.80153],[-47.662019,-22.802141],[-47.66308,-22.802447],[-47.663176,-22.802713],[-47.662548,-22.80293],[-47.66156,-22.803722],[-47.661244,-22.804371],[-47.66011,-22.804911],[-47.635826,-22.824889],[-47.633353,-22.827154],[-47.632126,-22.827974],[-47.621065,-22.837044],[-47.618531,-22.839434],[-47.617309,-22.840134],[-47.61478,-22.842218],[-47.614375,-22.842757],[-47.613876,-22.842763],[-47.611895,-22.843328],[-47.608112,-22.843899],[-47.607475,-22.84347],[-47.606958,-22.844116],[-47.604913,-22.842788],[-47.603851,-22.844084],[-47.603397,-22.843528]]}},{"type":"Feature","properties":{"id_backbone":"BB-43AB8A6D1445","trecho":"PAA.JE-STB.JM","cluster":"CAMPINAS","cabo":"F-0156","capacidade":"36","extensao_km":32.892,"confianca":"SEM_REFERENCIA","fonte":"OSRM/OpenStreetMap","ponta_a":"PAA.JE","municipio_a":"PIRACICABA","ponta_b":"STB.JM","municipio_b":"SANTA BARBARA D'OESTE"},"geometry":{"type":"LineString","coordinates":[[-47.636073,-22.74248],[-47.635969,-22.742319],[-47.63585,-22.742657],[-47.631409,-22.740613],[-47.630645,-22.74221],[-47.63055,-22.74216],[-47.631341,-22.740467],[-47.631416,-22.739631],[-47.631101,-22.739062],[-47.63,-22.738618],[-47.629869,-22.737942],[-47.629206,-22.736762],[-47.628409,-22.733139],[-47.627179,-22.730887],[-47.626872,-22.72637],[-47.62526,-22.724266],[-47.624803,-22.723327],[-47.624374,-22.719914],[-47.623414,-22.71876],[-47.622922,-22.718488],[-47.618135,-22.720349],[-47.615273,-22.720896],[-47.553316,-22.727168],[-47.548799,-22.728134],[-47.544735,-22.729669],[-47.518757,-22.743212],[-47.514102,-22.745153],[-47.435629,-22.768425],[-47.435436,-22.768272],[-47.43547,-22.767865],[-47.435277,-22.767377],[-47.434857,-22.766967],[-47.43482,-22.766389],[-47.430837,-22.756481],[-47.429904,-22.755766],[-47.427963,-22.755186],[-47.428019,-22.754847],[-47.427691,-22.754101],[-47.425559,-22.751595],[-47.423497,-22.750297],[-47.422506,-22.75009],[-47.417883,-22.749716],[-47.415878,-22.750009],[-47.415371,-22.74982],[-47.414222,-22.748741],[-47.412601,-22.748347],[-47.411944,-22.748346],[-47.40872,-22.751018],[-47.406689,-22.753121],[-47.406284,-22.753258],[-47.405346,-22.75317],[-47.403891,-22.75413],[-47.402607,-22.754235],[-47.402462,-22.754044],[-47.402797,-22.753605],[-47.402862,-22.753195],[-47.402496,-22.75],[-47.401008,-22.747354],[-47.39882,-22.746158],[-47.398235,-22.74617],[-47.397958,-22.745888],[-47.397096,-22.745722],[-47.394354,-22.746135],[-47.393107,-22.74604],[-47.39227,-22.745684],[-47.391122,-22.744796],[-47.390738,-22.744762],[-47.390606,-22.744361],[-47.388606,-22.742713],[-47.388029,-22.742423],[-47.374998,-22.73963],[-47.374232,-22.741637]]}},{"type":"Feature","properties":{"id_backbone":"BB-2E71869E5C7F","trecho":"PAA.VR-SPD.VA","cluster":"CAMPINAS","cabo":"F-0204","capacidade":"12","extensao_km":37.066,"confianca":"SEM_REFERENCIA","fonte":"OSRM/OpenStreetMap","ponta_a":"PAA.VR","municipio_a":"PIRACICABA","ponta_b":"SPD.VA","municipio_b":"SAO PEDRO"},"geometry":{"type":"LineString","coordinates":[[-47.660139,-22.710183],[-47.660351,-22.710601],[-47.655207,-22.712857],[-47.653579,-22.709743],[-47.653998,-22.706344],[-47.654298,-22.705901],[-47.655297,-22.705197],[-47.65736,-22.702919],[-47.657505,-22.701949],[-47.661132,-22.696696],[-47.662149,-22.695765],[-47.667226,-22.689363],[-47.668224,-22.688405],[-47.669761,-22.687319],[-47.67229,-22.686135],[-47.688016,-22.682818],[-47.700153,-22.680463],[-47.753262,-22.673181],[-47.754743,-22.673185],[-47.756701,-22.673653],[-47.761615,-22.676217],[-47.763351,-22.676649],[-47.764748,-22.676718],[-47.766108,-22.67655],[-47.766981,-22.676317],[-47.768597,-22.675509],[-47.77108,-22.673307],[-47.788643,-22.6561],[-47.797424,-22.650859],[-47.809796,-22.647462],[-47.811274,-22.646829],[-47.812527,-22.645737],[-47.827791,-22.630452],[-47.828452,-22.630072],[-47.830112,-22.629503],[-47.833076,-22.627734],[-47.847446,-22.622078],[-47.84834,-22.621394],[-47.848921,-22.620706],[-47.849505,-22.619582],[-47.850056,-22.618983],[-47.853746,-22.613148],[-47.860166,-22.607104],[-47.861092,-22.606554],[-47.864918,-22.605001],[-47.865316,-22.604528],[-47.865978,-22.602954],[-47.866443,-22.602658],[-47.868961,-22.602216],[-47.873787,-22.60094],[-47.874055,-22.600629],[-47.874353,-22.5998],[-47.874762,-22.599364],[-47.87401,-22.597754],[-47.873445,-22.59709],[-47.872511,-22.596599],[-47.871109,-22.596368],[-47.871424,-22.595613],[-47.872146,-22.594972],[-47.87304,-22.594613],[-47.875217,-22.594322],[-47.876895,-22.592802],[-47.880162,-22.591539],[-47.880669,-22.591],[-47.88157,-22.589016],[-47.882047,-22.588625],[-47.886862,-22.588177],[-47.887529,-22.587978],[-47.893715,-22.581627],[-47.894401,-22.580666],[-47.902261,-22.56698],[-47.904876,-22.559952],[-47.905355,-22.559008],[-47.905733,-22.558593],[-47.907677,-22.557891],[-47.910406,-22.557685],[-47.910179,-22.55574],[-47.910574,-22.554288],[-47.910391,-22.552689],[-47.914205,-22.552544],[-47.914178,-22.549864],[-47.913186,-22.549883],[-47.913193,-22.550005]]}},{"type":"Feature","properties":{"id_backbone":"BB-EFDA1258EA35","trecho":"PBA.LM-TMB.SB","cluster":"SAO JOSE DOS CAMPOS","cabo":"F-0102","capacidade":"24","extensao_km":12.104,"confianca":"ALTA","fonte":"OSRM/OpenStreetMap","ponta_a":"PBA.LM","municipio_a":"PINDAMONHANGABA","ponta_b":"TMB.SB","municipio_b":"TREMEMBE"},"geometry":{"type":"LineString","coordinates":[[-45.459363,-22.932199],[-45.459493,-22.928938],[-45.463286,-22.929079],[-45.463292,-22.928668],[-45.46356,-22.928809],[-45.464096,-22.929369],[-45.464986,-22.930761],[-45.466571,-22.934768],[-45.467188,-22.935391],[-45.469004,-22.936701],[-45.469387,-22.937188],[-45.469509,-22.938943],[-45.469872,-22.939582],[-45.471685,-22.940931],[-45.472511,-22.942661],[-45.473005,-22.943249],[-45.476952,-22.945294],[-45.477431,-22.945813],[-45.478479,-22.947642],[-45.47923,-22.949297],[-45.479867,-22.950067],[-45.486552,-22.953186],[-45.491442,-22.953386],[-45.493332,-22.953692],[-45.495993,-22.955372],[-45.499127,-22.955771],[-45.500616,-22.956592],[-45.500336,-22.957518],[-45.502026,-22.959324],[-45.502552,-22.959191],[-45.506165,-22.956492],[-45.506785,-22.956265],[-45.507517,-22.956254],[-45.510128,-22.956828],[-45.513674,-22.958592],[-45.515812,-22.959937],[-45.519229,-22.960742],[-45.522105,-22.962245],[-45.523058,-22.962291],[-45.532118,-22.960636],[-45.540216,-22.960445],[-45.540292,-22.962303],[-45.540495,-22.962697],[-45.542384,-22.963073],[-45.546401,-22.963528],[-45.54761,-22.964081],[-45.549037,-22.964144],[-45.548971,-22.964255],[-45.547864,-22.96421],[-45.548395,-22.964331]]}},{"type":"Feature","properties":{"id_backbone":"BB-B08F7A0A2D97","trecho":"PDR.PN-PDR.RD","cluster":"BAURU","cabo":"F-0118-00","capacidade":"12","extensao_km":1.893,"confianca":"MEDIA","fonte":"OSRM/OpenStreetMap","ponta_a":"PDR.PN","municipio_a":"PEDERNEIRAS","ponta_b":"PDR.RD","municipio_b":"PEDERNEIRAS"},"geometry":{"type":"LineString","coordinates":[[-48.776679,-22.353388],[-48.776823,-22.353175],[-48.776011,-22.352669],[-48.778478,-22.349064],[-48.78014,-22.348011],[-48.787403,-22.345934],[-48.787439,-22.346046],[-48.787129,-22.346124],[-48.787786,-22.348004],[-48.788115,-22.347919]]}},{"type":"Feature","properties":{"id_backbone":"BB-E9A4B5C76EC8","trecho":"PFA.AG-RLD.AC","cluster":"SAO JOSE DO RIO PRETO","cabo":"F-0059","capacidade":"12","extensao_km":34.675,"confianca":"SEM_REFERENCIA","fonte":"OSRM/OpenStreetMap","ponta_a":"PFA.AG","municipio_a":"PAULO DE FARIA","ponta_b":"RLD.AC","municipio_b":"RIOLANDIA"},"geometry":{"type":"LineString","coordinates":[[-49.398147,-20.031341],[-49.398562,-20.031185],[-49.397699,-20.029157],[-49.39678,-20.028671],[-49.396776,-20.028379],[-49.39769,-20.027573],[-49.40209,-20.022467],[-49.403715,-20.02176],[-49.405227,-20.021699],[-49.406636,-20.0221],[-49.431861,-20.031463],[-49.433584,-20.031987],[-49.498702,-20.045615],[-49.55951,-20.049731],[-49.56108,-20.049773],[-49.562577,-20.049612],[-49.624516,-20.035612],[-49.626544,-20.034713],[-49.658427,-20.017968],[-49.660651,-20.016291],[-49.682785,-19.995785],[-49.682786,-19.99547],[-49.682503,-19.995078],[-49.682285,-19.994334],[-49.680069,-19.981719],[-49.682043,-19.981406],[-49.681866,-19.980405]]}},{"type":"Feature","properties":{"id_backbone":"BB-F11B511C463A","trecho":"PIJ.RD-SIK.AR","cluster":"BAURU","cabo":"F-0329-01","capacidade":"12","extensao_km":20.178,"confianca":"MEDIA","fonte":"OSRM/OpenStreetMap","ponta_a":"PIJ.RD","municipio_a":"PIRAJU","ponta_b":"SIK.AR","municipio_b":"SARUTAIA"},"geometry":{"type":"LineString","coordinates":[[-49.413052,-23.209663],[-49.412508,-23.207276],[-49.410855,-23.206081],[-49.407038,-23.20265],[-49.40482,-23.201246],[-49.401855,-23.20065],[-49.400985,-23.201498],[-49.399912,-23.20173],[-49.398249,-23.200832],[-49.395952,-23.198772],[-49.395465,-23.198634],[-49.391321,-23.198559],[-49.389823,-23.198892],[-49.388306,-23.198929],[-49.387173,-23.199652],[-49.386578,-23.199795],[-49.386646,-23.200985],[-49.385518,-23.20089],[-49.385404,-23.201748],[-49.384917,-23.203083],[-49.383352,-23.205487],[-49.382771,-23.205974],[-49.382188,-23.206047],[-49.381811,-23.20825],[-49.380933,-23.211591],[-49.380565,-23.214621],[-49.381635,-23.215301],[-49.383185,-23.215762],[-49.388386,-23.216495],[-49.389814,-23.217075],[-49.391806,-23.218508],[-49.392858,-23.219967],[-49.393484,-23.221236],[-49.396275,-23.229264],[-49.397477,-23.230778],[-49.399143,-23.231746],[-49.400786,-23.232089],[-49.411757,-23.232962],[-49.416231,-23.231961],[-49.417538,-23.231973],[-49.418859,-23.232301],[-49.419637,-23.232705],[-49.422865,-23.234886],[-49.425472,-23.237484],[-49.441465,-23.257665],[-49.442033,-23.258824],[-49.442171,-23.259743],[-49.442112,-23.260516],[-49.441442,-23.263232],[-49.441529,-23.264033],[-49.442337,-23.265307],[-49.443491,-23.26609],[-49.44625,-23.267502],[-49.450761,-23.269148],[-49.45352,-23.269584],[-49.456362,-23.271593],[-49.457386,-23.271602],[-49.458833,-23.270693],[-49.459473,-23.270558],[-49.461898,-23.271598],[-49.465829,-23.271505],[-49.467294,-23.271866],[-49.46806,-23.272388],[-49.468761,-23.273264],[-49.470961,-23.278283],[-49.471216,-23.278569],[-49.471626,-23.278706],[-49.47227,-23.278546],[-49.475434,-23.277087],[-49.479787,-23.274722],[-49.480077,-23.275121],[-49.4827,-23.273632],[-49.481414,-23.271672],[-49.481632,-23.271548]]}},{"type":"Feature","properties":{"id_backbone":"BB-749A92D02E6D","trecho":"PIMV.PV-ROA.RD","cluster":"ARACATUBA","cabo":"F-0101","capacidade":"12","extensao_km":13.416,"confianca":"SEM_REFERENCIA","fonte":"OSRM/OpenStreetMap","ponta_a":"PIMV.PV","municipio_a":"ROSANA","ponta_b":"ROA.RD","municipio_b":"ROSANA"},"geometry":{"type":"LineString","coordinates":[[-52.944516,-22.530028],[-52.94465,-22.529557],[-52.949467,-22.530665],[-52.990077,-22.540283],[-52.994157,-22.541608],[-53.031199,-22.55796],[-53.050487,-22.568434],[-53.051676,-22.56934],[-53.0525,-22.570386],[-53.054194,-22.573349],[-53.055008,-22.574411],[-53.055444,-22.575501],[-53.057085,-22.578356],[-53.058572,-22.578838],[-53.059143,-22.578573],[-53.059345,-22.57893]]}},{"type":"Feature","properties":{"id_backbone":"BB-20909F7AA22D","trecho":"PJI.PM-RGP.AR","cluster":"BAURU","cabo":"F-0116","capacidade":"24","extensao_km":27.779,"confianca":"SEM_REFERENCIA","fonte":"OSRM/OpenStreetMap","ponta_a":"PJI.PM","municipio_a":"PIRAJUI","ponta_b":"RGP.AR","municipio_b":"REGINOPOLIS"},"geometry":{"type":"LineString","coordinates":[[-49.458266,-21.99439],[-49.458336,-21.994175],[-49.457386,-21.993862],[-49.459152,-21.989521],[-49.454958,-21.987981],[-49.454981,-21.985072],[-49.454803,-21.984656],[-49.454517,-21.984463],[-49.450447,-21.98316],[-49.448397,-21.983498],[-49.446541,-21.983483],[-49.446003,-21.982974],[-49.445648,-21.982892],[-49.445403,-21.982466],[-49.445098,-21.982285],[-49.246278,-21.888159],[-49.244735,-21.887592],[-49.242689,-21.887251],[-49.236902,-21.887204],[-49.23529,-21.887461],[-49.231772,-21.888667],[-49.231215,-21.88905],[-49.230396,-21.888581],[-49.226221,-21.888699]]}},{"type":"Feature","properties":{"id_backbone":"BB-8CBA3690D8F2","trecho":"PLSU.PL-TOP.FP","cluster":"ARACATUBA","cabo":"F-0101","capacidade":"24","extensao_km":30.241,"confianca":"MEDIA","fonte":"OSRM/OpenStreetMap","ponta_a":"PLSU.PL","municipio_a":"TEODORO SAMPAIO","ponta_b":"TOP.FP","municipio_b":"TEODORO SAMPAIO"},"geometry":{"type":"LineString","coordinates":[[-52.243267,-22.309761],[-52.242164,-22.309204],[-52.241759,-22.309928],[-52.24505,-22.313837],[-52.27103,-22.343266],[-52.275779,-22.34886],[-52.276654,-22.369047],[-52.277577,-22.396252],[-52.277262,-22.396646],[-52.276801,-22.396822],[-52.272754,-22.396411],[-52.272155,-22.396529],[-52.271508,-22.396889],[-52.270137,-22.398355],[-52.268486,-22.402149],[-52.268197,-22.40447],[-52.267925,-22.404956],[-52.248224,-22.420257],[-52.241617,-22.424921],[-52.237485,-22.428126],[-52.21745,-22.456533],[-52.196635,-22.486567],[-52.189871,-22.49658],[-52.173891,-22.53051],[-52.170836,-22.529322],[-52.170723,-22.52957]]}},{"type":"Feature","properties":{"id_backbone":"BB-C27CF48F38C9","trecho":"PNR.PR-PUY.PT","cluster":"ARACATUBA","cabo":"F-0012","capacidade":"6","extensao_km":6.67,"confianca":"ALTA","fonte":"OSRM/OpenStreetMap","ponta_a":"PNR.PR","municipio_a":"PANORAMA","ponta_b":"PUY.PT","municipio_b":"PAULICEIA"},"geometry":{"type":"LineString","coordinates":[[-51.856793,-21.356687],[-51.856049,-21.356873],[-51.85619,-21.356548],[-51.855649,-21.35565],[-51.856112,-21.355464],[-51.855292,-21.353705],[-51.856158,-21.353342],[-51.856033,-21.353208],[-51.854784,-21.352411],[-51.854123,-21.352334],[-51.853427,-21.351511],[-51.847411,-21.347695],[-51.84549,-21.346648],[-51.843767,-21.345376],[-51.831617,-21.337662],[-51.8293,-21.336707],[-51.829357,-21.336363],[-51.829993,-21.335509],[-51.830125,-21.334893],[-51.830719,-21.322635],[-51.830514,-21.321246],[-51.830106,-21.32067],[-51.830116,-21.32008],[-51.828603,-21.315833],[-51.829974,-21.315369],[-51.829723,-21.314632],[-51.830434,-21.314414]]}},{"type":"Feature","properties":{"id_backbone":"BB-B40153ADE294","trecho":"PPA.RM-QNN.SJ","cluster":"BAURU","cabo":"F-0307-01","capacidade":"12","extensao_km":15.756,"confianca":"BAIXA","fonte":"OSRM/OpenStreetMap","ponta_a":"PPA.RM","municipio_a":"POMPEIA","ponta_b":"QNN.SJ","municipio_b":"QUINTANA"},"geometry":{"type":"LineString","coordinates":[[-50.177103,-22.108474],[-50.177364,-22.10513],[-50.17898,-22.104214],[-50.178418,-22.10335],[-50.17919,-22.102896],[-50.188286,-22.102056],[-50.188153,-22.102696],[-50.188362,-22.102937],[-50.191398,-22.103794],[-50.192561,-22.10393],[-50.193842,-22.104483],[-50.198136,-22.105635],[-50.199956,-22.105849],[-50.238951,-22.100064],[-50.241157,-22.09994],[-50.247494,-22.100113],[-50.249846,-22.099739],[-50.256697,-22.095656],[-50.25814,-22.094962],[-50.262481,-22.093858],[-50.26967,-22.092457],[-50.270845,-22.092035],[-50.272143,-22.091057],[-50.288541,-22.076664],[-50.289729,-22.075758],[-50.291353,-22.074818],[-50.293205,-22.074071],[-50.300657,-22.071937],[-50.302411,-22.071973],[-50.303578,-22.072298],[-50.305425,-22.073133],[-50.306101,-22.073071],[-50.307479,-22.070876],[-50.304261,-22.069295]]}},{"type":"Feature","properties":{"id_backbone":"BB-436168212087","trecho":"PPE.BG-PPE.JG","cluster":"ARACATUBA","cabo":"F-0123","capacidade":"36","extensao_km":7.29,"confianca":"MEDIA","fonte":"OSRM/OpenStreetMap","ponta_a":"PPE.BG","municipio_a":"PRESIDENTE PRUDENTE","ponta_b":"PPE.JG","municipio_b":"PRESIDENTE PRUDENTE"},"geometry":{"type":"LineString","coordinates":[[-51.404307,-22.138212],[-51.405801,-22.137477],[-51.403961,-22.133417],[-51.399603,-22.129949],[-51.394003,-22.128444],[-51.39198,-22.129251],[-51.383611,-22.113984],[-51.382815,-22.112459],[-51.382828,-22.111935],[-51.382167,-22.111859],[-51.380533,-22.110347],[-51.389708,-22.105932],[-51.39001,-22.105599],[-51.390185,-22.104377],[-51.390058,-22.103926],[-51.389654,-22.103244],[-51.389044,-22.103086],[-51.388759,-22.101938],[-51.387294,-22.099346],[-51.387606,-22.099197],[-51.388779,-22.095753],[-51.388039,-22.093969],[-51.386597,-22.094415],[-51.386554,-22.094285]]}},{"type":"Feature","properties":{"id_backbone":"BB-BE2E053E8990","trecho":"PPE.PS-PPE.SG","cluster":"ARACATUBA","cabo":"F-0106","capacidade":"36","extensao_km":5.773,"confianca":"ALTA","fonte":"OSRM/OpenStreetMap","ponta_a":"PPE.PS","municipio_a":"PRESIDENTE PRUDENTE","ponta_b":"PPE.SG","municipio_b":"PRESIDENTE PRUDENTE"},"geometry":{"type":"LineString","coordinates":[[-51.447499,-22.128746],[-51.445833,-22.128763],[-51.445828,-22.129715],[-51.445112,-22.133013],[-51.44147,-22.134386],[-51.440498,-22.134467],[-51.43957,-22.134291],[-51.436182,-22.133013],[-51.435075,-22.132739],[-51.42778,-22.127348],[-51.427198,-22.12741],[-51.427157,-22.127974],[-51.427537,-22.128119],[-51.428174,-22.127826],[-51.431473,-22.125673],[-51.433074,-22.124429],[-51.433158,-22.123883],[-51.433492,-22.123811],[-51.4336,-22.123532],[-51.434873,-22.113191],[-51.434871,-22.110997],[-51.434191,-22.108628],[-51.431742,-22.108965],[-51.431743,-22.109419],[-51.431186,-22.109666]]}},{"type":"Feature","properties":{"id_backbone":"BB-B6346C9F7D16","trecho":"PPE.RB-PPE.SG","cluster":"ARACATUBA","cabo":"F-0101","capacidade":"12","extensao_km":5.309,"confianca":"ALTA","fonte":"OSRM/OpenStreetMap","ponta_a":"PPE.RB","municipio_a":"PRESIDENTE PRUDENTE","ponta_b":"PPE.SG","municipio_b":"PRESIDENTE PRUDENTE"},"geometry":{"type":"LineString","coordinates":[[-51.386782,-22.12525],[-51.386517,-22.125375],[-51.386966,-22.126212],[-51.40378,-22.11829],[-51.404101,-22.117986],[-51.404725,-22.117836],[-51.407418,-22.116572],[-51.408998,-22.116123],[-51.411441,-22.116026],[-51.412094,-22.114952],[-51.412109,-22.114351],[-51.412304,-22.114179],[-51.412809,-22.114362],[-51.415534,-22.114179],[-51.421395,-22.114103],[-51.423194,-22.11364],[-51.425771,-22.111561],[-51.430138,-22.109537],[-51.430399,-22.110016],[-51.431186,-22.109666]]}},{"type":"Feature","properties":{"id_backbone":"BB-9ABEEA3D534C","trecho":"PPJ.PJ-SPB.SP","cluster":"OSASCO","cabo":"F-0705","capacidade":"12","extensao_km":14.312,"confianca":"ALTA","fonte":"OSRM/OpenStreetMap","ponta_a":"PPJ.PJ","municipio_a":"PIRAPORA DO BOM JESUS","ponta_b":"SPB.SP","municipio_b":"SANTANA DE PARNAIBA"},"geometry":{"type":"LineString","coordinates":[[-47.005165,-23.397652],[-47.006012,-23.398197],[-47.006522,-23.397784],[-47.006707,-23.397829],[-47.006001,-23.39828],[-47.005033,-23.397706],[-47.00463,-23.39775],[-47.004621,-23.398869],[-47.003895,-23.399476],[-47.004325,-23.400238],[-47.004328,-23.401068],[-47.003697,-23.401902],[-47.003531,-23.402751],[-47.002823,-23.402754],[-47.002812,-23.402419],[-47.003239,-23.40206],[-47.003105,-23.401749],[-47.002873,-23.401704],[-47.001221,-23.402158],[-47.000318,-23.402904],[-46.997437,-23.404702],[-46.995914,-23.405034],[-46.994491,-23.404817],[-46.993661,-23.405746],[-46.992716,-23.406475],[-46.991505,-23.407037],[-46.99147,-23.407654],[-46.99134,-23.407768],[-46.990132,-23.407298],[-46.989421,-23.407751],[-46.988657,-23.407763],[-46.988253,-23.408025],[-46.98753,-23.407586],[-46.98655,-23.407485],[-46.98605,-23.407078],[-46.985692,-23.407001],[-46.984732,-23.407337],[-46.983088,-23.408559],[-46.981083,-23.409292],[-46.970463,-23.409639],[-46.963497,-23.409591],[-46.962093,-23.409815],[-46.957647,-23.408753],[-46.9568,-23.40827],[-46.95582,-23.408279],[-46.954889,-23.40782],[-46.953659,-23.407758],[-46.95275,-23.407891],[-46.952345,-23.408282],[-46.951553,-23.409865],[-46.950731,-23.410208],[-46.95048,-23.410464],[-46.950797,-23.412207],[-46.950191,-23.414253],[-46.949537,-23.417595],[-46.948557,-23.419174],[-46.947961,-23.419761],[-46.945574,-23.420714],[-46.944896,-23.421366],[-46.944749,-23.422126],[-46.945453,-23.423047],[-46.94589,-23.424899],[-46.945618,-23.425167],[-46.944666,-23.425258],[-46.944016,-23.425643],[-46.943747,-23.426048],[-46.943357,-23.427373],[-46.942922,-23.427914],[-46.941273,-23.428452],[-46.940256,-23.429495],[-46.93855,-23.429958],[-46.935024,-23.432489],[-46.933476,-23.432484],[-46.930414,-23.43426],[-46.928185,-23.43422],[-46.927391,-23.434399],[-46.927015,-23.43473],[-46.926532,-23.435875],[-46.926075,-23.436293],[-46.92532,-23.436261],[-46.924825,-23.435397],[-46.924237,-23.43521],[-46.923469,-23.43559],[-46.92257,-23.436373],[-46.922207,-23.436414],[-46.921528,-23.436149],[-46.920993,-23.436247],[-46.919474,-23.438509],[-46.919331,-23.439228],[-46.919367,-23.44199],[-46.918796,-23.443112],[-46.918045,-23.444131],[-46.916698,-23.443963],[-46.915497,-23.444008],[-46.914278,-23.444282],[-46.912548,-23.444324],[-46.912051,-23.444505],[-46.911893,-23.444254],[-46.912288,-23.443325],[-46.91214,-23.442105]]}},{"type":"Feature","properties":{"id_backbone":"BB-ECB0798E70B0","trecho":"PQB.PQ-SAO.VM","cluster":"ARACATUBA","cabo":"F-0110","capacidade":"12","extensao_km":20.89,"confianca":"BAIXA","fonte":"OSRM/OpenStreetMap","ponta_a":"PQB.PQ","municipio_a":"PIQUEROBI","ponta_b":"SAO.VM","municipio_b":"SANTO ANASTACIO"},"geometry":{"type":"LineString","coordinates":[[-51.728501,-21.886383],[-51.73082,-21.886448],[-51.730725,-21.88958],[-51.732118,-21.889626],[-51.73196,-21.895577],[-51.732087,-21.896646],[-51.737841,-21.909953],[-51.734922,-21.922658],[-51.734963,-21.925002],[-51.735578,-21.926903],[-51.73699,-21.928983],[-51.738988,-21.930564],[-51.740382,-21.931226],[-51.745333,-21.932877],[-51.746069,-21.933281],[-51.746874,-21.934122],[-51.748587,-21.936719],[-51.749065,-21.936995],[-51.749086,-21.937465],[-51.749365,-21.937928],[-51.749955,-21.938169],[-51.749956,-21.938466],[-51.749716,-21.938585],[-51.749277,-21.93831],[-51.748694,-21.938357],[-51.745866,-21.939719],[-51.669442,-21.982164],[-51.657489,-21.988667],[-51.65415,-21.990636],[-51.654111,-21.991431],[-51.654639,-21.991615],[-51.654974,-21.991352],[-51.654983,-21.99079],[-51.654289,-21.98568],[-51.653963,-21.985104],[-51.654208,-21.984745],[-51.654085,-21.981522],[-51.65455,-21.980102],[-51.654271,-21.976898],[-51.653969,-21.973998],[-51.652931,-21.974049],[-51.653013,-21.973912]]}},{"type":"Feature","properties":{"id_backbone":"BB-4AAFB13DAD78","trecho":"PRIS.PA-VOT.RP","cluster":"SAO JOSE DO RIO PRETO","cabo":"F-0011","capacidade":"6","extensao_km":16.403,"confianca":"ALTA","fonte":"OSRM/OpenStreetMap","ponta_a":"PRIS.PA","municipio_a":"PARISI","ponta_b":"VOT.RP","municipio_b":"VOTUPORANGA"},"geometry":{"type":"LineString","coordinates":[[-50.011108,-20.303846],[-50.011332,-20.304898],[-50.00762,-20.305747],[-50.00699,-20.306149],[-50.00647,-20.306805],[-50.005403,-20.310071],[-50.001048,-20.32087],[-49.995181,-20.336577],[-49.985043,-20.360434],[-49.985043,-20.36148],[-49.987,-20.380273],[-49.986587,-20.381627],[-49.9858,-20.382366],[-49.985876,-20.383169],[-49.991763,-20.400293],[-49.992311,-20.401223],[-49.992697,-20.401242],[-49.99296,-20.400989],[-49.992955,-20.400705],[-49.99276,-20.40049],[-49.992113,-20.400477],[-49.986813,-20.402532],[-49.976582,-20.40687],[-49.970461,-20.409997],[-49.969678,-20.410944],[-49.96494,-20.413573],[-49.96725,-20.415784],[-49.971074,-20.417372],[-49.970739,-20.41939],[-49.973169,-20.419735]]}},{"type":"Feature","properties":{"id_backbone":"BB-79D72700B5B9","trecho":"PSG.AO-RLD.AC","cluster":"SAO JOSE DO RIO PRETO","cabo":"TR-0136","capacidade":"36","extensao_km":28.611,"confianca":"ALTA","fonte":"OSRM/OpenStreetMap","ponta_a":"PSG.AO","municipio_a":"PONTES GESTAL","ponta_b":"RLD.AC","municipio_b":"RIOLANDIA"},"geometry":{"type":"LineString","coordinates":[[-49.701914,-20.182827],[-49.702167,-20.182628],[-49.700441,-20.180613],[-49.692104,-20.171592],[-49.691745,-20.171682],[-49.685954,-20.17628],[-49.685775,-20.17666],[-49.685572,-20.176688],[-49.685094,-20.176203],[-49.667897,-20.165728],[-49.666075,-20.164225],[-49.664653,-20.162593],[-49.655616,-20.149043],[-49.654028,-20.146061],[-49.653491,-20.143563],[-49.653354,-20.132102],[-49.653142,-20.130553],[-49.652686,-20.128843],[-49.651621,-20.126483],[-49.637727,-20.099637],[-49.636794,-20.097331],[-49.636357,-20.095187],[-49.636159,-20.069359],[-49.636361,-20.067327],[-49.640541,-20.041647],[-49.640702,-20.038268],[-49.640559,-20.028411],[-49.640158,-20.027429],[-49.659199,-20.017485],[-49.660651,-20.016291],[-49.682785,-19.995785],[-49.682786,-19.99547],[-49.682503,-19.995078],[-49.682285,-19.994334],[-49.680069,-19.981719],[-49.682043,-19.981406],[-49.681866,-19.980405]]}},{"type":"Feature","properties":{"id_backbone":"BB-4C3B121C0E96","trecho":"PTF.MF-SRQ.PM","cluster":"CAMPINAS","cabo":"TR # 283","capacidade":"36","extensao_km":26.304,"confianca":"MEDIA","fonte":"OSRM/OpenStreetMap","ponta_a":"PTF.MF","municipio_a":"PORTO FERREIRA","ponta_b":"SRQ.PM","municipio_b":"SANTA RITA DO PASSA QUATRO"},"geometry":{"type":"LineString","coordinates":[[-47.485185,-21.857008],[-47.485176,-21.856709],[-47.487016,-21.85656],[-47.48672,-21.851219],[-47.493837,-21.850677],[-47.494659,-21.850579],[-47.494847,-21.850351],[-47.495065,-21.848143],[-47.495154,-21.826935],[-47.495267,-21.824241],[-47.495624,-21.821624],[-47.496576,-21.817705],[-47.498126,-21.813434],[-47.500869,-21.808248],[-47.50315,-21.804951],[-47.505736,-21.801753],[-47.508521,-21.799115],[-47.561483,-21.757657],[-47.562122,-21.756689],[-47.5623,-21.754989],[-47.562167,-21.754333],[-47.561822,-21.753742],[-47.560768,-21.752976],[-47.524417,-21.737093],[-47.521668,-21.736361],[-47.496197,-21.73097],[-47.495107,-21.730857],[-47.49415,-21.730977],[-47.493961,-21.730782],[-47.494056,-21.730495],[-47.494714,-21.73028],[-47.495823,-21.72954],[-47.496326,-21.729119],[-47.496493,-21.728508],[-47.492301,-21.713012],[-47.491905,-21.712521],[-47.484766,-21.707154],[-47.484092,-21.706964],[-47.484557,-21.705729],[-47.484856,-21.705789]]}},{"type":"Feature","properties":{"id_backbone":"BB-D4F85F7A7FFA","trecho":"PVIO.PV-SPB.CL","cluster":"JUNDIAI","cabo":"X-0001","capacidade":"12","extensao_km":5.087,"confianca":"SEM_REFERENCIA","fonte":"OSRM/OpenStreetMap","ponta_a":"PVIO.PV","municipio_a":"CAJAMAR","ponta_b":"SPB.CL","municipio_b":"SANTANA DE PARNAIBA"},"geometry":{"type":"LineString","coordinates":[[-46.844464,-23.405893],[-46.843808,-23.405214],[-46.842678,-23.405386],[-46.842409,-23.409382],[-46.839763,-23.409897],[-46.838196,-23.409928],[-46.831737,-23.409415],[-46.82806,-23.409588],[-46.826259,-23.409457],[-46.825529,-23.409866],[-46.825332,-23.410611],[-46.824385,-23.411747],[-46.822997,-23.412517],[-46.822895,-23.413588],[-46.822579,-23.414713],[-46.821556,-23.415768],[-46.821698,-23.417372],[-46.821017,-23.418234],[-46.821228,-23.420162],[-46.821333,-23.420527],[-46.822142,-23.421178],[-46.822882,-23.422267],[-46.823256,-23.422515],[-46.824085,-23.422302],[-46.824504,-23.422415],[-46.826024,-23.424018],[-46.826391,-23.427389],[-46.826005,-23.428444],[-46.82541,-23.428237],[-46.825229,-23.428713]]}},{"type":"Feature","properties":{"id_backbone":"BB-479330CA5449","trecho":"QUIR.QM-TTE.CN","cluster":"SAO JOSE DOS CAMPOS","cabo":"F-0146","capacidade":"36","extensao_km":9.36,"confianca":"ALTA","fonte":"OSRM/OpenStreetMap","ponta_a":"QUIR.QM","municipio_a":"TAUBATE","ponta_b":"TTE.CN","municipio_b":"TAUBATE"},"geometry":{"type":"LineString","coordinates":[[-45.625856,-23.027815],[-45.624823,-23.028944],[-45.624658,-23.028823],[-45.622176,-23.029355],[-45.621051,-23.029909],[-45.620946,-23.030202],[-45.621509,-23.030427],[-45.621637,-23.030784],[-45.621394,-23.030993],[-45.620859,-23.030962],[-45.617851,-23.029916],[-45.61682,-23.029385],[-45.615212,-23.028193],[-45.61458,-23.028047],[-45.613722,-23.027555],[-45.60565,-23.027037],[-45.603973,-23.027197],[-45.602553,-23.026897],[-45.598532,-23.02662],[-45.594282,-23.025489],[-45.593181,-23.025423],[-45.591672,-23.024716],[-45.588439,-23.02379],[-45.586994,-23.023613],[-45.586154,-23.023725],[-45.584908,-23.024436],[-45.584287,-23.024515],[-45.580482,-23.025948],[-45.580227,-23.025795],[-45.580232,-23.024957],[-45.579723,-23.024529],[-45.575865,-23.024195],[-45.573587,-23.024853],[-45.567869,-23.025721],[-45.567707,-23.025848],[-45.567881,-23.026796],[-45.564714,-23.031949],[-45.558389,-23.02809],[-45.55675,-23.029853],[-45.555462,-23.03094],[-45.556218,-23.031436],[-45.556138,-23.031541],[-45.554059,-23.029999],[-45.553279,-23.028243],[-45.552758,-23.028413],[-45.55305,-23.02915]]}},{"type":"Feature","properties":{"id_backbone":"BB-883BA5B6DB7F","trecho":"RCO.AD-RCO.JF","cluster":"CAMPINAS","cabo":"F-0211","capacidade":"24","extensao_km":4.193,"confianca":"SEM_REFERENCIA","fonte":"OSRM/OpenStreetMap","ponta_a":"RCO.AD","municipio_a":"RIO CLARO","ponta_b":"RCO.JF","municipio_b":"RIO CLARO"},"geometry":{"type":"LineString","coordinates":[[-47.56092,-22.408285],[-47.560565,-22.40817],[-47.561153,-22.406476],[-47.559299,-22.405918],[-47.562975,-22.395701],[-47.560843,-22.394943],[-47.559829,-22.39488],[-47.559257,-22.394406],[-47.556325,-22.382013],[-47.556339,-22.381593],[-47.556493,-22.381423],[-47.556756,-22.381469],[-47.556995,-22.381797],[-47.55771,-22.381646],[-47.557011,-22.378717],[-47.556313,-22.378861],[-47.556525,-22.379775]]}},{"type":"Feature","properties":{"id_backbone":"BB-EA0D2DAFE32E","trecho":"RDP.MB-RDP.PM","cluster":"CAMPINAS","cabo":null,"capacidade":"6","extensao_km":0.434,"confianca":"SEM_REFERENCIA","fonte":"OSRM/OpenStreetMap","ponta_a":"RDP.MB","municipio_a":"RIO DAS PEDRAS","ponta_b":"RDP.PM","municipio_b":"RIO DAS PEDRAS"},"geometry":{"type":"LineString","coordinates":[[-47.603352,-22.840557],[-47.603932,-22.840972],[-47.60259,-22.842604],[-47.603397,-22.843528]]}},{"type":"Feature","properties":{"id_backbone":"BB-56FC678F4380","trecho":"ROBE.RD-ROBE.RO","cluster":"SAO JOSE DO RIO PRETO","cabo":"F-0089","capacidade":"12","extensao_km":1.237,"confianca":"ALTA","fonte":"OSRM/OpenStreetMap","ponta_a":"ROBE.RD","municipio_a":"PINDORAMA","ponta_b":"ROBE.RO","municipio_b":"PINDORAMA"},"geometry":{"type":"LineString","coordinates":[[-48.98277,-21.265062],[-48.981097,-21.262829],[-48.98005,-21.260604],[-48.979234,-21.259719],[-48.976233,-21.257691],[-48.975368,-21.258784]]}},{"type":"Feature","properties":{"id_backbone":"BB-B0F115BE3E4E","trecho":"SAFP.EN-SAFP.FP","cluster":"SAO JOSE DOS CAMPOS","cabo":"F-0109","capacidade":"12","extensao_km":7.873,"confianca":"BAIXA","fonte":"OSRM/OpenStreetMap","ponta_a":"SAFP.EN","municipio_a":"SAO SEBASTIAO","ponta_b":"SAFP.FP","municipio_b":"SAO SEBASTIAO"},"geometry":{"type":"LineString","coordinates":[[-45.425864,-23.720632],[-45.425439,-23.720419],[-45.425679,-23.719753],[-45.425471,-23.719724],[-45.421039,-23.726483],[-45.420316,-23.727031],[-45.41952,-23.727048],[-45.418121,-23.72646],[-45.417506,-23.72637],[-45.416328,-23.727089],[-45.415687,-23.727141],[-45.414639,-23.726782],[-45.414245,-23.726361],[-45.413992,-23.725541],[-45.413714,-23.725277],[-45.413242,-23.725302],[-45.412849,-23.725723],[-45.412485,-23.725814],[-45.409796,-23.72486],[-45.409388,-23.725079],[-45.409041,-23.725913],[-45.408,-23.726416],[-45.407914,-23.727286],[-45.407475,-23.727623],[-45.406943,-23.727464],[-45.404457,-23.725881],[-45.402711,-23.726285],[-45.402453,-23.726576],[-45.402449,-23.726863],[-45.403913,-23.728505],[-45.404238,-23.729716],[-45.40412,-23.730287],[-45.402601,-23.731608],[-45.399978,-23.732932],[-45.399555,-23.733413],[-45.399542,-23.733855],[-45.399897,-23.734568],[-45.400239,-23.736754],[-45.400648,-23.737122],[-45.401685,-23.737529],[-45.402252,-23.738005],[-45.402417,-23.739122],[-45.402858,-23.739988],[-45.403407,-23.740358],[-45.404556,-23.740743],[-45.405136,-23.741649],[-45.407947,-23.744959],[-45.40862,-23.746645],[-45.40932,-23.747901],[-45.411648,-23.749576],[-45.412207,-23.752408],[-45.412677,-23.753678],[-45.412865,-23.755533],[-45.412807,-23.756228],[-45.412548,-23.75625],[-45.411095,-23.758194],[-45.411374,-23.758342]]}},{"type":"Feature","properties":{"id_backbone":"BB-EC4A34D8A158","trecho":"SCL.AE-SCL.VP","cluster":"RIBEIRAO PRETO","cabo":"TR #1497","capacidade":"24","extensao_km":4.532,"confianca":"BAIXA","fonte":"OSRM/OpenStreetMap","ponta_a":"SCL.AE","municipio_a":"SAO CARLOS","ponta_b":"SCL.VP","municipio_b":"SAO CARLOS"},"geometry":{"type":"LineString","coordinates":[[-47.895002,-21.9976],[-47.895027,-21.998047],[-47.894323,-21.998065],[-47.894331,-21.998701],[-47.892896,-21.99873],[-47.892907,-21.999398],[-47.891523,-21.999439],[-47.891314,-22.002408],[-47.891028,-22.002963],[-47.891004,-22.004985],[-47.88996,-22.005048],[-47.889419,-22.026568],[-47.890456,-22.026387],[-47.890289,-22.031491],[-47.890508,-22.032026],[-47.890856,-22.032281],[-47.891153,-22.032034],[-47.891324,-22.032204]]}},{"type":"Feature","properties":{"id_backbone":"BB-7B71FD35AB5F","trecho":"SCL.NJ-SCL.VP","cluster":"RIBEIRAO PRETO","cabo":"F-0322","capacidade":"72","extensao_km":2.159,"confianca":"BAIXA","fonte":"OSRM/OpenStreetMap","ponta_a":"SCL.NJ","municipio_a":"SAO CARLOS","ponta_b":"SCL.VP","municipio_b":"SAO CARLOS"},"geometry":{"type":"LineString","coordinates":[[-47.892001,-22.016025],[-47.893713,-22.016046],[-47.893627,-22.019438],[-47.893835,-22.019714],[-47.893624,-22.01989],[-47.893401,-22.027434],[-47.892461,-22.030177],[-47.890662,-22.03212],[-47.890856,-22.032281],[-47.891153,-22.032034],[-47.891324,-22.032204]]}},{"type":"Feature","properties":{"id_backbone":"BB-EA7CB4719D2D","trecho":"SCP.MB-SCP.RD","cluster":"BAURU","cabo":"F-0332-00","capacidade":"36","extensao_km":8.641,"confianca":"ALTA","fonte":"OSRM/OpenStreetMap","ponta_a":"SCP.MB","municipio_a":"SANTA CRUZ DO RIO PARDO","ponta_b":"SCP.RD","municipio_b":"SANTA CRUZ DO RIO PARDO"},"geometry":{"type":"LineString","coordinates":[[-49.627649,-22.901344],[-49.628246,-22.901787],[-49.632422,-22.897055],[-49.633114,-22.896887],[-49.633312,-22.896209],[-49.636704,-22.892656],[-49.634624,-22.890974],[-49.634224,-22.890444],[-49.626059,-22.869843],[-49.625997,-22.86918],[-49.62635,-22.868781],[-49.626386,-22.868392],[-49.626167,-22.867855],[-49.626517,-22.867422],[-49.629533,-22.861202],[-49.634468,-22.857578],[-49.635249,-22.856634],[-49.641745,-22.842058],[-49.64211,-22.838849],[-49.642425,-22.8375],[-49.644604,-22.838171],[-49.645375,-22.838031]]}},{"type":"Feature","properties":{"id_backbone":"BB-B7D614787C69","trecho":"SFL.DZ-SFL.RD","cluster":"SAO JOSE DO RIO PRETO","cabo":"F-0018","capacidade":"36","extensao_km":2.279,"confianca":"ALTA","fonte":"OSRM/OpenStreetMap","ponta_a":"SFL.DZ","municipio_a":"SANTA FE DO SUL","ponta_b":"SFL.RD","municipio_b":"SANTA FE DO SUL"},"geometry":{"type":"LineString","coordinates":[[-50.925696,-20.20809],[-50.925761,-20.208629],[-50.924728,-20.208738],[-50.924376,-20.205829],[-50.919787,-20.206361],[-50.907465,-20.204569]]}},{"type":"Feature","properties":{"id_backbone":"BB-4F51FA2810E3","trecho":"SJC.BE-SJC.JS","cluster":"SAO JOSE DOS CAMPOS","cabo":"F-0118","capacidade":"36","extensao_km":4.373,"confianca":"ALTA","fonte":"OSRM/OpenStreetMap","ponta_a":"SJC.BE","municipio_a":"SAO JOSE DOS CAMPOS","ponta_b":"SJC.JS","municipio_b":"SAO JOSE DOS CAMPOS"},"geometry":{"type":"LineString","coordinates":[[-45.884541,-23.243384],[-45.884447,-23.241696],[-45.885081,-23.241663],[-45.884628,-23.234595],[-45.884736,-23.234413],[-45.884848,-23.23522],[-45.890542,-23.234898],[-45.890964,-23.234685],[-45.891938,-23.235343],[-45.892092,-23.235215],[-45.89188,-23.233779],[-45.892166,-23.231306],[-45.892895,-23.232004],[-45.901581,-23.231737],[-45.903935,-23.236706],[-45.905391,-23.236078],[-45.904507,-23.234197]]}},{"type":"Feature","properties":{"id_backbone":"BB-89F5FF135226","trecho":"SJC.JS-SJC.RH","cluster":"SAO JOSE DOS CAMPOS","cabo":"F-0119","capacidade":"72","extensao_km":6.015,"confianca":"BAIXA","fonte":"OSRM/OpenStreetMap","ponta_a":"SJC.JS","municipio_a":"SAO JOSE DOS CAMPOS","ponta_b":"SJC.RH","municipio_b":"SAO JOSE DOS CAMPOS"},"geometry":{"type":"LineString","coordinates":[[-45.904507,-23.234197],[-45.90208,-23.229147],[-45.901833,-23.229261],[-45.901832,-23.226348],[-45.900905,-23.226343],[-45.900851,-23.214371],[-45.900779,-23.213472],[-45.900509,-23.212707],[-45.899732,-23.21184],[-45.893477,-23.208431],[-45.891589,-23.206143],[-45.889681,-23.20477],[-45.888079,-23.203061],[-45.887556,-23.202099],[-45.885685,-23.200366],[-45.886233,-23.197485],[-45.885377,-23.193079],[-45.885383,-23.19207],[-45.886012,-23.18859],[-45.886388,-23.188621]]}},{"type":"Feature","properties":{"id_backbone":"BB-B48D88DE0228","trecho":"SJC.RH-TTE.CN","cluster":"SAO JOSE DOS CAMPOS","cabo":"F-0146","capacidade":"36","extensao_km":41.121,"confianca":"BAIXA","fonte":"OSRM/OpenStreetMap","ponta_a":"SJC.RH","municipio_a":"SAO JOSE DOS CAMPOS","ponta_b":"TTE.CN","municipio_b":"TAUBATE"},"geometry":{"type":"LineString","coordinates":[[-45.886388,-23.188621],[-45.887062,-23.188676],[-45.88723,-23.187366],[-45.8811,-23.18621],[-45.879894,-23.186443],[-45.879718,-23.186559],[-45.878894,-23.18853],[-45.877744,-23.190329],[-45.875245,-23.192932],[-45.871292,-23.191043],[-45.868662,-23.19349],[-45.868186,-23.194231],[-45.866546,-23.19564],[-45.865851,-23.19583],[-45.865686,-23.195506],[-45.866323,-23.193225],[-45.866082,-23.1928],[-45.865366,-23.192236],[-45.857563,-23.18838],[-45.855794,-23.187655],[-45.845157,-23.182285],[-45.840388,-23.180163],[-45.838355,-23.179087],[-45.836578,-23.177845],[-45.74268,-23.130633],[-45.70446,-23.111109],[-45.699577,-23.10799],[-45.65367,-23.076424],[-45.648224,-23.073363],[-45.60501,-23.051834],[-45.598873,-23.049207],[-45.593126,-23.047277],[-45.563913,-23.039747],[-45.561609,-23.03939],[-45.558546,-23.038211],[-45.558274,-23.038325],[-45.558114,-23.038923],[-45.557943,-23.038975],[-45.557141,-23.037799],[-45.556925,-23.037228],[-45.556974,-23.033799],[-45.556717,-23.031932],[-45.554059,-23.029999],[-45.553279,-23.028243],[-45.552758,-23.028413],[-45.55305,-23.02915]]}},{"type":"Feature","properties":{"id_backbone":"BB-C2325833F23F","trecho":"SJNO.SA-SRE.SR","cluster":"OSASCO","cabo":"F-0399","capacidade":"36","extensao_km":11.21,"confianca":"MEDIA","fonte":"OSRM/OpenStreetMap","ponta_a":"SJNO.SA","municipio_a":"SAO ROQUE","ponta_b":"SRE.SR","municipio_b":"SAO ROQUE"},"geometry":{"type":"LineString","coordinates":[[-47.152827,-23.454715],[-47.152364,-23.454027],[-47.153638,-23.453396],[-47.155002,-23.4542],[-47.156339,-23.454427],[-47.156729,-23.454681],[-47.157295,-23.45567],[-47.157589,-23.458472],[-47.15791,-23.459855],[-47.157448,-23.460478],[-47.155861,-23.461765],[-47.155852,-23.462055],[-47.156404,-23.463297],[-47.156115,-23.464151],[-47.154633,-23.465747],[-47.152185,-23.467564],[-47.151262,-23.46851],[-47.150833,-23.47018],[-47.151356,-23.473329],[-47.150745,-23.474532],[-47.150028,-23.474651],[-47.147122,-23.473139],[-47.146443,-23.473168],[-47.145891,-23.473716],[-47.145872,-23.477463],[-47.145621,-23.478098],[-47.144921,-23.479041],[-47.144961,-23.479883],[-47.144712,-23.480709],[-47.143826,-23.481769],[-47.143735,-23.482103],[-47.143795,-23.482851],[-47.144769,-23.485345],[-47.144806,-23.487056],[-47.144377,-23.48754],[-47.142146,-23.487819],[-47.140762,-23.488446],[-47.140518,-23.48877],[-47.140483,-23.489508],[-47.141072,-23.49228],[-47.142961,-23.513061],[-47.142326,-23.514166],[-47.141512,-23.514832],[-47.14022,-23.516628],[-47.139972,-23.519271],[-47.135533,-23.523966],[-47.134185,-23.524201],[-47.133284,-23.524812],[-47.134312,-23.526825],[-47.13331,-23.527591],[-47.135187,-23.529727],[-47.134481,-23.530738],[-47.135044,-23.531086],[-47.135457,-23.530778],[-47.135655,-23.530936]]}},{"type":"Feature","properties":{"id_backbone":"BB-9A8C43A152D5","trecho":"SJV.CB-VGS.VJ","cluster":"CAMPINAS","cabo":"F-0155","capacidade":"24","extensao_km":22.905,"confianca":"ALTA","fonte":"OSRM/OpenStreetMap","ponta_a":"SJV.CB","municipio_a":"SAO JOAO DA BOA VISTA","ponta_b":"VGS.VJ","municipio_b":"VARGEM GRANDE DO SUL"},"geometry":{"type":"LineString","coordinates":[[-46.810531,-21.996232],[-46.81338,-21.997568],[-46.813442,-21.997279],[-46.81508,-21.996344],[-46.815459,-21.995394],[-46.816703,-21.994026],[-46.816593,-21.993461],[-46.81631,-21.993026],[-46.815318,-21.992365],[-46.814738,-21.992232],[-46.813974,-21.99149],[-46.814981,-21.989298],[-46.814827,-21.988411],[-46.815147,-21.987373],[-46.816145,-21.986192],[-46.816108,-21.984978],[-46.816302,-21.984508],[-46.815801,-21.984041],[-46.816446,-21.983627],[-46.817023,-21.982806],[-46.817608,-21.982561],[-46.819299,-21.980581],[-46.835077,-21.961551],[-46.836953,-21.958674],[-46.860258,-21.905443],[-46.860932,-21.903986],[-46.863162,-21.900096],[-46.865523,-21.89345],[-46.877941,-21.865302],[-46.878359,-21.864026],[-46.878843,-21.861551],[-46.880706,-21.85501],[-46.882429,-21.851595],[-46.883997,-21.849734],[-46.885426,-21.848884],[-46.890053,-21.847219],[-46.891272,-21.846626],[-46.894805,-21.84551],[-46.897271,-21.844372],[-46.901764,-21.842738],[-46.890681,-21.828603],[-46.891438,-21.828077],[-46.891619,-21.828317]]}},{"type":"Feature","properties":{"id_backbone":"BB-5649C2B65B6C","trecho":"SLO.EP-SLO.ST","cluster":"JUNDIAI","cabo":"F-0681","capacidade":"12","extensao_km":11.907,"confianca":"SEM_REFERENCIA","fonte":"OSRM/OpenStreetMap","ponta_a":"SLO.EP","municipio_a":"SALTO","ponta_b":"SLO.ST","municipio_b":"SALTO"},"geometry":{"type":"LineString","coordinates":[[-47.346431,-23.162328],[-47.345616,-23.162361],[-47.343873,-23.162832],[-47.342057,-23.164477],[-47.339641,-23.166241],[-47.338538,-23.167861],[-47.338081,-23.168143],[-47.331545,-23.178242],[-47.330454,-23.180165],[-47.326275,-23.190729],[-47.325098,-23.194512],[-47.321508,-23.211281],[-47.321251,-23.213447],[-47.321447,-23.213618],[-47.321777,-23.213541],[-47.321679,-23.212409],[-47.32194,-23.211058],[-47.320485,-23.210764],[-47.30976,-23.212248],[-47.30897,-23.212145],[-47.307609,-23.211662],[-47.304484,-23.21188],[-47.303321,-23.211412],[-47.300433,-23.211294],[-47.29851,-23.211495],[-47.297311,-23.212369],[-47.29667,-23.212588],[-47.296606,-23.212806],[-47.299626,-23.219325],[-47.299385,-23.21938],[-47.299051,-23.218821],[-47.298679,-23.217474],[-47.29643,-23.212804],[-47.295579,-23.213782],[-47.295054,-23.215175],[-47.293641,-23.215838],[-47.294202,-23.217242],[-47.294133,-23.217794],[-47.293723,-23.218201]]}},{"type":"Feature","properties":{"id_backbone":"BB-361E97C24E32","trecho":"SMY.JA-SPD.VA","cluster":"CAMPINAS","cabo":"F-0074","capacidade":"12","extensao_km":28.158,"confianca":"ALTA","fonte":"OSRM/OpenStreetMap","ponta_a":"SMY.JA","municipio_a":"SANTA MARIA DA SERRA","ponta_b":"SPD.VA","municipio_b":"SAO PEDRO"},"geometry":{"type":"LineString","coordinates":[[-48.160806,-22.566734],[-48.159662,-22.567271],[-48.160527,-22.568856],[-48.156222,-22.570808],[-48.140124,-22.571295],[-48.139243,-22.571542],[-48.139054,-22.571434],[-48.139063,-22.57125],[-48.136256,-22.569787],[-48.133256,-22.568637],[-48.115528,-22.564519],[-48.112556,-22.564029],[-48.109922,-22.564009],[-48.084229,-22.566279],[-48.065764,-22.565088],[-48.061782,-22.564989],[-48.058732,-22.564687],[-48.056958,-22.565002],[-48.055608,-22.565541],[-48.046609,-22.571474],[-48.045332,-22.572112],[-48.04339,-22.572745],[-48.041719,-22.572935],[-48.022903,-22.57298],[-48.020749,-22.572526],[-48.019196,-22.571781],[-48.015561,-22.568722],[-48.014272,-22.567877],[-48.012706,-22.567248],[-48.01094,-22.566948],[-47.969621,-22.567645],[-47.965098,-22.567093],[-47.951724,-22.563827],[-47.949037,-22.563503],[-47.930463,-22.564803],[-47.929076,-22.565077],[-47.928074,-22.565019],[-47.925609,-22.565289],[-47.925524,-22.565119],[-47.925642,-22.564978],[-47.926709,-22.565022],[-47.927065,-22.564668],[-47.926489,-22.55755],[-47.926021,-22.556458],[-47.92256,-22.553214],[-47.921319,-22.551619],[-47.91419,-22.551642],[-47.914178,-22.549864],[-47.913186,-22.549883],[-47.913193,-22.550005]]}},{"type":"Feature","properties":{"id_backbone":"BB-64A5A3D5242B","trecho":"SNTU.SU-UBAA.UB","cluster":"SAO JOSE DO RIO PRETO","cabo":"TR-0095","capacidade":"48","extensao_km":9.302,"confianca":"ALTA","fonte":"OSRM/OpenStreetMap","ponta_a":"SNTU.SU","municipio_a":"JOSE BONIFACIO","ponta_b":"UBAA.UB","municipio_b":"UBARANA"},"geometry":{"type":"LineString","coordinates":[[-49.789501,-21.131793],[-49.789855,-21.131831],[-49.789737,-21.132763],[-49.786355,-21.132385],[-49.776832,-21.137239],[-49.775531,-21.137562],[-49.772766,-21.137852],[-49.771803,-21.138217],[-49.770668,-21.13919],[-49.768606,-21.142187],[-49.767179,-21.143175],[-49.761255,-21.144266],[-49.760309,-21.144618],[-49.759073,-21.1457],[-49.753864,-21.154432],[-49.752759,-21.155574],[-49.751185,-21.156361],[-49.747048,-21.15755],[-49.735569,-21.164173],[-49.732774,-21.165193],[-49.731381,-21.165395],[-49.73017,-21.165258],[-49.727499,-21.164457],[-49.725718,-21.164392],[-49.724654,-21.164657],[-49.722569,-21.165557],[-49.721701,-21.163917],[-49.716885,-21.166146]]}},{"type":"Feature","properties":{"id_backbone":"BB-3C6EF58467C4","trecho":"SOR.CN-SOR.OR","cluster":"CAMPINAS","cabo":"F-0096","capacidade":"6","extensao_km":9.324,"confianca":"MEDIA","fonte":"OSRM/OpenStreetMap","ponta_a":"SOR.CN","municipio_a":"SOCORRO","ponta_b":"SOR.OR","municipio_b":"SOCORRO"},"geometry":{"type":"LineString","coordinates":[[-46.527831,-22.594537],[-46.528334,-22.594508],[-46.528398,-22.595846],[-46.528967,-22.59582],[-46.528906,-22.594019],[-46.52834,-22.591255],[-46.529841,-22.590241],[-46.529234,-22.589199],[-46.529701,-22.588631],[-46.529815,-22.587553],[-46.528852,-22.584185],[-46.528379,-22.583373],[-46.527804,-22.580118],[-46.527885,-22.579457],[-46.530688,-22.576914],[-46.530946,-22.576435],[-46.531049,-22.575394],[-46.531866,-22.574173],[-46.532717,-22.57348],[-46.533107,-22.572933],[-46.53369,-22.572794],[-46.534469,-22.572199],[-46.534566,-22.571802],[-46.534202,-22.569494],[-46.534313,-22.567526],[-46.534533,-22.566803],[-46.535002,-22.566484],[-46.53599,-22.566188],[-46.536945,-22.56611],[-46.538358,-22.56562],[-46.53997,-22.565289],[-46.540261,-22.565052],[-46.541479,-22.563014],[-46.541857,-22.562694],[-46.544118,-22.562481],[-46.549107,-22.564796],[-46.549633,-22.564813],[-46.549956,-22.564657],[-46.550204,-22.564104],[-46.549687,-22.562684],[-46.550191,-22.561374],[-46.551099,-22.560584],[-46.55284,-22.559808],[-46.553458,-22.559091],[-46.553831,-22.558962],[-46.554306,-22.559084],[-46.554745,-22.559528],[-46.555724,-22.559945],[-46.55565,-22.560497],[-46.555957,-22.56095],[-46.557572,-22.561148],[-46.558777,-22.561516],[-46.559529,-22.562032],[-46.560192,-22.562809],[-46.56036,-22.563447],[-46.560155,-22.564508],[-46.560529,-22.566375],[-46.56143,-22.567384],[-46.562098,-22.568424],[-46.562331,-22.569484],[-46.562489,-22.571947],[-46.563382,-22.572605],[-46.564775,-22.573248],[-46.566088,-22.574704],[-46.56722,-22.575387],[-46.567684,-22.576054],[-46.56743,-22.576186]]}},{"type":"Feature","properties":{"id_backbone":"BB-7C7228156190","trecho":"SPB.DV-SPB.SP","cluster":"OSASCO","cabo":"F-0709/F-#1257","capacidade":null,"extensao_km":5.182,"confianca":"SEM_REFERENCIA","fonte":"OSRM/OpenStreetMap","ponta_a":"SPB.DV","municipio_a":"SANTANA DE PARNAIBA","ponta_b":"SPB.SP","municipio_b":"SANTANA DE PARNAIBA"},"geometry":{"type":"LineString","coordinates":[[-46.894437,-23.470249],[-46.893854,-23.470681],[-46.893955,-23.470845],[-46.894391,-23.470608],[-46.894994,-23.470762],[-46.895645,-23.470491],[-46.897399,-23.470416],[-46.897372,-23.469799],[-46.898866,-23.468638],[-46.898462,-23.468357],[-46.899421,-23.467746],[-46.900363,-23.467469],[-46.902444,-23.467449],[-46.902925,-23.467126],[-46.903452,-23.466185],[-46.903829,-23.465868],[-46.906222,-23.465626],[-46.908028,-23.463571],[-46.907778,-23.461442],[-46.907899,-23.460917],[-46.909889,-23.459129],[-46.910515,-23.458798],[-46.912289,-23.458583],[-46.913696,-23.458153],[-46.915046,-23.458223],[-46.916192,-23.457246],[-46.916404,-23.456643],[-46.916332,-23.455757],[-46.914364,-23.452522],[-46.91448,-23.451965],[-46.915188,-23.450996],[-46.91491,-23.449334],[-46.913951,-23.448451],[-46.913515,-23.447127],[-46.912414,-23.446035],[-46.911874,-23.444582],[-46.912279,-23.443409],[-46.91214,-23.442105]]}},{"type":"Feature","properties":{"id_backbone":"BB-A0B6B689780F","trecho":"SRE.CG-SRE.SR","cluster":"OSASCO","cabo":"F-0553","capacidade":"12","extensao_km":10.805,"confianca":"MEDIA","fonte":"OSRM/OpenStreetMap","ponta_a":"SRE.CG","municipio_a":"SAO ROQUE","ponta_b":"SRE.SR","municipio_b":"SAO ROQUE"},"geometry":{"type":"LineString","coordinates":[[-47.164752,-23.603209],[-47.164223,-23.601561],[-47.163074,-23.600582],[-47.162793,-23.600094],[-47.162737,-23.596557],[-47.162308,-23.596085],[-47.162263,-23.594414],[-47.161724,-23.59224],[-47.161617,-23.590803],[-47.160639,-23.58892],[-47.160215,-23.58734],[-47.160831,-23.584247],[-47.16176,-23.582229],[-47.162287,-23.581897],[-47.164412,-23.581713],[-47.165187,-23.58104],[-47.165677,-23.580128],[-47.165719,-23.577707],[-47.166174,-23.576376],[-47.166549,-23.574343],[-47.166355,-23.573634],[-47.165745,-23.573074],[-47.164871,-23.571459],[-47.164116,-23.570635],[-47.164094,-23.570112],[-47.164469,-23.568908],[-47.164338,-23.568042],[-47.163224,-23.566788],[-47.162606,-23.565516],[-47.161155,-23.564161],[-47.158783,-23.562628],[-47.157995,-23.560937],[-47.15772,-23.558561],[-47.15703,-23.557572],[-47.156273,-23.557302],[-47.154656,-23.557203],[-47.15197,-23.556392],[-47.15002,-23.555314],[-47.148173,-23.554658],[-47.14573,-23.552776],[-47.144466,-23.550663],[-47.143945,-23.550281],[-47.142043,-23.54952],[-47.141406,-23.549419],[-47.139475,-23.549942],[-47.138777,-23.549112],[-47.138663,-23.547901],[-47.138319,-23.546708],[-47.1369,-23.545188],[-47.136347,-23.543359],[-47.135265,-23.5432],[-47.133489,-23.542037],[-47.132737,-23.541885],[-47.1323,-23.542053],[-47.132108,-23.541977],[-47.132093,-23.541772],[-47.132328,-23.54168],[-47.132384,-23.541408],[-47.132036,-23.539602],[-47.131578,-23.538096],[-47.131061,-23.537548],[-47.13088,-23.536946],[-47.133379,-23.53447],[-47.134362,-23.531833],[-47.135457,-23.530778],[-47.135655,-23.530936]]}},{"type":"Feature","properties":{"id_backbone":"BB-5D79E3F0FFD0","trecho":"SRR.BV-SRR.EL","cluster":"SAO JOSE DO RIO PRETO","cabo":"A-0017","capacidade":"72","extensao_km":2.539,"confianca":"ALTA","fonte":"OSRM/OpenStreetMap","ponta_a":"SRR.BV","municipio_a":"SAO JOSE DO RIO PRETO","ponta_b":"SRR.EL","municipio_b":"SAO JOSE DO RIO PRETO"},"geometry":{"type":"LineString","coordinates":[[-49.389502,-20.801698],[-49.387433,-20.799786],[-49.391515,-20.79591],[-49.390835,-20.79527],[-49.39369,-20.792432],[-49.398766,-20.787462],[-49.399117,-20.787529],[-49.399894,-20.78733],[-49.400558,-20.786809],[-49.399717,-20.786052]]}},{"type":"Feature","properties":{"id_backbone":"BB-1363FCBB39DD","trecho":"SRR.EB-SRR.VS","cluster":"SAO JOSE DO RIO PRETO","cabo":"F-0027","capacidade":"12","extensao_km":0.713,"confianca":"SEM_REFERENCIA","fonte":"OSRM/OpenStreetMap","ponta_a":"SRR.EB","municipio_a":"SAO JOSE DO RIO PRETO","ponta_b":"SRR.VS","municipio_b":"SAO JOSE DO RIO PRETO"},"geometry":{"type":"LineString","coordinates":[[-49.380801,-20.813896],[-49.38022,-20.81443],[-49.380879,-20.8151],[-49.382787,-20.813297],[-49.382116,-20.812672],[-49.381114,-20.813607]]}},{"type":"Feature","properties":{"id_backbone":"BB-63FB0CCDD7C1","trecho":"SRR.MC-SRR.VS","cluster":"SAO JOSE DO RIO PRETO","cabo":"TR-0117","capacidade":"144","extensao_km":2.485,"confianca":"MEDIA","fonte":"OSRM/OpenStreetMap","ponta_a":"SRR.MC","municipio_a":"SAO JOSE DO RIO PRETO","ponta_b":"SRR.VS","municipio_b":"SAO JOSE DO RIO PRETO"},"geometry":{"type":"LineString","coordinates":[[-49.367638,-20.801537],[-49.369175,-20.802798],[-49.371152,-20.800971],[-49.382815,-20.812022],[-49.381114,-20.813607]]}},{"type":"Feature","properties":{"id_backbone":"BB-E4462993BCAE","trecho":"SRR.RD-SRR.VT","cluster":"SAO JOSE DO RIO PRETO","cabo":"F-0043","capacidade":"72","extensao_km":7.801,"confianca":"SEM_REFERENCIA","fonte":"OSRM/OpenStreetMap","ponta_a":"SRR.RD","municipio_a":"SAO JOSE DO RIO PRETO","ponta_b":"SRR.VT","municipio_b":"SAO JOSE DO RIO PRETO"},"geometry":{"type":"LineString","coordinates":[[-49.395991,-20.833861],[-49.392217,-20.834597],[-49.391408,-20.832447],[-49.389746,-20.829531],[-49.387632,-20.8273],[-49.38657,-20.825363],[-49.385131,-20.823928],[-49.384293,-20.823864],[-49.383177,-20.823537],[-49.374047,-20.823647],[-49.37241,-20.823806],[-49.370641,-20.824194],[-49.368522,-20.824962],[-49.366906,-20.825817],[-49.364822,-20.827331],[-49.363078,-20.829112],[-49.353636,-20.839815],[-49.353558,-20.840481],[-49.352342,-20.84181],[-49.351489,-20.841447],[-49.351739,-20.841156],[-49.351204,-20.84055],[-49.347085,-20.838764],[-49.345301,-20.837669],[-49.344721,-20.838662],[-49.342308,-20.841453],[-49.341796,-20.842283],[-49.342688,-20.843018]]}},{"type":"Feature","properties":{"id_backbone":"BB-5A7B698AC184","trecho":"SST.AC-SST.BA","cluster":"SAO JOSE DOS CAMPOS","cabo":"F-0101","capacidade":"12","extensao_km":7.452,"confianca":"MEDIA","fonte":"OSRM/OpenStreetMap","ponta_a":"SST.AC","municipio_a":"SAO SEBASTIAO","ponta_b":"SST.BA","municipio_b":"SAO SEBASTIAO"},"geometry":{"type":"LineString","coordinates":[[-45.400705,-23.800675],[-45.402137,-23.799952],[-45.40193,-23.799383],[-45.399762,-23.800467],[-45.399814,-23.800935],[-45.398238,-23.80141],[-45.398128,-23.801935],[-45.400723,-23.807158],[-45.401618,-23.806263],[-45.403738,-23.806885],[-45.405678,-23.805899],[-45.407997,-23.809552],[-45.408771,-23.809583],[-45.40928,-23.809824],[-45.4094,-23.810708],[-45.408872,-23.811587],[-45.409177,-23.812076],[-45.409178,-23.812717],[-45.409433,-23.813591],[-45.409262,-23.817664],[-45.408757,-23.817889],[-45.409043,-23.819195],[-45.409477,-23.820202],[-45.411275,-23.821336],[-45.412521,-23.823],[-45.412783,-23.823029],[-45.41381,-23.822155],[-45.415335,-23.821339],[-45.415825,-23.821413],[-45.416319,-23.8219],[-45.41704,-23.822217],[-45.417346,-23.82275],[-45.417834,-23.823024],[-45.418229,-23.822861],[-45.418508,-23.822136],[-45.419308,-23.821713],[-45.419765,-23.821709],[-45.42098,-23.822112],[-45.421304,-23.823159],[-45.422541,-23.824147],[-45.423588,-23.824149],[-45.424101,-23.824708],[-45.425046,-23.824521],[-45.425146,-23.825861],[-45.425417,-23.826142],[-45.425815,-23.826218],[-45.426812,-23.825865],[-45.42789,-23.824816],[-45.428356,-23.82406],[-45.428708,-23.823879],[-45.429899,-23.824181],[-45.43196,-23.824108],[-45.432377,-23.823891],[-45.432602,-23.823291],[-45.433627,-23.82295],[-45.433808,-23.823009],[-45.43379,-23.823558],[-45.4356,-23.823579]]}},{"type":"Feature","properties":{"id_backbone":"BB-D66FAE2A2076","trecho":"SSTE.SE-UNA.BR","cluster":"SAO JOSE DO RIO PRETO","cabo":"F-0087","capacidade":"12","extensao_km":7.987,"confianca":"ALTA","fonte":"OSRM/OpenStreetMap","ponta_a":"SSTE.SE","municipio_a":"SANTA SALETE","ponta_b":"UNA.BR","municipio_b":"URANIA"},"geometry":{"type":"LineString","coordinates":[[-50.688488,-20.243939],[-50.688841,-20.243878],[-50.687835,-20.239289],[-50.687895,-20.238689],[-50.691164,-20.230477],[-50.691937,-20.229386],[-50.692077,-20.228871],[-50.692394,-20.228855],[-50.692893,-20.229243],[-50.693297,-20.229095],[-50.693427,-20.228722],[-50.693106,-20.22837],[-50.680409,-20.229283],[-50.648439,-20.236823],[-50.645338,-20.237846],[-50.642428,-20.238547],[-50.643447,-20.24295]]}},{"type":"Feature","properties":{"id_backbone":"BB-518E81E79581","trecho":"SZS.RD-TBU.TB","cluster":"CAMPINAS","cabo":"F-0032","capacidade":"12","extensao_km":14.72,"confianca":"SEM_REFERENCIA","fonte":"OSRM/OpenStreetMap","ponta_a":"SZS.RD","municipio_a":"SANTA CRUZ DAS PALMEIRAS","ponta_b":"TBU.TB","municipio_b":"TAMBAU"},"geometry":{"type":"LineString","coordinates":[[-47.245465,-21.765974],[-47.245693,-21.766373],[-47.245667,-21.766671],[-47.245205,-21.767274],[-47.244591,-21.767558],[-47.242442,-21.768037],[-47.241013,-21.768704],[-47.240535,-21.7691],[-47.240202,-21.769531],[-47.239236,-21.772201],[-47.239939,-21.772657],[-47.240578,-21.772087],[-47.243803,-21.770473],[-47.2447,-21.770606],[-47.245449,-21.771511],[-47.246288,-21.771795],[-47.247765,-21.77124],[-47.248839,-21.771073],[-47.24966,-21.770582],[-47.250486,-21.769419],[-47.251224,-21.767916],[-47.25134,-21.767166],[-47.251216,-21.765461],[-47.252315,-21.764116],[-47.252486,-21.762759],[-47.253686,-21.761814],[-47.254201,-21.7605],[-47.255381,-21.758982],[-47.255836,-21.755639],[-47.256939,-21.755631],[-47.257807,-21.75519],[-47.258246,-21.755619],[-47.258694,-21.755766],[-47.26136,-21.757488],[-47.26291,-21.759426],[-47.263813,-21.760192],[-47.265675,-21.763332],[-47.26537,-21.764758],[-47.26538,-21.765976],[-47.265654,-21.767063],[-47.26629,-21.768443],[-47.267304,-21.769588],[-47.269781,-21.770471],[-47.274485,-21.752684],[-47.27774,-21.74513],[-47.277692,-21.743814],[-47.277432,-21.743117],[-47.276719,-21.742156],[-47.276734,-21.741313],[-47.277004,-21.740833],[-47.277422,-21.740508],[-47.278888,-21.740183],[-47.279982,-21.739654],[-47.280775,-21.738756],[-47.281122,-21.737875],[-47.281124,-21.736942],[-47.280505,-21.733773],[-47.280418,-21.731658],[-47.281739,-21.720896],[-47.28192,-21.717475],[-47.28168,-21.716696],[-47.27999,-21.714688],[-47.276663,-21.712711],[-47.275044,-21.712954],[-47.273733,-21.712836],[-47.272087,-21.712187],[-47.271094,-21.710657],[-47.270752,-21.709262],[-47.271763,-21.709108]]}},{"type":"Feature","properties":{"id_backbone":"BB-44C3163BFA7F","trecho":"TBA.GO-UHA.FM","cluster":"SAO JOSE DO RIO PRETO","cabo":"TR-0150","capacidade":"36","extensao_km":18.387,"confianca":"ALTA","fonte":"OSRM/OpenStreetMap","ponta_a":"TBA.GO","municipio_a":"TABAPUA","ponta_b":"UHA.FM","municipio_b":"UCHOA"},"geometry":{"type":"LineString","coordinates":[[-49.0303,-20.9627],[-49.029843,-20.961928],[-49.029012,-20.96234],[-49.029441,-20.963147],[-49.034603,-20.960621],[-49.03416,-20.959802],[-49.035652,-20.958936],[-49.047408,-20.953279],[-49.072046,-20.940815],[-49.080214,-20.936927],[-49.082616,-20.9363],[-49.094656,-20.934833],[-49.100119,-20.934378],[-49.112501,-20.93386],[-49.113585,-20.934095],[-49.114349,-20.934449],[-49.11578,-20.935921],[-49.125121,-20.949557],[-49.128847,-20.95322],[-49.129356,-20.954127],[-49.129894,-20.955933],[-49.130592,-20.957031],[-49.131852,-20.957838],[-49.13908,-20.960361],[-49.140258,-20.960434],[-49.14123,-20.960192],[-49.162996,-20.950378],[-49.164577,-20.94981],[-49.165689,-20.949763],[-49.168854,-20.950177],[-49.170438,-20.950158],[-49.172183,-20.949434],[-49.173515,-20.952054],[-49.176537,-20.951853]]}},{"type":"Feature","properties":{"id_backbone":"BB-255809540BF6","trecho":"TNB.TA-VOT.RP","cluster":"SAO JOSE DO RIO PRETO","cabo":"F-0094","capacidade":"72","extensao_km":43.395,"confianca":"SEM_REFERENCIA","fonte":"OSRM/OpenStreetMap","ponta_a":"TNB.TA","municipio_a":"TANABI","ponta_b":"VOT.RP","municipio_b":"VOTUPORANGA"},"geometry":{"type":"LineString","coordinates":[[-49.647706,-20.622888],[-49.647669,-20.623138],[-49.650543,-20.623518],[-49.651115,-20.619677],[-49.65217,-20.619523],[-49.653465,-20.61979],[-49.656474,-20.621016],[-49.659262,-20.622456],[-49.662299,-20.623324],[-49.663393,-20.622972],[-49.665805,-20.619875],[-49.66662,-20.619173],[-49.667412,-20.617875],[-49.669078,-20.614216],[-49.674934,-20.602733],[-49.675958,-20.601028],[-49.711103,-20.551262],[-49.71849,-20.541029],[-49.720374,-20.539037],[-49.721532,-20.538118],[-49.727377,-20.534227],[-49.805511,-20.4827],[-49.808579,-20.481151],[-49.899383,-20.447421],[-49.904914,-20.445347],[-49.90967,-20.443346],[-49.915271,-20.440553],[-49.940283,-20.426736],[-49.953064,-20.419545],[-49.953823,-20.418735],[-49.958919,-20.415942],[-49.958948,-20.415712],[-49.960001,-20.417025],[-49.960847,-20.41771],[-49.961432,-20.417978],[-49.973169,-20.419735]]}},{"type":"Feature","properties":{"id_backbone":"BB-1B2CCB3D85E2","trecho":"TTE.AM-TTE.SJ","cluster":"SAO JOSE DOS CAMPOS","cabo":"F-0112","capacidade":"36","extensao_km":5.338,"confianca":"ALTA","fonte":"OSRM/OpenStreetMap","ponta_a":"TTE.AM","municipio_a":"TAUBATE","ponta_b":"TTE.SJ","municipio_b":"TAUBATE"},"geometry":{"type":"LineString","coordinates":[[-45.560002,-23.024506],[-45.561415,-23.023236],[-45.561258,-23.022899],[-45.554961,-23.019833],[-45.554727,-23.019811],[-45.553509,-23.020444],[-45.55257,-23.01957],[-45.548759,-23.009481],[-45.548146,-23.00876],[-45.54713,-23.008168],[-45.545363,-23.006273],[-45.544847,-23.006192],[-45.544628,-23.005807],[-45.544479,-23.005888],[-45.544175,-23.006798],[-45.543793,-23.007189],[-45.543451,-23.007192],[-45.539592,-23.008599],[-45.538733,-23.009249],[-45.53748,-23.008386],[-45.533825,-23.008026],[-45.533598,-23.007793],[-45.527237,-23.006155],[-45.527646,-23.00486],[-45.527745,-23.004885],[-45.527533,-23.005608]]}},{"type":"Feature","properties":{"id_backbone":"BB-F781C70CF82F","trecho":"TTE.IN-TTE.SJ","cluster":"SAO JOSE DOS CAMPOS","cabo":"F-0115","capacidade":"24","extensao_km":7.48,"confianca":"BAIXA","fonte":"OSRM/OpenStreetMap","ponta_a":"TTE.IN","municipio_a":"TAUBATE","ponta_b":"TTE.SJ","municipio_b":"TAUBATE"},"geometry":{"type":"LineString","coordinates":[[-45.57709,-23.036353],[-45.577206,-23.035913],[-45.577081,-23.035844],[-45.575762,-23.036547],[-45.575883,-23.036898],[-45.571359,-23.035695],[-45.568658,-23.034366],[-45.560895,-23.029608],[-45.555628,-23.023453],[-45.553745,-23.020563],[-45.55257,-23.01957],[-45.548641,-23.009277],[-45.548146,-23.00876],[-45.54713,-23.008168],[-45.545363,-23.006273],[-45.544913,-23.006238],[-45.544628,-23.005807],[-45.544479,-23.005888],[-45.544175,-23.006798],[-45.543793,-23.007189],[-45.543451,-23.007192],[-45.539592,-23.008599],[-45.538733,-23.009249],[-45.53748,-23.008386],[-45.533825,-23.008026],[-45.533598,-23.007793],[-45.527237,-23.006155],[-45.527646,-23.00486],[-45.527745,-23.004885],[-45.527533,-23.005608]]}},{"type":"Feature","properties":{"id_backbone":"BB-3906C1B5B0B4","trecho":"UTB.LG-UTB.MA","cluster":"SAO JOSE DOS CAMPOS","cabo":"F-0104","capacidade":"24","extensao_km":4.224,"confianca":"ALTA","fonte":"OSRM/OpenStreetMap","ponta_a":"UTB.LG","municipio_a":"UBATUBA","ponta_b":"UTB.MA","municipio_b":"UBATUBA"},"geometry":{"type":"LineString","coordinates":[[-45.198754,-23.516481],[-45.19946,-23.51675],[-45.199175,-23.517376],[-45.199635,-23.517558],[-45.199603,-23.517854],[-45.205631,-23.520286],[-45.223243,-23.529683],[-45.225763,-23.53187],[-45.226576,-23.532867],[-45.227238,-23.534087],[-45.228923,-23.538579],[-45.229531,-23.538402]]}},{"type":"Feature","properties":{"id_backbone":"BB-4FCF3F938149","trecho":"UTB.PG-UTB.TG","cluster":"SAO JOSE DOS CAMPOS","cabo":"F-0108","capacidade":"24","extensao_km":4.933,"confianca":"MEDIA","fonte":"OSRM/OpenStreetMap","ponta_a":"UTB.PG","municipio_a":"UBATUBA","ponta_b":"UTB.TG","municipio_b":"UBATUBA"},"geometry":{"type":"LineString","coordinates":[[-45.068274,-23.47147],[-45.067404,-23.472096],[-45.066606,-23.470914],[-45.064776,-23.46876],[-45.064299,-23.46824],[-45.064122,-23.468379],[-45.062299,-23.466215],[-45.062106,-23.465576],[-45.062249,-23.464961],[-45.063471,-23.463618],[-45.063875,-23.462864],[-45.063667,-23.462312],[-45.060001,-23.456554],[-45.06195,-23.454725],[-45.064341,-23.452132],[-45.067002,-23.447991],[-45.06795,-23.447205],[-45.069261,-23.443101],[-45.069828,-23.439675],[-45.069968,-23.437438],[-45.070528,-23.43742],[-45.070407,-23.4354]]}},{"type":"Feature","properties":{"id_backbone":"BB-A09AB350817E","trecho":"VIN.SD-VIN.VA","cluster":"CAMPINAS","cabo":"F-0042","capacidade":"6","extensao_km":2.615,"confianca":"SEM_REFERENCIA","fonte":"OSRM/OpenStreetMap","ponta_a":"VIN.SD","municipio_a":"VINHEDO","ponta_b":"VIN.VA","municipio_b":"VINHEDO"},"geometry":{"type":"LineString","coordinates":[[-46.974542,-23.030225],[-46.976058,-23.028114],[-46.975185,-23.027528],[-46.975436,-23.027193],[-46.978627,-23.026656],[-46.981868,-23.026329],[-46.98331,-23.027511],[-46.984346,-23.028696],[-46.985814,-23.02896],[-46.986854,-23.029711],[-46.987916,-23.030131],[-46.988608,-23.028544],[-46.989824,-23.027421],[-46.991096,-23.026998],[-46.990581,-23.027199],[-46.990555,-23.027511],[-46.990923,-23.027624],[-46.990972,-23.028347]]}},{"type":"Feature","properties":{"id_backbone":"BB-C2F6D6D63A32","trecho":"VOT.RD-VOT.RP","cluster":"SAO JOSE DO RIO PRETO","cabo":"F-0001","capacidade":"36","extensao_km":1.522,"confianca":"BAIXA","fonte":"OSRM/OpenStreetMap","ponta_a":"VOT.RD","municipio_a":"VOTUPORANGA","ponta_b":"VOT.RP","municipio_b":"VOTUPORANGA"},"geometry":{"type":"LineString","coordinates":[[-49.977597,-20.416644],[-49.977823,-20.415303],[-49.976782,-20.415167],[-49.975783,-20.42112],[-49.972101,-20.420617],[-49.972268,-20.419618],[-49.973169,-20.419735]]}}]}